1;2;3;4;5;6;7;8;9;10;11
Schluessel;Straftat;Sexus;Tatverdaechtige insgesamt;Erwachsene ab 21;Ewachsene ab 60;Erwachsene 60 bis unter 65 Jahre;Erwachsene 65 bis unter 70 Jahre;Erwachsene 70 bis unter 75 Jahre;Erwachsene 75 bis unter 80 Jahre;Erwachsene 80 Jahre und aelter
------;Straftaten insgesamt;M;1,514,667;1,195,612;108,196;42,756;27,107;16,068;12,675;9,590
------;Straftaten insgesamt;W;504,544;395,853;47,009;16,910;11,562;7,132;6,143;5,262
------;Straftaten insgesamt;X;2,019,211;1,591,465;155,205;59,666;38,669;23,200;18,818;14,852
0;Straftaten gegen das Leben;M;3,212;2,696;236;109;48;24;26;29
0;Straftaten gegen das Leben;W;626;569;67;35;10;6;6;10
0;Straftaten gegen das Leben;X;3,838;3,265;303;144;58;30;32;39
10000;Mord § 211 StGB;M;782;648;54;22;12;8;5;7
10000;Mord § 211 StGB;W;102;82;12;5;2;1;1;3
10000;Mord § 211 StGB;X;884;730;66;27;14;9;6;10
10079;Sonstiger Mord;M;721;609;54;22;12;8;5;7
10079;Sonstiger Mord;W;89;75;12;5;2;1;1;3
10079;Sonstiger Mord;X;810;684;66;27;14;9;6;10
11000;Mord im Zusammenhang mit Raubdelikten;M;58;37;0;0;0;0;0;0
11000;Mord im Zusammenhang mit Raubdelikten;W;13;7;0;0;0;0;0;0
11000;Mord im Zusammenhang mit Raubdelikten;X;71;44;0;0;0;0;0;0
12000;Mord im Zusammenhang mit Sexualdelikten;M;4;3;0;0;0;0;0;0
12000;Mord im Zusammenhang mit Sexualdelikten;W;0;0;0;0;0;0;0;0
12000;Mord im Zusammenhang mit Sexualdelikten;X;4;3;0;0;0;0;0;0
20000;Totschlag und Tötung auf Verlangen §§ 212, 213, 216 StGB;M;1,891;1,533;94;32;19;10;13;20
20000;Totschlag und Tötung auf Verlangen §§ 212, 213, 216 StGB;W;220;196;29;11;5;4;4;5
20000;Totschlag und Tötung auf Verlangen §§ 212, 213, 216 StGB;X;2,111;1,729;123;43;24;14;17;25
20010;Totschlag § 212 StGB;M;1,879;1,521;83;30;16;10;10;17
20010;Totschlag § 212 StGB;W;215;192;28;10;5;4;4;5
20010;Totschlag § 212 StGB;X;2,094;1,713;111;40;21;14;14;22
20020;Minder schwerer Totschlag § 213 StGB;M;1;1;1;0;1;0;0;0
20020;Minder schwerer Totschlag § 213 StGB;W;0;0;0;0;0;0;0;0
20020;Minder schwerer Totschlag § 213 StGB;X;1;1;1;0;1;0;0;0
20030;Tötung auf Verlangen § 216 StGB;M;11;11;10;2;2;0;3;3
20030;Tötung auf Verlangen § 216 StGB;W;5;4;1;1;0;0;0;0
20030;Tötung auf Verlangen § 216 StGB;X;16;15;11;3;2;0;3;3
30000;Fahrlässige Tötung § 222 StGB - nicht i.V.m. Verkehrsunfall -;M;490;473;86;54;16;6;8;2
30000;Fahrlässige Tötung § 222 StGB - nicht i.V.m. Verkehrsunfall -;W;284;274;26;19;3;1;1;2
30000;Fahrlässige Tötung § 222 StGB - nicht i.V.m. Verkehrsunfall -;X;774;747;112;73;19;7;9;4
40000;Abbruch der Schwangerschaft §§ 218, 218b, 218c, 219a, 219b StGB;M;55;48;2;1;1;0;0;0
40000;Abbruch der Schwangerschaft §§ 218, 218b, 218c, 219a, 219b StGB;W;22;19;0;0;0;0;0;0
40000;Abbruch der Schwangerschaft §§ 218, 218b, 218c, 219a, 219b StGB;X;77;67;2;1;1;0;0;0
40010;Schwangerschaftsabbruch § 218 StGB;M;51;44;1;1;0;0;0;0
40010;Schwangerschaftsabbruch § 218 StGB;W;22;19;0;0;0;0;0;0
40010;Schwangerschaftsabbruch § 218 StGB;X;73;63;1;1;0;0;0;0
40020;Schwangerschaftsabbruch ohne ärztliche Feststellung, unrichtige ärztliche Feststellung § 218b StGB;M;2;2;0;0;0;0;0;0
40020;Schwangerschaftsabbruch ohne ärztliche Feststellung, unrichtige ärztliche Feststellung § 218b StGB;W;0;0;0;0;0;0;0;0
40020;Schwangerschaftsabbruch ohne ärztliche Feststellung, unrichtige ärztliche Feststellung § 218b StGB;X;2;2;0;0;0;0;0;0
40030;Ärztliche Pflichtverletzung § 218c StGB;M;0;0;0;0;0;0;0;0
40030;Ärztliche Pflichtverletzung § 218c StGB;W;0;0;0;0;0;0;0;0
40030;Ärztliche Pflichtverletzung § 218c StGB;X;0;0;0;0;0;0;0;0
40040;Werbung für den Abbruch der Schwangerschaft § 219a StGB;M;1;1;1;0;1;0;0;0
40040;Werbung für den Abbruch der Schwangerschaft § 219a StGB;W;0;0;0;0;0;0;0;0
40040;Werbung für den Abbruch der Schwangerschaft § 219a StGB;X;1;1;1;0;1;0;0;0
40050;Inverkehrbringen von Mitteln Schwangerschaftsabbruch § 219b StGB;M;1;1;0;0;0;0;0;0
40050;Inverkehrbringen von Mitteln Schwangerschaftsabbruch § 219b StGB;W;0;0;0;0;0;0;0;0
40050;Inverkehrbringen von Mitteln Schwangerschaftsabbruch § 219b StGB;X;1;1;0;0;0;0;0;0
50000;Geschäftsmäßige Förderung der Selbsttötung;M;1;1;1;0;0;0;1;0
50000;Geschäftsmäßige Förderung der Selbsttötung;W;0;0;0;0;0;0;0;0
50000;Geschäftsmäßige Förderung der Selbsttötung;X;1;1;1;0;0;0;1;0
100000;Straftaten gegen die sexuelle Selbstbestimmung insgesamt;M;48,770;33,675;3,597;1,434;942;550;380;291
100000;Straftaten gegen die sexuelle Selbstbestimmung insgesamt;W;3,552;1,839;95;54;21;6;9;5
100000;Straftaten gegen die sexuelle Selbstbestimmung insgesamt;X;52,322;35,514;3,692;1,488;963;556;389;296
110000;Straftaten gegen die sexuelle Selbstbestimmung §§ 174, 174a, 174b, 174c, 177, 178, 184i, 184j StGB;M;22,452;17,169;1,607;617;386;249;174;181
110000;Straftaten gegen die sexuelle Selbstbestimmung §§ 174, 174a, 174b, 174c, 177, 178, 184i, 184j StGB;W;414;314;15;8;2;1;2;2
110000;Straftaten gegen die sexuelle Selbstbestimmung §§ 174, 174a, 174b, 174c, 177, 178, 184i, 184j StGB;X;22,866;17,483;1,622;625;388;250;176;183
111000;Vergewaltigung, sexuelle Nötigung und sexueller Übergriff im besonders schweren Fall einschl. mit Todesfolge §§ 177, 178 StGB;M;8,095;6,087;285;127;63;33;23;39
111000;Vergewaltigung, sexuelle Nötigung und sexueller Übergriff im besonders schweren Fall einschl. mit Todesfolge §§ 177, 178 StGB;W;94;73;3;1;1;1;0;0
111000;Vergewaltigung, sexuelle Nötigung und sexueller Übergriff im besonders schweren Fall einschl. mit Todesfolge §§ 177, 178 StGB;X;8,189;6,160;288;128;64;34;23;39
111700;Vergewaltigung § 177 Abs. 6, 7, 8 StGB;M;7,318;5,526;239;106;55;27;18;33
111700;Vergewaltigung § 177 Abs. 6, 7, 8 StGB;W;74;57;3;1;1;1;0;0
111700;Vergewaltigung § 177 Abs. 6, 7, 8 StGB;X;7,392;5,583;242;107;56;28;18;33
111710;Vergewaltigung § 177 Abs. 6 Nr. 1, 2 StGB (ohne Schlüssel 111730);M;5,869;4,440;183;94;40;20;10;19
111710;Vergewaltigung § 177 Abs. 6 Nr. 1, 2 StGB (ohne Schlüssel 111730);W;44;34;2;1;1;0;0;0
111710;Vergewaltigung § 177 Abs. 6 Nr. 1, 2 StGB (ohne Schlüssel 111730);X;5,913;4,474;185;95;41;20;10;19
111720;Vergewaltigung im besonders schweren Fall § 177 Abs. 6 Nr. 1, 2 i. V. m. Abs. 7, 8 StGB;M;528;398;17;7;4;2;2;2
111720;Vergewaltigung im besonders schweren Fall § 177 Abs. 6 Nr. 1, 2 i. V. m. Abs. 7, 8 StGB;W;6;3;0;0;0;0;0;0
111720;Vergewaltigung im besonders schweren Fall § 177 Abs. 6 Nr. 1, 2 i. V. m. Abs. 7, 8 StGB;X;534;401;17;7;4;2;2;2
111730;Vergewaltigung von widerstandsunfähigen Personen (§ 177 Abs. 2 Nr. 1, Abs. 4) gem. § 177 Abs. 6 Nr. 1, 2 StGB;M;965;722;40;5;11;6;6;12
111730;Vergewaltigung von widerstandsunfähigen Personen (§ 177 Abs. 2 Nr. 1, Abs. 4) gem. § 177 Abs. 6 Nr. 1, 2 StGB;W;24;20;1;0;0;1;0;0
111730;Vergewaltigung von widerstandsunfähigen Personen (§ 177 Abs. 2 Nr. 1, Abs. 4) gem. § 177 Abs. 6 Nr. 1, 2 StGB;X;989;742;41;5;11;7;6;12
111800;Sexueller Übergriff und sexuelle Nötigung im besonders schweren Fall § 177 Abs. 1, 2, 4, 5 i. V. m. Abs. 6 Nr. 2, Abs. 7, 8 StGB;M;801;580;48;21;8;7;6;6
111800;Sexueller Übergriff und sexuelle Nötigung im besonders schweren Fall § 177 Abs. 1, 2, 4, 5 i. V. m. Abs. 6 Nr. 2, Abs. 7, 8 StGB;W;20;16;0;0;0;0;0;0
111800;Sexueller Übergriff und sexuelle Nötigung im besonders schweren Fall § 177 Abs. 1, 2, 4, 5 i. V. m. Abs. 6 Nr. 2, Abs. 7, 8 StGB;X;821;596;48;21;8;7;6;6
111810;Sexueller Übergriff im besonders schweren Fall § 177 Abs. 1, 2 (ohne Nr. 1) i. V. m. Abs. 6 Nr. 2, Abs. 7, 8 StGB;M;338;238;21;7;5;4;3;2
111810;Sexueller Übergriff im besonders schweren Fall § 177 Abs. 1, 2 (ohne Nr. 1) i. V. m. Abs. 6 Nr. 2, Abs. 7, 8 StGB;W;11;7;0;0;0;0;0;0
111810;Sexueller Übergriff im besonders schweren Fall § 177 Abs. 1, 2 (ohne Nr. 1) i. V. m. Abs. 6 Nr. 2, Abs. 7, 8 StGB;X;349;245;21;7;5;4;3;2
111820;Sexuelle Nötigung im besonders schweren Fall § 177 Abs. 5 i.V.m. Abs. 6 Nr. 2, Abs. 7, 8 StGB;M;354;265;13;10;1;0;2;0
111820;Sexuelle Nötigung im besonders schweren Fall § 177 Abs. 5 i.V.m. Abs. 6 Nr. 2, Abs. 7, 8 StGB;W;8;8;0;0;0;0;0;0
111820;Sexuelle Nötigung im besonders schweren Fall § 177 Abs. 5 i.V.m. Abs. 6 Nr. 2, Abs. 7, 8 StGB;X;362;273;13;10;1;0;2;0
111830;Sexueller Übergriff an widerstandsunfähigen Personen im besonders schweren Fall § 177 Abs. 2 Nr. 1, Abs. 4 i. V. m. Abs. 6 Nr. 2, Abs. 7, 8 StGB;M;113;81;14;4;2;3;1;4
111830;Sexueller Übergriff an widerstandsunfähigen Personen im besonders schweren Fall § 177 Abs. 2 Nr. 1, Abs. 4 i. V. m. Abs. 6 Nr. 2, Abs. 7, 8 StGB;W;2;2;0;0;0;0;0;0
111830;Sexueller Übergriff an widerstandsunfähigen Personen im besonders schweren Fall § 177 Abs. 2 Nr. 1, Abs. 4 i. V. m. Abs. 6 Nr. 2, Abs. 7, 8 StGB;X;115;83;14;4;2;3;1;4
111900;Sexueller Übergriff, sexuelle Nötigung und Vergewaltigung mit Todesfolge § 178 StGB;M;2;1;0;0;0;0;0;0
111900;Sexueller Übergriff, sexuelle Nötigung und Vergewaltigung mit Todesfolge § 178 StGB;W;0;0;0;0;0;0;0;0
111900;Sexueller Übergriff, sexuelle Nötigung und Vergewaltigung mit Todesfolge § 178 StGB;X;2;1;0;0;0;0;0;0
112100;Sexueller Übergriff und sexuelle Nötigung § 177 Abs. 1, 2, 4, 5, 9 StGB;M;4,692;3,517;372;139;89;55;43;46
112100;Sexueller Übergriff und sexuelle Nötigung § 177 Abs. 1, 2, 4, 5, 9 StGB;W;97;64;3;1;1;0;0;1
112100;Sexueller Übergriff und sexuelle Nötigung § 177 Abs. 1, 2, 4, 5, 9 StGB;X;4,789;3,581;375;140;90;55;43;47
112110;Sexueller Übergriff § 177 Abs. 1, 2 (ohne Nr. 1), 9 StGB;M;2,075;1,539;144;55;42;19;14;14
112110;Sexueller Übergriff § 177 Abs. 1, 2 (ohne Nr. 1), 9 StGB;W;33;20;1;0;1;0;0;0
112110;Sexueller Übergriff § 177 Abs. 1, 2 (ohne Nr. 1), 9 StGB;X;2,108;1,559;145;55;43;19;14;14
112120;Sexuelle Nötigung § 177 Abs. 5, 9 StGB;M;2,113;1,573;153;58;37;20;20;18
112120;Sexuelle Nötigung § 177 Abs. 5, 9 StGB;W;49;34;1;0;0;0;0;1
112120;Sexuelle Nötigung § 177 Abs. 5, 9 StGB;X;2,162;1,607;154;58;37;20;20;19
112130;Sexueller Übergriff an widerstandsunfähigen Personen § 177 Abs. 2 Nr. 1, Abs. 4, 9 StGB;M;553;442;82;28;13;17;9;15
112130;Sexueller Übergriff an widerstandsunfähigen Personen § 177 Abs. 2 Nr. 1, Abs. 4, 9 StGB;W;15;10;1;1;0;0;0;0
112130;Sexueller Übergriff an widerstandsunfähigen Personen § 177 Abs. 2 Nr. 1, Abs. 4, 9 StGB;X;568;452;83;29;13;17;9;15
113000;Sexueller Missbrauch von Schutzbefohlenen pp., unter Ausnutzung einer Amtsstellung oder eines Vertrauensverhältnisses §§ 174, 174a-c StGB;M;464;453;57;25;19;9;3;1
113000;Sexueller Missbrauch von Schutzbefohlenen pp., unter Ausnutzung einer Amtsstellung oder eines Vertrauensverhältnisses §§ 174, 174a-c StGB;W;50;48;3;3;0;0;0;0
113000;Sexueller Missbrauch von Schutzbefohlenen pp., unter Ausnutzung einer Amtsstellung oder eines Vertrauensverhältnisses §§ 174, 174a-c StGB;X;514;501;60;28;19;9;3;1
113010;Sexueller Missbrauch von Schutzbefohlenen ab 14 Jahren § 174 StGB;M;325;317;27;13;9;4;1;0
113010;Sexueller Missbrauch von Schutzbefohlenen ab 14 Jahren § 174 StGB;W;35;33;1;1;0;0;0;0
113010;Sexueller Missbrauch von Schutzbefohlenen ab 14 Jahren § 174 StGB;X;360;350;28;14;9;4;1;0
113020;Sexueller Missbrauch von Gefangenen/Verwahrten usw. ab 14 Jahren § 174a StGB;M;31;30;4;2;0;1;0;1
113020;Sexueller Missbrauch von Gefangenen/Verwahrten usw. ab 14 Jahren § 174a StGB;W;5;5;1;1;0;0;0;0
113020;Sexueller Missbrauch von Gefangenen/Verwahrten usw. ab 14 Jahren § 174a StGB;X;36;35;5;3;0;1;0;1
113030;Sexueller Missbrauch - Ausnutzung einer Amtsstellung zum Nachteil von Personen ab 14 Jahren § 174b StGB;M;0;0;0;0;0;0;0;0
113030;Sexueller Missbrauch - Ausnutzung einer Amtsstellung zum Nachteil von Personen ab 14 Jahren § 174b StGB;W;0;0;0;0;0;0;0;0
113030;Sexueller Missbrauch - Ausnutzung einer Amtsstellung zum Nachteil von Personen ab 14 Jahren § 174b StGB;X;0;0;0;0;0;0;0;0
113040;Sexueller Missbrauch - Ausnutzung eines Beratungs-/Behandlungs-/Betreuungsverhältnisses zum Nachteil von Personen ab 14 Jahren § 174c StGB;M;108;106;26;10;10;4;2;0
113040;Sexueller Missbrauch - Ausnutzung eines Beratungs-/Behandlungs-/Betreuungsverhältnisses zum Nachteil von Personen ab 14 Jahren § 174c StGB;W;10;10;1;1;0;0;0;0
113040;Sexueller Missbrauch - Ausnutzung eines Beratungs-/Behandlungs-/Betreuungsverhältnisses zum Nachteil von Personen ab 14 Jahren § 174c StGB;X;118;116;27;11;10;4;2;0
114000;Sexuelle Belästigung § 184i StGB;M;9,676;7,489;936;344;223;155;113;101
114000;Sexuelle Belästigung § 184i StGB;W;177;132;6;3;0;0;2;1
114000;Sexuelle Belästigung § 184i StGB;X;9,853;7,621;942;347;223;155;115;102
115000;Straftaten aus Gruppen § 184j StGB;M;30;8;0;0;0;0;0;0
115000;Straftaten aus Gruppen § 184j StGB;W;0;0;0;0;0;0;0;0
115000;Straftaten aus Gruppen § 184j StGB;X;30;8;0;0;0;0;0;0
130000;Sexueller Missbrauch §§ 176, 176a, 176b, 182, 183, 183a StGB;M;13,680;9,524;1,294;485;355;211;147;96
130000;Sexueller Missbrauch §§ 176, 176a, 176b, 182, 183, 183a StGB;W;758;517;23;18;2;2;1;0
130000;Sexueller Missbrauch §§ 176, 176a, 176b, 182, 183, 183a StGB;X;14,438;10,041;1,317;503;357;213;148;96
131000;Sexueller Missbrauch von Kindern §§ 176, 176a, 176b StGB;M;9,632;5,832;708;262;205;114;84;43
131000;Sexueller Missbrauch von Kindern §§ 176, 176a, 176b StGB;W;627;402;17;13;2;1;1;0
131000;Sexueller Missbrauch von Kindern §§ 176, 176a, 176b StGB;X;10,259;6,234;725;275;207;115;85;43
131010;Sexuelle Handlungen § 176 Abs. 5 StGB;M;98;69;9;3;2;3;1;0
131010;Sexuelle Handlungen § 176 Abs. 5 StGB;W;8;4;0;0;0;0;0;0
131010;Sexuelle Handlungen § 176 Abs. 5 StGB;X;106;73;9;3;2;3;1;0
131100;Sexuelle Handlungen § 176 Abs. 1 und 2 StGB;M;4,597;2,755;402;144;122;69;49;18
131100;Sexuelle Handlungen § 176 Abs. 1 und 2 StGB;W;237;147;9;6;1;1;1;0
131100;Sexuelle Handlungen § 176 Abs. 1 und 2 StGB;X;4,834;2,902;411;150;123;70;50;18
131200;Exhibitionistische/sexuelle Handlungen vor Kindern § 176 Abs. 4 Nr. 1 StGB;M;790;650;121;33;29;19;20;20
131200;Exhibitionistische/sexuelle Handlungen vor Kindern § 176 Abs. 4 Nr. 1 StGB;W;74;68;2;1;1;0;0;0
131200;Exhibitionistische/sexuelle Handlungen vor Kindern § 176 Abs. 4 Nr. 1 StGB;X;864;718;123;34;30;19;20;20
131300;Sexuelle Handlungen § 176 Abs. 4 Nr. 2 StGB;M;379;197;27;11;9;6;0;1
131300;Sexuelle Handlungen § 176 Abs. 4 Nr. 2 StGB;W;24;14;0;0;0;0;0;0
131300;Sexuelle Handlungen § 176 Abs. 4 Nr. 2 StGB;X;403;211;27;11;9;6;0;1
131400;Einwirken auf Kinder § 176 Abs. 4 Nr. 3 und 4 StGB;M;1,948;833;47;25;11;6;2;3
131400;Einwirken auf Kinder § 176 Abs. 4 Nr. 3 und 4 StGB;W;155;65;1;1;0;0;0;0
131400;Einwirken auf Kinder § 176 Abs. 4 Nr. 3 und 4 StGB;X;2,103;898;48;26;11;6;2;3
131500;Vollzug des Beischlafs mit einem Kind oder Vornahme einer ähnlichen sexuellen Handlung § 176a Abs. 2 Nr. 1 StGB;M;895;731;46;21;15;7;3;0
131500;Vollzug des Beischlafs mit einem Kind oder Vornahme einer ähnlichen sexuellen Handlung § 176a Abs. 2 Nr. 1 StGB;W;31;30;1;1;0;0;0;0
131500;Vollzug des Beischlafs mit einem Kind oder Vornahme einer ähnlichen sexuellen Handlung § 176a Abs. 2 Nr. 1 StGB;X;926;761;47;22;15;7;3;0
131600;Schwerer sexueller Missbrauch von Kindern zur Herstellung und Verbreitung pornographischer Schriften § 176a Abs. 3 StGB;M;114;66;3;1;1;1;0;0
131600;Schwerer sexueller Missbrauch von Kindern zur Herstellung und Verbreitung pornographischer Schriften § 176a Abs. 3 StGB;W;15;9;0;0;0;0;0;0
131600;Schwerer sexueller Missbrauch von Kindern zur Herstellung und Verbreitung pornographischer Schriften § 176a Abs. 3 StGB;X;129;75;3;1;1;1;0;0
131700;Sonstiger schwerer sexueller Missbrauch von Kindern § 176a StGB;M;1,240;836;73;30;20;9;13;1
131700;Sonstiger schwerer sexueller Missbrauch von Kindern § 176a StGB;W;92;74;4;4;0;0;0;0
131700;Sonstiger schwerer sexueller Missbrauch von Kindern § 176a StGB;X;1,332;910;77;34;20;9;13;1
131800;Sexueller Missbrauch von Kindern mit Todesfolge § 176b StGB;M;0;0;0;0;0;0;0;0
131800;Sexueller Missbrauch von Kindern mit Todesfolge § 176b StGB;W;0;0;0;0;0;0;0;0
131800;Sexueller Missbrauch von Kindern mit Todesfolge § 176b StGB;X;0;0;0;0;0;0;0;0
132000;Exhibitionistische Handlungen und Erregung öffentlichen Ärgernisses §§ 183, 183a StGB;M;3,557;3,297;547;202;133;92;64;56
132000;Exhibitionistische Handlungen und Erregung öffentlichen Ärgernisses §§ 183, 183a StGB;W;116;105;4;4;0;0;0;0
132000;Exhibitionistische Handlungen und Erregung öffentlichen Ärgernisses §§ 183, 183a StGB;X;3,673;3,402;551;206;133;92;64;56
132010;Exhibitionistische Handlungen § 183 StGB;M;2,983;2,761;455;168;104;81;55;47
132010;Exhibitionistische Handlungen § 183 StGB;W;0;0;0;0;0;0;0;0
132010;Exhibitionistische Handlungen § 183 StGB;X;2,983;2,761;455;168;104;81;55;47
132020;Erregung öffentlichen Ärgernisses § 183a StGB;M;666;625;112;43;33;15;12;9
132020;Erregung öffentlichen Ärgernisses § 183a StGB;W;116;105;4;4;0;0;0;0
132020;Erregung öffentlichen Ärgernisses § 183a StGB;X;782;730;116;47;33;15;12;9
133000;Sexueller Missbrauch von Jugendlichen § 182 StGB;M;743;625;72;31;22;14;3;2
133000;Sexueller Missbrauch von Jugendlichen § 182 StGB;W;23;17;2;1;0;1;0;0
133000;Sexueller Missbrauch von Jugendlichen § 182 StGB;X;766;642;74;32;22;15;3;2
133100;Sexueller Missbrauch von Jugendlichen gegen Entgelt § 182 Abs. 2 StGB;M;190;168;31;11;7;10;1;2
133100;Sexueller Missbrauch von Jugendlichen gegen Entgelt § 182 Abs. 2 StGB;W;3;2;0;0;0;0;0;0
133100;Sexueller Missbrauch von Jugendlichen gegen Entgelt § 182 Abs. 2 StGB;X;193;170;31;11;7;10;1;2
133700;Sonstiger Sexueller Missbrauch von Jugendlichen § 182 StGB;M;561;465;41;20;15;4;2;0
133700;Sonstiger Sexueller Missbrauch von Jugendlichen § 182 StGB;W;20;15;2;1;0;1;0;0
133700;Sonstiger Sexueller Missbrauch von Jugendlichen § 182 StGB;X;581;480;43;21;15;5;2;0
140000;Ausnutzen sexueller Neigung §§ 180, 180a, 181a, 184, 184a, 184b, 184c, 184d, 184e, 184f, 184g StGB;M;14,197;8,054;783;362;227;114;64;16
140000;Ausnutzen sexueller Neigung §§ 180, 180a, 181a, 184, 184a, 184b, 184c, 184d, 184e, 184f, 184g StGB;W;2,413;1,024;58;29;17;3;6;3
140000;Ausnutzen sexueller Neigung §§ 180, 180a, 181a, 184, 184a, 184b, 184c, 184d, 184e, 184f, 184g StGB;X;16,610;9,078;841;391;244;117;70;19
140010;Ausübung der verbotenen Prostitution § 184f StGB;M;29;29;3;2;0;1;0;0
140010;Ausübung der verbotenen Prostitution § 184f StGB;W;269;249;5;3;1;0;1;0
140010;Ausübung der verbotenen Prostitution § 184f StGB;X;298;278;8;5;1;1;1;0
140020;Jugendgefährdende Prostitution § 184g StGB;M;2;2;0;0;0;0;0;0
140020;Jugendgefährdende Prostitution § 184g StGB;W;11;10;0;0;0;0;0;0
140020;Jugendgefährdende Prostitution § 184g StGB;X;13;12;0;0;0;0;0;0
141000;Förderung sexueller Handlungen Minderjähriger oder Ausbeuten von Prostituierten §§ 180, 180a StGB;M;72;57;5;4;1;0;0;0
141000;Förderung sexueller Handlungen Minderjähriger oder Ausbeuten von Prostituierten §§ 180, 180a StGB;W;24;19;1;1;0;0;0;0
141000;Förderung sexueller Handlungen Minderjähriger oder Ausbeuten von Prostituierten §§ 180, 180a StGB;X;96;76;6;5;1;0;0;0
141100;Förderung sexueller Handlungen Minderjähriger § 180 StGB;M;49;35;5;4;1;0;0;0
141100;Förderung sexueller Handlungen Minderjähriger § 180 StGB;W;20;15;0;0;0;0;0;0
141100;Förderung sexueller Handlungen Minderjähriger § 180 StGB;X;69;50;5;4;1;0;0;0
141110;Förderung sexueller Handlungen Minderjähriger durch Vermittlung oder gegen Entgelt § 180 Abs. 1, Nr. 1, Abs. 2 StGB;M;31;21;4;3;1;0;0;0
141110;Förderung sexueller Handlungen Minderjähriger durch Vermittlung oder gegen Entgelt § 180 Abs. 1, Nr. 1, Abs. 2 StGB;W;9;6;0;0;0;0;0;0
141110;Förderung sexueller Handlungen Minderjähriger durch Vermittlung oder gegen Entgelt § 180 Abs. 1, Nr. 1, Abs. 2 StGB;X;40;27;4;3;1;0;0;0
141179;Sonstige Förderung sexueller Handlungen Minderjähriger § 180 StGB;M;18;14;1;1;0;0;0;0
141179;Sonstige Förderung sexueller Handlungen Minderjähriger § 180 StGB;W;11;9;0;0;0;0;0;0
141179;Sonstige Förderung sexueller Handlungen Minderjähriger § 180 StGB;X;29;23;1;1;0;0;0;0
141200;Ausbeuten von Prostituierten § 180a StGB;M;23;22;0;0;0;0;0;0
141200;Ausbeuten von Prostituierten § 180a StGB;W;4;4;1;1;0;0;0;0
141200;Ausbeuten von Prostituierten § 180a StGB;X;27;26;1;1;0;0;0;0
142000;Zuhälterei § 181a StGB;M;120;115;6;3;2;1;0;0
142000;Zuhälterei § 181a StGB;W;24;21;3;1;1;0;1;0
142000;Zuhälterei § 181a StGB;X;144;136;9;4;3;1;1;0
143000;Verbreitung pornographischer Schriften (Erzeugnisse) §§ 184, 184a, 184b, 184c, 184d, 184e StGB;M;13,983;7,858;769;353;224;112;64;16
143000;Verbreitung pornographischer Schriften (Erzeugnisse) §§ 184, 184a, 184b, 184c, 184d, 184e StGB;W;2,088;728;49;24;15;3;4;3
143000;Verbreitung pornographischer Schriften (Erzeugnisse) §§ 184, 184a, 184b, 184c, 184d, 184e StGB;X;16,071;8,586;818;377;239;115;68;19
143010;Sonstige Verbreitung pornographischer Schriften (Erzeugnisse) § 184 StGB;M;867;558;54;26;13;8;6;1
143010;Sonstige Verbreitung pornographischer Schriften (Erzeugnisse) § 184 StGB;W;133;67;4;0;2;2;0;0
143010;Sonstige Verbreitung pornographischer Schriften (Erzeugnisse) § 184 StGB;X;1,000;625;58;26;15;10;6;1
143020;Verbreitung gewalt- oder tierpornographischer Schriften § 184a StGB;M;187;69;5;3;2;0;0;0
143020;Verbreitung gewalt- oder tierpornographischer Schriften § 184a StGB;W;25;6;0;0;0;0;0;0
143020;Verbreitung gewalt- oder tierpornographischer Schriften § 184a StGB;X;212;75;5;3;2;0;0;0
143030;Zugänglichmachen pornographischer Inhalte mittels Rundfunk oder Telemedien;M;49;28;3;2;0;0;1;0
143030;Zugänglichmachen pornographischer Inhalte mittels Rundfunk oder Telemedien;W;7;1;0;0;0;0;0;0
143030;Zugänglichmachen pornographischer Inhalte mittels Rundfunk oder Telemedien;X;56;29;3;2;0;0;1;0
143040;Veranstaltung und Besuch kinder- und jugendpornographischer Darbietungen § 184e StGB;M;0;0;0;0;0;0;0;0
143040;Veranstaltung und Besuch kinder- und jugendpornographischer Darbietungen § 184e StGB;W;0;0;0;0;0;0;0;0
143040;Veranstaltung und Besuch kinder- und jugendpornographischer Darbietungen § 184e StGB;X;0;0;0;0;0;0;0;0
143100;Verbreitung pornographischer Schriften (Erzeugnisse) an Personen unter 18 Jahren § 184 Abs. 1 Nr. 1, 2, 5 StGB;M;1,343;419;32;17;4;7;3;1
143100;Verbreitung pornographischer Schriften (Erzeugnisse) an Personen unter 18 Jahren § 184 Abs. 1 Nr. 1, 2, 5 StGB;W;177;29;4;2;2;0;0;0
143100;Verbreitung pornographischer Schriften (Erzeugnisse) an Personen unter 18 Jahren § 184 Abs. 1 Nr. 1, 2, 5 StGB;X;1,520;448;36;19;6;7;3;1
143200;Verbreitung, Erwerb, Besitz und Herstellung kinderpornographischer Schriften § 184b StGB;M;10,349;6,322;630;287;193;88;49;13
143200;Verbreitung, Erwerb, Besitz und Herstellung kinderpornographischer Schriften § 184b StGB;W;1,435;590;38;20;11;0;4;3
143200;Verbreitung, Erwerb, Besitz und Herstellung kinderpornographischer Schriften § 184b StGB;X;11,784;6,912;668;307;204;88;53;16
143210;Verbreitung, Erwerb, Besitz und Herstellung von Kinderpornographie § 184b Abs. 1 StGB;M;5,842;3,466;338;159;107;49;18;5
143210;Verbreitung, Erwerb, Besitz und Herstellung von Kinderpornographie § 184b Abs. 1 StGB;W;821;331;20;9;7;0;2;2
143210;Verbreitung, Erwerb, Besitz und Herstellung von Kinderpornographie § 184b Abs. 1 StGB;X;6,663;3,797;358;168;114;49;20;7
143211;Verbreitung von Kinderpornographie § 184b Abs. 1 Nr. 1 StGB;M;5,126;3,020;288;135;94;41;16;2
143211;Verbreitung von Kinderpornographie § 184b Abs. 1 Nr. 1 StGB;W;712;296;19;8;7;0;2;2
143211;Verbreitung von Kinderpornographie § 184b Abs. 1 Nr. 1 StGB;X;5,838;3,316;307;143;101;41;18;4
143212;Besitzverschaffung für andere von Kinderpornographie § 184b Abs. 1 Nr. 2 StGB;M;590;367;39;20;10;6;1;2
143212;Besitzverschaffung für andere von Kinderpornographie § 184b Abs. 1 Nr. 2 StGB;W;52;22;1;1;0;0;0;0
143212;Besitzverschaffung für andere von Kinderpornographie § 184b Abs. 1 Nr. 2 StGB;X;642;389;40;21;10;6;1;2
143213;Herstellung auch ohne Verbreitungsabsicht von Kinderpornographie mit tatsächlichem Geschehen § 184b Abs. 1 Nr. 3 StGB;M;89;68;12;4;3;3;1;1
143213;Herstellung auch ohne Verbreitungsabsicht von Kinderpornographie mit tatsächlichem Geschehen § 184b Abs. 1 Nr. 3 StGB;W;23;7;0;0;0;0;0;0
143213;Herstellung auch ohne Verbreitungsabsicht von Kinderpornographie mit tatsächlichem Geschehen § 184b Abs. 1 Nr. 3 StGB;X;112;75;12;4;3;3;1;1
143214;Herstellung mit Verbreitungsabsicht von Kinderpornographie § 184b Abs. 1 Nr. 4 StGB;M;74;40;1;1;0;0;0;0
143214;Herstellung mit Verbreitungsabsicht von Kinderpornographie § 184b Abs. 1 Nr. 4 StGB;W;40;7;0;0;0;0;0;0
143214;Herstellung mit Verbreitungsabsicht von Kinderpornographie § 184b Abs. 1 Nr. 4 StGB;X;114;47;1;1;0;0;0;0
143220;Verbreitung und Herstellung von Kinderpornographie gewerbs-/bandenmäßig § 184b Abs. 2 StGB;M;27;17;3;1;2;0;0;0
143220;Verbreitung und Herstellung von Kinderpornographie gewerbs-/bandenmäßig § 184b Abs. 2 StGB;W;9;4;0;0;0;0;0;0
143220;Verbreitung und Herstellung von Kinderpornographie gewerbs-/bandenmäßig § 184b Abs. 2 StGB;X;36;21;3;1;2;0;0;0
143230;Besitz oder sich Verschaffen von Kinderpornographie § 184b Abs. 3 StGB;M;4,703;3,011;310;135;91;42;34;8
143230;Besitz oder sich Verschaffen von Kinderpornographie § 184b Abs. 3 StGB;W;619;262;18;11;4;0;2;1
143230;Besitz oder sich Verschaffen von Kinderpornographie § 184b Abs. 3 StGB;X;5,322;3,273;328;146;95;42;36;9
143500;Verbreitung, Erwerb, Besitz und Herstellung jugendpornographischer Schriften § 184c StGB;M;1,508;644;61;27;16;10;7;1
143500;Verbreitung, Erwerb, Besitz und Herstellung jugendpornographischer Schriften § 184c StGB;W;330;40;3;2;0;1;0;0
143500;Verbreitung, Erwerb, Besitz und Herstellung jugendpornographischer Schriften § 184c StGB;X;1,838;684;64;29;16;11;7;1
143510;Verbreitung, Erwerb, Besitz und Herstellung von Jugendpornographie § 184c Abs. 1 StGB;M;839;260;25;14;5;4;2;0
143510;Verbreitung, Erwerb, Besitz und Herstellung von Jugendpornographie § 184c Abs. 1 StGB;W;241;18;1;1;0;0;0;0
143510;Verbreitung, Erwerb, Besitz und Herstellung von Jugendpornographie § 184c Abs. 1 StGB;X;1,080;278;26;15;5;4;2;0
143511;Verbreitung von Jugendpornographie § 184c Abs. 1 Nr. 1 StGB;M;670;198;17;10;3;3;1;0
143511;Verbreitung von Jugendpornographie § 184c Abs. 1 Nr. 1 StGB;W;190;16;1;1;0;0;0;0
143511;Verbreitung von Jugendpornographie § 184c Abs. 1 Nr. 1 StGB;X;860;214;18;11;3;3;1;0
143512;Besitzverschaffung für andere von Jugendpornographie § 184c Abs. 1 Nr. 2 StGB;M;54;24;6;3;1;1;1;0
143512;Besitzverschaffung für andere von Jugendpornographie § 184c Abs. 1 Nr. 2 StGB;W;25;0;0;0;0;0;0;0
143512;Besitzverschaffung für andere von Jugendpornographie § 184c Abs. 1 Nr. 2 StGB;X;79;24;6;3;1;1;1;0
143513;Herstellung auch ohne Verbreitungsabsicht mit tatsächlichem Geschehen von Jugendpornographie § 184c Abs. 1 Nr. 3 StGB;M;58;25;1;0;1;0;0;0
143513;Herstellung auch ohne Verbreitungsabsicht mit tatsächlichem Geschehen von Jugendpornographie § 184c Abs. 1 Nr. 3 StGB;W;13;1;0;0;0;0;0;0
143513;Herstellung auch ohne Verbreitungsabsicht mit tatsächlichem Geschehen von Jugendpornographie § 184c Abs. 1 Nr. 3 StGB;X;71;26;1;0;1;0;0;0
143514;Herstellung mit Verbreitungsabsicht von Jugendpornographie § 184c Abs. 1 Nr. 4 StGB;M;59;13;1;1;0;0;0;0
143514;Herstellung mit Verbreitungsabsicht von Jugendpornographie § 184c Abs. 1 Nr. 4 StGB;W;14;1;0;0;0;0;0;0
143514;Herstellung mit Verbreitungsabsicht von Jugendpornographie § 184c Abs. 1 Nr. 4 StGB;X;73;14;1;1;0;0;0;0
143520;Verbreitung und Herstellung von Jugendpornographie gewerbs-/bandenmäßig § 184c Abs. 2 StGB;M;12;4;0;0;0;0;0;0
143520;Verbreitung und Herstellung von Jugendpornographie gewerbs-/bandenmäßig § 184c Abs. 2 StGB;W;3;0;0;0;0;0;0;0
143520;Verbreitung und Herstellung von Jugendpornographie gewerbs-/bandenmäßig § 184c Abs. 2 StGB;X;15;4;0;0;0;0;0;0
143530;Besitz oder sich Verschaffen von Jugendpornographie § 184c Abs. 3 StGB;M;677;387;38;14;11;6;6;1
143530;Besitz oder sich Verschaffen von Jugendpornographie § 184c Abs. 3 StGB;W;86;22;2;1;0;1;0;0
143530;Besitz oder sich Verschaffen von Jugendpornographie § 184c Abs. 3 StGB;X;763;409;40;15;11;7;6;1
200000;Rohheitsdelikte und Straftaten gegen die persönliche Freiheit;M;484,542;386,246;32,847;13,488;8,155;4,723;3,694;2,787
200000;Rohheitsdelikte und Straftaten gegen die persönliche Freiheit;W;114,535;92,153;8,927;3,424;2,189;1,284;1,110;920
200000;Rohheitsdelikte und Straftaten gegen die persönliche Freiheit;X;599,077;478,399;41,774;16,912;10,344;6,007;4,804;3,707
210000;Raub, räuberische Erpressung und räuberischer Angriff auf Kraftfahrer §§ 249-252, 255, 316a StGB;M;24,304;13,841;304;169;64;34;18;19
210000;Raub, räuberische Erpressung und räuberischer Angriff auf Kraftfahrer §§ 249-252, 255, 316a StGB;W;2,374;1,514;74;33;16;13;7;5
210000;Raub, räuberische Erpressung und räuberischer Angriff auf Kraftfahrer §§ 249-252, 255, 316a StGB;X;26,678;15,355;378;202;80;47;25;24
210010;Sonstiger Raub § 249 StGB;M;2,343;1,233;25;13;2;3;4;3
210010;Sonstiger Raub § 249 StGB;W;224;129;4;1;1;0;1;1
210010;Sonstiger Raub § 249 StGB;X;2,567;1,362;29;14;3;3;5;4
210020;Sonstiger schwerer Raub § 250 StGB;M;939;489;6;4;0;2;0;0
210020;Sonstiger schwerer Raub § 250 StGB;W;74;37;1;1;0;0;0;0
210020;Sonstiger schwerer Raub § 250 StGB;X;1,013;526;7;5;0;2;0;0
210030;Sonstiger Raub mit Todesfolge § 251 StGB;M;2;1;0;0;0;0;0;0
210030;Sonstiger Raub mit Todesfolge § 251 StGB;W;0;0;0;0;0;0;0;0
210030;Sonstiger Raub mit Todesfolge § 251 StGB;X;2;1;0;0;0;0;0;0
210040;Räuberischer Diebstahl § 252 StGB;M;6,325;4,466;128;64;26;18;11;9
210040;Räuberischer Diebstahl § 252 StGB;W;988;748;55;24;11;12;5;3
210040;Räuberischer Diebstahl § 252 StGB;X;7,313;5,214;183;88;37;30;16;12
210050;Sonstige räuberische Erpressung § 255 StGB;M;2,742;1,495;41;22;13;5;0;1
210050;Sonstige räuberische Erpressung § 255 StGB;W;170;105;2;0;1;0;0;1
210050;Sonstige räuberische Erpressung § 255 StGB;X;2,912;1,600;43;22;14;5;0;2
211000;Raub, räuberische Erpressung auf/gegen Geldinstitute, Postfilialen und -agenturen;M;73;62;5;2;1;1;0;1
211000;Raub, räuberische Erpressung auf/gegen Geldinstitute, Postfilialen und -agenturen;W;6;5;0;0;0;0;0;0
211000;Raub, räuberische Erpressung auf/gegen Geldinstitute, Postfilialen und -agenturen;X;79;67;5;2;1;1;0;1
211100;Raub, räuberische Erpressung auf/gegen Geldinstitute (Banken/Sparkassen);M;57;51;5;2;1;1;0;1
211100;Raub, räuberische Erpressung auf/gegen Geldinstitute (Banken/Sparkassen);W;5;4;0;0;0;0;0;0
211100;Raub, räuberische Erpressung auf/gegen Geldinstitute (Banken/Sparkassen);X;62;55;5;2;1;1;0;1
211110;Raub auf Geldinstitute (Banken/Sparkassen) § 249 StGB;M;6;6;0;0;0;0;0;0
211110;Raub auf Geldinstitute (Banken/Sparkassen) § 249 StGB;W;0;0;0;0;0;0;0;0
211110;Raub auf Geldinstitute (Banken/Sparkassen) § 249 StGB;X;6;6;0;0;0;0;0;0
211120;Schwerer Raub auf Geldinstitute (Banken/Sparkassen) § 250 StGB;M;25;22;0;0;0;0;0;0
211120;Schwerer Raub auf Geldinstitute (Banken/Sparkassen) § 250 StGB;W;5;4;0;0;0;0;0;0
211120;Schwerer Raub auf Geldinstitute (Banken/Sparkassen) § 250 StGB;X;30;26;0;0;0;0;0;0
211130;Raub mit Todesfolge auf Geldinstitute (Banken/Sparkassen) § 251 StGB;M;0;0;0;0;0;0;0;0
211130;Raub mit Todesfolge auf Geldinstitute (Banken/Sparkassen) § 251 StGB;W;0;0;0;0;0;0;0;0
211130;Raub mit Todesfolge auf Geldinstitute (Banken/Sparkassen) § 251 StGB;X;0;0;0;0;0;0;0;0
211150;Räuberische Erpressung gegen Geldinstitute (Banken/Sparkassen) § 255 StGB;M;27;24;5;2;1;1;0;1
211150;Räuberische Erpressung gegen Geldinstitute (Banken/Sparkassen) § 255 StGB;W;0;0;0;0;0;0;0;0
211150;Räuberische Erpressung gegen Geldinstitute (Banken/Sparkassen) § 255 StGB;X;27;24;5;2;1;1;0;1
211200;Raub, räuberische Erpressung auf/gegen Postfilialen und -agenturen;M;16;11;0;0;0;0;0;0
211200;Raub, räuberische Erpressung auf/gegen Postfilialen und -agenturen;W;1;1;0;0;0;0;0;0
211200;Raub, räuberische Erpressung auf/gegen Postfilialen und -agenturen;X;17;12;0;0;0;0;0;0
211210;Raub auf Postfilialen und -agenturen § 249 StGB;M;1;1;0;0;0;0;0;0
211210;Raub auf Postfilialen und -agenturen § 249 StGB;W;1;1;0;0;0;0;0;0
211210;Raub auf Postfilialen und -agenturen § 249 StGB;X;2;2;0;0;0;0;0;0
211220;Schwerer Raub auf Postfilialen und -agenturen § 250 StGB;M;7;5;0;0;0;0;0;0
211220;Schwerer Raub auf Postfilialen und -agenturen § 250 StGB;W;0;0;0;0;0;0;0;0
211220;Schwerer Raub auf Postfilialen und -agenturen § 250 StGB;X;7;5;0;0;0;0;0;0
211230;Raub mit Todesfolge auf Postfilialen und -agenturen § 251 StGB;M;0;0;0;0;0;0;0;0
211230;Raub mit Todesfolge auf Postfilialen und -agenturen § 251 StGB;W;0;0;0;0;0;0;0;0
211230;Raub mit Todesfolge auf Postfilialen und -agenturen § 251 StGB;X;0;0;0;0;0;0;0;0
211250;Räuberische Erpressung gegen Postfilialen und -agenturen § 255 StGB;M;8;5;0;0;0;0;0;0
211250;Räuberische Erpressung gegen Postfilialen und -agenturen § 255 StGB;W;0;0;0;0;0;0;0;0
211250;Räuberische Erpressung gegen Postfilialen und -agenturen § 255 StGB;X;8;5;0;0;0;0;0;0
212000;Raub, räuberische Erpressung auf/gegen sonstige Zahlstellen und Geschäfte;M;1,564;850;14;8;4;1;1;0
212000;Raub, räuberische Erpressung auf/gegen sonstige Zahlstellen und Geschäfte;W;61;31;0;0;0;0;0;0
212000;Raub, räuberische Erpressung auf/gegen sonstige Zahlstellen und Geschäfte;X;1,625;881;14;8;4;1;1;0
212010;Raub auf sonstige Zahlstellen oder Geschäfte § 249 StGB;M;113;77;1;1;0;0;0;0
212010;Raub auf sonstige Zahlstellen oder Geschäfte § 249 StGB;W;9;5;0;0;0;0;0;0
212010;Raub auf sonstige Zahlstellen oder Geschäfte § 249 StGB;X;122;82;1;1;0;0;0;0
212020;Schwerer Raub auf sonstige Zahlstellen oder Geschäfte § 250 StGB;M;577;299;4;1;1;1;1;0
212020;Schwerer Raub auf sonstige Zahlstellen oder Geschäfte § 250 StGB;W;19;10;0;0;0;0;0;0
212020;Schwerer Raub auf sonstige Zahlstellen oder Geschäfte § 250 StGB;X;596;309;4;1;1;1;1;0
212030;Raub mit Todesfolge auf sonstige Zahlstellen oder Geschäfte § 251 StGB;M;0;0;0;0;0;0;0;0
212030;Raub mit Todesfolge auf sonstige Zahlstellen oder Geschäfte § 251 StGB;W;0;0;0;0;0;0;0;0
212030;Raub mit Todesfolge auf sonstige Zahlstellen oder Geschäfte § 251 StGB;X;0;0;0;0;0;0;0;0
212050;Räuberische Erpressung gegen sonstige Zahlstellen oder Geschäfte § 255 StGB;M;310;163;7;5;2;0;0;0
212050;Räuberische Erpressung gegen sonstige Zahlstellen oder Geschäfte § 255 StGB;W;9;2;0;0;0;0;0;0
212050;Räuberische Erpressung gegen sonstige Zahlstellen oder Geschäfte § 255 StGB;X;319;165;7;5;2;0;0;0
212100;Raub, räuberische Erpressung auf/gegen Spielhallen;M;266;180;1;1;0;0;0;0
212100;Raub, räuberische Erpressung auf/gegen Spielhallen;W;15;11;0;0;0;0;0;0
212100;Raub, räuberische Erpressung auf/gegen Spielhallen;X;281;191;1;1;0;0;0;0
212110;Raub auf Spielhallen § 249 StGB;M;28;25;0;0;0;0;0;0
212110;Raub auf Spielhallen § 249 StGB;W;3;3;0;0;0;0;0;0
212110;Raub auf Spielhallen § 249 StGB;X;31;28;0;0;0;0;0;0
212120;Schwerer Raub auf Spielhallen § 250 StGB;M;144;92;1;1;0;0;0;0
212120;Schwerer Raub auf Spielhallen § 250 StGB;W;6;5;0;0;0;0;0;0
212120;Schwerer Raub auf Spielhallen § 250 StGB;X;150;97;1;1;0;0;0;0
212130;Raub mit Todesfolge auf Spielhallen § 251 StGB;M;0;0;0;0;0;0;0;0
212130;Raub mit Todesfolge auf Spielhallen § 251 StGB;W;0;0;0;0;0;0;0;0
212130;Raub mit Todesfolge auf Spielhallen § 251 StGB;X;0;0;0;0;0;0;0;0
212150;Räuberische Erpressung gegen Spielhallen § 255 StGB;M;120;78;0;0;0;0;0;0
212150;Räuberische Erpressung gegen Spielhallen § 255 StGB;W;7;4;0;0;0;0;0;0
212150;Räuberische Erpressung gegen Spielhallen § 255 StGB;X;127;82;0;0;0;0;0;0
212200;Raub, räuberische Erpressung auf/gegen Tankstellen;M;458;210;2;1;1;0;0;0
212200;Raub, räuberische Erpressung auf/gegen Tankstellen;W;17;5;0;0;0;0;0;0
212200;Raub, räuberische Erpressung auf/gegen Tankstellen;X;475;215;2;1;1;0;0;0
212210;Raub auf Tankstellen § 249 StGB;M;33;19;0;0;0;0;0;0
212210;Raub auf Tankstellen § 249 StGB;W;1;1;0;0;0;0;0;0
212210;Raub auf Tankstellen § 249 StGB;X;34;20;0;0;0;0;0;0
212220;Schwerer Raub auf Tankstellen § 250 StGB;M;279;124;0;0;0;0;0;0
212220;Schwerer Raub auf Tankstellen § 250 StGB;W;10;2;0;0;0;0;0;0
212220;Schwerer Raub auf Tankstellen § 250 StGB;X;289;126;0;0;0;0;0;0
212230;Raub mit Todesfolge auf Tankstellen § 251 StGB;M;0;0;0;0;0;0;0;0
212230;Raub mit Todesfolge auf Tankstellen § 251 StGB;W;0;0;0;0;0;0;0;0
212230;Raub mit Todesfolge auf Tankstellen § 251 StGB;X;0;0;0;0;0;0;0;0
212250;Räuberische Erpressung gegen Tankstellen § 255 StGB;M;170;81;2;1;1;0;0;0
212250;Räuberische Erpressung gegen Tankstellen § 255 StGB;W;6;2;0;0;0;0;0;0
212250;Räuberische Erpressung gegen Tankstellen § 255 StGB;X;176;83;2;1;1;0;0;0
213000;Raub, räuberische Erpressung auf/gegen Geld- und Werttransporte;M;38;32;0;0;0;0;0;0
213000;Raub, räuberische Erpressung auf/gegen Geld- und Werttransporte;W;1;0;0;0;0;0;0;0
213000;Raub, räuberische Erpressung auf/gegen Geld- und Werttransporte;X;39;32;0;0;0;0;0;0
213100;Raub, räuberische Erpressung auf/gegen Geld- und Kassenboten;M;38;32;0;0;0;0;0;0
213100;Raub, räuberische Erpressung auf/gegen Geld- und Kassenboten;W;1;0;0;0;0;0;0;0
213100;Raub, räuberische Erpressung auf/gegen Geld- und Kassenboten;X;39;32;0;0;0;0;0;0
213110;Raub auf Geld- und Kassenboten § 249 StGB;M;9;8;0;0;0;0;0;0
213110;Raub auf Geld- und Kassenboten § 249 StGB;W;1;0;0;0;0;0;0;0
213110;Raub auf Geld- und Kassenboten § 249 StGB;X;10;8;0;0;0;0;0;0
213120;Schwerer Raub auf Geld- und Kassenboten § 250 StGB;M;25;21;0;0;0;0;0;0
213120;Schwerer Raub auf Geld- und Kassenboten § 250 StGB;W;0;0;0;0;0;0;0;0
213120;Schwerer Raub auf Geld- und Kassenboten § 250 StGB;X;25;21;0;0;0;0;0;0
213130;Raub mit Todesfolge auf Geld- und Kassenboten § 251 StGB;M;0;0;0;0;0;0;0;0
213130;Raub mit Todesfolge auf Geld- und Kassenboten § 251 StGB;W;0;0;0;0;0;0;0;0
213130;Raub mit Todesfolge auf Geld- und Kassenboten § 251 StGB;X;0;0;0;0;0;0;0;0
213150;Räuberische Erpressung gegen Geld- und Kassenboten § 255 StGB;M;4;3;0;0;0;0;0;0
213150;Räuberische Erpressung gegen Geld- und Kassenboten § 255 StGB;W;0;0;0;0;0;0;0;0
213150;Räuberische Erpressung gegen Geld- und Kassenboten § 255 StGB;X;4;3;0;0;0;0;0;0
213200;Raub, räuberische Erpressung auf/gegen Spezialgeldtransportfahrzeuge;M;0;0;0;0;0;0;0;0
213200;Raub, räuberische Erpressung auf/gegen Spezialgeldtransportfahrzeuge;W;0;0;0;0;0;0;0;0
213200;Raub, räuberische Erpressung auf/gegen Spezialgeldtransportfahrzeuge;X;0;0;0;0;0;0;0;0
213210;Raub auf Spezialgeldtransportfahrzeuge § 249 StGB;M;0;0;0;0;0;0;0;0
213210;Raub auf Spezialgeldtransportfahrzeuge § 249 StGB;W;0;0;0;0;0;0;0;0
213210;Raub auf Spezialgeldtransportfahrzeuge § 249 StGB;X;0;0;0;0;0;0;0;0
213220;Schwerer Raub auf Spezialgeldtransportfahrzeuge § 250 StGB;M;0;0;0;0;0;0;0;0
213220;Schwerer Raub auf Spezialgeldtransportfahrzeuge § 250 StGB;W;0;0;0;0;0;0;0;0
213220;Schwerer Raub auf Spezialgeldtransportfahrzeuge § 250 StGB;X;0;0;0;0;0;0;0;0
213230;Raub mit Todesfolge auf Spezialgeldtransportfahrzeuge § 251 StGB;M;0;0;0;0;0;0;0;0
213230;Raub mit Todesfolge auf Spezialgeldtransportfahrzeuge § 251 StGB;W;0;0;0;0;0;0;0;0
213230;Raub mit Todesfolge auf Spezialgeldtransportfahrzeuge § 251 StGB;X;0;0;0;0;0;0;0;0
213250;Räuberische Erpressung gegen Spezialgeldtransportfahrzeuge § 255 StGB;M;0;0;0;0;0;0;0;0
213250;Räuberische Erpressung gegen Spezialgeldtransportfahrzeuge § 255 StGB;W;0;0;0;0;0;0;0;0
213250;Räuberische Erpressung gegen Spezialgeldtransportfahrzeuge § 255 StGB;X;0;0;0;0;0;0;0;0
214000;Räuberischer Angriff auf Kraftfahrer § 316a StGB;M;111;78;2;2;0;0;0;0
214000;Räuberischer Angriff auf Kraftfahrer § 316a StGB;W;3;0;0;0;0;0;0;0
214000;Räuberischer Angriff auf Kraftfahrer § 316a StGB;X;114;78;2;2;0;0;0;0
214079;Räuberischer Angriff auf sonstige Kraftfahrer;M;56;40;2;2;0;0;0;0
214079;Räuberischer Angriff auf sonstige Kraftfahrer;W;0;0;0;0;0;0;0;0
214079;Räuberischer Angriff auf sonstige Kraftfahrer;X;56;40;2;2;0;0;0;0
214100;Beraubung von Taxifahrern;M;59;40;0;0;0;0;0;0
214100;Beraubung von Taxifahrern;W;3;0;0;0;0;0;0;0
214100;Beraubung von Taxifahrern;X;62;40;0;0;0;0;0;0
216000;Handtaschenraub;M;405;225;4;2;1;1;0;0
216000;Handtaschenraub;W;38;15;1;1;0;0;0;0
216000;Handtaschenraub;X;443;240;5;3;1;1;0;0
216010;Handtaschenraub § 249 StGB;M;356;197;4;2;1;1;0;0
216010;Handtaschenraub § 249 StGB;W;31;12;1;1;0;0;0;0
216010;Handtaschenraub § 249 StGB;X;387;209;5;3;1;1;0;0
216020;Handtaschenraub § 250 StGB;M;51;26;0;0;0;0;0;0
216020;Handtaschenraub § 250 StGB;W;4;3;0;0;0;0;0;0
216020;Handtaschenraub § 250 StGB;X;55;29;0;0;0;0;0;0
216030;Handtaschenraub mit Todesfolge § 251 StGB;M;2;1;0;0;0;0;0;0
216030;Handtaschenraub mit Todesfolge § 251 StGB;W;0;0;0;0;0;0;0;0
216030;Handtaschenraub mit Todesfolge § 251 StGB;X;2;1;0;0;0;0;0;0
216050;Räuberische Erpressung bei Handtaschenraub § 255 StGB;M;3;2;0;0;0;0;0;0
216050;Räuberische Erpressung bei Handtaschenraub § 255 StGB;W;3;0;0;0;0;0;0;0
216050;Räuberische Erpressung bei Handtaschenraub § 255 StGB;X;6;2;0;0;0;0;0;0
217000;Sonstige Raubüberfälle auf Straßen, Wegen oder Plätzen;M;9,055;3,663;43;28;10;1;1;3
217000;Sonstige Raubüberfälle auf Straßen, Wegen oder Plätzen;W;611;264;5;2;2;1;0;0
217000;Sonstige Raubüberfälle auf Straßen, Wegen oder Plätzen;X;9,666;3,927;48;30;12;2;1;3
217010;Sonstiger Raub auf Straßen, Wegen oder Plätzen § 249 StGB;M;5,079;2,098;20;14;4;0;0;2
217010;Sonstiger Raub auf Straßen, Wegen oder Plätzen § 249 StGB;W;372;182;4;2;1;1;0;0
217010;Sonstiger Raub auf Straßen, Wegen oder Plätzen § 249 StGB;X;5,451;2,280;24;16;5;1;0;2
217020;Sonstiger schwerer Raub auf Straßen, Wegen oder Plätzen § 250 StGB;M;1,934;736;7;6;0;0;1;0
217020;Sonstiger schwerer Raub auf Straßen, Wegen oder Plätzen § 250 StGB;W;92;43;0;0;0;0;0;0
217020;Sonstiger schwerer Raub auf Straßen, Wegen oder Plätzen § 250 StGB;X;2,026;779;7;6;0;0;1;0
217030;Sonstiger Raub mit Todesfolge auf Straßen, Wegen oder Plätzen § 251 StGB;M;0;0;0;0;0;0;0;0
217030;Sonstiger Raub mit Todesfolge auf Straßen, Wegen oder Plätzen § 251 StGB;W;0;0;0;0;0;0;0;0
217030;Sonstiger Raub mit Todesfolge auf Straßen, Wegen oder Plätzen § 251 StGB;X;0;0;0;0;0;0;0;0
217050;Sonstige räuberische Erpressung auf Straßen, Wegen oder Plätzen § 255 StGB;M;2,717;924;16;8;6;1;0;1
217050;Sonstige räuberische Erpressung auf Straßen, Wegen oder Plätzen § 255 StGB;W;168;45;1;0;1;0;0;0
217050;Sonstige räuberische Erpressung auf Straßen, Wegen oder Plätzen § 255 StGB;X;2,885;969;17;8;7;1;0;1
218000;Raub zur Erlangung von Betäubungsmitteln;M;204;108;0;0;0;0;0;0
218000;Raub zur Erlangung von Betäubungsmitteln;W;7;2;0;0;0;0;0;0
218000;Raub zur Erlangung von Betäubungsmitteln;X;211;110;0;0;0;0;0;0
218010;Raub zur Erlangung von Betäubungsmitteln § 249 StGB;M;65;31;0;0;0;0;0;0
218010;Raub zur Erlangung von Betäubungsmitteln § 249 StGB;W;5;2;0;0;0;0;0;0
218010;Raub zur Erlangung von Betäubungsmitteln § 249 StGB;X;70;33;0;0;0;0;0;0
218020;Schwerer Raub zur Erlangung von Betäubungsmitteln § 250 StGB;M;61;31;0;0;0;0;0;0
218020;Schwerer Raub zur Erlangung von Betäubungsmitteln § 250 StGB;W;1;0;0;0;0;0;0;0
218020;Schwerer Raub zur Erlangung von Betäubungsmitteln § 250 StGB;X;62;31;0;0;0;0;0;0
218030;Raub mit Todesfolge zur Erlangung von Betäubungsmitteln § 251 StGB;M;0;0;0;0;0;0;0;0
218030;Raub mit Todesfolge zur Erlangung von Betäubungsmitteln § 251 StGB;W;0;0;0;0;0;0;0;0
218030;Raub mit Todesfolge zur Erlangung von Betäubungsmitteln § 251 StGB;X;0;0;0;0;0;0;0;0
218050;Räuberische Erpressung zur Erlangung von Betäubungsmitteln § 255 StGB;M;83;48;0;0;0;0;0;0
218050;Räuberische Erpressung zur Erlangung von Betäubungsmitteln § 255 StGB;W;1;0;0;0;0;0;0;0
218050;Räuberische Erpressung zur Erlangung von Betäubungsmitteln § 255 StGB;X;84;48;0;0;0;0;0;0
219000;Raubüberfälle in Wohnungen;M;2,309;1,772;36;24;7;2;1;2
219000;Raubüberfälle in Wohnungen;W;262;210;7;5;1;0;1;0
219000;Raubüberfälle in Wohnungen;X;2,571;1,982;43;29;8;2;2;2
219010;Raub in Wohnungen § 249 StGB;M;920;729;20;13;5;1;0;1
219010;Raub in Wohnungen § 249 StGB;W;122;103;4;3;0;0;1;0
219010;Raub in Wohnungen § 249 StGB;X;1,042;832;24;16;5;1;1;1
219020;Schwerer Raub in Wohnungen § 250 StGB;M;806;583;11;7;2;0;1;1
219020;Schwerer Raub in Wohnungen § 250 StGB;W;74;52;2;1;1;0;0;0
219020;Schwerer Raub in Wohnungen § 250 StGB;X;880;635;13;8;3;0;1;1
219030;Raub mit Todesfolge in Wohnungen § 251 StGB;M;0;0;0;0;0;0;0;0
219030;Raub mit Todesfolge in Wohnungen § 251 StGB;W;0;0;0;0;0;0;0;0
219030;Raub mit Todesfolge in Wohnungen § 251 StGB;X;0;0;0;0;0;0;0;0
219050;Räuberische Erpressung in Wohnungen § 255 StGB;M;619;491;6;5;0;1;0;0
219050;Räuberische Erpressung in Wohnungen § 255 StGB;W;66;55;1;1;0;0;0;0
219050;Räuberische Erpressung in Wohnungen § 255 StGB;X;685;546;7;6;0;1;0;0
220000;Körperverletzung §§ 223-227, 229, 231 StGB;M;366,445;285,916;21,557;8,791;5,276;3,041;2,458;1,991
220000;Körperverletzung §§ 223-227, 229, 231 StGB;W;91,934;73,144;6,794;2,546;1,623;984;887;754
220000;Körperverletzung §§ 223-227, 229, 231 StGB;X;458,379;359,060;28,351;11,337;6,899;4,025;3,345;2,745
221000;Körperverletzung mit Todesfolge §§ 227, 231 StGB;M;64;60;10;0;2;3;3;2
221000;Körperverletzung mit Todesfolge §§ 227, 231 StGB;W;19;19;5;2;2;0;0;1
221000;Körperverletzung mit Todesfolge §§ 227, 231 StGB;X;83;79;15;2;4;3;3;3
221010;Körperverletzung mit Todesfolge § 227 StGB;M;64;60;10;0;2;3;3;2
221010;Körperverletzung mit Todesfolge § 227 StGB;W;19;19;5;2;2;0;0;1
221010;Körperverletzung mit Todesfolge § 227 StGB;X;83;79;15;2;4;3;3;3
221020;Beteiligung an einer Schlägerei mit Todesfolge § 231 StGB;M;0;0;0;0;0;0;0;0
221020;Beteiligung an einer Schlägerei mit Todesfolge § 231 StGB;W;0;0;0;0;0;0;0;0
221020;Beteiligung an einer Schlägerei mit Todesfolge § 231 StGB;X;0;0;0;0;0;0;0;0
222000;Gefährliche und schwere Körperverletzung, Verstümmelung weiblicher Genitalien §§ 224, 226, 226a, 231 StGB;M;118,209;81,033;4,505;1,726;1,081;655;571;472
222000;Gefährliche und schwere Körperverletzung, Verstümmelung weiblicher Genitalien §§ 224, 226, 226a, 231 StGB;W;23,023;16,588;1,403;490;351;192;189;181
222000;Gefährliche und schwere Körperverletzung, Verstümmelung weiblicher Genitalien §§ 224, 226, 226a, 231 StGB;X;141,232;97,621;5,908;2,216;1,432;847;760;653
222010;Sonstige Tatörtlichkeit bei gefährlicher Körperverletzung § 224 StGB;M;63,806;47,476;3,113;1,156;745;430;401;381
222010;Sonstige Tatörtlichkeit bei gefährlicher Körperverletzung § 224 StGB;W;15,286;12,130;1,107;374;276;150;151;156
222010;Sonstige Tatörtlichkeit bei gefährlicher Körperverletzung § 224 StGB;X;79,092;59,606;4,220;1,530;1,021;580;552;537
222020;Sonstige Tatörtlichkeit bei schwerer Körperverletzung § 226 StGB;M;269;226;22;7;8;2;3;2
222020;Sonstige Tatörtlichkeit bei schwerer Körperverletzung § 226 StGB;W;62;58;4;3;0;1;0;0
222020;Sonstige Tatörtlichkeit bei schwerer Körperverletzung § 226 StGB;X;331;284;26;10;8;3;3;2
222030;Sonstige Tatörtlichkeit bei Beteiligung an einer Schlägerei ohne Todesfolge § 231 StGB;M;33;23;0;0;0;0;0;0
222030;Sonstige Tatörtlichkeit bei Beteiligung an einer Schlägerei ohne Todesfolge § 231 StGB;W;14;4;0;0;0;0;0;0
222030;Sonstige Tatörtlichkeit bei Beteiligung an einer Schlägerei ohne Todesfolge § 231 StGB;X;47;27;0;0;0;0;0;0
222040;Verstümmelung weiblicher Genitalien § 226a StGB;M;1;1;0;0;0;0;0;0
222040;Verstümmelung weiblicher Genitalien § 226a StGB;W;0;0;0;0;0;0;0;0
222040;Verstümmelung weiblicher Genitalien § 226a StGB;X;1;1;0;0;0;0;0;0
222100;Gefährliche und schwere Körperverletzung auf Straßen, Wegen oder Plätzen;M;58,372;35,724;1,409;577;340;229;171;92
222100;Gefährliche und schwere Körperverletzung auf Straßen, Wegen oder Plätzen;W;8,118;4,666;304;121;79;41;38;25
222100;Gefährliche und schwere Körperverletzung auf Straßen, Wegen oder Plätzen;X;66,490;40,390;1,713;698;419;270;209;117
222110;Gefährliche Körperverletzung gemäß § 224 StGB auf Straßen, Wegen oder Plätzen;M;58,128;35,573;1,406;575;340;229;171;91
222110;Gefährliche Körperverletzung gemäß § 224 StGB auf Straßen, Wegen oder Plätzen;W;8,098;4,654;304;121;79;41;38;25
222110;Gefährliche Körperverletzung gemäß § 224 StGB auf Straßen, Wegen oder Plätzen;X;66,226;40,227;1,710;696;419;270;209;116
222120;Schwere Körperverletzung auf Straßen, Wegen oder Plätzen § 226 StGB;M;168;98;3;2;0;0;0;1
222120;Schwere Körperverletzung auf Straßen, Wegen oder Plätzen § 226 StGB;W;15;10;0;0;0;0;0;0
222120;Schwere Körperverletzung auf Straßen, Wegen oder Plätzen § 226 StGB;X;183;108;3;2;0;0;0;1
222130;Beteiligung an einer Schlägerei ohne Todesfolge auf Straßen, Wegen oder Plätzen § 231 StGB;M;118;64;0;0;0;0;0;0
222130;Beteiligung an einer Schlägerei ohne Todesfolge auf Straßen, Wegen oder Plätzen § 231 StGB;W;6;3;0;0;0;0;0;0
222130;Beteiligung an einer Schlägerei ohne Todesfolge auf Straßen, Wegen oder Plätzen § 231 StGB;X;124;67;0;0;0;0;0;0
223000;Misshandlung von Schutzbefohlenen § 225 StGB;M;2,551;2,501;122;63;30;14;10;5
223000;Misshandlung von Schutzbefohlenen § 225 StGB;W;2,060;2,005;94;58;23;3;6;4
223000;Misshandlung von Schutzbefohlenen § 225 StGB;X;4,611;4,506;216;121;53;17;16;9
223001;Misshandlung Schutzbefohlener ab 14 Jahren;M;623;614;61;29;10;10;8;4
223001;Misshandlung Schutzbefohlener ab 14 Jahren;W;441;440;46;26;10;2;5;3
223001;Misshandlung Schutzbefohlener ab 14 Jahren;X;1,064;1,054;107;55;20;12;13;7
223100;Misshandlung von Kindern;M;1,957;1,916;62;35;20;4;2;1
223100;Misshandlung von Kindern;W;1,637;1,583;49;33;13;1;1;1
223100;Misshandlung von Kindern;X;3,594;3,499;111;68;33;5;3;2
224000;Vorsätzliche einfache Körperverletzung § 223 StGB;M;257,854;208,183;15,086;6,323;3,688;2,074;1,639;1,362
224000;Vorsätzliche einfache Körperverletzung § 223 StGB;W;63,890;50,935;4,116;1,570;972;598;514;462
224000;Vorsätzliche einfache Körperverletzung § 223 StGB;X;321,744;259,118;19,202;7,893;4,660;2,672;2,153;1,824
225000;Fahrlässige Körperverletzung § 229 StGB;M;12,987;11,613;2,352;896;612;367;287;190
225000;Fahrlässige Körperverletzung § 229 StGB;W;6,946;6,463;1,303;478;310;206;194;115
225000;Fahrlässige Körperverletzung § 229 StGB;X;19,933;18,076;3,655;1,374;922;573;481;305
230000;Straftaten gegen die persönliche Freiheit §§ 232-233a, 234, 235, 236, 237, 238-239b, 240, 241, 316c StGB;M;135,650;117,251;12,317;5,119;3,161;1,821;1,360;856
230000;Straftaten gegen die persönliche Freiheit §§ 232-233a, 234, 235, 236, 237, 238-239b, 240, 241, 316c StGB;W;24,644;20,689;2,254;922;604;316;235;177
230000;Straftaten gegen die persönliche Freiheit §§ 232-233a, 234, 235, 236, 237, 238-239b, 240, 241, 316c StGB;X;160,294;137,940;14,571;6,041;3,765;2,137;1,595;1,033
231000;Menschenraub, Entziehung Minderjähriger, Kinderhandel §§ 234, 235, 236 StGB;M;811;768;35;14;12;5;3;1
231000;Menschenraub, Entziehung Minderjähriger, Kinderhandel §§ 234, 235, 236 StGB;W;902;876;25;11;8;2;3;1
231000;Menschenraub, Entziehung Minderjähriger, Kinderhandel §§ 234, 235, 236 StGB;X;1,713;1,644;60;25;20;7;6;2
231100;Menschenraub § 234 StGB;M;0;0;0;0;0;0;0;0
231100;Menschenraub § 234 StGB;W;0;0;0;0;0;0;0;0
231100;Menschenraub § 234 StGB;X;0;0;0;0;0;0;0;0
231200;Entziehung Minderjähriger § 235 StGB;M;801;760;34;14;12;5;2;1
231200;Entziehung Minderjähriger § 235 StGB;W;896;870;25;11;8;2;3;1
231200;Entziehung Minderjähriger § 235 StGB;X;1,697;1,630;59;25;20;7;5;2
231210;Entziehung Minderjähriger gegen Entgelt oder in Bereicherungsabsicht § 235 Abs. 4 Nr. 2 StGB;M;9;9;1;0;1;0;0;0
231210;Entziehung Minderjähriger gegen Entgelt oder in Bereicherungsabsicht § 235 Abs. 4 Nr. 2 StGB;W;14;14;1;0;1;0;0;0
231210;Entziehung Minderjähriger gegen Entgelt oder in Bereicherungsabsicht § 235 Abs. 4 Nr. 2 StGB;X;23;23;2;0;2;0;0;0
231279;Sonstige Entziehung Minderjähriger § 235 StGB;M;792;751;33;14;11;5;2;1
231279;Sonstige Entziehung Minderjähriger § 235 StGB;W;882;856;24;11;7;2;3;1
231279;Sonstige Entziehung Minderjähriger § 235 StGB;X;1,674;1,607;57;25;18;7;5;2
231300;Kinderhandel § 236 StGB;M;10;8;1;0;0;0;1;0
231300;Kinderhandel § 236 StGB;W;6;6;0;0;0;0;0;0
231300;Kinderhandel § 236 StGB;X;16;14;1;0;0;0;1;0
232000;Zwangsheirat, Nachstellung (Stalking), Freiheitsberaubung, Nötigung, Bedrohung §§ 237, 238, 239, 240, 241 StGB;M;134,445;116,142;12,257;5,091;3,145;1,811;1,355;855
232000;Zwangsheirat, Nachstellung (Stalking), Freiheitsberaubung, Nötigung, Bedrohung §§ 237, 238, 239, 240, 241 StGB;W;23,637;19,720;2,224;909;596;313;230;176
232000;Zwangsheirat, Nachstellung (Stalking), Freiheitsberaubung, Nötigung, Bedrohung §§ 237, 238, 239, 240, 241 StGB;X;158,082;135,862;14,481;6,000;3,741;2,124;1,585;1,031
232100;Freiheitsberaubung § 239 StGB;M;3,775;3,321;283;108;80;30;35;30
232100;Freiheitsberaubung § 239 StGB;W;991;898;120;59;27;11;14;9
232100;Freiheitsberaubung § 239 StGB;X;4,766;4,219;403;167;107;41;49;39
232200;Nötigung § 240 StGB;M;48,214;42,783;5,812;2,454;1,488;881;641;348
232200;Nötigung § 240 StGB;W;8,679;7,559;999;426;242;153;100;78
232200;Nötigung § 240 StGB;X;56,893;50,342;6,811;2,880;1,730;1,034;741;426
232201;Nötigung im Straßenverkehr § 240 Abs. 1 StGB;M;21,595;20,490;3,038;1,308;777;437;324;192
232201;Nötigung im Straßenverkehr § 240 Abs. 1 StGB;W;2,984;2,812;350;139;88;60;41;22
232201;Nötigung im Straßenverkehr § 240 Abs. 1 StGB;X;24,579;23,302;3,388;1,447;865;497;365;214
232279;Sonstige Nötigung § 240 Abs. 1 und 4 StGB;M;26,871;22,520;2,801;1,161;716;447;321;156
232279;Sonstige Nötigung § 240 Abs. 1 und 4 StGB;W;5,719;4,770;652;289;155;93;59;56
232279;Sonstige Nötigung § 240 Abs. 1 und 4 StGB;X;32,590;27,290;3,453;1,450;871;540;380;212
232300;Bedrohung § 241 StGB;M;76,075;63,561;5,321;2,226;1,358;754;568;415
232300;Bedrohung § 241 StGB;W;11,620;9,128;815;322;237;95;95;66
232300;Bedrohung § 241 StGB;X;87,695;72,689;6,136;2,548;1,595;849;663;481
232400;Nachstellung (Stalking) § 238 StGB;M;12,986;12,141;1,153;464;289;190;136;74
232400;Nachstellung (Stalking) § 238 StGB;W;2,918;2,605;329;117;105;58;24;25
232400;Nachstellung (Stalking) § 238 StGB;X;15,904;14,746;1,482;581;394;248;160;99
232410;Nachstellung (Stalking) § 238, Abs. 1 StGB;M;12,860;12,026;1,144;459;287;190;134;74
232410;Nachstellung (Stalking) § 238, Abs. 1 StGB;W;2,890;2,579;327;115;105;58;24;25
232410;Nachstellung (Stalking) § 238, Abs. 1 StGB;X;15,750;14,605;1,471;574;392;248;158;99
232420;Nachstellung (Stalking) § 238, Abs. 2 StGB;M;141;129;10;5;2;0;2;1
232420;Nachstellung (Stalking) § 238, Abs. 2 StGB;W;25;23;2;2;0;0;0;0
232420;Nachstellung (Stalking) § 238, Abs. 2 StGB;X;166;152;12;7;2;0;2;1
232430;Nachstellung (Stalking) § 238, Abs. 3 StGB;M;11;10;1;0;0;0;1;0
232430;Nachstellung (Stalking) § 238, Abs. 3 StGB;W;4;4;0;0;0;0;0;0
232430;Nachstellung (Stalking) § 238, Abs. 3 StGB;X;15;14;1;0;0;0;1;0
232500;Zwangsheirat § 237 StGB;M;86;81;4;3;1;0;0;0
232500;Zwangsheirat § 237 StGB;W;37;37;0;0;0;0;0;0
232500;Zwangsheirat § 237 StGB;X;123;118;4;3;1;0;0;0
233000;Erpresserischer Menschenraub § 239a StGB;M;131;108;2;2;0;0;0;0
233000;Erpresserischer Menschenraub § 239a StGB;W;19;17;0;0;0;0;0;0
233000;Erpresserischer Menschenraub § 239a StGB;X;150;125;2;2;0;0;0;0
233079;Sonstiger erpresserischer Menschenraub;M;131;108;2;2;0;0;0;0
233079;Sonstiger erpresserischer Menschenraub;W;19;17;0;0;0;0;0;0
233079;Sonstiger erpresserischer Menschenraub;X;150;125;2;2;0;0;0;0
233100;Erpresserischer Menschenraub i.V.m. Raubüberfall auf Geldinstitute, Postfilialen und -agenturen;M;0;0;0;0;0;0;0;0
233100;Erpresserischer Menschenraub i.V.m. Raubüberfall auf Geldinstitute, Postfilialen und -agenturen;W;0;0;0;0;0;0;0;0
233100;Erpresserischer Menschenraub i.V.m. Raubüberfall auf Geldinstitute, Postfilialen und -agenturen;X;0;0;0;0;0;0;0;0
233200;Erpresserischer Menschenraub i.V.m. Raubüberfall auf sonstige Zahlstellen und Geschäfte;M;0;0;0;0;0;0;0;0
233200;Erpresserischer Menschenraub i.V.m. Raubüberfall auf sonstige Zahlstellen und Geschäfte;W;0;0;0;0;0;0;0;0
233200;Erpresserischer Menschenraub i.V.m. Raubüberfall auf sonstige Zahlstellen und Geschäfte;X;0;0;0;0;0;0;0;0
233300;Erpresserischer Menschenraub i.V.m. Raubüberfall auf Geld- und Werttransporte;M;0;0;0;0;0;0;0;0
233300;Erpresserischer Menschenraub i.V.m. Raubüberfall auf Geld- und Werttransporte;W;0;0;0;0;0;0;0;0
233300;Erpresserischer Menschenraub i.V.m. Raubüberfall auf Geld- und Werttransporte;X;0;0;0;0;0;0;0;0
234000;Geiselnahme § 239b StGB;M;44;32;3;2;1;0;0;0
234000;Geiselnahme § 239b StGB;W;2;1;0;0;0;0;0;0
234000;Geiselnahme § 239b StGB;X;46;33;3;2;1;0;0;0
234079;Sonstige Geiselnahme;M;44;32;3;2;1;0;0;0
234079;Sonstige Geiselnahme;W;2;1;0;0;0;0;0;0
234079;Sonstige Geiselnahme;X;46;33;3;2;1;0;0;0
234100;Geiselnahme i.V.m. Raubüberfall auf Geldinstitute, Postfilialen und -agenturen;M;0;0;0;0;0;0;0;0
234100;Geiselnahme i.V.m. Raubüberfall auf Geldinstitute, Postfilialen und -agenturen;W;0;0;0;0;0;0;0;0
234100;Geiselnahme i.V.m. Raubüberfall auf Geldinstitute, Postfilialen und -agenturen;X;0;0;0;0;0;0;0;0
234200;Geiselnahme i.V.m. Raubüberfall auf sonstige Zahlstellen und Geschäfte;M;0;0;0;0;0;0;0;0
234200;Geiselnahme i.V.m. Raubüberfall auf sonstige Zahlstellen und Geschäfte;W;0;0;0;0;0;0;0;0
234200;Geiselnahme i.V.m. Raubüberfall auf sonstige Zahlstellen und Geschäfte;X;0;0;0;0;0;0;0;0
234300;Geiselnahme i.V.m. Raubüberfall auf Geld- und Werttransporte;M;0;0;0;0;0;0;0;0
234300;Geiselnahme i.V.m. Raubüberfall auf Geld- und Werttransporte;W;0;0;0;0;0;0;0;0
234300;Geiselnahme i.V.m. Raubüberfall auf Geld- und Werttransporte;X;0;0;0;0;0;0;0;0
235000;Angriff auf den Luft- und Seeverkehr § 316c StGB;M;0;0;0;0;0;0;0;0
235000;Angriff auf den Luft- und Seeverkehr § 316c StGB;W;0;0;0;0;0;0;0;0
235000;Angriff auf den Luft- und Seeverkehr § 316c StGB;X;0;0;0;0;0;0;0;0
239000;Menschenhandel, Zwangsprostitution, Zwangsarbeit, Ausbeutung der Arbeitskraft und Ausbeutung unter Ausnutzung einer Freiheitsberaubung §§ 232, 232a, 232b, 233, 233a StGB;M;396;360;23;13;3;5;2;0
239000;Menschenhandel, Zwangsprostitution, Zwangsarbeit, Ausbeutung der Arbeitskraft und Ausbeutung unter Ausnutzung einer Freiheitsberaubung §§ 232, 232a, 232b, 233, 233a StGB;W;122;110;5;2;0;1;2;0
239000;Menschenhandel, Zwangsprostitution, Zwangsarbeit, Ausbeutung der Arbeitskraft und Ausbeutung unter Ausnutzung einer Freiheitsberaubung §§ 232, 232a, 232b, 233, 233a StGB;X;518;470;28;15;3;6;4;0
239100;Menschenhandel § 232 StGB;M;187;174;8;3;2;2;1;0
239100;Menschenhandel § 232 StGB;W;72;67;4;2;0;1;1;0
239100;Menschenhandel § 232 StGB;X;259;241;12;5;2;3;2;0
239110;Handel zum Zweck der Ausbeutung bei Ausübung der Prostitution, der Vornahme sexueller Handlungen § 232 Abs. 1, Nr. 1a, Abs. 2 in Bezug auf Abs. 1 Nr. 1a, Abs. 3 Nr. 1 bis 3 in Bezug auf Abs. 1, Nr. 1a, Abs. 4 in Bezug auf Abs. 1 Nr. 1a StGB;M;153;144;4;2;0;2;0;0
239110;Handel zum Zweck der Ausbeutung bei Ausübung der Prostitution, der Vornahme sexueller Handlungen § 232 Abs. 1, Nr. 1a, Abs. 2 in Bezug auf Abs. 1 Nr. 1a, Abs. 3 Nr. 1 bis 3 in Bezug auf Abs. 1, Nr. 1a, Abs. 4 in Bezug auf Abs. 1 Nr. 1a StGB;W;64;59;3;1;0;1;1;0
239110;Handel zum Zweck der Ausbeutung bei Ausübung der Prostitution, der Vornahme sexueller Handlungen § 232 Abs. 1, Nr. 1a, Abs. 2 in Bezug auf Abs. 1 Nr. 1a, Abs. 3 Nr. 1 bis 3 in Bezug auf Abs. 1, Nr. 1a, Abs. 4 in Bezug auf Abs. 1 Nr. 1a StGB;X;217;203;7;3;0;3;1;0
239120;Handel zum Zweck der Ausbeutung durch eine Beschäftigung § 232 StGB Abs. 1, Nr. 1 b), Abs. 2 in Bezug auf Abs. 1 Nr. 1b), Abs. 3 Nr. 1 bis 3 in Bezug auf Abs. 1, Nr. 1b), Abs. 4 in Bezug auf Abs. 1 Nr. 1b) StGB;M;13;13;3;1;2;0;0;0
239120;Handel zum Zweck der Ausbeutung durch eine Beschäftigung § 232 StGB Abs. 1, Nr. 1 b), Abs. 2 in Bezug auf Abs. 1 Nr. 1b), Abs. 3 Nr. 1 bis 3 in Bezug auf Abs. 1, Nr. 1b), Abs. 4 in Bezug auf Abs. 1 Nr. 1b) StGB;W;4;4;1;1;0;0;0;0
239120;Handel zum Zweck der Ausbeutung durch eine Beschäftigung § 232 StGB Abs. 1, Nr. 1 b), Abs. 2 in Bezug auf Abs. 1 Nr. 1b), Abs. 3 Nr. 1 bis 3 in Bezug auf Abs. 1, Nr. 1b), Abs. 4 in Bezug auf Abs. 1 Nr. 1b) StGB;X;17;17;4;2;2;0;0;0
239130;Handel zum Zweck der Ausbeutung bei der Ausübung der Bettelei § 232 Abs. 1, Nr. 1 c), Abs. 2 in Bezug auf Abs. 1, Nr. 1 c), Abs. 3 Nr. 1 bis 3 in Bezug auf Abs. 1, Nr. 1c), Abs. 4 in Bezug auf Abs. 1, Nr. 1c) StGB;M;3;3;0;0;0;0;0;0
239130;Handel zum Zweck der Ausbeutung bei der Ausübung der Bettelei § 232 Abs. 1, Nr. 1 c), Abs. 2 in Bezug auf Abs. 1, Nr. 1 c), Abs. 3 Nr. 1 bis 3 in Bezug auf Abs. 1, Nr. 1c), Abs. 4 in Bezug auf Abs. 1, Nr. 1c) StGB;W;1;1;0;0;0;0;0;0
239130;Handel zum Zweck der Ausbeutung bei der Ausübung der Bettelei § 232 Abs. 1, Nr. 1 c), Abs. 2 in Bezug auf Abs. 1, Nr. 1 c), Abs. 3 Nr. 1 bis 3 in Bezug auf Abs. 1, Nr. 1c), Abs. 4 in Bezug auf Abs. 1, Nr. 1c) StGB;X;4;4;0;0;0;0;0;0
239140;Handel zum Zweck der Ausbeutung bei der Begehung von mit Strafe bedrohten Handlungen § 232 StGB Abs. 1, Nr. 1d), Abs. 2 in Bezug auf Abs. 1 Nr. 1d), Abs. 3 Nr. 1 bis 3 in Bezug auf Abs. 1, Nr. 1d), Abs. 4 in Bezug auf Abs. 1 Nr. 1d) StGB;M;15;13;1;0;0;0;1;0
239140;Handel zum Zweck der Ausbeutung bei der Begehung von mit Strafe bedrohten Handlungen § 232 StGB Abs. 1, Nr. 1d), Abs. 2 in Bezug auf Abs. 1 Nr. 1d), Abs. 3 Nr. 1 bis 3 in Bezug auf Abs. 1, Nr. 1d), Abs. 4 in Bezug auf Abs. 1 Nr. 1d) StGB;W;2;2;0;0;0;0;0;0
239140;Handel zum Zweck der Ausbeutung bei der Begehung von mit Strafe bedrohten Handlungen § 232 StGB Abs. 1, Nr. 1d), Abs. 2 in Bezug auf Abs. 1 Nr. 1d), Abs. 3 Nr. 1 bis 3 in Bezug auf Abs. 1, Nr. 1d), Abs. 4 in Bezug auf Abs. 1 Nr. 1d) StGB;X;17;15;1;0;0;0;1;0
239150;Handel zum Zweck des Haltens einer Person in Sklaverei, Leibeigenschaft, Schuldknechtschaft o.ä. § 232 Abs. 1, Nr. 2, Abs. 2 in Bezug auf Abs. 1 Nr. 2, Abs. 3 Nr. 1 bis 3 in Bezug auf Abs. 1, Nr. 2, Abs. 4 in Bezug auf Abs. 1, Nr. 2 StGB;M;3;1;0;0;0;0;0;0
239150;Handel zum Zweck des Haltens einer Person in Sklaverei, Leibeigenschaft, Schuldknechtschaft o.ä. § 232 Abs. 1, Nr. 2, Abs. 2 in Bezug auf Abs. 1 Nr. 2, Abs. 3 Nr. 1 bis 3 in Bezug auf Abs. 1, Nr. 2, Abs. 4 in Bezug auf Abs. 1, Nr. 2 StGB;W;1;1;0;0;0;0;0;0
239150;Handel zum Zweck des Haltens einer Person in Sklaverei, Leibeigenschaft, Schuldknechtschaft o.ä. § 232 Abs. 1, Nr. 2, Abs. 2 in Bezug auf Abs. 1 Nr. 2, Abs. 3 Nr. 1 bis 3 in Bezug auf Abs. 1, Nr. 2, Abs. 4 in Bezug auf Abs. 1, Nr. 2 StGB;X;4;2;0;0;0;0;0;0
239160;Handel zum Zweck der rechtswidrigen Organentnahme § 232 Abs. 1, Nr. 3, Abs. 2 in Bezug auf Abs. 1, Nr. 3, Abs. 3 Nr. 1 bis 3 in Bezug auf Abs. 1, Nr. 3, Abs. 4 in Bezug auf Abs. 1, Nr. 3 StGB;M;0;0;0;0;0;0;0;0
239160;Handel zum Zweck der rechtswidrigen Organentnahme § 232 Abs. 1, Nr. 3, Abs. 2 in Bezug auf Abs. 1, Nr. 3, Abs. 3 Nr. 1 bis 3 in Bezug auf Abs. 1, Nr. 3, Abs. 4 in Bezug auf Abs. 1, Nr. 3 StGB;W;0;0;0;0;0;0;0;0
239160;Handel zum Zweck der rechtswidrigen Organentnahme § 232 Abs. 1, Nr. 3, Abs. 2 in Bezug auf Abs. 1, Nr. 3, Abs. 3 Nr. 1 bis 3 in Bezug auf Abs. 1, Nr. 3, Abs. 4 in Bezug auf Abs. 1, Nr. 3 StGB;X;0;0;0;0;0;0;0;0
239200;Zwangsprostitution § 232a StGB;M;192;170;12;8;1;2;1;0
239200;Zwangsprostitution § 232a StGB;W;45;39;1;0;0;0;1;0
239200;Zwangsprostitution § 232a StGB;X;237;209;13;8;1;2;2;0
239210;Veranlassen zur Aufnahme oder Fortsetzung der Prostitution oder zu sexuellen Handlungen, durch die eine Person ausgebeutet wird § 232a Abs. 1 bis 5 StGB;M;179;157;6;6;0;0;0;0
239210;Veranlassen zur Aufnahme oder Fortsetzung der Prostitution oder zu sexuellen Handlungen, durch die eine Person ausgebeutet wird § 232a Abs. 1 bis 5 StGB;W;45;39;1;0;0;0;1;0
239210;Veranlassen zur Aufnahme oder Fortsetzung der Prostitution oder zu sexuellen Handlungen, durch die eine Person ausgebeutet wird § 232a Abs. 1 bis 5 StGB;X;224;196;7;6;0;0;1;0
239220;Entgeltliche Inanspruchnahme sexueller Handlungen eines Menschenhandelsopfers unter Ausnutzung der Zwangslage oder Hilflosigkeit § 232a Abs. 6 StGB;M;13;13;6;2;1;2;1;0
239220;Entgeltliche Inanspruchnahme sexueller Handlungen eines Menschenhandelsopfers unter Ausnutzung der Zwangslage oder Hilflosigkeit § 232a Abs. 6 StGB;W;0;0;0;0;0;0;0;0
239220;Entgeltliche Inanspruchnahme sexueller Handlungen eines Menschenhandelsopfers unter Ausnutzung der Zwangslage oder Hilflosigkeit § 232a Abs. 6 StGB;X;13;13;6;2;1;2;1;0
239300;Zwangsarbeit § 232b StGB;M;7;6;0;0;0;0;0;0
239300;Zwangsarbeit § 232b StGB;W;0;0;0;0;0;0;0;0
239300;Zwangsarbeit § 232b StGB;X;7;6;0;0;0;0;0;0
239310;Veranlassen zur Aufnahme einer ausbeuterischen Beschäftigung § 232b Abs. 1, Nr. 1, Abs. 2 in Bezug auf Abs. 1, Nr. 1, Abs. 3 Nr. 1, Abs. 4 Nr. 1 StGB;M;7;6;0;0;0;0;0;0
239310;Veranlassen zur Aufnahme einer ausbeuterischen Beschäftigung § 232b Abs. 1, Nr. 1, Abs. 2 in Bezug auf Abs. 1, Nr. 1, Abs. 3 Nr. 1, Abs. 4 Nr. 1 StGB;W;0;0;0;0;0;0;0;0
239310;Veranlassen zur Aufnahme einer ausbeuterischen Beschäftigung § 232b Abs. 1, Nr. 1, Abs. 2 in Bezug auf Abs. 1, Nr. 1, Abs. 3 Nr. 1, Abs. 4 Nr. 1 StGB;X;7;6;0;0;0;0;0;0
239320;Veranlassen sich in Sklaverei, Leibeigenschaft, Schuldknechtschaft o.ä. zu begeben § 232b Abs. 1, Nr. 2, Abs. 2 in Bezug auf Abs. 1, Nr. 2, Abs. 3 Nr. 2, Abs. 4 Nr. 2 StGB;M;0;0;0;0;0;0;0;0
239320;Veranlassen sich in Sklaverei, Leibeigenschaft, Schuldknechtschaft o.ä. zu begeben § 232b Abs. 1, Nr. 2, Abs. 2 in Bezug auf Abs. 1, Nr. 2, Abs. 3 Nr. 2, Abs. 4 Nr. 2 StGB;W;0;0;0;0;0;0;0;0
239320;Veranlassen sich in Sklaverei, Leibeigenschaft, Schuldknechtschaft o.ä. zu begeben § 232b Abs. 1, Nr. 2, Abs. 2 in Bezug auf Abs. 1, Nr. 2, Abs. 3 Nr. 2, Abs. 4 Nr. 2 StGB;X;0;0;0;0;0;0;0;0
239330;Veranlassen zur Aufnahme oder Fortsetzung der Bettelei, durch die die Person ausgebeutet wird § 232b Abs. 1, Nr. 3, Abs. 2 in Bezug auf Abs. 1, Nr. 3, Abs. 3 Nr. 3, Abs. 4 Nr. 3 StGB;M;0;0;0;0;0;0;0;0
239330;Veranlassen zur Aufnahme oder Fortsetzung der Bettelei, durch die die Person ausgebeutet wird § 232b Abs. 1, Nr. 3, Abs. 2 in Bezug auf Abs. 1, Nr. 3, Abs. 3 Nr. 3, Abs. 4 Nr. 3 StGB;W;0;0;0;0;0;0;0;0
239330;Veranlassen zur Aufnahme oder Fortsetzung der Bettelei, durch die die Person ausgebeutet wird § 232b Abs. 1, Nr. 3, Abs. 2 in Bezug auf Abs. 1, Nr. 3, Abs. 3 Nr. 3, Abs. 4 Nr. 3 StGB;X;0;0;0;0;0;0;0;0
239400;Ausbeutung der Arbeitskraft § 233 StGB;M;10;10;2;1;0;1;0;0
239400;Ausbeutung der Arbeitskraft § 233 StGB;W;4;4;0;0;0;0;0;0
239400;Ausbeutung der Arbeitskraft § 233 StGB;X;14;14;2;1;0;1;0;0
239410;Ausbeutung durch eine Beschäftigung § 233 Abs. 1, Nr. 1, Abs. 2 in Fällen von Abs. 1 Nr. 1, Abs. 3 in Fällen von Abs. 1 Nr. 1, Abs. 4 in Bezug auf Abs. 1, Nr. 1, Abs. 5 in Bezug auf Abs. 1 Nr. 1 StGB;M;10;10;2;1;0;1;0;0
239410;Ausbeutung durch eine Beschäftigung § 233 Abs. 1, Nr. 1, Abs. 2 in Fällen von Abs. 1 Nr. 1, Abs. 3 in Fällen von Abs. 1 Nr. 1, Abs. 4 in Bezug auf Abs. 1, Nr. 1, Abs. 5 in Bezug auf Abs. 1 Nr. 1 StGB;W;4;4;0;0;0;0;0;0
239410;Ausbeutung durch eine Beschäftigung § 233 Abs. 1, Nr. 1, Abs. 2 in Fällen von Abs. 1 Nr. 1, Abs. 3 in Fällen von Abs. 1 Nr. 1, Abs. 4 in Bezug auf Abs. 1, Nr. 1, Abs. 5 in Bezug auf Abs. 1 Nr. 1 StGB;X;14;14;2;1;0;1;0;0
239420;Ausbeutung bei der Ausübung der Bettelei § 233 Abs. 1, Nr. 2, Abs. 2 in Fällen von Abs. 1 Nr. 2, Abs. 3 in Fällen von Abs. 1 Nr. 2, Abs. 4 in Bezug auf Abs. 1, Nr. 2 StGB;M;0;0;0;0;0;0;0;0
239420;Ausbeutung bei der Ausübung der Bettelei § 233 Abs. 1, Nr. 2, Abs. 2 in Fällen von Abs. 1 Nr. 2, Abs. 3 in Fällen von Abs. 1 Nr. 2, Abs. 4 in Bezug auf Abs. 1, Nr. 2 StGB;W;0;0;0;0;0;0;0;0
239420;Ausbeutung bei der Ausübung der Bettelei § 233 Abs. 1, Nr. 2, Abs. 2 in Fällen von Abs. 1 Nr. 2, Abs. 3 in Fällen von Abs. 1 Nr. 2, Abs. 4 in Bezug auf Abs. 1, Nr. 2 StGB;X;0;0;0;0;0;0;0;0
239430;Ausbeutung bei der Begehung von mit Strafe bedrohten Handlungen § 233 Abs. 1, Nr. 3, Abs. 2 in Fällen von Abs. 1 Nr. 3, Abs. 3 in Fällen von Abs. 1 Nr. 3, Abs. 4 in Bezug auf Abs. 1, Nr. 3 StGB;M;0;0;0;0;0;0;0;0
239430;Ausbeutung bei der Begehung von mit Strafe bedrohten Handlungen § 233 Abs. 1, Nr. 3, Abs. 2 in Fällen von Abs. 1 Nr. 3, Abs. 3 in Fällen von Abs. 1 Nr. 3, Abs. 4 in Bezug auf Abs. 1, Nr. 3 StGB;W;0;0;0;0;0;0;0;0
239430;Ausbeutung bei der Begehung von mit Strafe bedrohten Handlungen § 233 Abs. 1, Nr. 3, Abs. 2 in Fällen von Abs. 1 Nr. 3, Abs. 3 in Fällen von Abs. 1 Nr. 3, Abs. 4 in Bezug auf Abs. 1, Nr. 3 StGB;X;0;0;0;0;0;0;0;0
239500;Ausbeutung unter Ausnutzung einer Freiheitsberaubung § 233a StGB;M;9;9;1;1;0;0;0;0
239500;Ausbeutung unter Ausnutzung einer Freiheitsberaubung § 233a StGB;W;3;2;0;0;0;0;0;0
239500;Ausbeutung unter Ausnutzung einer Freiheitsberaubung § 233a StGB;X;12;11;1;1;0;0;0;0
239510;Ausbeutung bei Ausübung der Prostitution § 233a Abs. 1, Nr. 1, Abs. 2 in Bezug auf Abs. 1 Nr. 1, Abs. 3 in Bezug auf Abs. 1 Nr. 1, Abs. 4 in Bezug auf Abs. 1 Nr. 1 StGB;M;6;6;0;0;0;0;0;0
239510;Ausbeutung bei Ausübung der Prostitution § 233a Abs. 1, Nr. 1, Abs. 2 in Bezug auf Abs. 1 Nr. 1, Abs. 3 in Bezug auf Abs. 1 Nr. 1, Abs. 4 in Bezug auf Abs. 1 Nr. 1 StGB;W;2;1;0;0;0;0;0;0
239510;Ausbeutung bei Ausübung der Prostitution § 233a Abs. 1, Nr. 1, Abs. 2 in Bezug auf Abs. 1 Nr. 1, Abs. 3 in Bezug auf Abs. 1 Nr. 1, Abs. 4 in Bezug auf Abs. 1 Nr. 1 StGB;X;8;7;0;0;0;0;0;0
239520;Ausbeutung durch eine Beschäftigung nach § 232 Abs. 1 Satz 2 StGB (gem. § 233a Abs. 1, Nr. 2, Abs. 2 in Bezug auf Abs. 1 Nr. 2, Abs. 3 in Bezug auf Abs. 1 Nr. 2, Abs. 4 in Bezug auf Abs. 1 Nr. 2 StGB);M;3;3;1;1;0;0;0;0
239520;Ausbeutung durch eine Beschäftigung nach § 232 Abs. 1 Satz 2 StGB (gem. § 233a Abs. 1, Nr. 2, Abs. 2 in Bezug auf Abs. 1 Nr. 2, Abs. 3 in Bezug auf Abs. 1 Nr. 2, Abs. 4 in Bezug auf Abs. 1 Nr. 2 StGB);W;1;1;0;0;0;0;0;0
239520;Ausbeutung durch eine Beschäftigung nach § 232 Abs. 1 Satz 2 StGB (gem. § 233a Abs. 1, Nr. 2, Abs. 2 in Bezug auf Abs. 1 Nr. 2, Abs. 3 in Bezug auf Abs. 1 Nr. 2, Abs. 4 in Bezug auf Abs. 1 Nr. 2 StGB);X;4;4;1;1;0;0;0;0
239530;Ausbeutung bei der Ausübung der Bettelei § 233a Abs. 1, Nr. 3, Abs. 2 in Bezug auf Abs. 1 Nr. 3, Abs. 3 in Bezug auf Abs. 1 Nr. 3, Abs. 4 in Bezug auf Abs. 1 Nr. 3 StGB;M;0;0;0;0;0;0;0;0
239530;Ausbeutung bei der Ausübung der Bettelei § 233a Abs. 1, Nr. 3, Abs. 2 in Bezug auf Abs. 1 Nr. 3, Abs. 3 in Bezug auf Abs. 1 Nr. 3, Abs. 4 in Bezug auf Abs. 1 Nr. 3 StGB;W;0;0;0;0;0;0;0;0
239530;Ausbeutung bei der Ausübung der Bettelei § 233a Abs. 1, Nr. 3, Abs. 2 in Bezug auf Abs. 1 Nr. 3, Abs. 3 in Bezug auf Abs. 1 Nr. 3, Abs. 4 in Bezug auf Abs. 1 Nr. 3 StGB;X;0;0;0;0;0;0;0;0
239540;Ausbeutung bei der Begehung von mit Strafe bedrohten Handlungen § 233a Abs. 1, Nr. 4, Abs. 2 in Bezug auf Abs. 1 Nr. 4, Abs. 3 in Bezug auf Abs. 1 Nr. 4, Abs. 4 in Bezug auf Abs. 1 Nr. 4 StGB;M;0;0;0;0;0;0;0;0
239540;Ausbeutung bei der Begehung von mit Strafe bedrohten Handlungen § 233a Abs. 1, Nr. 4, Abs. 2 in Bezug auf Abs. 1 Nr. 4, Abs. 3 in Bezug auf Abs. 1 Nr. 4, Abs. 4 in Bezug auf Abs. 1 Nr. 4 StGB;W;0;0;0;0;0;0;0;0
239540;Ausbeutung bei der Begehung von mit Strafe bedrohten Handlungen § 233a Abs. 1, Nr. 4, Abs. 2 in Bezug auf Abs. 1 Nr. 4, Abs. 3 in Bezug auf Abs. 1 Nr. 4, Abs. 4 in Bezug auf Abs. 1 Nr. 4 StGB;X;0;0;0;0;0;0;0;0
3***00;Diebstahl ohne erschwerende Umstände §§ 242, 247, 248a-c StGB und zwar:;M;217,697;151,362;16,440;5,448;3,945;2,716;2,443;1,888
3***00;Diebstahl ohne erschwerende Umstände §§ 242, 247, 248a-c StGB und zwar:;W;106,777;68,822;12,934;3,645;2,967;2,154;2,150;2,018
3***00;Diebstahl ohne erschwerende Umstände §§ 242, 247, 248a-c StGB und zwar:;X;324,474;220,184;29,374;9,093;6,912;4,870;4,593;3,906
3.00E+100;Einfacher Diebstahl von Kraftwagen einschl. unbefugte Ingebrauchnahme;M;4,297;3,064;93;57;20;10;4;2
3.00E+100;Einfacher Diebstahl von Kraftwagen einschl. unbefugte Ingebrauchnahme;W;493;372;15;5;3;3;3;1
3.00E+100;Einfacher Diebstahl von Kraftwagen einschl. unbefugte Ingebrauchnahme;X;4,790;3,436;108;62;23;13;7;3
3.00E+200;Einfacher Diebstahl von Mopeds und Krafträdern einschl. unbefugte Ingebrauchnahme;M;1,458;525;12;4;3;4;1;0
3.00E+200;Einfacher Diebstahl von Mopeds und Krafträdern einschl. unbefugte Ingebrauchnahme;W;58;33;0;0;0;0;0;0
3.00E+200;Einfacher Diebstahl von Mopeds und Krafträdern einschl. unbefugte Ingebrauchnahme;X;1,516;558;12;4;3;4;1;0
3.00E+300;Einfacher Diebstahl von Fahrrädern einschl. unbefugte Ingebrauchnahme;M;9,538;5,196;199;97;44;22;23;13
3.00E+300;Einfacher Diebstahl von Fahrrädern einschl. unbefugte Ingebrauchnahme;W;947;538;28;10;9;3;3;3
3.00E+300;Einfacher Diebstahl von Fahrrädern einschl. unbefugte Ingebrauchnahme;X;10,485;5,734;227;107;53;25;26;16
3**400;Einfacher Diebstahl von Schusswaffen;M;95;57;3;0;2;1;0;0
3**400;Einfacher Diebstahl von Schusswaffen;W;30;17;2;1;0;1;0;0
3**400;Einfacher Diebstahl von Schusswaffen;X;125;74;5;1;2;2;0;0
3**500;Einfacher Diebstahl von unbaren Zahlungsmitteln;M;4,481;3,481;126;66;33;19;4;4
3**500;Einfacher Diebstahl von unbaren Zahlungsmitteln;W;1,709;1,351;111;46;29;24;8;4
3**500;Einfacher Diebstahl von unbaren Zahlungsmitteln;X;6,190;4,832;237;112;62;43;12;8
3**700;Einfacher Diebstahl von/aus Automaten;M;393;270;39;9;9;11;5;5
3**700;Einfacher Diebstahl von/aus Automaten;W;139;121;24;9;6;4;2;3
3**700;Einfacher Diebstahl von/aus Automaten;X;532;391;63;18;15;15;7;8
3**800;Einfacher Diebstahl von Antiquitäten, Kunst- und sakralen Gegenständen;M;125;104;16;5;4;2;5;0
3**800;Einfacher Diebstahl von Antiquitäten, Kunst- und sakralen Gegenständen;W;44;43;10;6;1;0;3;0
3**800;Einfacher Diebstahl von Antiquitäten, Kunst- und sakralen Gegenständen;X;169;147;26;11;5;2;8;0
300000;Sonstiger einfacher Diebstahl §§ 242, 247, 248a-c StGB;M;47,242;33,756;3,149;1,290;814;482;323;240
300000;Sonstiger einfacher Diebstahl §§ 242, 247, 248a-c StGB;W;13,858;10,355;1,268;479;314;216;156;103
300000;Sonstiger einfacher Diebstahl §§ 242, 247, 248a-c StGB;X;61,100;44,111;4,417;1,769;1,128;698;479;343
300010;Sonstiger einfacher Diebstahl §§ 242, 247, 248a StGB;M;44,044;30,927;2,863;1,164;734;445;294;226
300010;Sonstiger einfacher Diebstahl §§ 242, 247, 248a StGB;W;13,003;9,549;1,191;450;295;200;148;98
300010;Sonstiger einfacher Diebstahl §§ 242, 247, 248a StGB;X;57,047;40,476;4,054;1,614;1,029;645;442;324
300040;Unbefugter Gebrauch eines sonstigen Fahrzeuges § 248b StGB;M;771;445;16;5;8;0;1;2
300040;Unbefugter Gebrauch eines sonstigen Fahrzeuges § 248b StGB;W;63;37;3;3;0;0;0;0
300040;Unbefugter Gebrauch eines sonstigen Fahrzeuges § 248b StGB;X;834;482;19;8;8;0;1;2
300050;Entziehung elektrischer Energie § 248c StGB;M;2,625;2,532;283;131;74;38;28;12
300050;Entziehung elektrischer Energie § 248c StGB;W;819;794;74;26;19;16;8;5
300050;Entziehung elektrischer Energie § 248c StGB;X;3,444;3,326;357;157;93;54;36;17
300100;Einfacher Diebstahl von Kraftwagen einschl. unbefugter Ingebrauchnahme;M;4,237;3,023;93;57;20;10;4;2
300100;Einfacher Diebstahl von Kraftwagen einschl. unbefugter Ingebrauchnahme;W;490;369;15;5;3;3;3;1
300100;Einfacher Diebstahl von Kraftwagen einschl. unbefugter Ingebrauchnahme;X;4,727;3,392;108;62;23;13;7;3
300110;Einfacher Diebstahl von Kraftwagen;M;1,679;1,253;37;23;6;4;3;1
300110;Einfacher Diebstahl von Kraftwagen;W;160;128;5;1;1;2;1;0
300110;Einfacher Diebstahl von Kraftwagen;X;1,839;1,381;42;24;7;6;4;1
300140;Unbefugter Gebrauch von Kraftwagen;M;2,609;1,801;56;34;14;6;1;1
300140;Unbefugter Gebrauch von Kraftwagen;W;336;247;10;4;2;1;2;1
300140;Unbefugter Gebrauch von Kraftwagen;X;2,945;2,048;66;38;16;7;3;2
300200;Einfacher Diebstahl von Mopeds und Krafträdern einschl. unbefugter Ingebrauchnahme;M;1,423;504;11;4;2;4;1;0
300200;Einfacher Diebstahl von Mopeds und Krafträdern einschl. unbefugter Ingebrauchnahme;W;56;31;0;0;0;0;0;0
300200;Einfacher Diebstahl von Mopeds und Krafträdern einschl. unbefugter Ingebrauchnahme;X;1,479;535;11;4;2;4;1;0
300210;Einfacher Diebstahl von Mopeds und Krafträdern;M;1,093;400;10;4;2;3;1;0
300210;Einfacher Diebstahl von Mopeds und Krafträdern;W;40;25;0;0;0;0;0;0
300210;Einfacher Diebstahl von Mopeds und Krafträdern;X;1,133;425;10;4;2;3;1;0
300240;Unbefugter Gebrauch von Mopeds und Krafträdern;M;345;106;2;1;0;1;0;0
300240;Unbefugter Gebrauch von Mopeds und Krafträdern;W;16;6;0;0;0;0;0;0
300240;Unbefugter Gebrauch von Mopeds und Krafträdern;X;361;112;2;1;0;1;0;0
300300;Einfacher Diebstahl von Fahrrädern einschl. unbefugter Ingebrauchnahme;M;8,894;4,764;165;86;33;17;20;9
300300;Einfacher Diebstahl von Fahrrädern einschl. unbefugter Ingebrauchnahme;W;785;437;19;9;5;3;2;0
300300;Einfacher Diebstahl von Fahrrädern einschl. unbefugter Ingebrauchnahme;X;9,679;5,201;184;95;38;20;22;9
300310;Einfacher Diebstahl von Fahrrädern;M;8,452;4,596;158;84;31;16;19;8
300310;Einfacher Diebstahl von Fahrrädern;W;736;423;18;9;5;2;2;0
300310;Einfacher Diebstahl von Fahrrädern;X;9,188;5,019;176;93;36;18;21;8
300340;Unbefugter Gebrauch von Fahrrädern;M;494;190;7;2;2;1;1;1
300340;Unbefugter Gebrauch von Fahrrädern;W;55;17;1;0;0;1;0;0
300340;Unbefugter Gebrauch von Fahrrädern;X;549;207;8;2;2;2;1;1
300400;Einfacher Diebstahl von Schusswaffen;M;43;26;0;0;0;0;0;0
300400;Einfacher Diebstahl von Schusswaffen;W;10;8;1;1;0;0;0;0
300400;Einfacher Diebstahl von Schusswaffen;X;53;34;1;1;0;0;0;0
300500;Einfacher Diebstahl von unbaren Zahlungsmitteln;M;2,034;1,540;45;25;13;3;3;1
300500;Einfacher Diebstahl von unbaren Zahlungsmitteln;W;659;519;40;20;7;6;3;4
300500;Einfacher Diebstahl von unbaren Zahlungsmitteln;X;2,693;2,059;85;45;20;9;6;5
300700;Einfacher Diebstahl von/aus Automaten;M;347;232;36;8;9;10;4;5
300700;Einfacher Diebstahl von/aus Automaten;W;128;112;24;9;6;4;2;3
300700;Einfacher Diebstahl von/aus Automaten;X;475;344;60;17;15;14;6;8
300800;Einfacher Diebstahl von Antiquitäten, Kunst- und sakralen Gegenständen;M;81;63;12;4;3;1;4;0
300800;Einfacher Diebstahl von Antiquitäten, Kunst- und sakralen Gegenständen;W;20;19;4;3;1;0;0;0
300800;Einfacher Diebstahl von Antiquitäten, Kunst- und sakralen Gegenständen;X;101;82;16;7;4;1;4;0
305*00;Einfacher Diebstahl in/aus Banken, Sparkassen, Postfilialen und -agenturen und dergleichen;M;682;627;92;25;36;10;14;7
305*00;Einfacher Diebstahl in/aus Banken, Sparkassen, Postfilialen und -agenturen und dergleichen;W;351;329;66;22;16;12;11;5
305*00;Einfacher Diebstahl in/aus Banken, Sparkassen, Postfilialen und -agenturen und dergleichen;X;1,033;956;158;47;52;22;25;12
305000;Einfacher Diebstahl in/aus Banken, Sparkassen, Postfilialen und -agenturen und dergleichen von sonstigem Gut;M;650;596;87;24;34;9;13;7
305000;Einfacher Diebstahl in/aus Banken, Sparkassen, Postfilialen und -agenturen und dergleichen von sonstigem Gut;W;328;308;62;21;15;10;11;5
305000;Einfacher Diebstahl in/aus Banken, Sparkassen, Postfilialen und -agenturen und dergleichen von sonstigem Gut;X;978;904;149;45;49;19;24;12
305500;Einfacher Diebstahl in/aus Banken, Sparkassen, Postfilialen und -agenturen und dergleichen von unbaren Zahlungsmitteln;M;34;33;5;1;2;1;1;0
305500;Einfacher Diebstahl in/aus Banken, Sparkassen, Postfilialen und -agenturen und dergleichen von unbaren Zahlungsmitteln;W;23;21;4;1;1;2;0;0
305500;Einfacher Diebstahl in/aus Banken, Sparkassen, Postfilialen und -agenturen und dergleichen von unbaren Zahlungsmitteln;X;57;54;9;2;3;3;1;0
310*00;Einfacher Diebstahl in/aus Dienst-, Büro-, Fabrikations-, Werkstatt- und Lagerräumen;M;6,064;4,634;232;116;62;20;26;8
310*00;Einfacher Diebstahl in/aus Dienst-, Büro-, Fabrikations-, Werkstatt- und Lagerräumen;W;1,718;1,308;71;41;14;8;3;5
310*00;Einfacher Diebstahl in/aus Dienst-, Büro-, Fabrikations-, Werkstatt- und Lagerräumen;X;7,782;5,942;303;157;76;28;29;13
310000;Einfacher Diebstahl in/aus Dienst-, Büro-, Fabrikations-, Werkstatt- und Lagerräumen von sonstigem Gut;M;5,627;4,320;219;111;60;18;23;7
310000;Einfacher Diebstahl in/aus Dienst-, Büro-, Fabrikations-, Werkstatt- und Lagerräumen von sonstigem Gut;W;1,607;1,227;66;38;14;6;3;5
310000;Einfacher Diebstahl in/aus Dienst-, Büro-, Fabrikations-, Werkstatt- und Lagerräumen von sonstigem Gut;X;7,234;5,547;285;149;74;24;26;12
310100;Einfacher Diebstahl in/aus Dienst-, Büro-, Fabrikations-, Werkstatt- und Lagerräumen von Kraftwagen;M;49;35;0;0;0;0;0;0
310100;Einfacher Diebstahl in/aus Dienst-, Büro-, Fabrikations-, Werkstatt- und Lagerräumen von Kraftwagen;W;3;3;0;0;0;0;0;0
310100;Einfacher Diebstahl in/aus Dienst-, Büro-, Fabrikations-, Werkstatt- und Lagerräumen von Kraftwagen;X;52;38;0;0;0;0;0;0
310200;Einfacher Diebstahl in/aus Dienst-, Büro-, Fabrikations-, Werkstatt- und Lagerräumen von Mopeds und Krafträdern;M;40;22;1;0;1;0;0;0
310200;Einfacher Diebstahl in/aus Dienst-, Büro-, Fabrikations-, Werkstatt- und Lagerräumen von Mopeds und Krafträdern;W;2;2;0;0;0;0;0;0
310200;Einfacher Diebstahl in/aus Dienst-, Büro-, Fabrikations-, Werkstatt- und Lagerräumen von Mopeds und Krafträdern;X;42;24;1;0;1;0;0;0
310300;Einfacher Diebstahl in/aus Dienst-, Büro-, Fabrikations-, Werkstatt- und Lagerräumen von Fahrrädern;M;119;72;3;1;1;0;0;1
310300;Einfacher Diebstahl in/aus Dienst-, Büro-, Fabrikations-, Werkstatt- und Lagerräumen von Fahrrädern;W;9;6;1;1;0;0;0;0
310300;Einfacher Diebstahl in/aus Dienst-, Büro-, Fabrikations-, Werkstatt- und Lagerräumen von Fahrrädern;X;128;78;4;2;1;0;0;1
310400;Einfacher Diebstahl in/aus Dienst-, Büro-, Fabrikations-, Werkstatt- und Lagerräumen von Schusswaffen;M;8;7;0;0;0;0;0;0
310400;Einfacher Diebstahl in/aus Dienst-, Büro-, Fabrikations-, Werkstatt- und Lagerräumen von Schusswaffen;W;0;0;0;0;0;0;0;0
310400;Einfacher Diebstahl in/aus Dienst-, Büro-, Fabrikations-, Werkstatt- und Lagerräumen von Schusswaffen;X;8;7;0;0;0;0;0;0
310500;Einfacher Diebstahl in/aus Dienst-, Büro-, Fabrikations-, Werkstatt- und Lagerräumen von unbaren Zahlungsmitteln;M;272;212;6;4;1;1;0;0
310500;Einfacher Diebstahl in/aus Dienst-, Büro-, Fabrikations-, Werkstatt- und Lagerräumen von unbaren Zahlungsmitteln;W;102;73;4;2;0;2;0;0
310500;Einfacher Diebstahl in/aus Dienst-, Büro-, Fabrikations-, Werkstatt- und Lagerräumen von unbaren Zahlungsmitteln;X;374;285;10;6;1;3;0;0
310700;Einfacher Diebstahl in/aus Dienst-, Büro-, Fabrikations-, Werkstatt- und Lagerräumen von/aus Automaten;M;20;17;4;1;0;1;2;0
310700;Einfacher Diebstahl in/aus Dienst-, Büro-, Fabrikations-, Werkstatt- und Lagerräumen von/aus Automaten;W;4;3;0;0;0;0;0;0
310700;Einfacher Diebstahl in/aus Dienst-, Büro-, Fabrikations-, Werkstatt- und Lagerräumen von/aus Automaten;X;24;20;4;1;0;1;2;0
310800;Einfacher Diebstahl in/aus Dienst-, Büro-, Fabrikations-, Werkstatt- und Lagerräumen von Antiquitäten, Kunst- und sakralen Gegenständen;M;12;11;2;1;0;0;1;0
310800;Einfacher Diebstahl in/aus Dienst-, Büro-, Fabrikations-, Werkstatt- und Lagerräumen von Antiquitäten, Kunst- und sakralen Gegenständen;W;3;3;0;0;0;0;0;0
310800;Einfacher Diebstahl in/aus Dienst-, Büro-, Fabrikations-, Werkstatt- und Lagerräumen von Antiquitäten, Kunst- und sakralen Gegenständen;X;15;14;2;1;0;0;1;0
315*00;Einfacher Diebstahl in/aus Gaststätten, Kantinen, Hotels und Pensionen;M;3,299;2,616;83;40;21;15;4;3
315*00;Einfacher Diebstahl in/aus Gaststätten, Kantinen, Hotels und Pensionen;W;877;719;31;15;7;4;4;1
315*00;Einfacher Diebstahl in/aus Gaststätten, Kantinen, Hotels und Pensionen;X;4,176;3,335;114;55;28;19;8;4
315000;Einfacher Diebstahl in/aus Gaststätten, Kantinen, Hotels und Pensionen von sonstigem Gut;M;3,050;2,408;77;38;19;13;4;3
315000;Einfacher Diebstahl in/aus Gaststätten, Kantinen, Hotels und Pensionen von sonstigem Gut;W;805;665;30;14;7;4;4;1
315000;Einfacher Diebstahl in/aus Gaststätten, Kantinen, Hotels und Pensionen von sonstigem Gut;X;3,855;3,073;107;52;26;17;8;4
315500;Einfacher Diebstahl in/aus Gaststätten, Kantinen, Hotels und Pensionen von unbaren Zahlungsmitteln;M;254;210;8;3;3;2;0;0
315500;Einfacher Diebstahl in/aus Gaststätten, Kantinen, Hotels und Pensionen von unbaren Zahlungsmitteln;W;70;53;1;1;0;0;0;0
315500;Einfacher Diebstahl in/aus Gaststätten, Kantinen, Hotels und Pensionen von unbaren Zahlungsmitteln;X;324;263;9;4;3;2;0;0
315700;Einfacher Diebstahl in/aus Gaststätten, Kantinen, Hotels und Pensionen von/aus Automaten;M;28;23;0;0;0;0;0;0
315700;Einfacher Diebstahl in/aus Gaststätten, Kantinen, Hotels und Pensionen von/aus Automaten;W;7;6;0;0;0;0;0;0
315700;Einfacher Diebstahl in/aus Gaststätten, Kantinen, Hotels und Pensionen von/aus Automaten;X;35;29;0;0;0;0;0;0
325*00;Einfacher Diebstahl in/aus Kiosken, Warenhäusern, Verkaufsräumen, Selbstbedienungsläden, Schaufenstern, Schaukästen und Vitrinen darunter:;M;137,855;93,161;11,743;3,477;2,716;2,030;1,971;1,549
325*00;Einfacher Diebstahl in/aus Kiosken, Warenhäusern, Verkaufsräumen, Selbstbedienungsläden, Schaufenstern, Schaukästen und Vitrinen darunter:;W;82,477;49,599;10,776;2,768;2,428;1,828;1,901;1,851
325*00;Einfacher Diebstahl in/aus Kiosken, Warenhäusern, Verkaufsräumen, Selbstbedienungsläden, Schaufenstern, Schaukästen und Vitrinen darunter:;X;220,332;142,760;22,519;6,245;5,144;3,858;3,872;3,400
325000;Einfacher Diebstahl in/aus Kiosken, Warenh., Verkaufsräumen pp. von sonstigem Gut;M;5,467;3,976;329;105;79;72;47;26
325000;Einfacher Diebstahl in/aus Kiosken, Warenh., Verkaufsräumen pp. von sonstigem Gut;W;2,282;1,566;243;91;51;28;33;40
325000;Einfacher Diebstahl in/aus Kiosken, Warenh., Verkaufsräumen pp. von sonstigem Gut;X;7,749;5,542;572;196;130;100;80;66
325300;Einfacher Diebstahl in/aus Kiosken, Warenh., Verkaufsräumen pp. von Fahrrädern;M;75;53;5;4;0;0;0;1
325300;Einfacher Diebstahl in/aus Kiosken, Warenh., Verkaufsräumen pp. von Fahrrädern;W;46;27;2;0;1;0;0;1
325300;Einfacher Diebstahl in/aus Kiosken, Warenh., Verkaufsräumen pp. von Fahrrädern;X;121;80;7;4;1;0;0;2
325500;Einfacher Diebstahl in/aus Kiosken, Warenh., Verkaufsräumen pp. von unbaren Zahlungsmitteln;M;211;173;8;5;3;0;0;0
325500;Einfacher Diebstahl in/aus Kiosken, Warenh., Verkaufsräumen pp. von unbaren Zahlungsmitteln;W;160;133;17;4;8;2;3;0
325500;Einfacher Diebstahl in/aus Kiosken, Warenh., Verkaufsräumen pp. von unbaren Zahlungsmitteln;X;371;306;25;9;11;2;3;0
326*00;Einfacher Ladendiebstahl;M;134,101;90,477;11,461;3,391;2,643;1,971;1,928;1,528
326*00;Einfacher Ladendiebstahl;W;80,546;48,241;10,543;2,686;2,379;1,798;1,868;1,812
326*00;Einfacher Ladendiebstahl;X;214,647;138,718;22,004;6,077;5,022;3,769;3,796;3,340
326000;Einfacher Ladendiebstahl von sonstigem Gut;M;134,015;90,423;11,452;3,387;2,642;1,969;1,927;1,527
326000;Einfacher Ladendiebstahl von sonstigem Gut;W;80,516;48,226;10,540;2,686;2,378;1,798;1,868;1,810
326000;Einfacher Ladendiebstahl von sonstigem Gut;X;214,531;138,649;21,992;6,073;5,020;3,767;3,795;3,337
326300;Einfacher Ladendiebstahl von Fahrrädern;M;160;107;11;4;2;3;1;1
326300;Einfacher Ladendiebstahl von Fahrrädern;W;52;28;3;0;1;0;0;2
326300;Einfacher Ladendiebstahl von Fahrrädern;X;212;135;14;4;3;3;1;3
335*00;Einfacher Diebstahl in/aus Wohnungen;M;14,252;11,057;713;319;183;95;61;55
335*00;Einfacher Diebstahl in/aus Wohnungen;W;7,532;6,179;631;283;167;75;68;38
335*00;Einfacher Diebstahl in/aus Wohnungen;X;21,784;17,236;1,344;602;350;170;129;93
335000;Einfacher Diebstahl in/aus Wohnungen von sonstigem Gut;M;13,333;10,325;670;300;174;83;61;52
335000;Einfacher Diebstahl in/aus Wohnungen von sonstigem Gut;W;7,081;5,814;591;267;157;66;63;38
335000;Einfacher Diebstahl in/aus Wohnungen von sonstigem Gut;X;20,414;16,139;1,261;567;331;149;124;90
335400;Einfacher Diebstahl in/aus Wohnungen von Schusswaffen;M;45;25;3;0;2;1;0;0
335400;Einfacher Diebstahl in/aus Wohnungen von Schusswaffen;W;20;9;1;0;0;1;0;0
335400;Einfacher Diebstahl in/aus Wohnungen von Schusswaffen;X;65;34;4;0;2;2;0;0
335500;Einfacher Diebstahl in/aus Wohnungen von unbaren Zahlungsmitteln;M;1,004;804;41;21;7;10;0;3
335500;Einfacher Diebstahl in/aus Wohnungen von unbaren Zahlungsmitteln;W;474;384;36;15;11;8;2;0
335500;Einfacher Diebstahl in/aus Wohnungen von unbaren Zahlungsmitteln;X;1,478;1,188;77;36;18;18;2;3
335800;Einfacher Diebstahl in/aus Wohnungen von Antiquitäten, Kunst- und sakralen Gegenständen;M;35;33;2;0;1;1;0;0
335800;Einfacher Diebstahl in/aus Wohnungen von Antiquitäten, Kunst- und sakralen Gegenständen;W;23;23;6;3;0;0;3;0
335800;Einfacher Diebstahl in/aus Wohnungen von Antiquitäten, Kunst- und sakralen Gegenständen;X;58;56;8;3;1;1;3;0
340*00;Einfacher Diebstahl in/aus Boden-, Kellerräumen und Waschküchen;M;1,584;1,227;120;50;31;13;17;9
340*00;Einfacher Diebstahl in/aus Boden-, Kellerräumen und Waschküchen;W;378;335;33;5;13;5;6;4
340*00;Einfacher Diebstahl in/aus Boden-, Kellerräumen und Waschküchen;X;1,962;1,562;153;55;44;18;23;13
340000;Einfacher Diebstahl in/aus Boden-, Kellerräumen und Waschküchen von sonstigem Gut;M;1,205;983;104;47;23;11;15;8
340000;Einfacher Diebstahl in/aus Boden-, Kellerräumen und Waschküchen von sonstigem Gut;W;323;295;30;5;11;5;5;4
340000;Einfacher Diebstahl in/aus Boden-, Kellerräumen und Waschküchen von sonstigem Gut;X;1,528;1,278;134;52;34;16;20;12
340300;Einfacher Diebstahl in/aus Boden-, Kellerräumen und Waschküchen von Fahrrädern;M;401;258;16;3;8;2;2;1
340300;Einfacher Diebstahl in/aus Boden-, Kellerräumen und Waschküchen von Fahrrädern;W;59;44;3;0;2;0;1;0
340300;Einfacher Diebstahl in/aus Boden-, Kellerräumen und Waschküchen von Fahrrädern;X;460;302;19;3;10;2;3;1
345*00;Einfacher Diebstahl in/aus überwiegend unbezogenen Neu- und Rohbauten, Baubuden und Baustellen;M;1,574;1,259;77;39;19;10;4;5
345*00;Einfacher Diebstahl in/aus überwiegend unbezogenen Neu- und Rohbauten, Baubuden und Baustellen;W;131;87;10;2;3;0;1;4
345*00;Einfacher Diebstahl in/aus überwiegend unbezogenen Neu- und Rohbauten, Baubuden und Baustellen;X;1,705;1,346;87;41;22;10;5;9
345000;Einfacher Diebstahl in/aus überwiegend unbezogenen Neu- und Rohbauten, Baubuden und Baustellen von sonstigem Gut;M;1,545;1,239;77;39;19;10;4;5
345000;Einfacher Diebstahl in/aus überwiegend unbezogenen Neu- und Rohbauten, Baubuden und Baustellen von sonstigem Gut;W;130;86;10;2;3;0;1;4
345000;Einfacher Diebstahl in/aus überwiegend unbezogenen Neu- und Rohbauten, Baubuden und Baustellen von sonstigem Gut;X;1,675;1,325;87;41;22;10;5;9
345100;Einfacher Diebstahl in/aus überwiegend unbezogenen Neu- und Rohbauten, Baubuden und Baustellen von Kraftwagen;M;17;9;0;0;0;0;0;0
345100;Einfacher Diebstahl in/aus überwiegend unbezogenen Neu- und Rohbauten, Baubuden und Baustellen von Kraftwagen;W;0;0;0;0;0;0;0;0
345100;Einfacher Diebstahl in/aus überwiegend unbezogenen Neu- und Rohbauten, Baubuden und Baustellen von Kraftwagen;X;17;9;0;0;0;0;0;0
345500;Einfacher Diebstahl in/aus überwiegend unbezogenen Neu- und Rohbauten, Baubuden und Baustellen von unbaren Zahlungsmitteln;M;12;11;0;0;0;0;0;0
345500;Einfacher Diebstahl in/aus überwiegend unbezogenen Neu- und Rohbauten, Baubuden und Baustellen von unbaren Zahlungsmitteln;W;1;1;0;0;0;0;0;0
345500;Einfacher Diebstahl in/aus überwiegend unbezogenen Neu- und Rohbauten, Baubuden und Baustellen von unbaren Zahlungsmitteln;X;13;12;0;0;0;0;0;0
350*00;Einfacher Diebstahl an/aus Kraftfahrzeugen;M;8,123;5,819;181;94;41;25;17;4
350*00;Einfacher Diebstahl an/aus Kraftfahrzeugen;W;807;615;12;5;3;1;1;2
350*00;Einfacher Diebstahl an/aus Kraftfahrzeugen;X;8,930;6,434;193;99;44;26;18;6
350000;Einfacher Diebstahl an/aus Kraftfahrzeugen von sonstigem Gut;M;7,843;5,603;178;92;41;24;17;4
350000;Einfacher Diebstahl an/aus Kraftfahrzeugen von sonstigem Gut;W;764;574;11;5;3;0;1;2
350000;Einfacher Diebstahl an/aus Kraftfahrzeugen von sonstigem Gut;X;8,607;6,177;189;97;44;24;18;6
350500;Einfacher Diebstahl aus Kraftfahrzeugen von unbaren Zahlungsmitteln;M;413;309;5;4;0;1;0;0
350500;Einfacher Diebstahl aus Kraftfahrzeugen von unbaren Zahlungsmitteln;W;50;47;1;0;0;1;0;0
350500;Einfacher Diebstahl aus Kraftfahrzeugen von unbaren Zahlungsmitteln;X;463;356;6;4;0;2;0;0
371000;Einfacher Diebstahl von Betäubungsmitteln aus Apotheken;M;10;9;1;0;1;0;0;0
371000;Einfacher Diebstahl von Betäubungsmitteln aus Apotheken;W;3;2;0;0;0;0;0;0
371000;Einfacher Diebstahl von Betäubungsmitteln aus Apotheken;X;13;11;1;0;1;0;0;0
372000;Einfacher Diebstahl von Betäubungsmitteln aus Arztpraxen;M;11;10;0;0;0;0;0;0
372000;Einfacher Diebstahl von Betäubungsmitteln aus Arztpraxen;W;1;1;0;0;0;0;0;0
372000;Einfacher Diebstahl von Betäubungsmitteln aus Arztpraxen;X;12;11;0;0;0;0;0;0
373000;Einfacher Diebstahl von Betäubungsmitteln aus Krankenhäusern;M;83;72;1;1;0;0;0;0
373000;Einfacher Diebstahl von Betäubungsmitteln aus Krankenhäusern;W;37;34;1;1;0;0;0;0
373000;Einfacher Diebstahl von Betäubungsmitteln aus Krankenhäusern;X;120;106;2;2;0;0;0;0
374000;Einfacher Diebstahl von Betäubungsmitteln bei Herstellern und Großhändlern;M;4;3;0;0;0;0;0;0
374000;Einfacher Diebstahl von Betäubungsmitteln bei Herstellern und Großhändlern;W;3;2;0;0;0;0;0;0
374000;Einfacher Diebstahl von Betäubungsmitteln bei Herstellern und Großhändlern;X;7;5;0;0;0;0;0;0
375000;Einfacher Diebstahl von Rezeptformularen zur Erlangung von Betäubungsmitteln;M;37;35;0;0;0;0;0;0
375000;Einfacher Diebstahl von Rezeptformularen zur Erlangung von Betäubungsmitteln;W;13;13;0;0;0;0;0;0
375000;Einfacher Diebstahl von Rezeptformularen zur Erlangung von Betäubungsmitteln;X;50;48;0;0;0;0;0;0
390000;Einfacher Taschendiebstahl von sonstigem Gut;M;2,380;1,654;54;26;14;3;7;4
390000;Einfacher Taschendiebstahl von sonstigem Gut;W;774;548;24;10;8;4;1;1
390000;Einfacher Taschendiebstahl von sonstigem Gut;X;3,154;2,202;78;36;22;7;8;5
390500;Einfacher Taschendiebstahl von unbaren Zahlungsmitteln;M;498;394;13;5;6;2;0;0
390500;Einfacher Taschendiebstahl von unbaren Zahlungsmitteln;W;269;207;11;6;2;3;0;0
390500;Einfacher Taschendiebstahl von unbaren Zahlungsmitteln;X;767;601;24;11;8;5;0;0
4***00;Diebstahl unter erschwerenden Umständen §§ 243-244a StGB und zwar:;M;69,686;49,101;1,478;733;369;188;120;68
4***00;Diebstahl unter erschwerenden Umständen §§ 243-244a StGB und zwar:;W;10,414;7,341;380;181;98;47;32;22
4***00;Diebstahl unter erschwerenden Umständen §§ 243-244a StGB und zwar:;X;80,100;56,442;1,858;914;467;235;152;90
4.00E+100;Schwerer Diebstahl von Kraftwagen;M;3,490;2,680;49;28;10;6;3;2
4.00E+100;Schwerer Diebstahl von Kraftwagen;W;208;155;8;3;2;2;1;0
4.00E+100;Schwerer Diebstahl von Kraftwagen;X;3,698;2,835;57;31;12;8;4;2
4.00E+200;Schwerer Diebstahl von Mopeds und Krafträdern;M;2,845;1,123;18;10;2;4;1;1
4.00E+200;Schwerer Diebstahl von Mopeds und Krafträdern;W;101;48;0;0;0;0;0;0
4.00E+200;Schwerer Diebstahl von Mopeds und Krafträdern;X;2,946;1,171;18;10;2;4;1;1
4.00E+300;Schwerer Diebstahl von Fahrrädern;M;11,816;7,521;186;77;55;25;20;9
4.00E+300;Schwerer Diebstahl von Fahrrädern;W;844;619;18;9;3;2;3;1
4.00E+300;Schwerer Diebstahl von Fahrrädern;X;12,660;8,140;204;86;58;27;23;10
4**400;Schwerer Diebstahl von Schusswaffen;M;203;160;2;0;1;0;1;0
4**400;Schwerer Diebstahl von Schusswaffen;W;16;13;1;0;0;1;0;0
4**400;Schwerer Diebstahl von Schusswaffen;X;219;173;3;0;1;1;1;0
4**500;Schwerer Diebstahl von unbaren Zahlungsmitteln;M;1,401;1,100;18;11;5;2;0;0
4**500;Schwerer Diebstahl von unbaren Zahlungsmitteln;W;287;222;6;4;1;1;0;0
4**500;Schwerer Diebstahl von unbaren Zahlungsmitteln;X;1,688;1,322;24;15;6;3;0;0
4**700;Schwerer Diebstahl von/aus Automaten;M;2,125;1,235;6;4;0;0;2;0
4**700;Schwerer Diebstahl von/aus Automaten;W;142;80;3;1;2;0;0;0
4**700;Schwerer Diebstahl von/aus Automaten;X;2,267;1,315;9;5;2;0;2;0
4**800;Schwerer Diebstahl von Antiquitäten, Kunst- und sakralen Gegenständen;M;125;92;5;3;1;0;0;1
4**800;Schwerer Diebstahl von Antiquitäten, Kunst- und sakralen Gegenständen;W;16;15;4;3;0;1;0;0
4**800;Schwerer Diebstahl von Antiquitäten, Kunst- und sakralen Gegenständen;X;141;107;9;6;1;1;0;1
400000;Sonstiger schwerer Diebstahl insgesamt §§ 243 - 244a StGB;M;15,853;10,799;422;204;112;47;31;28
400000;Sonstiger schwerer Diebstahl insgesamt §§ 243 - 244a StGB;W;2,275;1,657;111;51;36;13;8;3
400000;Sonstiger schwerer Diebstahl insgesamt §§ 243 - 244a StGB;X;18,128;12,456;533;255;148;60;39;31
400010;Besonders schwerer Fall des Diebstahls;M;13,420;8,968;380;184;94;46;29;27
400010;Besonders schwerer Fall des Diebstahls;W;1,899;1,389;94;40;33;10;8;3
400010;Besonders schwerer Fall des Diebstahls;X;15,319;10,357;474;224;127;56;37;30
400020;Sonstiger schwerer Diebstahl (ohne WED) §§ 244 Abs. 1 Nr. 1 und 2, 244a StGB;M;2,768;2,064;44;21;19;1;2;1
400020;Sonstiger schwerer Diebstahl (ohne WED) §§ 244 Abs. 1 Nr. 1 und 2, 244a StGB;W;398;286;18;12;3;3;0;0
400020;Sonstiger schwerer Diebstahl (ohne WED) §§ 244 Abs. 1 Nr. 1 und 2, 244a StGB;X;3,166;2,350;62;33;22;4;2;1
400100;Schwerer Diebstahl insgesamt von Kraftwagen;M;3,171;2,446;43;23;10;6;2;2
400100;Schwerer Diebstahl insgesamt von Kraftwagen;W;184;142;7;3;2;2;0;0
400100;Schwerer Diebstahl insgesamt von Kraftwagen;X;3,355;2,588;50;26;12;8;2;2
400110;Besonders schwerer Fall des Diebstahls von Kraftwagen;M;2,728;2,048;41;21;10;6;2;2
400110;Besonders schwerer Fall des Diebstahls von Kraftwagen;W;157;119;5;1;2;2;0;0
400110;Besonders schwerer Fall des Diebstahls von Kraftwagen;X;2,885;2,167;46;22;12;8;2;2
400120;Schwerer Diebstahl von Kraftwagen §§ 244 Abs. 1 Nr. 1 und 2, 244a StGB;M;609;548;2;2;0;0;0;0
400120;Schwerer Diebstahl von Kraftwagen §§ 244 Abs. 1 Nr. 1 und 2, 244a StGB;W;30;25;2;2;0;0;0;0
400120;Schwerer Diebstahl von Kraftwagen §§ 244 Abs. 1 Nr. 1 und 2, 244a StGB;X;639;573;4;4;0;0;0;0
400200;Schwerer Diebstahl insgesamt von Mopeds und Krafträdern;M;2,759;1,072;17;10;1;4;1;1
400200;Schwerer Diebstahl insgesamt von Mopeds und Krafträdern;W;97;46;0;0;0;0;0;0
400200;Schwerer Diebstahl insgesamt von Mopeds und Krafträdern;X;2,856;1,118;17;10;1;4;1;1
400210;Besonders schwerer Fall des Diebstahls von Mopeds und Krafträdern;M;2,643;999;16;10;0;4;1;1
400210;Besonders schwerer Fall des Diebstahls von Mopeds und Krafträdern;W;94;44;0;0;0;0;0;0
400210;Besonders schwerer Fall des Diebstahls von Mopeds und Krafträdern;X;2,737;1,043;16;10;0;4;1;1
400220;Schwerer Diebstahl von Mopeds und Krafträdern §§ 244 Abs. 1 Nr. 1 und 2, 244a StGB;M;145;85;1;0;1;0;0;0
400220;Schwerer Diebstahl von Mopeds und Krafträdern §§ 244 Abs. 1 Nr. 1 und 2, 244a StGB;W;3;2;0;0;0;0;0;0
400220;Schwerer Diebstahl von Mopeds und Krafträdern §§ 244 Abs. 1 Nr. 1 und 2, 244a StGB;X;148;87;1;0;1;0;0;0
400300;Schwerer Diebstahl insgesamt von Fahrrädern;M;10,633;6,579;163;69;48;21;19;6
400300;Schwerer Diebstahl insgesamt von Fahrrädern;W;697;494;13;6;2;2;2;1
400300;Schwerer Diebstahl insgesamt von Fahrrädern;X;11,330;7,073;176;75;50;23;21;7
400310;Besonders schwerer Fall des Diebstahls von Fahrrädern;M;10,327;6,407;158;68;46;20;18;6
400310;Besonders schwerer Fall des Diebstahls von Fahrrädern;W;677;476;13;6;3;1;2;1
400310;Besonders schwerer Fall des Diebstahls von Fahrrädern;X;11,004;6,883;171;74;49;21;20;7
400320;Schwerer Diebstahl von Fahrrädern §§ 244 Abs. 1 Nr. 1 und 2, 244a StGB;M;453;270;5;1;2;1;1;0
400320;Schwerer Diebstahl von Fahrrädern §§ 244 Abs. 1 Nr. 1 und 2, 244a StGB;W;28;26;2;1;0;1;0;0
400320;Schwerer Diebstahl von Fahrrädern §§ 244 Abs. 1 Nr. 1 und 2, 244a StGB;X;481;296;7;2;2;2;1;0
400400;Schwerer Diebstahl insgesamt von Schusswaffen;M;62;49;2;0;1;0;1;0
400400;Schwerer Diebstahl insgesamt von Schusswaffen;W;10;9;1;0;0;1;0;0
400400;Schwerer Diebstahl insgesamt von Schusswaffen;X;72;58;3;0;1;1;1;0
400410;Besonders schwerer Fall des Diebstahls von Schusswaffen;M;58;46;2;0;1;0;1;0
400410;Besonders schwerer Fall des Diebstahls von Schusswaffen;W;9;8;1;0;0;1;0;0
400410;Besonders schwerer Fall des Diebstahls von Schusswaffen;X;67;54;3;0;1;1;1;0
400420;Schwerer Diebstahl von Schusswaffen §§ 244 Abs. 1 Nr. 1 und 2, 244a StGB;M;5;4;0;0;0;0;0;0
400420;Schwerer Diebstahl von Schusswaffen §§ 244 Abs. 1 Nr. 1 und 2, 244a StGB;W;1;1;0;0;0;0;0;0
400420;Schwerer Diebstahl von Schusswaffen §§ 244 Abs. 1 Nr. 1 und 2, 244a StGB;X;6;5;0;0;0;0;0;0
400500;Schwerer Diebstahl insgesamt von unbaren Zahlungsmitteln;M;229;177;2;1;1;0;0;0
400500;Schwerer Diebstahl insgesamt von unbaren Zahlungsmitteln;W;72;51;0;0;0;0;0;0
400500;Schwerer Diebstahl insgesamt von unbaren Zahlungsmitteln;X;301;228;2;1;1;0;0;0
400510;Besonders schwerer Fall des Diebstahls von unbaren Zahlungsmitteln;M;198;151;1;1;0;0;0;0
400510;Besonders schwerer Fall des Diebstahls von unbaren Zahlungsmitteln;W;63;45;0;0;0;0;0;0
400510;Besonders schwerer Fall des Diebstahls von unbaren Zahlungsmitteln;X;261;196;1;1;0;0;0;0
400520;Schwerer Diebstahl von unbaren Zahlungsmitteln §§ 244 Abs. 1 Nr. 1 und 2, 244a StGB;M;32;27;1;0;1;0;0;0
400520;Schwerer Diebstahl von unbaren Zahlungsmitteln §§ 244 Abs. 1 Nr. 1 und 2, 244a StGB;W;12;9;0;0;0;0;0;0
400520;Schwerer Diebstahl von unbaren Zahlungsmitteln §§ 244 Abs. 1 Nr. 1 und 2, 244a StGB;X;44;36;1;0;1;0;0;0
400700;Schwerer Diebstahl insgesamt von/aus Automaten;M;1,625;833;6;4;0;0;2;0
400700;Schwerer Diebstahl insgesamt von/aus Automaten;W;105;45;1;1;0;0;0;0
400700;Schwerer Diebstahl insgesamt von/aus Automaten;X;1,730;878;7;5;0;0;2;0
400710;Besonders schwerer Fall des Diebstahls von/aus Automaten;M;1,471;755;6;4;0;0;2;0
400710;Besonders schwerer Fall des Diebstahls von/aus Automaten;W;99;42;1;1;0;0;0;0
400710;Besonders schwerer Fall des Diebstahls von/aus Automaten;X;1,570;797;7;5;0;0;2;0
400720;Schwerer Diebstahl von/aus Automaten §§ 244 Abs. 1 Nr. 1 und 2, 244a StGB;M;216;118;0;0;0;0;0;0
400720;Schwerer Diebstahl von/aus Automaten §§ 244 Abs. 1 Nr. 1 und 2, 244a StGB;W;8;5;0;0;0;0;0;0
400720;Schwerer Diebstahl von/aus Automaten §§ 244 Abs. 1 Nr. 1 und 2, 244a StGB;X;224;123;0;0;0;0;0;0
400800;Schwerer Diebstahl insgesamt von Antiquitäten, Kunst- und sakralen Gegenständen;M;53;40;4;2;1;0;0;1
400800;Schwerer Diebstahl insgesamt von Antiquitäten, Kunst- und sakralen Gegenständen;W;6;5;1;0;0;1;0;0
400800;Schwerer Diebstahl insgesamt von Antiquitäten, Kunst- und sakralen Gegenständen;X;59;45;5;2;1;1;0;1
400810;Besonders schwerer Fall des Diebstahls von Antiquitäten, Kunst- und sakralen Gegenständen;M;47;34;4;2;1;0;0;1
400810;Besonders schwerer Fall des Diebstahls von Antiquitäten, Kunst- und sakralen Gegenständen;W;4;3;1;0;0;1;0;0
400810;Besonders schwerer Fall des Diebstahls von Antiquitäten, Kunst- und sakralen Gegenständen;X;51;37;5;2;1;1;0;1
400820;Schwerer Diebstahl von Antiquitäten, Kunst- und sakralen Gegenständen §§ 244 Abs. 1 Nr. 1 und 2, 244a StGB;M;6;6;0;0;0;0;0;0
400820;Schwerer Diebstahl von Antiquitäten, Kunst- und sakralen Gegenständen §§ 244 Abs. 1 Nr. 1 und 2, 244a StGB;W;2;2;0;0;0;0;0;0
400820;Schwerer Diebstahl von Antiquitäten, Kunst- und sakralen Gegenständen §§ 244 Abs. 1 Nr. 1 und 2, 244a StGB;X;8;8;0;0;0;0;0;0
405*00;Schwerer Diebstahl in/aus Banken, Sparkassen, Postfilialen und -agenturen und dergleichen;M;243;207;1;1;0;0;0;0
405*00;Schwerer Diebstahl in/aus Banken, Sparkassen, Postfilialen und -agenturen und dergleichen;W;21;16;1;0;1;0;0;0
405*00;Schwerer Diebstahl in/aus Banken, Sparkassen, Postfilialen und -agenturen und dergleichen;X;264;223;2;1;1;0;0;0
405000;Schwerer Diebstahl insgesamt in/aus Banken, Sparkassen, Postfilialen und -agenturen und dergleichen;M;243;207;1;1;0;0;0;0
405000;Schwerer Diebstahl insgesamt in/aus Banken, Sparkassen, Postfilialen und -agenturen und dergleichen;W;21;16;1;0;1;0;0;0
405000;Schwerer Diebstahl insgesamt in/aus Banken, Sparkassen, Postfilialen und -agenturen und dergleichen;X;264;223;2;1;1;0;0;0
405010;Besonders schwerer Fall des Diebstahls in/aus Banken, Sparkassen, Postfilialen und -agenturen und dergleichen;M;178;143;0;0;0;0;0;0
405010;Besonders schwerer Fall des Diebstahls in/aus Banken, Sparkassen, Postfilialen und -agenturen und dergleichen;W;21;16;1;0;1;0;0;0
405010;Besonders schwerer Fall des Diebstahls in/aus Banken, Sparkassen, Postfilialen und -agenturen und dergleichen;X;199;159;1;0;1;0;0;0
405020;Schwerer Diebstahl in/aus Banken, Sparkassen, Postfilialen und -agenturen und dergleichen §§ 244 Abs. 1 Nr. 1 und 2, 244a StGB;M;72;71;1;1;0;0;0;0
405020;Schwerer Diebstahl in/aus Banken, Sparkassen, Postfilialen und -agenturen und dergleichen §§ 244 Abs. 1 Nr. 1 und 2, 244a StGB;W;0;0;0;0;0;0;0;0
405020;Schwerer Diebstahl in/aus Banken, Sparkassen, Postfilialen und -agenturen und dergleichen §§ 244 Abs. 1 Nr. 1 und 2, 244a StGB;X;72;71;1;1;0;0;0;0
410*00;Schwerer Diebstahl in/aus Dienst-, Büro-, Fabrikations-, Werkstatt- und Lagerräumen;M;9,518;6,473;126;72;28;12;10;4
410*00;Schwerer Diebstahl in/aus Dienst-, Büro-, Fabrikations-, Werkstatt- und Lagerräumen;W;851;604;29;14;8;2;4;1
410*00;Schwerer Diebstahl in/aus Dienst-, Büro-, Fabrikations-, Werkstatt- und Lagerräumen;X;10,369;7,077;155;86;36;14;14;5
410000;Schwerer Diebstahl insgesamt in/aus Dienst-, Büro-, Fabrikations-, Werkstatt- und Lagerräumen von sonstigem Gut;M;8,901;6,029;116;66;25;12;9;4
410000;Schwerer Diebstahl insgesamt in/aus Dienst-, Büro-, Fabrikations-, Werkstatt- und Lagerräumen von sonstigem Gut;W;783;551;25;12;7;2;3;1
410000;Schwerer Diebstahl insgesamt in/aus Dienst-, Büro-, Fabrikations-, Werkstatt- und Lagerräumen von sonstigem Gut;X;9,684;6,580;141;78;32;14;12;5
410010;Besonders schwerer Fall des Diebstahls in/aus Dienst-, Büro-, Fabrikations-, Werkstatt- und Lagerräumen von sonstigem Gut;M;8,188;5,470;106;63;22;8;9;4
410010;Besonders schwerer Fall des Diebstahls in/aus Dienst-, Büro-, Fabrikations-, Werkstatt- und Lagerräumen von sonstigem Gut;W;723;502;25;12;7;2;3;1
410010;Besonders schwerer Fall des Diebstahls in/aus Dienst-, Büro-, Fabrikations-, Werkstatt- und Lagerräumen von sonstigem Gut;X;8,911;5,972;131;75;29;10;12;5
410020;Schwerer Diebstahl in/aus Dienst-, Büro-, Fabrikations-, Werkstatt- und Lagerräumen von sonstigem Gut §§ 244 Abs. 1 Nr. 1 und 2, 244a StGB;M;966;753;12;5;3;4;0;0
410020;Schwerer Diebstahl in/aus Dienst-, Büro-, Fabrikations-, Werkstatt- und Lagerräumen von sonstigem Gut §§ 244 Abs. 1 Nr. 1 und 2, 244a StGB;W;72;56;1;1;0;0;0;0
410020;Schwerer Diebstahl in/aus Dienst-, Büro-, Fabrikations-, Werkstatt- und Lagerräumen von sonstigem Gut §§ 244 Abs. 1 Nr. 1 und 2, 244a StGB;X;1,038;809;13;6;3;4;0;0
410100;Schwerer Diebstahl insgesamt in/aus Dienst-, Büro-, Fabrikations-, Werkstatt- und Lagerräumen von Kraftwagen;M;361;261;6;5;0;0;1;0
410100;Schwerer Diebstahl insgesamt in/aus Dienst-, Büro-, Fabrikations-, Werkstatt- und Lagerräumen von Kraftwagen;W;29;18;2;1;0;0;1;0
410100;Schwerer Diebstahl insgesamt in/aus Dienst-, Büro-, Fabrikations-, Werkstatt- und Lagerräumen von Kraftwagen;X;390;279;8;6;0;0;2;0
410110;Besonders schwerer Fall des Diebstahls in/aus Dienst-, Büro-, Fabrikations-, Werkstatt- und Lagerräumen von Kraftwagen;M;278;191;6;5;0;0;1;0
410110;Besonders schwerer Fall des Diebstahls in/aus Dienst-, Büro-, Fabrikations-, Werkstatt- und Lagerräumen von Kraftwagen;W;24;13;1;0;0;0;1;0
410110;Besonders schwerer Fall des Diebstahls in/aus Dienst-, Büro-, Fabrikations-, Werkstatt- und Lagerräumen von Kraftwagen;X;302;204;7;5;0;0;2;0
410120;Schwerer Diebstahl in/aus Dienst-, Büro-, Fabrikations-, Werkstatt- und Lagerräumen von Kraftwagen §§ 244 Abs. 1 Nr. 1 und 2, 244a StGB;M;87;73;0;0;0;0;0;0
410120;Schwerer Diebstahl in/aus Dienst-, Büro-, Fabrikations-, Werkstatt- und Lagerräumen von Kraftwagen §§ 244 Abs. 1 Nr. 1 und 2, 244a StGB;W;5;5;1;1;0;0;0;0
410120;Schwerer Diebstahl in/aus Dienst-, Büro-, Fabrikations-, Werkstatt- und Lagerräumen von Kraftwagen §§ 244 Abs. 1 Nr. 1 und 2, 244a StGB;X;92;78;1;1;0;0;0;0
410200;Schwerer Diebstahl insgesamt in/aus Dienst-, Büro-, Fabrikations-, Werkstatt- und Lagerräumen von Mopeds und Krafträdern;M;105;63;1;0;1;0;0;0
410200;Schwerer Diebstahl insgesamt in/aus Dienst-, Büro-, Fabrikations-, Werkstatt- und Lagerräumen von Mopeds und Krafträdern;W;4;2;0;0;0;0;0;0
410200;Schwerer Diebstahl insgesamt in/aus Dienst-, Büro-, Fabrikations-, Werkstatt- und Lagerräumen von Mopeds und Krafträdern;X;109;65;1;0;1;0;0;0
410210;Besonders schwerer Fall des Diebstahls in/aus Dienst-, Büro-, Fabrikations-, Werkstatt- und Lagerräumen von Mopeds und Krafträdern;M;103;63;1;0;1;0;0;0
410210;Besonders schwerer Fall des Diebstahls in/aus Dienst-, Büro-, Fabrikations-, Werkstatt- und Lagerräumen von Mopeds und Krafträdern;W;4;2;0;0;0;0;0;0
410210;Besonders schwerer Fall des Diebstahls in/aus Dienst-, Büro-, Fabrikations-, Werkstatt- und Lagerräumen von Mopeds und Krafträdern;X;107;65;1;0;1;0;0;0
410220;Schwerer Diebstahl in/aus Dienst-, Büro-, Fabrikations-, Werkstatt- und Lagerräumen von Mopeds und Krafträdern, §§ 244 Abs. 1 Nr. 1 und 2, 244a StGB;M;2;0;0;0;0;0;0;0
410220;Schwerer Diebstahl in/aus Dienst-, Büro-, Fabrikations-, Werkstatt- und Lagerräumen von Mopeds und Krafträdern, §§ 244 Abs. 1 Nr. 1 und 2, 244a StGB;W;0;0;0;0;0;0;0;0
410220;Schwerer Diebstahl in/aus Dienst-, Büro-, Fabrikations-, Werkstatt- und Lagerräumen von Mopeds und Krafträdern, §§ 244 Abs. 1 Nr. 1 und 2, 244a StGB;X;2;0;0;0;0;0;0;0
410300;Schwerer Diebstahl insgesamt in/aus Dienst-, Büro-, Fabrikations-, Werkstatt- und Lagerräumen von Fahrrädern;M;212;168;2;0;2;0;0;0
410300;Schwerer Diebstahl insgesamt in/aus Dienst-, Büro-, Fabrikations-, Werkstatt- und Lagerräumen von Fahrrädern;W;19;18;1;0;1;0;0;0
410300;Schwerer Diebstahl insgesamt in/aus Dienst-, Büro-, Fabrikations-, Werkstatt- und Lagerräumen von Fahrrädern;X;231;186;3;0;3;0;0;0
410310;Besonders schwerer Fall des Diebstahls in/aus Dienst-, Büro-, Fabrikations-, Werkstatt- und Lagerräumen von Fahrrädern;M;198;159;2;0;2;0;0;0
410310;Besonders schwerer Fall des Diebstahls in/aus Dienst-, Büro-, Fabrikations-, Werkstatt- und Lagerräumen von Fahrrädern;W;18;17;1;0;1;0;0;0
410310;Besonders schwerer Fall des Diebstahls in/aus Dienst-, Büro-, Fabrikations-, Werkstatt- und Lagerräumen von Fahrrädern;X;216;176;3;0;3;0;0;0
410320;Schwerer Diebstahl in/aus Dienst-, Büro-, Fabrikations-, Werkstatt- und Lagerräumen von Fahrrädern §§ 244 Abs. 1 Nr. 1 und 2, 244a StGB;M;14;9;0;0;0;0;0;0
410320;Schwerer Diebstahl in/aus Dienst-, Büro-, Fabrikations-, Werkstatt- und Lagerräumen von Fahrrädern §§ 244 Abs. 1 Nr. 1 und 2, 244a StGB;W;1;1;0;0;0;0;0;0
410320;Schwerer Diebstahl in/aus Dienst-, Büro-, Fabrikations-, Werkstatt- und Lagerräumen von Fahrrädern §§ 244 Abs. 1 Nr. 1 und 2, 244a StGB;X;15;10;0;0;0;0;0;0
410400;Schwerer Diebstahl insgesamt in/aus Dienst-, Büro-, Fabrikations-, Werkstatt- und Lagerräumen von Schusswaffen;M;21;15;0;0;0;0;0;0
410400;Schwerer Diebstahl insgesamt in/aus Dienst-, Büro-, Fabrikations-, Werkstatt- und Lagerräumen von Schusswaffen;W;2;2;0;0;0;0;0;0
410400;Schwerer Diebstahl insgesamt in/aus Dienst-, Büro-, Fabrikations-, Werkstatt- und Lagerräumen von Schusswaffen;X;23;17;0;0;0;0;0;0
410410;Besonders schwerer Fall des Diebstahls in/aus Dienst-, Büro-, Fabrikations-, Werkstatt- und Lagerräumen von Schusswaffen;M;21;15;0;0;0;0;0;0
410410;Besonders schwerer Fall des Diebstahls in/aus Dienst-, Büro-, Fabrikations-, Werkstatt- und Lagerräumen von Schusswaffen;W;2;2;0;0;0;0;0;0
410410;Besonders schwerer Fall des Diebstahls in/aus Dienst-, Büro-, Fabrikations-, Werkstatt- und Lagerräumen von Schusswaffen;X;23;17;0;0;0;0;0;0
410420;Schwerer Diebstahl in/aus Dienst-, Büro-, Fabrikations-, Werkstatt- und Lagerräumen von Schusswaffen §§ 244 Abs. 1 Nr. 1 und 2, 244a StGB;M;0;0;0;0;0;0;0;0
410420;Schwerer Diebstahl in/aus Dienst-, Büro-, Fabrikations-, Werkstatt- und Lagerräumen von Schusswaffen §§ 244 Abs. 1 Nr. 1 und 2, 244a StGB;W;0;0;0;0;0;0;0;0
410420;Schwerer Diebstahl in/aus Dienst-, Büro-, Fabrikations-, Werkstatt- und Lagerräumen von Schusswaffen §§ 244 Abs. 1 Nr. 1 und 2, 244a StGB;X;0;0;0;0;0;0;0;0
410500;Schwerer Diebstahl insgesamt in/aus Dienst-, Büro-, Fabrikations-, Werkstatt- und Lagerräumen von unbaren Zahlungsmitteln;M;138;95;1;1;0;0;0;0
410500;Schwerer Diebstahl insgesamt in/aus Dienst-, Büro-, Fabrikations-, Werkstatt- und Lagerräumen von unbaren Zahlungsmitteln;W;11;9;1;1;0;0;0;0
410500;Schwerer Diebstahl insgesamt in/aus Dienst-, Büro-, Fabrikations-, Werkstatt- und Lagerräumen von unbaren Zahlungsmitteln;X;149;104;2;2;0;0;0;0
410510;Besonders schwerer Fall des Diebstahls in/aus Dienst-, Büro-, Fabrikations-, Werkstatt- und Lagerräumen von unbaren Zahlungsmitteln;M;135;92;1;1;0;0;0;0
410510;Besonders schwerer Fall des Diebstahls in/aus Dienst-, Büro-, Fabrikations-, Werkstatt- und Lagerräumen von unbaren Zahlungsmitteln;W;11;9;1;1;0;0;0;0
410510;Besonders schwerer Fall des Diebstahls in/aus Dienst-, Büro-, Fabrikations-, Werkstatt- und Lagerräumen von unbaren Zahlungsmitteln;X;146;101;2;2;0;0;0;0
410520;Schwerer Diebstahl in/aus Dienst-, Büro-, Fabrikations-, Werkstatt- und Lagerräumen von unbaren Zahlungsmitteln §§ 244 Abs. 1 Nr. 1 und 2, 244a StGB;M;3;3;0;0;0;0;0;0
410520;Schwerer Diebstahl in/aus Dienst-, Büro-, Fabrikations-, Werkstatt- und Lagerräumen von unbaren Zahlungsmitteln §§ 244 Abs. 1 Nr. 1 und 2, 244a StGB;W;0;0;0;0;0;0;0;0
410520;Schwerer Diebstahl in/aus Dienst-, Büro-, Fabrikations-, Werkstatt- und Lagerräumen von unbaren Zahlungsmitteln §§ 244 Abs. 1 Nr. 1 und 2, 244a StGB;X;3;3;0;0;0;0;0;0
410700;Schwerer Diebstahl insgesamt in/aus Dienst-, Büro-, Fabrikations-, Werkstatt- und Lagerräumen von/aus Automaten;M;123;98;0;0;0;0;0;0
410700;Schwerer Diebstahl insgesamt in/aus Dienst-, Büro-, Fabrikations-, Werkstatt- und Lagerräumen von/aus Automaten;W;9;8;0;0;0;0;0;0
410700;Schwerer Diebstahl insgesamt in/aus Dienst-, Büro-, Fabrikations-, Werkstatt- und Lagerräumen von/aus Automaten;X;132;106;0;0;0;0;0;0
410710;Besonders schwerer Fall des Diebstahls in/aus Dienst-, Büro-, Fabrikations-, Werkstatt- und Lagerräumen von/aus Automaten;M;95;77;0;0;0;0;0;0
410710;Besonders schwerer Fall des Diebstahls in/aus Dienst-, Büro-, Fabrikations-, Werkstatt- und Lagerräumen von/aus Automaten;W;7;6;0;0;0;0;0;0
410710;Besonders schwerer Fall des Diebstahls in/aus Dienst-, Büro-, Fabrikations-, Werkstatt- und Lagerräumen von/aus Automaten;X;102;83;0;0;0;0;0;0
410720;Schwerer Diebstahl in/aus Dienst-, Büro-, Fabrikations-, Werkstatt- und Lagerräumen von/aus Automaten §§ 244 Abs. 1 Nr. 1 und 2, 244a StGB;M;29;22;0;0;0;0;0;0
410720;Schwerer Diebstahl in/aus Dienst-, Büro-, Fabrikations-, Werkstatt- und Lagerräumen von/aus Automaten §§ 244 Abs. 1 Nr. 1 und 2, 244a StGB;W;2;2;0;0;0;0;0;0
410720;Schwerer Diebstahl in/aus Dienst-, Büro-, Fabrikations-, Werkstatt- und Lagerräumen von/aus Automaten §§ 244 Abs. 1 Nr. 1 und 2, 244a StGB;X;31;24;0;0;0;0;0;0
410800;Schwerer Diebstahl insgesamt in/aus Dienst-, Büro-, Fabrikations-, Werkstatt- und Lagerräumen von Antiquitäten, Kunst- und sakralen Gegenständen;M;53;33;0;0;0;0;0;0
410800;Schwerer Diebstahl insgesamt in/aus Dienst-, Büro-, Fabrikations-, Werkstatt- und Lagerräumen von Antiquitäten, Kunst- und sakralen Gegenständen;W;6;6;2;2;0;0;0;0
410800;Schwerer Diebstahl insgesamt in/aus Dienst-, Büro-, Fabrikations-, Werkstatt- und Lagerräumen von Antiquitäten, Kunst- und sakralen Gegenständen;X;59;39;2;2;0;0;0;0
410810;Besonders schwerer Fall des Diebstahls in/aus Dienst-, Büro-, Fabrikations-, Werkstatt- und Lagerräumen von Antiquitäten, Kunst- und sakralen Gegenständen;M;49;31;0;0;0;0;0;0
410810;Besonders schwerer Fall des Diebstahls in/aus Dienst-, Büro-, Fabrikations-, Werkstatt- und Lagerräumen von Antiquitäten, Kunst- und sakralen Gegenständen;W;5;5;2;2;0;0;0;0
410810;Besonders schwerer Fall des Diebstahls in/aus Dienst-, Büro-, Fabrikations-, Werkstatt- und Lagerräumen von Antiquitäten, Kunst- und sakralen Gegenständen;X;54;36;2;2;0;0;0;0
410820;Schwerer Diebstahl in/aus Dienst-, Büro-, Fabrikations-, Werkstatt- und Lagerräumen von Antiquitäten, Kunst- und sakralen Gegenständen §§ 244 Abs. 1 Nr. 1 und 2, 244a StGB;M;4;2;0;0;0;0;0;0
410820;Schwerer Diebstahl in/aus Dienst-, Büro-, Fabrikations-, Werkstatt- und Lagerräumen von Antiquitäten, Kunst- und sakralen Gegenständen §§ 244 Abs. 1 Nr. 1 und 2, 244a StGB;W;1;1;0;0;0;0;0;0
410820;Schwerer Diebstahl in/aus Dienst-, Büro-, Fabrikations-, Werkstatt- und Lagerräumen von Antiquitäten, Kunst- und sakralen Gegenständen §§ 244 Abs. 1 Nr. 1 und 2, 244a StGB;X;5;3;0;0;0;0;0;0
415*00;Schwerer Diebstahl in/aus Gaststätten, Kantinen, Hotels und Pensionen;M;2,988;2,158;25;13;5;5;2;0
415*00;Schwerer Diebstahl in/aus Gaststätten, Kantinen, Hotels und Pensionen;W;247;188;5;1;2;1;1;0
415*00;Schwerer Diebstahl in/aus Gaststätten, Kantinen, Hotels und Pensionen;X;3,235;2,346;30;14;7;6;3;0
415000;Schwerer Diebstahl insgesamt in/aus Gaststätten, Kantinen, Hotels und Pensionen von sonstigem Gut;M;2,612;1,865;25;13;5;5;2;0
415000;Schwerer Diebstahl insgesamt in/aus Gaststätten, Kantinen, Hotels und Pensionen von sonstigem Gut;W;216;158;3;1;0;1;1;0
415000;Schwerer Diebstahl insgesamt in/aus Gaststätten, Kantinen, Hotels und Pensionen von sonstigem Gut;X;2,828;2,023;28;14;5;6;3;0
415010;Besonders schwerer Fall des Diebstahls in/aus Gaststätten, Kantinen, Hotels und Pensionen von sonstigem Gut;M;2,408;1,714;21;11;5;3;2;0
415010;Besonders schwerer Fall des Diebstahls in/aus Gaststätten, Kantinen, Hotels und Pensionen von sonstigem Gut;W;195;143;3;1;0;1;1;0
415010;Besonders schwerer Fall des Diebstahls in/aus Gaststätten, Kantinen, Hotels und Pensionen von sonstigem Gut;X;2,603;1,857;24;12;5;4;3;0
415020;Schwerer Diebstahl in/aus Gaststätten, Kantinen, Hotels und Pensionen von sonstigem Gut §§ 244 Abs. 1 Nr. 1 und 2, 244a StGB;M;267;197;4;2;0;2;0;0
415020;Schwerer Diebstahl in/aus Gaststätten, Kantinen, Hotels und Pensionen von sonstigem Gut §§ 244 Abs. 1 Nr. 1 und 2, 244a StGB;W;25;18;0;0;0;0;0;0
415020;Schwerer Diebstahl in/aus Gaststätten, Kantinen, Hotels und Pensionen von sonstigem Gut §§ 244 Abs. 1 Nr. 1 und 2, 244a StGB;X;292;215;4;2;0;2;0;0
415500;Schwerer Diebstahl insgesamt in/aus Gaststätten, Kantinen, Hotels und Pensionen von unbaren Zahlungsmitteln;M;77;56;0;0;0;0;0;0
415500;Schwerer Diebstahl insgesamt in/aus Gaststätten, Kantinen, Hotels und Pensionen von unbaren Zahlungsmitteln;W;8;8;0;0;0;0;0;0
415500;Schwerer Diebstahl insgesamt in/aus Gaststätten, Kantinen, Hotels und Pensionen von unbaren Zahlungsmitteln;X;85;64;0;0;0;0;0;0
415510;Besonders schwerer Fall des Diebstahls in/aus Gaststätten, Kantinen, Hotels und Pensionen von unbaren Zahlungsmitteln;M;61;50;0;0;0;0;0;0
415510;Besonders schwerer Fall des Diebstahls in/aus Gaststätten, Kantinen, Hotels und Pensionen von unbaren Zahlungsmitteln;W;5;5;0;0;0;0;0;0
415510;Besonders schwerer Fall des Diebstahls in/aus Gaststätten, Kantinen, Hotels und Pensionen von unbaren Zahlungsmitteln;X;66;55;0;0;0;0;0;0
415520;Schwerer Diebstahl in/aus Gaststätten, Kantinen, Hotels und Pensionen von unbaren Zahlungsmitteln §§ 244 Abs. 1 Nr. 1 und 2, 244a StGB;M;16;6;0;0;0;0;0;0
415520;Schwerer Diebstahl in/aus Gaststätten, Kantinen, Hotels und Pensionen von unbaren Zahlungsmitteln §§ 244 Abs. 1 Nr. 1 und 2, 244a StGB;W;3;3;0;0;0;0;0;0
415520;Schwerer Diebstahl in/aus Gaststätten, Kantinen, Hotels und Pensionen von unbaren Zahlungsmitteln §§ 244 Abs. 1 Nr. 1 und 2, 244a StGB;X;19;9;0;0;0;0;0;0
415700;Schwerer Diebstahl insgesamt in/aus Gaststätten, Kantinen, Hotels und Pensionen von/aus Automaten;M;454;366;0;0;0;0;0;0
415700;Schwerer Diebstahl insgesamt in/aus Gaststätten, Kantinen, Hotels und Pensionen von/aus Automaten;W;29;28;2;0;2;0;0;0
415700;Schwerer Diebstahl insgesamt in/aus Gaststätten, Kantinen, Hotels und Pensionen von/aus Automaten;X;483;394;2;0;2;0;0;0
415710;besonders schwerer Fall des Diebstahls in/aus Gaststätten, Kantinen, Hotels und Pensionen von/aus Automaten;M;421;340;0;0;0;0;0;0
415710;besonders schwerer Fall des Diebstahls in/aus Gaststätten, Kantinen, Hotels und Pensionen von/aus Automaten;W;26;26;2;0;2;0;0;0
415710;besonders schwerer Fall des Diebstahls in/aus Gaststätten, Kantinen, Hotels und Pensionen von/aus Automaten;X;447;366;2;0;2;0;0;0
415720;Schwerer Diebstahl in/aus Gaststätten, Kantinen, Hotels und Pensionen von/aus Automaten §§ 244 Abs. 1 Nr. 1 und 2, 244a StGB;M;54;41;0;0;0;0;0;0
415720;Schwerer Diebstahl in/aus Gaststätten, Kantinen, Hotels und Pensionen von/aus Automaten §§ 244 Abs. 1 Nr. 1 und 2, 244a StGB;W;3;2;0;0;0;0;0;0
415720;Schwerer Diebstahl in/aus Gaststätten, Kantinen, Hotels und Pensionen von/aus Automaten §§ 244 Abs. 1 Nr. 1 und 2, 244a StGB;X;57;43;0;0;0;0;0;0
425*00;Schwerer Diebstahl in/aus Kiosken, Warenhäusern, Verkaufsräumen, Selbstbedienungsläden, Schaufenstern, Schaukästen und Vitrinen darunter:;M;18,109;13,240;335;173;77;50;25;10
425*00;Schwerer Diebstahl in/aus Kiosken, Warenhäusern, Verkaufsräumen, Selbstbedienungsläden, Schaufenstern, Schaukästen und Vitrinen darunter:;W;4,008;2,641;112;53;28;14;9;8
425*00;Schwerer Diebstahl in/aus Kiosken, Warenhäusern, Verkaufsräumen, Selbstbedienungsläden, Schaufenstern, Schaukästen und Vitrinen darunter:;X;22,117;15,881;447;226;105;64;34;18
425000;Schwerer Diebstahl insgesamt in/aus Kiosken, Warenhäusern, Verkaufsräumen pp. von sonstigem Gut;M;5,650;3,733;51;26;13;7;5;0
425000;Schwerer Diebstahl insgesamt in/aus Kiosken, Warenhäusern, Verkaufsräumen pp. von sonstigem Gut;W;643;431;10;6;2;1;0;1
425000;Schwerer Diebstahl insgesamt in/aus Kiosken, Warenhäusern, Verkaufsräumen pp. von sonstigem Gut;X;6,293;4,164;61;32;15;8;5;1
425010;Besonders schwerer Fall des Diebstahls in/aus Kiosken, Warenhäusern, Verkaufsräumen pp. von sonstigem Gut;M;4,486;2,840;34;19;9;5;1;0
425010;Besonders schwerer Fall des Diebstahls in/aus Kiosken, Warenhäusern, Verkaufsräumen pp. von sonstigem Gut;W;428;290;9;5;2;1;0;1
425010;Besonders schwerer Fall des Diebstahls in/aus Kiosken, Warenhäusern, Verkaufsräumen pp. von sonstigem Gut;X;4,914;3,130;43;24;11;6;1;1
425020;Schwerer Diebstahl in/aus Kiosken, Warenhäusern, Verkaufsräumen pp. von sonstigem Gut, §§ 244 Abs. 1 Nr. 1 und 2, 244a StGB;M;1,332;997;18;8;4;2;4;0
425020;Schwerer Diebstahl in/aus Kiosken, Warenhäusern, Verkaufsräumen pp. von sonstigem Gut, §§ 244 Abs. 1 Nr. 1 und 2, 244a StGB;W;227;149;1;1;0;0;0;0
425020;Schwerer Diebstahl in/aus Kiosken, Warenhäusern, Verkaufsräumen pp. von sonstigem Gut, §§ 244 Abs. 1 Nr. 1 und 2, 244a StGB;X;1,559;1,146;19;9;4;2;4;0
425300;Schwerer Diebstahl insgesamt in/aus Kiosken, Warenhäusern, Verkaufsräumen pp. von Fahrrädern;M;146;100;0;0;0;0;0;0
425300;Schwerer Diebstahl insgesamt in/aus Kiosken, Warenhäusern, Verkaufsräumen pp. von Fahrrädern;W;12;10;0;0;0;0;0;0
425300;Schwerer Diebstahl insgesamt in/aus Kiosken, Warenhäusern, Verkaufsräumen pp. von Fahrrädern;X;158;110;0;0;0;0;0;0
425310;Besonders schwerer Fall des Diebstahls in/aus Kiosken, Warenhäusern, Verkaufsräumen pp. von Fahrrädern;M;120;80;0;0;0;0;0;0
425310;Besonders schwerer Fall des Diebstahls in/aus Kiosken, Warenhäusern, Verkaufsräumen pp. von Fahrrädern;W;8;6;0;0;0;0;0;0
425310;Besonders schwerer Fall des Diebstahls in/aus Kiosken, Warenhäusern, Verkaufsräumen pp. von Fahrrädern;X;128;86;0;0;0;0;0;0
425320;Schwerer Diebstahl in/aus Kiosken, Warenhäusern, Verkaufsräumen pp.von Fahrrädern §§ 244 Abs. 1 Nr. 1 und 2, 244a StGB;M;27;21;0;0;0;0;0;0
425320;Schwerer Diebstahl in/aus Kiosken, Warenhäusern, Verkaufsräumen pp.von Fahrrädern §§ 244 Abs. 1 Nr. 1 und 2, 244a StGB;W;4;4;0;0;0;0;0;0
425320;Schwerer Diebstahl in/aus Kiosken, Warenhäusern, Verkaufsräumen pp.von Fahrrädern §§ 244 Abs. 1 Nr. 1 und 2, 244a StGB;X;31;25;0;0;0;0;0;0
425400;Schwerer Diebstahl insgesamt in/aus Kiosken, Warenhäusern, Verkaufsräumen pp. von Schusswaffen;M;24;17;0;0;0;0;0;0
425400;Schwerer Diebstahl insgesamt in/aus Kiosken, Warenhäusern, Verkaufsräumen pp. von Schusswaffen;W;0;0;0;0;0;0;0;0
425400;Schwerer Diebstahl insgesamt in/aus Kiosken, Warenhäusern, Verkaufsräumen pp. von Schusswaffen;X;24;17;0;0;0;0;0;0
425410;Besonders schwerer Fall des Diebstahls in/aus Kiosken, Warenhäusern, Verkaufsräumen pp. von Schusswaffen;M;13;9;0;0;0;0;0;0
425410;Besonders schwerer Fall des Diebstahls in/aus Kiosken, Warenhäusern, Verkaufsräumen pp. von Schusswaffen;W;0;0;0;0;0;0;0;0
425410;Besonders schwerer Fall des Diebstahls in/aus Kiosken, Warenhäusern, Verkaufsräumen pp. von Schusswaffen;X;13;9;0;0;0;0;0;0
425420;Schwerer Diebstahl in/aus Kiosken, Warenhäusern, Verkaufsräumen pp. von Schusswaffen §§ 244 Abs. 1 Nr. 1 und 2, 244a StGB;M;11;8;0;0;0;0;0;0
425420;Schwerer Diebstahl in/aus Kiosken, Warenhäusern, Verkaufsräumen pp. von Schusswaffen §§ 244 Abs. 1 Nr. 1 und 2, 244a StGB;W;0;0;0;0;0;0;0;0
425420;Schwerer Diebstahl in/aus Kiosken, Warenhäusern, Verkaufsräumen pp. von Schusswaffen §§ 244 Abs. 1 Nr. 1 und 2, 244a StGB;X;11;8;0;0;0;0;0;0
425500;Schwerer Diebstahl insgesamt in/aus Kiosken, Warenhäusern, Verkaufsräumen pp. von unbaren Zahlungsmitteln;M;136;102;2;1;1;0;0;0
425500;Schwerer Diebstahl insgesamt in/aus Kiosken, Warenhäusern, Verkaufsräumen pp. von unbaren Zahlungsmitteln;W;33;26;2;1;0;1;0;0
425500;Schwerer Diebstahl insgesamt in/aus Kiosken, Warenhäusern, Verkaufsräumen pp. von unbaren Zahlungsmitteln;X;169;128;4;2;1;1;0;0
425510;Besonders schwerer Fall des Diebstahls in/aus Kiosken, Warenhäusern, Verkaufsräumen pp. von unbaren Zahlungsmitteln;M;83;59;2;1;1;0;0;0
425510;Besonders schwerer Fall des Diebstahls in/aus Kiosken, Warenhäusern, Verkaufsräumen pp. von unbaren Zahlungsmitteln;W;24;18;2;1;0;1;0;0
425510;Besonders schwerer Fall des Diebstahls in/aus Kiosken, Warenhäusern, Verkaufsräumen pp. von unbaren Zahlungsmitteln;X;107;77;4;2;1;1;0;0
425520;Schwerer Diebstahl in/aus Kiosken, Warenhäusern, Verkaufsräumen pp. von unbaren Zahlungsmitteln §§ 244 Abs. 1 Nr. 1 und 2, 244a StGB;M;53;43;0;0;0;0;0;0
425520;Schwerer Diebstahl in/aus Kiosken, Warenhäusern, Verkaufsräumen pp. von unbaren Zahlungsmitteln §§ 244 Abs. 1 Nr. 1 und 2, 244a StGB;W;9;8;0;0;0;0;0;0
425520;Schwerer Diebstahl in/aus Kiosken, Warenhäusern, Verkaufsräumen pp. von unbaren Zahlungsmitteln §§ 244 Abs. 1 Nr. 1 und 2, 244a StGB;X;62;51;0;0;0;0;0;0
426*00;Schwerer Ladendiebstahl;M;12,983;9,944;286;148;64;43;21;10
426*00;Schwerer Ladendiebstahl;W;3,423;2,250;100;46;26;12;9;7
426*00;Schwerer Ladendiebstahl;X;16,406;12,194;386;194;90;55;30;17
426000;Schwerer Ladendiebstahl insgesamt;M;12,983;9,944;286;148;64;43;21;10
426000;Schwerer Ladendiebstahl insgesamt;W;3,423;2,250;100;46;26;12;9;7
426000;Schwerer Ladendiebstahl insgesamt;X;16,406;12,194;386;194;90;55;30;17
426010;Besonders schwerer Fall des Ladendiebstahls;M;7,206;5,795;103;56;32;9;6;0
426010;Besonders schwerer Fall des Ladendiebstahls;W;2,084;1,464;55;26;15;5;5;4
426010;Besonders schwerer Fall des Ladendiebstahls;X;9,290;7,259;158;82;47;14;11;4
426020;Schwerer Ladendiebstahl §§ 244 Abs. 1 Nr. 1 und 2, 244a StGB;M;6,547;4,782;189;97;33;34;15;10
426020;Schwerer Ladendiebstahl §§ 244 Abs. 1 Nr. 1 und 2, 244a StGB;W;1,489;890;48;21;12;7;5;3
426020;Schwerer Ladendiebstahl §§ 244 Abs. 1 Nr. 1 und 2, 244a StGB;X;8,036;5,672;237;118;45;41;20;13
435*00;Wohnungseinbruchdiebstahl §§ 244 Abs. 1 Nr. 3 und Abs. 4, 244a StGB;M;10,047;7,801;222;110;60;31;16;5
435*00;Wohnungseinbruchdiebstahl §§ 244 Abs. 1 Nr. 3 und Abs. 4, 244a StGB;W;1,591;1,206;71;39;12;9;6;5
435*00;Wohnungseinbruchdiebstahl §§ 244 Abs. 1 Nr. 3 und Abs. 4, 244a StGB;X;11,638;9,007;293;149;72;40;22;10
435000;Wohnungseinbruchdiebstahl (ohne TWE) § 244 Abs. 1 Nr. 3 und Abs. 4 StGB von sonstigem Gut;M;6,158;4,784;137;70;37;15;12;3
435000;Wohnungseinbruchdiebstahl (ohne TWE) § 244 Abs. 1 Nr. 3 und Abs. 4 StGB von sonstigem Gut;W;877;673;45;23;8;7;4;3
435000;Wohnungseinbruchdiebstahl (ohne TWE) § 244 Abs. 1 Nr. 3 und Abs. 4 StGB von sonstigem Gut;X;7,035;5,457;182;93;45;22;16;6
435020;Wohnungseinbruchdiebstahl (ohne TWE) bandenmäßig §§ 244 Abs. 4, 244a StGB;M;369;314;3;0;1;2;0;0
435020;Wohnungseinbruchdiebstahl (ohne TWE) bandenmäßig §§ 244 Abs. 4, 244a StGB;W;34;30;0;0;0;0;0;0
435020;Wohnungseinbruchdiebstahl (ohne TWE) bandenmäßig §§ 244 Abs. 4, 244a StGB;X;403;344;3;0;1;2;0;0
435400;Wohnungseinbruchdiebstahl (ohne TWE) § 244 Abs. 1 Nr. 3 und Abs. 4 StGB von Schusswaffen;M;68;55;0;0;0;0;0;0
435400;Wohnungseinbruchdiebstahl (ohne TWE) § 244 Abs. 1 Nr. 3 und Abs. 4 StGB von Schusswaffen;W;2;1;0;0;0;0;0;0
435400;Wohnungseinbruchdiebstahl (ohne TWE) § 244 Abs. 1 Nr. 3 und Abs. 4 StGB von Schusswaffen;X;70;56;0;0;0;0;0;0
435500;Wohnungseinbruchdiebstahl (ohne TWE) § 244 Abs. 1 Nr. 3 und Abs. 4 StGB von unbaren Zahlungsmitteln;M;201;174;4;2;0;2;0;0
435500;Wohnungseinbruchdiebstahl (ohne TWE) § 244 Abs. 1 Nr. 3 und Abs. 4 StGB von unbaren Zahlungsmitteln;W;30;30;2;1;1;0;0;0
435500;Wohnungseinbruchdiebstahl (ohne TWE) § 244 Abs. 1 Nr. 3 und Abs. 4 StGB von unbaren Zahlungsmitteln;X;231;204;6;3;1;2;0;0
435800;Wohnungseinbruchdiebstahl (ohne TWE) § 244 Abs. 1 Nr. 3 und Abs. 4 StGB von Antiquitäten, Kunst- und sakralen Gegenständen;M;11;11;0;0;0;0;0;0
435800;Wohnungseinbruchdiebstahl (ohne TWE) § 244 Abs. 1 Nr. 3 und Abs. 4 StGB von Antiquitäten, Kunst- und sakralen Gegenständen;W;3;3;1;1;0;0;0;0
435800;Wohnungseinbruchdiebstahl (ohne TWE) § 244 Abs. 1 Nr. 3 und Abs. 4 StGB von Antiquitäten, Kunst- und sakralen Gegenständen;X;14;14;1;1;0;0;0;0
436*00;Tageswohnungseinbruchdiebstahl §§ 244 Abs. 1 Nr. 3 und Abs. 4, 244a StGB;M;4,564;3,581;93;48;25;14;4;2
436*00;Tageswohnungseinbruchdiebstahl §§ 244 Abs. 1 Nr. 3 und Abs. 4, 244a StGB;W;738;544;23;14;3;2;2;2
436*00;Tageswohnungseinbruchdiebstahl §§ 244 Abs. 1 Nr. 3 und Abs. 4, 244a StGB;X;5,302;4,125;116;62;28;16;6;4
436000;Tageswohnungseinbruch § 244 Abs. 1 Nr. 3 und Abs. 4 StGB von sonstigem Gut;M;4,259;3,343;89;46;24;13;4;2
436000;Tageswohnungseinbruch § 244 Abs. 1 Nr. 3 und Abs. 4 StGB von sonstigem Gut;W;690;506;22;13;3;2;2;2
436000;Tageswohnungseinbruch § 244 Abs. 1 Nr. 3 und Abs. 4 StGB von sonstigem Gut;X;4,949;3,849;111;59;27;15;6;4
436020;Tageswohnungseinbruchdiebstahl bandenmäßig §§ 244 Abs. 4, 244a StGB;M;390;318;2;1;0;1;0;0
436020;Tageswohnungseinbruchdiebstahl bandenmäßig §§ 244 Abs. 4, 244a StGB;W;55;43;0;0;0;0;0;0
436020;Tageswohnungseinbruchdiebstahl bandenmäßig §§ 244 Abs. 4, 244a StGB;X;445;361;2;1;0;1;0;0
436400;Tageswohnungseinbruch § 244 Abs. 1 Nr. 3 und Abs. 4 StGB von Schusswaffen;M;29;25;0;0;0;0;0;0
436400;Tageswohnungseinbruch § 244 Abs. 1 Nr. 3 und Abs. 4 StGB von Schusswaffen;W;3;2;0;0;0;0;0;0
436400;Tageswohnungseinbruch § 244 Abs. 1 Nr. 3 und Abs. 4 StGB von Schusswaffen;X;32;27;0;0;0;0;0;0
436500;Tageswohnungseinbruch § 244 Abs. 1 Nr. 3 und Abs. 4 StGB von unbaren Zahlungsmitteln;M;109;89;1;0;1;0;0;0
436500;Tageswohnungseinbruch § 244 Abs. 1 Nr. 3 und Abs. 4 StGB von unbaren Zahlungsmitteln;W;15;13;1;1;0;0;0;0
436500;Tageswohnungseinbruch § 244 Abs. 1 Nr. 3 und Abs. 4 StGB von unbaren Zahlungsmitteln;X;124;102;2;1;1;0;0;0
436800;Tageswohnungseinbruch § 244 Abs. 1 Nr. 3 und Abs. 4 StGB von Antiquitäten, Kunst- und sakralen Gegenständen;M;8;8;1;1;0;0;0;0
436800;Tageswohnungseinbruch § 244 Abs. 1 Nr. 3 und Abs. 4 StGB von Antiquitäten, Kunst- und sakralen Gegenständen;W;1;1;0;0;0;0;0;0
436800;Tageswohnungseinbruch § 244 Abs. 1 Nr. 3 und Abs. 4 StGB von Antiquitäten, Kunst- und sakralen Gegenständen;X;9;9;1;1;0;0;0;0
440*00;Schwerer Diebstahl in/aus Boden-, Kellerräumen und Waschküchen;M;3,327;2,704;87;32;26;11;10;8
440*00;Schwerer Diebstahl in/aus Boden-, Kellerräumen und Waschküchen;W;438;374;31;15;8;2;2;4
440*00;Schwerer Diebstahl in/aus Boden-, Kellerräumen und Waschküchen;X;3,765;3,078;118;47;34;13;12;12
440000;Schwerer Diebstahl insgesamt in/aus Boden-, Kellerräumen, Waschküchen von sonstigem Gut;M;2,358;1,926;68;24;22;8;9;5
440000;Schwerer Diebstahl insgesamt in/aus Boden-, Kellerräumen, Waschküchen von sonstigem Gut;W;323;278;28;13;8;2;1;4
440000;Schwerer Diebstahl insgesamt in/aus Boden-, Kellerräumen, Waschküchen von sonstigem Gut;X;2,681;2,204;96;37;30;10;10;9
440010;Besonders schwerer Fall des Diebstahls in/aus Boden-, Kellerräumen, Waschküchen von sonstigem Gut;M;2,284;1,870;68;24;22;8;9;5
440010;Besonders schwerer Fall des Diebstahls in/aus Boden-, Kellerräumen, Waschküchen von sonstigem Gut;W;320;275;28;13;8;2;1;4
440010;Besonders schwerer Fall des Diebstahls in/aus Boden-, Kellerräumen, Waschküchen von sonstigem Gut;X;2,604;2,145;96;37;30;10;10;9
440020;Schwerer Diebstahl in/aus Boden-, Kellerräumen, Waschküchen §§ 244 Abs. 1 Nr. 1 und 2, 244a StGB;M;94;75;0;0;0;0;0;0
440020;Schwerer Diebstahl in/aus Boden-, Kellerräumen, Waschküchen §§ 244 Abs. 1 Nr. 1 und 2, 244a StGB;W;7;7;0;0;0;0;0;0
440020;Schwerer Diebstahl in/aus Boden-, Kellerräumen, Waschküchen §§ 244 Abs. 1 Nr. 1 und 2, 244a StGB;X;101;82;0;0;0;0;0;0
440300;Schwerer Diebstahl insgesamt in/aus Boden-, Kellerräumen, Waschküchen von Fahrrädern;M;1,280;1,049;25;10;7;4;1;3
440300;Schwerer Diebstahl insgesamt in/aus Boden-, Kellerräumen, Waschküchen von Fahrrädern;W;143;121;4;3;0;0;1;0
440300;Schwerer Diebstahl insgesamt in/aus Boden-, Kellerräumen, Waschküchen von Fahrrädern;X;1,423;1,170;29;13;7;4;2;3
440310;Besonders schwerer Fall des Diebstahls in/aus Boden-, Kellerräumen, Waschküchen von Fahrrädern;M;1,254;1,032;24;10;7;4;1;2
440310;Besonders schwerer Fall des Diebstahls in/aus Boden-, Kellerräumen, Waschküchen von Fahrrädern;W;140;118;4;3;0;0;1;0
440310;Besonders schwerer Fall des Diebstahls in/aus Boden-, Kellerräumen, Waschküchen von Fahrrädern;X;1,394;1,150;28;13;7;4;2;2
440320;Schwerer Diebstahl in/aus Boden-, Kellerräumen, Waschküchen von Fahrrädern §§ 244 Abs. 1 Nr. 1 und 2, 244a StGB;M;33;23;1;0;0;0;0;1
440320;Schwerer Diebstahl in/aus Boden-, Kellerräumen, Waschküchen von Fahrrädern §§ 244 Abs. 1 Nr. 1 und 2, 244a StGB;W;3;3;0;0;0;0;0;0
440320;Schwerer Diebstahl in/aus Boden-, Kellerräumen, Waschküchen von Fahrrädern §§ 244 Abs. 1 Nr. 1 und 2, 244a StGB;X;36;26;1;0;0;0;0;1
445*00;Schwerer Diebstahl in/aus überwiegend unbezogenen Neu- und Rohbauten, Baubuden und Baustellen;M;1,501;1,203;29;19;5;2;2;1
445*00;Schwerer Diebstahl in/aus überwiegend unbezogenen Neu- und Rohbauten, Baubuden und Baustellen;W;81;61;2;2;0;0;0;0
445*00;Schwerer Diebstahl in/aus überwiegend unbezogenen Neu- und Rohbauten, Baubuden und Baustellen;X;1,582;1,264;31;21;5;2;2;1
445000;Schwerer Diebstahl insgesamt in/aus überwiegend unbezogenen Neu- und Rohbauten, Baubuden und Baustellen von sonstigem Gut;M;1,466;1,174;29;19;5;2;2;1
445000;Schwerer Diebstahl insgesamt in/aus überwiegend unbezogenen Neu- und Rohbauten, Baubuden und Baustellen von sonstigem Gut;W;79;59;2;2;0;0;0;0
445000;Schwerer Diebstahl insgesamt in/aus überwiegend unbezogenen Neu- und Rohbauten, Baubuden und Baustellen von sonstigem Gut;X;1,545;1,233;31;21;5;2;2;1
445010;Besonders schwerer Fall des Diebstahls in/aus überwiegend unbezogenen Neu- und Rohbauten, Baubuden und Baustellen von sonstigem Gut;M;1,325;1,061;27;18;4;2;2;1
445010;Besonders schwerer Fall des Diebstahls in/aus überwiegend unbezogenen Neu- und Rohbauten, Baubuden und Baustellen von sonstigem Gut;W;71;54;1;1;0;0;0;0
445010;Besonders schwerer Fall des Diebstahls in/aus überwiegend unbezogenen Neu- und Rohbauten, Baubuden und Baustellen von sonstigem Gut;X;1,396;1,115;28;19;4;2;2;1
445020;Schwerer Diebstahl in/aus überwiegend unbezogenen Neu- und Rohbauten, Baubuden und Baustellen von sonstigem Gut §§ 244 Abs. 1 Nr. 1 und 2, 244a StGB;M;165;131;2;1;1;0;0;0
445020;Schwerer Diebstahl in/aus überwiegend unbezogenen Neu- und Rohbauten, Baubuden und Baustellen von sonstigem Gut §§ 244 Abs. 1 Nr. 1 und 2, 244a StGB;W;9;6;1;1;0;0;0;0
445020;Schwerer Diebstahl in/aus überwiegend unbezogenen Neu- und Rohbauten, Baubuden und Baustellen von sonstigem Gut §§ 244 Abs. 1 Nr. 1 und 2, 244a StGB;X;174;137;3;2;1;0;0;0
445100;Schwerer Diebstahl insgesamt in/aus überwiegend unbezogenen Neu- und Rohbauten, Baubuden und Baustellen von Kraftwagen;M;30;24;0;0;0;0;0;0
445100;Schwerer Diebstahl insgesamt in/aus überwiegend unbezogenen Neu- und Rohbauten, Baubuden und Baustellen von Kraftwagen;W;1;1;0;0;0;0;0;0
445100;Schwerer Diebstahl insgesamt in/aus überwiegend unbezogenen Neu- und Rohbauten, Baubuden und Baustellen von Kraftwagen;X;31;25;0;0;0;0;0;0
445110;Besonders schwerer Fall des Diebstahls in/aus überwiegend unbezogenen Neu- und Rohbauten, Baubuden und Baustellen von Kraftwagen;M;23;21;0;0;0;0;0;0
445110;Besonders schwerer Fall des Diebstahls in/aus überwiegend unbezogenen Neu- und Rohbauten, Baubuden und Baustellen von Kraftwagen;W;0;0;0;0;0;0;0;0
445110;Besonders schwerer Fall des Diebstahls in/aus überwiegend unbezogenen Neu- und Rohbauten, Baubuden und Baustellen von Kraftwagen;X;23;21;0;0;0;0;0;0
445120;Schwerer Diebstahl in/aus überwiegend unbezogenen Neu- und Rohbauten, Baubuden und Baustellen von Kraftwagen §§ 244 Abs. 1 Nr. 1 und 2, 244a StGB;M;7;3;0;0;0;0;0;0
445120;Schwerer Diebstahl in/aus überwiegend unbezogenen Neu- und Rohbauten, Baubuden und Baustellen von Kraftwagen §§ 244 Abs. 1 Nr. 1 und 2, 244a StGB;W;1;1;0;0;0;0;0;0
445120;Schwerer Diebstahl in/aus überwiegend unbezogenen Neu- und Rohbauten, Baubuden und Baustellen von Kraftwagen §§ 244 Abs. 1 Nr. 1 und 2, 244a StGB;X;8;4;0;0;0;0;0;0
445500;Schwerer Diebstahl insgesamt in/aus überwiegend unbezogenen Neu- und Rohbauten, Baubuden und Baustellen von unbaren Zahlungsmitteln;M;13;10;0;0;0;0;0;0
445500;Schwerer Diebstahl insgesamt in/aus überwiegend unbezogenen Neu- und Rohbauten, Baubuden und Baustellen von unbaren Zahlungsmitteln;W;1;1;0;0;0;0;0;0
445500;Schwerer Diebstahl insgesamt in/aus überwiegend unbezogenen Neu- und Rohbauten, Baubuden und Baustellen von unbaren Zahlungsmitteln;X;14;11;0;0;0;0;0;0
445510;Besonders schwerer Fall des Diebstahls in/aus überwiegend unbezogenen Neu- und Rohbauten, Baubuden und Baustellen von unbaren Zahlungsmitteln;M;3;3;0;0;0;0;0;0
445510;Besonders schwerer Fall des Diebstahls in/aus überwiegend unbezogenen Neu- und Rohbauten, Baubuden und Baustellen von unbaren Zahlungsmitteln;W;1;1;0;0;0;0;0;0
445510;Besonders schwerer Fall des Diebstahls in/aus überwiegend unbezogenen Neu- und Rohbauten, Baubuden und Baustellen von unbaren Zahlungsmitteln;X;4;4;0;0;0;0;0;0
445520;Schwerer Diebstahl in/aus überwiegend unbezogenen Neu- und Rohbauten, Baubuden und Baustellen von unbaren Zahlungsmitteln §§ 244 Abs. 1 Nr. 1 und 2, 244a StGB;M;10;7;0;0;0;0;0;0
445520;Schwerer Diebstahl in/aus überwiegend unbezogenen Neu- und Rohbauten, Baubuden und Baustellen von unbaren Zahlungsmitteln §§ 244 Abs. 1 Nr. 1 und 2, 244a StGB;W;0;0;0;0;0;0;0;0
445520;Schwerer Diebstahl in/aus überwiegend unbezogenen Neu- und Rohbauten, Baubuden und Baustellen von unbaren Zahlungsmitteln §§ 244 Abs. 1 Nr. 1 und 2, 244a StGB;X;10;7;0;0;0;0;0;0
450*00;Schwerer Diebstahl an/aus Kraftfahrzeugen;M;5,526;4,126;55;37;8;6;2;2
450*00;Schwerer Diebstahl an/aus Kraftfahrzeugen;W;367;278;5;3;2;0;0;0
450*00;Schwerer Diebstahl an/aus Kraftfahrzeugen;X;5,893;4,404;60;40;10;6;2;2
450000;Schwerer Diebstahl insgesamt an/aus Kraftfahrzeugen von sonstigem Gut;M;5,313;3,950;51;34;7;6;2;2
450000;Schwerer Diebstahl insgesamt an/aus Kraftfahrzeugen von sonstigem Gut;W;336;254;5;3;2;0;0;0
450000;Schwerer Diebstahl insgesamt an/aus Kraftfahrzeugen von sonstigem Gut;X;5,649;4,204;56;37;9;6;2;2
450010;Besonders schwerer Fall des Diebstahls an/aus Kraftfahrzeugen von sonstigem Gut;M;4,771;3,526;45;28;7;6;2;2
450010;Besonders schwerer Fall des Diebstahls an/aus Kraftfahrzeugen von sonstigem Gut;W;303;228;4;2;2;0;0;0
450010;Besonders schwerer Fall des Diebstahls an/aus Kraftfahrzeugen von sonstigem Gut;X;5,074;3,754;49;30;9;6;2;2
450020;Schwerer Diebstahl an/aus Kraftfahrzeugen von sonstigem Gut §§ 244 Abs. 1 Nr. 1 und 2, 244a StGB;M;690;537;6;6;0;0;0;0
450020;Schwerer Diebstahl an/aus Kraftfahrzeugen von sonstigem Gut §§ 244 Abs. 1 Nr. 1 und 2, 244a StGB;W;41;27;1;1;0;0;0;0
450020;Schwerer Diebstahl an/aus Kraftfahrzeugen von sonstigem Gut §§ 244 Abs. 1 Nr. 1 und 2, 244a StGB;X;731;564;7;7;0;0;0;0
450500;Schwerer Diebstahl aus Kraftfahrzeugen von unbaren Zahlungsmitteln;M;426;347;5;4;1;0;0;0
450500;Schwerer Diebstahl aus Kraftfahrzeugen von unbaren Zahlungsmitteln;W;45;37;0;0;0;0;0;0
450500;Schwerer Diebstahl aus Kraftfahrzeugen von unbaren Zahlungsmitteln;X;471;384;5;4;1;0;0;0
450510;Besonders schwerer Fall des Diebstahls aus Kraftfahrzeugen von unbaren Zahlungsmitteln;M;398;327;4;4;0;0;0;0
450510;Besonders schwerer Fall des Diebstahls aus Kraftfahrzeugen von unbaren Zahlungsmitteln;W;43;35;0;0;0;0;0;0
450510;Besonders schwerer Fall des Diebstahls aus Kraftfahrzeugen von unbaren Zahlungsmitteln;X;441;362;4;4;0;0;0;0
450520;Schwerer Diebstahl aus Kraftfahrzeugen von unbaren Zahlungsmitteln §§ 244 Abs. 1 Nr. 1 und 2, 244a StGB;M;34;25;1;0;1;0;0;0
450520;Schwerer Diebstahl aus Kraftfahrzeugen von unbaren Zahlungsmitteln §§ 244 Abs. 1 Nr. 1 und 2, 244a StGB;W;2;2;0;0;0;0;0;0
450520;Schwerer Diebstahl aus Kraftfahrzeugen von unbaren Zahlungsmitteln §§ 244 Abs. 1 Nr. 1 und 2, 244a StGB;X;36;27;1;0;1;0;0;0
471000;Schwerer Diebstahl von Betäubungsmitteln aus Apotheken;M;38;33;0;0;0;0;0;0
471000;Schwerer Diebstahl von Betäubungsmitteln aus Apotheken;W;3;3;0;0;0;0;0;0
471000;Schwerer Diebstahl von Betäubungsmitteln aus Apotheken;X;41;36;0;0;0;0;0;0
471010;Besonders schwerer Fall des Diebstahls von Betäubungsmitteln aus Apotheken;M;34;29;0;0;0;0;0;0
471010;Besonders schwerer Fall des Diebstahls von Betäubungsmitteln aus Apotheken;W;3;3;0;0;0;0;0;0
471010;Besonders schwerer Fall des Diebstahls von Betäubungsmitteln aus Apotheken;X;37;32;0;0;0;0;0;0
471020;Schwerer Diebstahl von Betäubungsmitteln aus Apotheken §§ 244 Abs. 1 Nr. 1 und 2, 244a StGB;M;5;4;0;0;0;0;0;0
471020;Schwerer Diebstahl von Betäubungsmitteln aus Apotheken §§ 244 Abs. 1 Nr. 1 und 2, 244a StGB;W;0;0;0;0;0;0;0;0
471020;Schwerer Diebstahl von Betäubungsmitteln aus Apotheken §§ 244 Abs. 1 Nr. 1 und 2, 244a StGB;X;5;4;0;0;0;0;0;0
472000;Schwerer Diebstahl von Betäubungsmitteln aus Arztpraxen;M;19;16;0;0;0;0;0;0
472000;Schwerer Diebstahl von Betäubungsmitteln aus Arztpraxen;W;3;3;0;0;0;0;0;0
472000;Schwerer Diebstahl von Betäubungsmitteln aus Arztpraxen;X;22;19;0;0;0;0;0;0
472010;Besonders schwerer Fall des Diebstahls von Betäubungsmitteln aus Arztpraxen;M;17;14;0;0;0;0;0;0
472010;Besonders schwerer Fall des Diebstahls von Betäubungsmitteln aus Arztpraxen;W;2;2;0;0;0;0;0;0
472010;Besonders schwerer Fall des Diebstahls von Betäubungsmitteln aus Arztpraxen;X;19;16;0;0;0;0;0;0
472020;Schwerer Diebstahl von Betäubungsmitteln aus Arztpraxen §§ 244 Abs. 1 Nr. 1 und 2, 244a StGB;M;3;3;0;0;0;0;0;0
472020;Schwerer Diebstahl von Betäubungsmitteln aus Arztpraxen §§ 244 Abs. 1 Nr. 1 und 2, 244a StGB;W;1;1;0;0;0;0;0;0
472020;Schwerer Diebstahl von Betäubungsmitteln aus Arztpraxen §§ 244 Abs. 1 Nr. 1 und 2, 244a StGB;X;4;4;0;0;0;0;0;0
473000;Schwerer Diebstahl von Betäubungsmitteln aus Krankenhäusern;M;12;10;0;0;0;0;0;0
473000;Schwerer Diebstahl von Betäubungsmitteln aus Krankenhäusern;W;10;10;0;0;0;0;0;0
473000;Schwerer Diebstahl von Betäubungsmitteln aus Krankenhäusern;X;22;20;0;0;0;0;0;0
473010;Besonders schwerer Fall des Diebstahls von Betäubungsmitteln aus Krankenhäusern;M;10;8;0;0;0;0;0;0
473010;Besonders schwerer Fall des Diebstahls von Betäubungsmitteln aus Krankenhäusern;W;10;10;0;0;0;0;0;0
473010;Besonders schwerer Fall des Diebstahls von Betäubungsmitteln aus Krankenhäusern;X;20;18;0;0;0;0;0;0
473020;Schwerer Diebstahl von Betäubungsmitteln aus Krankenhäusern gemäß §§ 244 Abs. 1 Nr. 1 und 2, 244a StGB;M;2;2;0;0;0;0;0;0
473020;Schwerer Diebstahl von Betäubungsmitteln aus Krankenhäusern gemäß §§ 244 Abs. 1 Nr. 1 und 2, 244a StGB;W;0;0;0;0;0;0;0;0
473020;Schwerer Diebstahl von Betäubungsmitteln aus Krankenhäusern gemäß §§ 244 Abs. 1 Nr. 1 und 2, 244a StGB;X;2;2;0;0;0;0;0;0
474000;Schwerer Diebstahl von Betäubungsmitteln bei Herstellern und Großhändlern;M;0;0;0;0;0;0;0;0
474000;Schwerer Diebstahl von Betäubungsmitteln bei Herstellern und Großhändlern;W;0;0;0;0;0;0;0;0
474000;Schwerer Diebstahl von Betäubungsmitteln bei Herstellern und Großhändlern;X;0;0;0;0;0;0;0;0
474010;Besonders schwerer Fall des Diebstahls von Betäubungsmitteln bei Herstellern und Großhändlern;M;0;0;0;0;0;0;0;0
474010;Besonders schwerer Fall des Diebstahls von Betäubungsmitteln bei Herstellern und Großhändlern;W;0;0;0;0;0;0;0;0
474010;Besonders schwerer Fall des Diebstahls von Betäubungsmitteln bei Herstellern und Großhändlern;X;0;0;0;0;0;0;0;0
474020;Schwerer Diebstahl von Betäubungsmitteln bei Herstellern und Großhändlern §§ 244 Abs. 1 Nr. 1 und 2, 244a StGB;M;0;0;0;0;0;0;0;0
474020;Schwerer Diebstahl von Betäubungsmitteln bei Herstellern und Großhändlern §§ 244 Abs. 1 Nr. 1 und 2, 244a StGB;W;0;0;0;0;0;0;0;0
474020;Schwerer Diebstahl von Betäubungsmitteln bei Herstellern und Großhändlern §§ 244 Abs. 1 Nr. 1 und 2, 244a StGB;X;0;0;0;0;0;0;0;0
475000;Schwerer Diebstahl von Rezeptformularen zur Erlangung von Betäubungsmitteln;M;5;5;1;1;0;0;0;0
475000;Schwerer Diebstahl von Rezeptformularen zur Erlangung von Betäubungsmitteln;W;2;2;0;0;0;0;0;0
475000;Schwerer Diebstahl von Rezeptformularen zur Erlangung von Betäubungsmitteln;X;7;7;1;1;0;0;0;0
475010;Besonders schwerer Fall des Diebstahls von Rezeptformularen zur Erlangung von Betäubungsmitteln;M;4;4;1;1;0;0;0;0
475010;Besonders schwerer Fall des Diebstahls von Rezeptformularen zur Erlangung von Betäubungsmitteln;W;2;2;0;0;0;0;0;0
475010;Besonders schwerer Fall des Diebstahls von Rezeptformularen zur Erlangung von Betäubungsmitteln;X;6;6;1;1;0;0;0;0
475020;Schwerer Diebstahl von Rezeptformularen zur Erlangung von Betäubungsmitteln §§ 244 Abs. 1 Nr. 1 und 2, 244a StGB;M;1;1;0;0;0;0;0;0
475020;Schwerer Diebstahl von Rezeptformularen zur Erlangung von Betäubungsmitteln §§ 244 Abs. 1 Nr. 1 und 2, 244a StGB;W;0;0;0;0;0;0;0;0
475020;Schwerer Diebstahl von Rezeptformularen zur Erlangung von Betäubungsmitteln §§ 244 Abs. 1 Nr. 1 und 2, 244a StGB;X;1;1;0;0;0;0;0;0
490000;Schwerer Taschendiebstahl insgesamt von sonstigem Gut;M;627;452;10;5;5;0;0;0
490000;Schwerer Taschendiebstahl insgesamt von sonstigem Gut;W;233;170;2;1;1;0;0;0
490000;Schwerer Taschendiebstahl insgesamt von sonstigem Gut;X;860;622;12;6;6;0;0;0
490010;Besonders schwerer Fall des Taschendiebstahl von sonstigem Gut;M;467;337;8;4;4;0;0;0
490010;Besonders schwerer Fall des Taschendiebstahl von sonstigem Gut;W;172;125;1;0;1;0;0;0
490010;Besonders schwerer Fall des Taschendiebstahl von sonstigem Gut;X;639;462;9;4;5;0;0;0
490020;Schwerer Taschendiebstahl von sonstigem Gut §§ 244 Abs. 1 Nr. 1 und 2, 244a StGB;M;197;143;2;1;1;0;0;0
490020;Schwerer Taschendiebstahl von sonstigem Gut §§ 244 Abs. 1 Nr. 1 und 2, 244a StGB;W;91;67;1;1;0;0;0;0
490020;Schwerer Taschendiebstahl von sonstigem Gut §§ 244 Abs. 1 Nr. 1 und 2, 244a StGB;X;288;210;3;2;1;0;0;0
490500;Schwerer Taschendiebstahl von unbaren Zahlungsmitteln;M;129;101;4;3;1;0;0;0
490500;Schwerer Taschendiebstahl von unbaren Zahlungsmitteln;W;94;66;0;0;0;0;0;0
490500;Schwerer Taschendiebstahl von unbaren Zahlungsmitteln;X;223;167;4;3;1;0;0;0
490510;Besonders schwerer Fall des Taschendiebstahl von unbaren Zahlungsmitteln;M;95;76;3;2;1;0;0;0
490510;Besonders schwerer Fall des Taschendiebstahl von unbaren Zahlungsmitteln;W;68;47;0;0;0;0;0;0
490510;Besonders schwerer Fall des Taschendiebstahl von unbaren Zahlungsmitteln;X;163;123;3;2;1;0;0;0
490520;Schwerer Taschendiebstahl von unbaren Zahlungsmitteln §§ 244 Abs. 1 Nr. 1 und 2, 244a StGB;M;36;27;1;1;0;0;0;0
490520;Schwerer Taschendiebstahl von unbaren Zahlungsmitteln §§ 244 Abs. 1 Nr. 1 und 2, 244a StGB;W;31;23;0;0;0;0;0;0
490520;Schwerer Taschendiebstahl von unbaren Zahlungsmitteln §§ 244 Abs. 1 Nr. 1 und 2, 244a StGB;X;67;50;1;1;0;0;0;0
****00;Diebstahl insgesamt und zwar:;M;263,566;184,039;17,640;6,022;4,251;2,873;2,547;1,947
****00;Diebstahl insgesamt und zwar:;W;113,859;73,891;13,253;3,791;3,052;2,196;2,176;2,038
****00;Diebstahl insgesamt und zwar:;X;377,425;257,930;30,893;9,813;7,303;5,069;4,723;3,985
***100;Diebstahl insgesamt von Kraftwagen einschl. unbefugte Ingebrauchnahme;M;7,557;5,613;141;84;30;16;7;4
***100;Diebstahl insgesamt von Kraftwagen einschl. unbefugte Ingebrauchnahme;W;694;524;23;8;5;5;4;1
***100;Diebstahl insgesamt von Kraftwagen einschl. unbefugte Ingebrauchnahme;X;8,251;6,137;164;92;35;21;11;5
***200;Diebstahl insgesamt von Mopeds und Krafträdern einschl. unbefugte Ingebrauchnahme;M;4,036;1,590;30;14;5;8;2;1
***200;Diebstahl insgesamt von Mopeds und Krafträdern einschl. unbefugte Ingebrauchnahme;W;158;81;0;0;0;0;0;0
***200;Diebstahl insgesamt von Mopeds und Krafträdern einschl. unbefugte Ingebrauchnahme;X;4,194;1,671;30;14;5;8;2;1
***300;Diebstahl insgesamt von Fahrrädern einschl. unbefugte Ingebrauchnahme;M;19,912;11,859;368;168;93;45;40;22
***300;Diebstahl insgesamt von Fahrrädern einschl. unbefugte Ingebrauchnahme;W;1,718;1,108;45;18;12;5;6;4
***300;Diebstahl insgesamt von Fahrrädern einschl. unbefugte Ingebrauchnahme;X;21,630;12,967;413;186;105;50;46;26
***400;Diebstahl insgesamt von Schusswaffen;M;298;217;5;0;3;1;1;0
***400;Diebstahl insgesamt von Schusswaffen;W;46;30;3;1;0;2;0;0
***400;Diebstahl insgesamt von Schusswaffen;X;344;247;8;1;3;3;1;0
***500;Diebstahl insgesamt von unbaren Zahlungsmitteln;M;5,674;4,401;141;75;37;21;4;4
***500;Diebstahl insgesamt von unbaren Zahlungsmitteln;W;1,931;1,519;116;49;30;25;8;4
***500;Diebstahl insgesamt von unbaren Zahlungsmitteln;X;7,605;5,920;257;124;67;46;12;8
***700;Diebstahl insgesamt von/aus Automaten;M;2,495;1,488;45;13;9;11;7;5
***700;Diebstahl insgesamt von/aus Automaten;W;281;201;27;10;8;4;2;3
***700;Diebstahl insgesamt von/aus Automaten;X;2,776;1,689;72;23;17;15;9;8
***800;Diebstahl insgesamt von Antiquitäten, Kunst- und sakralen Gegenständen;M;246;192;21;8;5;2;5;1
***800;Diebstahl insgesamt von Antiquitäten, Kunst- und sakralen Gegenständen;W;59;57;14;9;1;1;3;0
***800;Diebstahl insgesamt von Antiquitäten, Kunst- und sakralen Gegenständen;X;305;249;35;17;6;3;8;1
*05*00;Diebstahl insgesamt in/aus Banken, Sparkassen, Postfilialen und -agenturen und dergleichen;M;918;830;93;26;36;10;14;7
*05*00;Diebstahl insgesamt in/aus Banken, Sparkassen, Postfilialen und -agenturen und dergleichen;W;372;345;67;22;17;12;11;5
*05*00;Diebstahl insgesamt in/aus Banken, Sparkassen, Postfilialen und -agenturen und dergleichen;X;1,290;1,175;160;48;53;22;25;12
*10*00;Diebstahl insgesamt in/aus Dienst-, Büro-, Fabrikations-, Werkstatt- und Lagerräumen;M;15,096;10,756;354;185;89;32;36;12
*10*00;Diebstahl insgesamt in/aus Dienst-, Büro-, Fabrikations-, Werkstatt- und Lagerräumen;W;2,516;1,872;99;54;22;10;7;6
*10*00;Diebstahl insgesamt in/aus Dienst-, Büro-, Fabrikations-, Werkstatt- und Lagerräumen;X;17,612;12,628;453;239;111;42;43;18
*15*00;Diebstahl insgesamt in/aus Gaststätten, Kantinen, Hotels und Pensionen;M;6,111;4,651;107;53;26;20;5;3
*15*00;Diebstahl insgesamt in/aus Gaststätten, Kantinen, Hotels und Pensionen;W;1,103;891;36;16;9;5;5;1
*15*00;Diebstahl insgesamt in/aus Gaststätten, Kantinen, Hotels und Pensionen;X;7,214;5,542;143;69;35;25;10;4
*25*00;Diebstahl insgesamt in/aus Kiosken, Warenhäusern, Verkaufsräumen, Selbstbedienungsläden, Schaufenstern, Schaukästen und Vitrinen darunter:;M;148,188;100,375;11,991;3,598;2,777;2,066;1,993;1,557
*25*00;Diebstahl insgesamt in/aus Kiosken, Warenhäusern, Verkaufsräumen, Selbstbedienungsläden, Schaufenstern, Schaukästen und Vitrinen darunter:;W;84,890;51,144;10,860;2,807;2,449;1,840;1,907;1,857
*25*00;Diebstahl insgesamt in/aus Kiosken, Warenhäusern, Verkaufsräumen, Selbstbedienungsläden, Schaufenstern, Schaukästen und Vitrinen darunter:;X;233,078;151,519;22,851;6,405;5,226;3,906;3,900;3,414
*26*00;Ladendiebstahl insgesamt;M;140,650;95,192;11,666;3,492;2,691;2,001;1,946;1,536
*26*00;Ladendiebstahl insgesamt;W;82,554;49,507;10,616;2,719;2,398;1,808;1,874;1,817
*26*00;Ladendiebstahl insgesamt;X;223,204;144,699;22,282;6,211;5,089;3,809;3,820;3,353
*35*00;Diebstahl insgesamt in/aus Wohnungen;M;23,613;18,363;928;425;243;124;76;60
*35*00;Diebstahl insgesamt in/aus Wohnungen;W;9,016;7,303;701;322;179;83;74;43
*35*00;Diebstahl insgesamt in/aus Wohnungen;X;32,629;25,666;1,629;747;422;207;150;103
*40*00;Diebstahl insgesamt in/aus Boden-, Kellerräumen und Waschküchen;M;4,726;3,783;205;81;56;24;27;17
*40*00;Diebstahl insgesamt in/aus Boden-, Kellerräumen und Waschküchen;W;799;695;64;20;21;7;8;8
*40*00;Diebstahl insgesamt in/aus Boden-, Kellerräumen und Waschküchen;X;5,525;4,478;269;101;77;31;35;25
*45*00;Diebstahl insgesamt in/aus überwiegend unbezogenen Neu- und Rohbauten, Baubuden und Baustellen;M;2,981;2,376;106;58;24;12;6;6
*45*00;Diebstahl insgesamt in/aus überwiegend unbezogenen Neu- und Rohbauten, Baubuden und Baustellen;W;210;146;12;4;3;0;1;4
*45*00;Diebstahl insgesamt in/aus überwiegend unbezogenen Neu- und Rohbauten, Baubuden und Baustellen;X;3,191;2,522;118;62;27;12;7;10
*50*00;Diebstahl insgesamt an/aus Kraftfahrzeugen;M;12,673;9,249;227;123;49;31;18;6
*50*00;Diebstahl insgesamt an/aus Kraftfahrzeugen;W;1,129;857;17;8;5;1;1;2
*50*00;Diebstahl insgesamt an/aus Kraftfahrzeugen;X;13,802;10,106;244;131;54;32;19;8
*71000;Diebstahl insgesamt von Betäubungsmitteln aus Apotheken;M;48;42;1;0;1;0;0;0
*71000;Diebstahl insgesamt von Betäubungsmitteln aus Apotheken;W;6;5;0;0;0;0;0;0
*71000;Diebstahl insgesamt von Betäubungsmitteln aus Apotheken;X;54;47;1;0;1;0;0;0
*72000;Diebstahl insgesamt von Betäubungsmitteln aus Arztpraxen;M;30;26;0;0;0;0;0;0
*72000;Diebstahl insgesamt von Betäubungsmitteln aus Arztpraxen;W;4;4;0;0;0;0;0;0
*72000;Diebstahl insgesamt von Betäubungsmitteln aus Arztpraxen;X;34;30;0;0;0;0;0;0
*73000;Diebstahl insgesamt von Betäubungsmitteln aus Krankenhäusern;M;91;81;1;1;0;0;0;0
*73000;Diebstahl insgesamt von Betäubungsmitteln aus Krankenhäusern;W;47;44;1;1;0;0;0;0
*73000;Diebstahl insgesamt von Betäubungsmitteln aus Krankenhäusern;X;138;125;2;2;0;0;0;0
*74000;Diebstahl insgesamt von Betäubungsmitteln bei Herstellern und Großhändlern;M;4;3;0;0;0;0;0;0
*74000;Diebstahl insgesamt von Betäubungsmitteln bei Herstellern und Großhändlern;W;3;2;0;0;0;0;0;0
*74000;Diebstahl insgesamt von Betäubungsmitteln bei Herstellern und Großhändlern;X;7;5;0;0;0;0;0;0
*75000;Diebstahl insgesamt von Rezeptformularen zur Erlangung von Betäubungsmitteln;M;42;40;1;1;0;0;0;0
*75000;Diebstahl insgesamt von Rezeptformularen zur Erlangung von Betäubungsmitteln;W;15;15;0;0;0;0;0;0
*75000;Diebstahl insgesamt von Rezeptformularen zur Erlangung von Betäubungsmitteln;X;57;55;1;1;0;0;0;0
*90*00;Taschendiebstahl insgesamt;M;3,333;2,381;74;35;23;5;7;4
*90*00;Taschendiebstahl insgesamt;W;1,148;824;36;16;11;7;1;1
*90*00;Taschendiebstahl insgesamt;X;4,481;3,205;110;51;34;12;8;5
500000;Vermögens- und Fälschungsdelikte;M;326,144;281,342;19,031;8,829;5,025;2,625;1,631;921
500000;Vermögens- und Fälschungsdelikte;W;132,866;113,143;7,989;3,605;2,140;1,046;721;477
500000;Vermögens- und Fälschungsdelikte;X;459,010;394,485;27,020;12,434;7,165;3,671;2,352;1,398
510000;Betrug §§ 263, 263a, 264, 264a, 265, 265a-e StGB;M;246,976;210,926;13,214;6,169;3,483;1,827;1,119;616
510000;Betrug §§ 263, 263a, 264, 264a, 265, 265a-e StGB;W;107,553;90,705;5,671;2,573;1,523;735;515;325
510000;Betrug §§ 263, 263a, 264, 264a, 265, 265a-e StGB;X;354,529;301,631;18,885;8,742;5,006;2,562;1,634;941
511000;Waren- und Warenkreditbetrug;M;71,649;65,185;5,060;2,162;1,283;741;543;331
511000;Waren- und Warenkreditbetrug;W;36,810;33,638;1,913;852;503;249;183;126
511000;Waren- und Warenkreditbetrug;X;108,459;98,823;6,973;3,014;1,786;990;726;457
511100;Betrügerisches Erlangen von Kfz §§ 263, 263a StGB;M;1,270;1,175;62;30;23;7;1;1
511100;Betrügerisches Erlangen von Kfz §§ 263, 263a StGB;W;203;189;12;8;4;0;0;0
511100;Betrügerisches Erlangen von Kfz §§ 263, 263a StGB;X;1,473;1,364;74;38;27;7;1;1
511110;Betrügerisches Erlangen von Kfz § 263 StGB;M;1,235;1,148;62;30;23;7;1;1
511110;Betrügerisches Erlangen von Kfz § 263 StGB;W;197;183;12;8;4;0;0;0
511110;Betrügerisches Erlangen von Kfz § 263 StGB;X;1,432;1,331;74;38;27;7;1;1
511120;Betrügerisches Erlangen von Kfz § 263a StGB;M;43;34;1;1;0;0;0;0
511120;Betrügerisches Erlangen von Kfz § 263a StGB;W;6;6;0;0;0;0;0;0
511120;Betrügerisches Erlangen von Kfz § 263a StGB;X;49;40;1;1;0;0;0;0
511200;Sonstiger Warenkreditbetrug;M;41,618;38,792;3,856;1,570;965;563;468;290
511200;Sonstiger Warenkreditbetrug;W;21,917;20,419;1,358;572;368;186;138;94
511200;Sonstiger Warenkreditbetrug;X;63,535;59,211;5,214;2,142;1,333;749;606;384
511201;Tankbetrug;M;20,651;19,906;2,903;1,112;704;444;391;252
511201;Tankbetrug;W;5,805;5,692;821;317;205;125;99;75
511201;Tankbetrug;X;26,456;25,598;3,724;1,429;909;569;490;327
511210;Weitere Arten des Warenkreditbetruges §§ 263, 263a StGB;M;21,276;19,165;958;460;263;120;77;38
511210;Weitere Arten des Warenkreditbetruges §§ 263, 263a StGB;W;16,189;14,797;538;256;163;61;39;19
511210;Weitere Arten des Warenkreditbetruges §§ 263, 263a StGB;X;37,465;33,962;1,496;716;426;181;116;57
511211;Weitere Arten des Warenkreditbetruges § 263 StGB;M;17,020;15,464;783;381;211;98;63;30
511211;Weitere Arten des Warenkreditbetruges § 263 StGB;W;13,133;12,010;449;214;136;48;35;16
511211;Weitere Arten des Warenkreditbetruges § 263 StGB;X;30,153;27,474;1,232;595;347;146;98;46
511212;Weitere Arten des Warenkreditbetruges § 263a StGB;M;5,078;4,416;197;92;59;23;15;8
511212;Weitere Arten des Warenkreditbetruges § 263a StGB;W;3,509;3,199;97;46;31;13;4;3
511212;Weitere Arten des Warenkreditbetruges § 263a StGB;X;8,587;7,615;294;138;90;36;19;11
511300;Warenbetrug;M;31,461;27,572;1,183;585;305;176;77;40
511300;Warenbetrug;W;15,978;14,155;552;276;136;63;45;32
511300;Warenbetrug;X;47,439;41,727;1,735;861;441;239;122;72
513000;Kapitalanlage- und Anlagebetrug;M;552;542;94;48;27;14;3;2
513000;Kapitalanlage- und Anlagebetrug;W;76;75;11;7;4;0;0;0
513000;Kapitalanlage- und Anlagebetrug;X;628;617;105;55;31;14;3;2
513100;Prospektbetrug (Kapitalanlagebetrug) § 264a StGB;M;23;23;8;6;2;0;0;0
513100;Prospektbetrug (Kapitalanlagebetrug) § 264a StGB;W;2;2;0;0;0;0;0;0
513100;Prospektbetrug (Kapitalanlagebetrug) § 264a StGB;X;25;25;8;6;2;0;0;0
513200;Anlagebetrug § 263 StGB;M;539;529;91;46;26;14;3;2
513200;Anlagebetrug § 263 StGB;W;74;73;11;7;4;0;0;0
513200;Anlagebetrug § 263 StGB;X;613;602;102;53;30;14;3;2
514000;Geldkreditbetrug;M;2,506;2,395;164;88;42;23;7;4
514000;Geldkreditbetrug;W;1,062;1,002;61;32;17;4;5;3
514000;Geldkreditbetrug;X;3,568;3,397;225;120;59;27;12;7
514100;Kreditbetrug § 265b StGB (im geschäftlichen Verkehr);M;84;80;7;2;3;1;1;0
514100;Kreditbetrug § 265b StGB (im geschäftlichen Verkehr);W;32;29;1;0;0;1;0;0
514100;Kreditbetrug § 265b StGB (im geschäftlichen Verkehr);X;116;109;8;2;3;2;1;0
514200;Subventionsbetrug § 264 StGB;M;312;306;47;28;6;8;3;2
514200;Subventionsbetrug § 264 StGB;W;132;131;15;8;5;0;1;1
514200;Subventionsbetrug § 264 StGB;X;444;437;62;36;11;8;4;3
514300;Krediterlangungsbetrug § 263 StGB;M;2,115;2,013;110;58;33;14;3;2
514300;Krediterlangungsbetrug § 263 StGB;W;899;843;45;24;12;3;4;2
514300;Krediterlangungsbetrug § 263 StGB;X;3,014;2,856;155;82;45;17;7;4
515000;Erschleichen von Leistungen § 265a StGB;M;97,017;76,169;1,940;1,108;480;215;96;41
515000;Erschleichen von Leistungen § 265a StGB;W;33,430;23,888;806;402;221;94;57;32
515000;Erschleichen von Leistungen § 265a StGB;X;130,447;100,057;2,746;1,510;701;309;153;73
515001;Beförderungserschleichung;M;95,414;75,110;1,888;1,084;467;207;92;38
515001;Beförderungserschleichung;W;32,891;23,555;789;395;217;88;57;32
515001;Beförderungserschleichung;X;128,305;98,665;2,677;1,479;684;295;149;70
515079;Sonstiges Erschleichen von Leistungen;M;2,046;1,358;67;34;15;8;6;4
515079;Sonstiges Erschleichen von Leistungen;W;667;408;20;9;4;6;1;0
515079;Sonstiges Erschleichen von Leistungen;X;2,713;1,766;87;43;19;14;7;4
516000;Betrug bzw. Computerbetrug mittels rechtswidrig erlangter unbarer Zahlungsmittel;M;7,616;6,141;250;114;72;32;23;9
516000;Betrug bzw. Computerbetrug mittels rechtswidrig erlangter unbarer Zahlungsmittel;W;3,146;2,641;137;65;42;23;6;1
516000;Betrug bzw. Computerbetrug mittels rechtswidrig erlangter unbarer Zahlungsmittel;X;10,762;8,782;387;179;114;55;29;10
516200;Betrug mittels rechtswidrig erlangter Zahlungskarten ohne PIN (Lastschriftverfahren);M;1,102;898;17;5;8;2;2;0
516200;Betrug mittels rechtswidrig erlangter Zahlungskarten ohne PIN (Lastschriftverfahren);W;420;362;9;5;1;2;1;0
516200;Betrug mittels rechtswidrig erlangter Zahlungskarten ohne PIN (Lastschriftverfahren);X;1,522;1,260;26;10;9;4;3;0
516300;Computerbetrug mittels rechtswidrig erlangter Zahlungskarten mit PIN § 263a StGB;M;2,886;2,345;99;53;26;11;4;5
516300;Computerbetrug mittels rechtswidrig erlangter Zahlungskarten mit PIN § 263a StGB;W;1,328;1,105;84;43;26;11;3;1
516300;Computerbetrug mittels rechtswidrig erlangter Zahlungskarten mit PIN § 263a StGB;X;4,214;3,450;183;96;52;22;7;6
516500;Betrug bzw. Computerbetrug mittels rechtswidrig erlangter Daten von Zahlungskarten §§ 263, 263a StGB;M;2,582;2,081;101;41;25;17;14;4
516500;Betrug bzw. Computerbetrug mittels rechtswidrig erlangter Daten von Zahlungskarten §§ 263, 263a StGB;W;1,059;902;30;13;10;6;1;0
516500;Betrug bzw. Computerbetrug mittels rechtswidrig erlangter Daten von Zahlungskarten §§ 263, 263a StGB;X;3,641;2,983;131;54;35;23;15;4
516510;Betrug mittels rechtswidrig erlangter Daten von Zahlungskarten § 263 StGB;M;1,221;1,009;51;20;15;8;5;3
516510;Betrug mittels rechtswidrig erlangter Daten von Zahlungskarten § 263 StGB;W;524;440;17;8;4;5;0;0
516510;Betrug mittels rechtswidrig erlangter Daten von Zahlungskarten § 263 StGB;X;1,745;1,449;68;28;19;13;5;3
516520;Computerbetrug mittels rechtswidrig erlangter Daten von Zahlungskarten § 263a StGB;M;1,471;1,168;58;23;12;10;12;1
516520;Computerbetrug mittels rechtswidrig erlangter Daten von Zahlungskarten § 263a StGB;W;563;487;14;6;6;1;1;0
516520;Computerbetrug mittels rechtswidrig erlangter Daten von Zahlungskarten § 263a StGB;X;2,034;1,655;72;29;18;11;13;1
516900;Betrug bzw. Computerbetrug mittels rechtswidrig erlangter sonstiger unbarer Zahlungsmittel §§ 263, 263a StGB;M;1,606;1,290;43;23;15;2;3;0
516900;Betrug bzw. Computerbetrug mittels rechtswidrig erlangter sonstiger unbarer Zahlungsmittel §§ 263, 263a StGB;W;514;434;19;7;6;4;2;0
516900;Betrug bzw. Computerbetrug mittels rechtswidrig erlangter sonstiger unbarer Zahlungsmittel §§ 263, 263a StGB;X;2,120;1,724;62;30;21;6;5;0
516910;Betrug mittels rechtswidrig erlangter sonstiger unbarer Zahlungsmittel § 263 StGB;M;894;732;21;10;10;1;0;0
516910;Betrug mittels rechtswidrig erlangter sonstiger unbarer Zahlungsmittel § 263 StGB;W;303;260;14;5;3;4;2;0
516910;Betrug mittels rechtswidrig erlangter sonstiger unbarer Zahlungsmittel § 263 StGB;X;1,197;992;35;15;13;5;2;0
516920;Computerbetrug mittels rechtswidrig erlangter sonstiger unbarer Zahlungsmittel § 263a StGB;M;742;585;22;13;5;1;3;0
516920;Computerbetrug mittels rechtswidrig erlangter sonstiger unbarer Zahlungsmittel § 263a StGB;W;217;179;5;2;3;0;0;0
516920;Computerbetrug mittels rechtswidrig erlangter sonstiger unbarer Zahlungsmittel § 263a StGB;X;959;764;27;15;8;1;3;0
517000;Sonstiger Betrug;M;84,143;74,209;6,143;2,882;1,700;853;473;235
517000;Sonstiger Betrug;W;38,602;33,979;2,844;1,265;773;370;271;165
517000;Sonstiger Betrug;X;122,745;108,188;8,987;4,147;2,473;1,223;744;400
517100;Leistungsbetrug;M;7,757;7,157;536;262;155;71;38;10
517100;Leistungsbetrug;W;2,253;2,041;189;92;51;23;14;9
517100;Leistungsbetrug;X;10,010;9,198;725;354;206;94;52;19
517200;Leistungskreditbetrug §§ 263, 263a StGB;M;11,462;10,433;785;379;208;122;55;21
517200;Leistungskreditbetrug §§ 263, 263a StGB;W;5,451;5,033;322;147;91;42;25;17
517200;Leistungskreditbetrug §§ 263, 263a StGB;X;16,913;15,466;1,107;526;299;164;80;38
517210;Leistungskreditbetrug § 263 StGB;M;10,418;9,531;766;370;203;120;53;20
517210;Leistungskreditbetrug § 263 StGB;W;5,013;4,633;313;143;87;42;25;16
517210;Leistungskreditbetrug § 263 StGB;X;15,431;14,164;1,079;513;290;162;78;36
517220;Leistungskreditbetrug § 263a StGB;M;1,167;1,005;22;11;6;2;2;1
517220;Leistungskreditbetrug § 263a StGB;W;476;433;11;5;4;1;0;1
517220;Leistungskreditbetrug § 263a StGB;X;1,643;1,438;33;16;10;3;2;2
517400;Betrug z.N.v. Versicherungen und Versicherungsmissbrauch §§ 263, 265 StGB;M;2,236;2,145;197;89;48;33;17;10
517400;Betrug z.N.v. Versicherungen und Versicherungsmissbrauch §§ 263, 265 StGB;W;744;718;76;35;19;8;11;3
517400;Betrug z.N.v. Versicherungen und Versicherungsmissbrauch §§ 263, 265 StGB;X;2,980;2,863;273;124;67;41;28;13
517410;Betrug zum Nachteil von Versicherungen;M;2,157;2,071;192;88;47;30;17;10
517410;Betrug zum Nachteil von Versicherungen;W;727;701;76;35;19;8;11;3
517410;Betrug zum Nachteil von Versicherungen;X;2,884;2,772;268;123;66;38;28;13
517420;Versicherungsmissbrauch;M;84;79;6;2;1;3;0;0
517420;Versicherungsmissbrauch;W;17;17;0;0;0;0;0;0
517420;Versicherungsmissbrauch;X;101;96;6;2;1;3;0;0
517500;Computerbetrug (sonstiger) § 263a StGB (soweit nicht unter den Schlüsseln 511120, 511212, 516300, 516520, 516920, 517220, 517900, 518112 bzw. 518302 zu erfassen);M;3,013;2,637;163;80;48;20;11;4
517500;Computerbetrug (sonstiger) § 263a StGB (soweit nicht unter den Schlüsseln 511120, 511212, 516300, 516520, 516920, 517220, 517900, 518112 bzw. 518302 zu erfassen);W;1,192;1,075;50;24;13;5;5;3
517500;Computerbetrug (sonstiger) § 263a StGB (soweit nicht unter den Schlüsseln 511120, 511212, 516300, 516520, 516920, 517220, 517900, 518112 bzw. 518302 zu erfassen);X;4,205;3,712;213;104;61;25;16;7
517510;Computerbetrug (sonstiger) § 263a Abs. 1 und 2 StGB;M;3,009;2,633;163;80;48;20;11;4
517510;Computerbetrug (sonstiger) § 263a Abs. 1 und 2 StGB;W;1,189;1,072;49;24;13;5;4;3
517510;Computerbetrug (sonstiger) § 263a Abs. 1 und 2 StGB;X;4,198;3,705;212;104;61;25;15;7
517520;Vorbereitung des Computerbetruges § 263a Abs. 3 StGB;M;5;4;0;0;0;0;0;0
517520;Vorbereitung des Computerbetruges § 263a Abs. 3 StGB;W;3;3;1;0;0;0;1;0
517520;Vorbereitung des Computerbetruges § 263a Abs. 3 StGB;X;8;7;1;0;0;0;1;0
517600;Provisionsbetrug;M;467;451;23;10;6;4;3;0
517600;Provisionsbetrug;W;68;65;4;1;1;2;0;0
517600;Provisionsbetrug;X;535;516;27;11;7;6;3;0
517800;Sozialleistungsbetrug;M;7,988;7,513;674;359;160;90;45;20
517800;Sozialleistungsbetrug;W;6,012;5,722;455;220;119;58;34;24
517800;Sozialleistungsbetrug;X;14,000;13,235;1,129;579;279;148;79;44
517900;Missbräuchliche Nutzung von Telekommunikationsdiensten § 263a StGB;M;67;54;2;1;1;0;0;0
517900;Missbräuchliche Nutzung von Telekommunikationsdiensten § 263a StGB;W;31;29;1;1;0;0;0;0
517900;Missbräuchliche Nutzung von Telekommunikationsdiensten § 263a StGB;X;98;83;3;2;1;0;0;0
518100;Abrechnungsbetrug;M;1,270;1,238;265;130;82;34;12;7
518100;Abrechnungsbetrug;W;852;838;119;61;34;6;9;9
518100;Abrechnungsbetrug;X;2,122;2,076;384;191;116;40;21;16
518110;Abrechnungsbetrug im Gesundheitswesen §§ 263, 263a StGB;M;780;773;193;89;67;24;9;4
518110;Abrechnungsbetrug im Gesundheitswesen §§ 263, 263a StGB;W;645;640;95;46;27;6;8;8
518110;Abrechnungsbetrug im Gesundheitswesen §§ 263, 263a StGB;X;1,425;1,413;288;135;94;30;17;12
518111;Abrechnungsbetrug im Gesundheitswesen § 263 StGB;M;776;769;192;88;67;24;9;4
518111;Abrechnungsbetrug im Gesundheitswesen § 263 StGB;W;637;632;92;45;27;5;7;8
518111;Abrechnungsbetrug im Gesundheitswesen § 263 StGB;X;1,413;1,401;284;133;94;29;16;12
518112;Abrechnungsbetrug im Gesundheitswesen § 263a StGB;M;4;4;1;1;0;0;0;0
518112;Abrechnungsbetrug im Gesundheitswesen § 263a StGB;W;8;8;3;1;0;1;1;0
518112;Abrechnungsbetrug im Gesundheitswesen § 263a StGB;X;12;12;4;2;0;1;1;0
518179;Sonstiger Abrechnungsbetrug;M;493;468;72;41;15;10;3;3
518179;Sonstiger Abrechnungsbetrug;W;207;198;24;15;7;0;1;1
518179;Sonstiger Abrechnungsbetrug;X;700;666;96;56;22;10;4;4
518200;Einmietbetrug;M;3,849;3,656;293;127;91;49;18;8
518200;Einmietbetrug;W;1,787;1,665;113;44;37;16;11;5
518200;Einmietbetrug;X;5,636;5,321;406;171;128;65;29;13
518300;Überweisungsbetrug §§ 263, 263a StGB;M;2,398;2,125;143;68;37;21;14;3
518300;Überweisungsbetrug §§ 263, 263a StGB;W;1,118;1,025;94;45;35;9;4;1
518300;Überweisungsbetrug §§ 263, 263a StGB;X;3,516;3,150;237;113;72;30;18;4
518301;Überweisungsbetrug § 263 StGB;M;2,179;1,931;137;64;36;20;14;3
518301;Überweisungsbetrug § 263 StGB;W;1,007;920;81;40;29;7;4;1
518301;Überweisungsbetrug § 263 StGB;X;3,186;2,851;218;104;65;27;18;4
518302;Überweisungsbetrug § 263a StGB;M;276;244;8;5;2;1;0;0
518302;Überweisungsbetrug § 263a StGB;W;125;116;14;6;6;2;0;0
518302;Überweisungsbetrug § 263a StGB;X;401;360;22;11;8;3;0;0
518500;Sportwettbetrug und Manipulation von berufssportlichen Wettbewerben §§ 265c-e StGB;M;4;3;0;0;0;0;0;0
518500;Sportwettbetrug und Manipulation von berufssportlichen Wettbewerben §§ 265c-e StGB;W;0;0;0;0;0;0;0;0
518500;Sportwettbetrug und Manipulation von berufssportlichen Wettbewerben §§ 265c-e StGB;X;4;3;0;0;0;0;0;0
518510;Sportwettbetrug §§ 265c, 265e StGB;M;3;2;0;0;0;0;0;0
518510;Sportwettbetrug §§ 265c, 265e StGB;W;0;0;0;0;0;0;0;0
518510;Sportwettbetrug §§ 265c, 265e StGB;X;3;2;0;0;0;0;0;0
518520;Manipulation von berufssportlichen Wettbewerben §§ 265d, 265e StGB;M;2;2;0;0;0;0;0;0
518520;Manipulation von berufssportlichen Wettbewerben §§ 265d, 265e StGB;W;0;0;0;0;0;0;0;0
518520;Manipulation von berufssportlichen Wettbewerben §§ 265d, 265e StGB;X;2;2;0;0;0;0;0;0
518800;Kreditvermittlungsbetrug § 263 StGB;M;124;123;20;8;4;5;2;1
518800;Kreditvermittlungsbetrug § 263 StGB;W;37;37;3;2;0;1;0;0
518800;Kreditvermittlungsbetrug § 263 StGB;X;161;160;23;10;4;6;2;1
518900;Sonstige weitere Betrugsarten;M;48,145;40,934;3,285;1,477;939;441;273;155
518900;Sonstige weitere Betrugsarten;W;20,347;16,926;1,494;632;397;209;161;95
518900;Sonstige weitere Betrugsarten;X;68,492;57,860;4,779;2,109;1,336;650;434;250
520000;Veruntreuungen §§ 266, 266a, 266b StGB;M;8,483;8,365;1,320;619;369;169;104;59
520000;Veruntreuungen §§ 266, 266a, 266b StGB;W;3,368;3,308;528;255;142;64;36;31
520000;Veruntreuungen §§ 266, 266a, 266b StGB;X;11,851;11,673;1,848;874;511;233;140;90
521000;Untreue § 266 StGB;M;3,546;3,495;800;353;233;106;66;42
521000;Untreue § 266 StGB;W;1,852;1,832;380;180;97;51;31;21
521000;Untreue § 266 StGB;X;5,398;5,327;1,180;533;330;157;97;63
521079;Sonstige Untreue;M;3,495;3,444;785;346;227;104;66;42
521079;Sonstige Untreue;W;1,848;1,828;380;180;97;51;31;21
521079;Sonstige Untreue;X;5,343;5,272;1,165;526;324;155;97;63
521100;Untreue bei Kapitalanlagegeschäften;M;51;51;15;7;6;2;0;0
521100;Untreue bei Kapitalanlagegeschäften;W;5;5;0;0;0;0;0;0
521100;Untreue bei Kapitalanlagegeschäften;X;56;56;15;7;6;2;0;0
522000;Vorenthalten und Veruntreuen von Arbeitsentgelt § 266a StGB;M;4,778;4,743;527;269;142;60;39;17
522000;Vorenthalten und Veruntreuen von Arbeitsentgelt § 266a StGB;W;1,349;1,336;146;73;45;13;6;9
522000;Vorenthalten und Veruntreuen von Arbeitsentgelt § 266a StGB;X;6,127;6,079;673;342;187;73;45;26
523000;Missbrauch von Scheck- und Kreditkarten § 266b StGB;M;262;230;10;4;2;4;0;0
523000;Missbrauch von Scheck- und Kreditkarten § 266b StGB;W;192;165;5;3;1;0;0;1
523000;Missbrauch von Scheck- und Kreditkarten § 266b StGB;X;454;395;15;7;3;4;0;1
530000;Unterschlagung §§ 246, 247, 248a StGB;M;35,876;30,578;2,435;1,096;625;347;224;143
530000;Unterschlagung §§ 246, 247, 248a StGB;W;13,986;12,216;1,205;520;311;167;124;83
530000;Unterschlagung §§ 246, 247, 248a StGB;X;49,862;42,794;3,640;1,616;936;514;348;226
530079;Unterschlagung sonstiger Güter/Sachen §§ 246, 247, 248a StGB - ohne von Kfz;M;30,276;25,131;2,024;890;512;298;201;123
530079;Unterschlagung sonstiger Güter/Sachen §§ 246, 247, 248a StGB - ohne von Kfz;W;12,807;11,079;1,123;480;291;162;117;73
530079;Unterschlagung sonstiger Güter/Sachen §§ 246, 247, 248a StGB - ohne von Kfz;X;43,083;36,210;3,147;1,370;803;460;318;196
531000;Unterschlagung von Kfz §§ 246, 247 StGB;M;5,894;5,721;422;212;116;51;23;20
531000;Unterschlagung von Kfz §§ 246, 247 StGB;W;1,231;1,187;82;40;20;5;7;10
531000;Unterschlagung von Kfz §§ 246, 247 StGB;X;7,125;6,908;504;252;136;56;30;30
540000;Urkundenfälschung §§ 267-271, 273-279, 281 StGB;M;45,591;40,923;2,146;1,048;539;282;173;104
540000;Urkundenfälschung §§ 267-271, 273-279, 281 StGB;W;10,461;9,037;596;282;156;77;43;38
540000;Urkundenfälschung §§ 267-271, 273-279, 281 StGB;X;56,052;49,960;2,742;1,330;695;359;216;142
540001;Sonstige Urkundenfälschung § 267 StGB;M;35,824;32,370;1,710;835;440;221;134;80
540001;Sonstige Urkundenfälschung § 267 StGB;W;7,572;6,735;444;221;120;52;25;26
540001;Sonstige Urkundenfälschung § 267 StGB;X;43,396;39,105;2,154;1,056;560;273;159;106
540002;Mittelbare Falschbeurkundung;M;1,770;1,582;71;41;15;9;3;3
540002;Mittelbare Falschbeurkundung;W;545;490;28;12;7;7;1;1
540002;Mittelbare Falschbeurkundung;X;2,315;2,072;99;53;22;16;4;4
540003;Verändern von amtlichen Ausweisen;M;273;244;10;3;4;0;1;2
540003;Verändern von amtlichen Ausweisen;W;79;62;1;0;1;0;0;0
540003;Verändern von amtlichen Ausweisen;X;352;306;11;3;5;0;1;2
540004;Urkundenunterdrückung, Veränderung einer Grenzbezeichnung § 274 StGB;M;511;460;86;31;23;14;9;9
540004;Urkundenunterdrückung, Veränderung einer Grenzbezeichnung § 274 StGB;W;179;156;41;14;10;7;3;7
540004;Urkundenunterdrückung, Veränderung einer Grenzbezeichnung § 274 StGB;X;690;616;127;45;33;21;12;16
540005;Vorbereitung der Fälschung von amtlichen Ausweisen;M;23;22;1;1;0;0;0;0
540005;Vorbereitung der Fälschung von amtlichen Ausweisen;W;0;0;0;0;0;0;0;0
540005;Vorbereitung der Fälschung von amtlichen Ausweisen;X;23;22;1;1;0;0;0;0
540006;Verschaffen von falschen amtlichen Ausweisen;M;2,300;2,163;32;16;8;5;3;0
540006;Verschaffen von falschen amtlichen Ausweisen;W;354;305;4;4;0;0;0;0
540006;Verschaffen von falschen amtlichen Ausweisen;X;2,654;2,468;36;20;8;5;3;0
540007;Fälschung von Gesundheitszeugnissen;M;17;11;0;0;0;0;0;0
540007;Fälschung von Gesundheitszeugnissen;W;12;4;1;1;0;0;0;0
540007;Fälschung von Gesundheitszeugnissen;X;29;15;1;1;0;0;0;0
540008;Ausstellen unrichtiger Gesundheitszeugnisse;M;58;57;12;3;5;3;1;0
540008;Ausstellen unrichtiger Gesundheitszeugnisse;W;35;35;9;7;1;1;0;0
540008;Ausstellen unrichtiger Gesundheitszeugnisse;X;93;92;21;10;6;4;1;0
540009;Gebrauch unrichtiger Gesundheitszeugnisse;M;42;37;2;1;1;0;0;0
540009;Gebrauch unrichtiger Gesundheitszeugnisse;W;29;20;1;0;1;0;0;0
540009;Gebrauch unrichtiger Gesundheitszeugnisse;X;71;57;3;1;2;0;0;0
540010;Missbrauch von Ausweispapieren;M;2,167;1,571;74;26;12;12;16;8
540010;Missbrauch von Ausweispapieren;W;886;522;39;11;9;7;8;4
540010;Missbrauch von Ausweispapieren;X;3,053;2,093;113;37;21;19;24;12
541000;Fälschung technischer Aufzeichnungen § 268 StGB;M;460;453;32;16;5;9;1;1
541000;Fälschung technischer Aufzeichnungen § 268 StGB;W;56;55;4;1;1;1;1;0
541000;Fälschung technischer Aufzeichnungen § 268 StGB;X;516;508;36;17;6;10;2;1
541001;Manipulation von Fahrtenschreibern und EG-Kontrollgeräten § 268 StGB;M;106;106;4;3;0;1;0;0
541001;Manipulation von Fahrtenschreibern und EG-Kontrollgeräten § 268 StGB;W;1;1;0;0;0;0;0;0
541001;Manipulation von Fahrtenschreibern und EG-Kontrollgeräten § 268 StGB;X;107;107;4;3;0;1;0;0
541079;Sonstige Fälschung technischer Aufzeichnungen;M;354;347;28;13;5;8;1;1
541079;Sonstige Fälschung technischer Aufzeichnungen;W;55;54;4;1;1;1;1;0
541079;Sonstige Fälschung technischer Aufzeichnungen;X;409;401;32;14;6;9;2;1
542000;Fälschung zur Erlangung von Betäubungsmitteln;M;293;273;7;5;2;0;0;0
542000;Fälschung zur Erlangung von Betäubungsmitteln;W;104;99;5;1;2;0;2;0
542000;Fälschung zur Erlangung von Betäubungsmitteln;X;397;372;12;6;4;0;2;0
543000;Fälschung beweiserheblicher Daten, Täuschung im Rechtsverkehr bei Datenverarbeitung §§ 269, 270 StGB;M;2,590;2,359;133;82;31;11;7;2
543000;Fälschung beweiserheblicher Daten, Täuschung im Rechtsverkehr bei Datenverarbeitung §§ 269, 270 StGB;W;751;673;20;11;4;2;3;0
543000;Fälschung beweiserheblicher Daten, Täuschung im Rechtsverkehr bei Datenverarbeitung §§ 269, 270 StGB;X;3,341;3,032;153;93;35;13;10;2
543010;Fälschung beweiserheblicher Daten § 269 StGB;M;2,522;2,294;128;79;29;11;7;2
543010;Fälschung beweiserheblicher Daten § 269 StGB;W;725;649;19;10;4;2;3;0
543010;Fälschung beweiserheblicher Daten § 269 StGB;X;3,247;2,943;147;89;33;13;10;2
543020;Täuschung im Rechtsverkehr bei Datenverarbeitung § 270 StGB;M;72;69;5;3;2;0;0;0
543020;Täuschung im Rechtsverkehr bei Datenverarbeitung § 270 StGB;W;27;25;1;1;0;0;0;0
543020;Täuschung im Rechtsverkehr bei Datenverarbeitung § 270 StGB;X;99;94;6;4;2;0;0;0
550000;Geld- und Wertzeichenfälschung, Fälschung von Zahlungskarten mit oder ohne Garantiefunktion, Schecks und Wechseln §§ 146-149, 151, 152, 152a, 152b StGB;M;2,413;1,803;106;45;39;12;7;3
550000;Geld- und Wertzeichenfälschung, Fälschung von Zahlungskarten mit oder ohne Garantiefunktion, Schecks und Wechseln §§ 146-149, 151, 152, 152a, 152b StGB;W;475;420;50;27;15;3;3;2
550000;Geld- und Wertzeichenfälschung, Fälschung von Zahlungskarten mit oder ohne Garantiefunktion, Schecks und Wechseln §§ 146-149, 151, 152, 152a, 152b StGB;X;2,888;2,223;156;72;54;15;10;5
550010;Gewerbs- und bandenmäßiges Geldfälschung § 146 Abs. 2 StGB;M;49;39;1;0;1;0;0;0
550010;Gewerbs- und bandenmäßiges Geldfälschung § 146 Abs. 2 StGB;W;15;10;0;0;0;0;0;0
550010;Gewerbs- und bandenmäßiges Geldfälschung § 146 Abs. 2 StGB;X;64;49;1;0;1;0;0;0
550020;Wertpapierfälschung;M;0;0;0;0;0;0;0;0
550020;Wertpapierfälschung;W;0;0;0;0;0;0;0;0
550020;Wertpapierfälschung;X;0;0;0;0;0;0;0;0
550030;Fälschung Geld-/Wertzeichen fremder Währungsgebiete;M;12;10;0;0;0;0;0;0
550030;Fälschung Geld-/Wertzeichen fremder Währungsgebiete;W;2;2;0;0;0;0;0;0
550030;Fälschung Geld-/Wertzeichen fremder Währungsgebiete;X;14;12;0;0;0;0;0;0
551000;Geld- und Wertzeichenfälschung einschl. Vorbereitungshandlungen §§ 146 außer Abs. 1 Nr. 3, 148, 149 StGB;M;570;422;16;7;6;0;2;1
551000;Geld- und Wertzeichenfälschung einschl. Vorbereitungshandlungen §§ 146 außer Abs. 1 Nr. 3, 148, 149 StGB;W;77;62;7;2;3;0;0;2
551000;Geld- und Wertzeichenfälschung einschl. Vorbereitungshandlungen §§ 146 außer Abs. 1 Nr. 3, 148, 149 StGB;X;647;484;23;9;9;0;2;3
551010;Geldfälschung (einschl. Vorbereitungshandlung) §§ 146 außer Abs. 1 Nr. 3 StGB;M;541;394;14;7;5;0;2;0
551010;Geldfälschung (einschl. Vorbereitungshandlung) §§ 146 außer Abs. 1 Nr. 3 StGB;W;72;58;7;2;3;0;0;2
551010;Geldfälschung (einschl. Vorbereitungshandlung) §§ 146 außer Abs. 1 Nr. 3 StGB;X;613;452;21;9;8;0;2;2
551020;Wertzeichenfälschung;M;14;14;2;0;1;0;0;1
551020;Wertzeichenfälschung;W;4;3;0;0;0;0;0;0
551020;Wertzeichenfälschung;X;18;17;2;0;1;0;0;1
551030;Vorbereitung der Fälschung von Geld und Wertzeichen;M;16;15;0;0;0;0;0;0
551030;Vorbereitung der Fälschung von Geld und Wertzeichen;W;2;2;0;0;0;0;0;0
551030;Vorbereitung der Fälschung von Geld und Wertzeichen;X;18;17;0;0;0;0;0;0
552000;Inverkehrbringen von Falschgeld §§ 146 Abs. 1 Nr. 3, 147 StGB;M;1,761;1,297;82;34;30;12;4;2
552000;Inverkehrbringen von Falschgeld §§ 146 Abs. 1 Nr. 3, 147 StGB;W;376;338;41;24;11;3;3;0
552000;Inverkehrbringen von Falschgeld §§ 146 Abs. 1 Nr. 3, 147 StGB;X;2,137;1,635;123;58;41;15;7;2
552010;Inverkehrbringen von Falschgeld § 146 Abs. 1 Nr. 3 StGB;M;1,260;872;45;22;13;9;0;1
552010;Inverkehrbringen von Falschgeld § 146 Abs. 1 Nr. 3 StGB;W;207;179;13;8;4;0;1;0
552010;Inverkehrbringen von Falschgeld § 146 Abs. 1 Nr. 3 StGB;X;1,467;1,051;58;30;17;9;1;1
552020;Inverkehrbringen von Falschgeld (nach gutgläubigem Erwerb) § 147 StGB;M;531;441;37;12;17;3;4;1
552020;Inverkehrbringen von Falschgeld (nach gutgläubigem Erwerb) § 147 StGB;W;173;163;28;16;7;3;2;0
552020;Inverkehrbringen von Falschgeld (nach gutgläubigem Erwerb) § 147 StGB;X;704;604;65;28;24;6;6;1
553000;Fälschung von Zahlungskarten mit oder ohne Garantiefunktion, Schecks und Wechseln §§ 152a, 152b StGB;M;93;89;7;4;2;0;1;0
553000;Fälschung von Zahlungskarten mit oder ohne Garantiefunktion, Schecks und Wechseln §§ 152a, 152b StGB;W;19;17;2;1;1;0;0;0
553000;Fälschung von Zahlungskarten mit oder ohne Garantiefunktion, Schecks und Wechseln §§ 152a, 152b StGB;X;112;106;9;5;3;0;1;0
553100;Gebrauch falscher Zahlungskarten mit oder ohne Garantiefunktion, Schecks und Wechsel §§ 152a, 152b StGB;M;57;55;6;4;2;0;0;0
553100;Gebrauch falscher Zahlungskarten mit oder ohne Garantiefunktion, Schecks und Wechsel §§ 152a, 152b StGB;W;16;14;1;0;1;0;0;0
553100;Gebrauch falscher Zahlungskarten mit oder ohne Garantiefunktion, Schecks und Wechsel §§ 152a, 152b StGB;X;73;69;7;4;3;0;0;0
553110;Gebrauch falscher Zahlungskarten ohne Garantiefunktion, Schecks und Wechsel;M;27;27;6;4;2;0;0;0
553110;Gebrauch falscher Zahlungskarten ohne Garantiefunktion, Schecks und Wechsel;W;13;11;1;0;1;0;0;0
553110;Gebrauch falscher Zahlungskarten ohne Garantiefunktion, Schecks und Wechsel;X;40;38;7;4;3;0;0;0
553120;Gebrauch falscher Zahlungskarten mit Garantiefunktion;M;31;29;0;0;0;0;0;0
553120;Gebrauch falscher Zahlungskarten mit Garantiefunktion;W;3;3;0;0;0;0;0;0
553120;Gebrauch falscher Zahlungskarten mit Garantiefunktion;X;34;32;0;0;0;0;0;0
553200;Nachmachen, Verfälschen, Verschaffen, Feilhalten oder Überlassen falscher Zahlungskarten mit oder ohne Garantiefunktion, Schecks und Wechsel §§ 152a, 152b StGB;M;41;39;1;0;0;0;1;0
553200;Nachmachen, Verfälschen, Verschaffen, Feilhalten oder Überlassen falscher Zahlungskarten mit oder ohne Garantiefunktion, Schecks und Wechsel §§ 152a, 152b StGB;W;3;3;1;1;0;0;0;0
553200;Nachmachen, Verfälschen, Verschaffen, Feilhalten oder Überlassen falscher Zahlungskarten mit oder ohne Garantiefunktion, Schecks und Wechsel §§ 152a, 152b StGB;X;44;42;2;1;0;0;1;0
553210;Nachmachen, Verfälschen, Verschaffen, Feilhalten oder Überlassen falscher Zahlungskarten ohne Garantiefunktion, Schecks und Wechsel;M;22;21;1;0;0;0;1;0
553210;Nachmachen, Verfälschen, Verschaffen, Feilhalten oder Überlassen falscher Zahlungskarten ohne Garantiefunktion, Schecks und Wechsel;W;3;3;1;1;0;0;0;0
553210;Nachmachen, Verfälschen, Verschaffen, Feilhalten oder Überlassen falscher Zahlungskarten ohne Garantiefunktion, Schecks und Wechsel;X;25;24;2;1;0;0;1;0
553220;Nachmachen, Verfälschen, Verschaffen, Feilhalten oder Überlassen falscher Zahlungskarten mit Garantiefunktion;M;20;19;0;0;0;0;0;0
553220;Nachmachen, Verfälschen, Verschaffen, Feilhalten oder Überlassen falscher Zahlungskarten mit Garantiefunktion;W;0;0;0;0;0;0;0;0
553220;Nachmachen, Verfälschen, Verschaffen, Feilhalten oder Überlassen falscher Zahlungskarten mit Garantiefunktion;X;20;19;0;0;0;0;0;0
560000;Insolvenzstraftaten §§ 283, 283a-d StGB;M;3,218;3,203;526;254;159;59;41;13
560000;Insolvenzstraftaten §§ 283, 283a-d StGB;W;882;872;128;50;37;24;13;4
560000;Insolvenzstraftaten §§ 283, 283a-d StGB;X;4,100;4,075;654;304;196;83;54;17
561000;Bankrott § 283 StGB;M;2,722;2,707;438;220;120;50;36;12
561000;Bankrott § 283 StGB;W;739;729;106;41;32;21;9;3
561000;Bankrott § 283 StGB;X;3,461;3,436;544;261;152;71;45;15
562000;Besonders schwerer Fall des Bankrotts § 283a StGB;M;23;23;5;2;2;0;1;0
562000;Besonders schwerer Fall des Bankrotts § 283a StGB;W;4;4;0;0;0;0;0;0
562000;Besonders schwerer Fall des Bankrotts § 283a StGB;X;27;27;5;2;2;0;1;0
563000;Verletzung der Buchführungspflicht § 283b StGB;M;882;882;150;66;50;19;12;3
563000;Verletzung der Buchführungspflicht § 283b StGB;W;182;181;35;17;6;6;5;1
563000;Verletzung der Buchführungspflicht § 283b StGB;X;1,064;1,063;185;83;56;25;17;4
564000;Gläubigerbegünstigung § 283c StGB;M;48;48;8;2;5;1;0;0
564000;Gläubigerbegünstigung § 283c StGB;W;26;26;3;2;1;0;0;0
564000;Gläubigerbegünstigung § 283c StGB;X;74;74;11;4;6;1;0;0
565000;Schuldnerbegünstigung § 283d StGB;M;11;10;2;1;1;0;0;0
565000;Schuldnerbegünstigung § 283d StGB;W;18;18;1;0;1;0;0;0
565000;Schuldnerbegünstigung § 283d StGB;X;29;28;3;1;2;0;0;0
600000;Sonstige Straftatbestände (StGB);M;369,203;286,706;33,933;13,129;8,700;5,269;4,115;2,720
600000;Sonstige Straftatbestände (StGB);W;117,022;94,983;13,884;4,996;3,412;2,117;1,868;1,491
600000;Sonstige Straftatbestände (StGB);X;486,225;381,689;47,817;18,125;12,112;7,386;5,983;4,211
610000;Erpressung § 253 StGB;M;4,876;3,504;254;114;66;35;27;12
610000;Erpressung § 253 StGB;W;936;757;59;25;20;7;4;3
610000;Erpressung § 253 StGB;X;5,812;4,261;313;139;86;42;31;15
610001;Schutzgelderpressung;M;110;81;2;0;0;2;0;0
610001;Schutzgelderpressung;W;1;1;0;0;0;0;0;0
610001;Schutzgelderpressung;X;111;82;2;0;0;2;0;0
610079;Sonstige Erpressung;M;4,501;3,262;246;109;66;33;27;11
610079;Sonstige Erpressung;W;851;692;56;24;19;6;4;3
610079;Sonstige Erpressung;X;5,352;3,954;302;133;85;39;31;14
611000;Erpressung auf sexueller Grundlage;M;287;179;7;5;1;0;0;1
611000;Erpressung auf sexueller Grundlage;W;87;67;3;1;1;1;0;0
611000;Erpressung auf sexueller Grundlage;X;374;246;10;6;2;1;0;1
620000;Widerstand gegen und tätlicher Angriff auf die Staatsgewalt und Straftaten gegen die öffentliche Ordnung §§ 111, 113-115, 120, 121, 123-127, 129, 130-134, 136, 138, 140, 145, 145a, 145c, 145d StGB;M;97,973;74,393;6,673;2,680;1,727;1,003;739;524
620000;Widerstand gegen und tätlicher Angriff auf die Staatsgewalt und Straftaten gegen die öffentliche Ordnung §§ 111, 113-115, 120, 121, 123-127, 129, 130-134, 136, 138, 140, 145, 145a, 145c, 145d StGB;W;23,466;17,814;2,463;887;590;362;357;267
620000;Widerstand gegen und tätlicher Angriff auf die Staatsgewalt und Straftaten gegen die öffentliche Ordnung §§ 111, 113-115, 120, 121, 123-127, 129, 130-134, 136, 138, 140, 145, 145a, 145c, 145d StGB;X;121,439;92,207;9,136;3,567;2,317;1,365;1,096;791
620001;Störung des öffentlichen Friedens durch Androhung von Straftaten;M;2,022;1,457;144;64;32;20;14;14
620001;Störung des öffentlichen Friedens durch Androhung von Straftaten;W;219;168;29;11;6;4;5;3
620001;Störung des öffentlichen Friedens durch Androhung von Straftaten;X;2,241;1,625;173;75;38;24;19;17
620002;Bildung bewaffneter Gruppen § 127 StGB;M;7;5;0;0;0;0;0;0
620002;Bildung bewaffneter Gruppen § 127 StGB;W;3;3;0;0;0;0;0;0
620002;Bildung bewaffneter Gruppen § 127 StGB;X;10;8;0;0;0;0;0;0
620003;Bildung krimineller Vereinigungen;M;41;39;1;1;0;0;0;0
620003;Bildung krimineller Vereinigungen;W;5;5;0;0;0;0;0;0
620003;Bildung krimineller Vereinigungen;X;46;44;1;1;0;0;0;0
620004;Anleitung zu Straftaten;M;5;3;0;0;0;0;0;0
620004;Anleitung zu Straftaten;W;3;3;1;1;0;0;0;0
620004;Anleitung zu Straftaten;X;8;6;1;1;0;0;0;0
620005;Amtsanmaßung;M;719;616;70;31;19;13;5;2
620005;Amtsanmaßung;W;75;66;9;3;4;2;0;0
620005;Amtsanmaßung;X;794;682;79;34;23;15;5;2
620006;Missbrauch von Titeln, Berufsbezeichnungen, Abzeichen;M;451;428;100;41;23;16;17;3
620006;Missbrauch von Titeln, Berufsbezeichnungen, Abzeichen;W;76;75;10;3;4;1;2;0
620006;Missbrauch von Titeln, Berufsbezeichnungen, Abzeichen;X;527;503;110;44;27;17;19;3
620007;Verwahrungsbruch;M;85;74;6;3;1;0;2;0
620007;Verwahrungsbruch;W;12;10;1;1;0;0;0;0
620007;Verwahrungsbruch;X;97;84;7;4;1;0;2;0
620008;Verletzung amtlicher Bekanntmachungen;M;0;0;0;0;0;0;0;0
620008;Verletzung amtlicher Bekanntmachungen;W;0;0;0;0;0;0;0;0
620008;Verletzung amtlicher Bekanntmachungen;X;0;0;0;0;0;0;0;0
620009;Verstrickungsbruch, Siegelbruch;M;478;457;60;21;19;10;8;2
620009;Verstrickungsbruch, Siegelbruch;W;124;116;24;9;5;3;4;3
620009;Verstrickungsbruch, Siegelbruch;X;602;573;84;30;24;13;12;5
620010;Nichtanzeige geplanter Straftaten;M;19;8;1;1;0;0;0;0
620010;Nichtanzeige geplanter Straftaten;W;7;4;0;0;0;0;0;0
620010;Nichtanzeige geplanter Straftaten;X;26;12;1;1;0;0;0;0
620011;Belohnung und Billigung von Straftaten;M;42;39;6;2;4;0;0;0
620011;Belohnung und Billigung von Straftaten;W;4;4;0;0;0;0;0;0
620011;Belohnung und Billigung von Straftaten;X;46;43;6;2;4;0;0;0
620013;Missbrauch von Notrufen und Beeinträchtigung von Unfallverhütungs- und Nothilfemitteln;M;4,852;3,156;322;139;73;41;34;35
620013;Missbrauch von Notrufen und Beeinträchtigung von Unfallverhütungs- und Nothilfemitteln;W;1,491;1,090;182;61;49;16;15;41
620013;Missbrauch von Notrufen und Beeinträchtigung von Unfallverhütungs- und Nothilfemitteln;X;6,343;4,246;504;200;122;57;49;76
620014;Verstoß gegen Weisung während Führungsaufsicht;M;1,907;1,874;68;44;15;5;4;0
620014;Verstoß gegen Weisung während Führungsaufsicht;W;71;69;0;0;0;0;0;0
620014;Verstoß gegen Weisung während Führungsaufsicht;X;1,978;1,943;68;44;15;5;4;0
620015;Verstoß gegen das Berufsverbot;M;5;5;1;0;1;0;0;0
620015;Verstoß gegen das Berufsverbot;W;1;1;0;0;0;0;0;0
620015;Verstoß gegen das Berufsverbot;X;6;6;1;0;1;0;0;0
621000;Widerstand gegen und tätlicher Angriff auf die Staatsgewalt §§ 111, 113-115, 120, 121 StGB;M;28,205;22,988;1,011;456;259;146;84;66
621000;Widerstand gegen und tätlicher Angriff auf die Staatsgewalt §§ 111, 113-115, 120, 121 StGB;W;4,915;3,970;298;133;71;40;23;31
621000;Widerstand gegen und tätlicher Angriff auf die Staatsgewalt §§ 111, 113-115, 120, 121 StGB;X;33,120;26,958;1,309;589;330;186;107;97
621010;Öffentliche Aufforderung zu Straftaten;M;245;224;27;12;10;4;0;1
621010;Öffentliche Aufforderung zu Straftaten;W;39;28;5;4;1;0;0;0
621010;Öffentliche Aufforderung zu Straftaten;X;284;252;32;16;11;4;0;1
621040;Gefangenenbefreiung;M;309;219;12;6;2;1;1;2
621040;Gefangenenbefreiung;W;124;93;5;3;2;0;0;0
621040;Gefangenenbefreiung;X;433;312;17;9;4;1;1;2
621050;Gefangenenmeuterei;M;44;33;0;0;0;0;0;0
621050;Gefangenenmeuterei;W;0;0;0;0;0;0;0;0
621050;Gefangenenmeuterei;X;44;33;0;0;0;0;0;0
621100;Widerstand gegen und tätlicher Angriff auf Vollstreckungsbeamte und gleichstehende Personen §§ 113-115 StGB;M;27,680;22,559;972;438;247;141;83;63
621100;Widerstand gegen und tätlicher Angriff auf Vollstreckungsbeamte und gleichstehende Personen §§ 113-115 StGB;W;4,776;3,867;288;126;68;40;23;31
621100;Widerstand gegen und tätlicher Angriff auf Vollstreckungsbeamte und gleichstehende Personen §§ 113-115 StGB;X;32,456;26,426;1,260;564;315;181;106;94
621110;Widerstand gegen Vollstreckungsbeamte und gleichstehende Personen §§ 113, 115 StGB;M;17,516;14,246;567;256;153;84;43;31
621110;Widerstand gegen Vollstreckungsbeamte und gleichstehende Personen §§ 113, 115 StGB;W;2,611;2,087;141;69;27;24;9;12
621110;Widerstand gegen Vollstreckungsbeamte und gleichstehende Personen §§ 113, 115 StGB;X;20,127;16,333;708;325;180;108;52;43
621120;Tätlicher Angriff auf Vollstreckungsbeamte und gleichstehende Personen §§ 114, 115 StGB;M;11,486;9,346;429;198;97;61;40;33
621120;Tätlicher Angriff auf Vollstreckungsbeamte und gleichstehende Personen §§ 114, 115 StGB;W;2,420;1,964;156;63;41;19;14;19
621120;Tätlicher Angriff auf Vollstreckungsbeamte und gleichstehende Personen §§ 114, 115 StGB;X;13,906;11,310;585;261;138;80;54;52
622000;Hausfriedensbruch §§ 123, 124 StGB;M;53,031;39,336;4,307;1,670;1,123;657;495;362
622000;Hausfriedensbruch §§ 123, 124 StGB;W;13,509;10,106;1,638;562;381;259;269;167
622000;Hausfriedensbruch §§ 123, 124 StGB;X;66,540;49,442;5,945;2,232;1,504;916;764;529
622100;Hausfriedensbruch § 123 StGB;M;52,922;39,267;4,300;1,668;1,119;657;495;361
622100;Hausfriedensbruch § 123 StGB;W;13,486;10,089;1,632;560;380;257;268;167
622100;Hausfriedensbruch § 123 StGB;X;66,408;49,356;5,932;2,228;1,499;914;763;528
622200;Schwerer Hausfriedensbruch § 124 StGB;M;118;75;8;2;4;0;1;1
622200;Schwerer Hausfriedensbruch § 124 StGB;W;24;17;6;2;1;2;1;0
622200;Schwerer Hausfriedensbruch § 124 StGB;X;142;92;14;4;5;2;2;1
623000;Landfriedensbruch §§ 125, 125a StGB;M;2,988;1,984;9;5;2;1;1;0
623000;Landfriedensbruch §§ 125, 125a StGB;W;315;201;4;1;2;1;0;0
623000;Landfriedensbruch §§ 125, 125a StGB;X;3,303;2,185;13;6;4;2;1;0
623010;Landfriedensbruch § 125 StGB;M;1,596;1,026;4;3;0;1;0;0
623010;Landfriedensbruch § 125 StGB;W;135;83;1;0;1;0;0;0
623010;Landfriedensbruch § 125 StGB;X;1,731;1,109;5;3;1;1;0;0
623020;Besonders schwerer Landfriedensbruch § 125a StGB;M;1,418;970;5;2;2;0;1;0
623020;Besonders schwerer Landfriedensbruch § 125a StGB;W;180;118;3;1;1;1;0;0
623020;Besonders schwerer Landfriedensbruch § 125a StGB;X;1,598;1,088;8;3;3;1;1;0
624000;Vortäuschen einer Straftat § 145d StGB;M;5,279;4,169;457;180;118;69;56;34
624000;Vortäuschen einer Straftat § 145d StGB;W;3,024;2,216;241;98;56;32;34;21
624000;Vortäuschen einer Straftat § 145d StGB;X;8,303;6,385;698;278;174;101;90;55
624010;Vortäuschen einer Straftat gegen die sexuelle Selbstbestimmung;M;75;47;4;2;1;0;0;1
624010;Vortäuschen einer Straftat gegen die sexuelle Selbstbestimmung;W;402;195;6;0;3;1;2;0
624010;Vortäuschen einer Straftat gegen die sexuelle Selbstbestimmung;X;477;242;10;2;4;1;2;1
624079;Vortäuschen einer sonstigen Straftat;M;3,784;3,004;387;150;97;61;49;30
624079;Vortäuschen einer sonstigen Straftat;W;2,205;1,679;208;82;48;27;31;20
624079;Vortäuschen einer sonstigen Straftat;X;5,989;4,683;595;232;145;88;80;50
624100;Vortäuschen eines Raubes;M;516;347;18;8;4;1;3;2
624100;Vortäuschen eines Raubes;W;172;131;13;7;3;3;0;0
624100;Vortäuschen eines Raubes;X;688;478;31;15;7;4;3;2
624200;Vortäuschen eines Diebstahls;M;948;805;49;20;16;7;5;1
624200;Vortäuschen eines Diebstahls;W;261;223;15;10;2;1;1;1
624200;Vortäuschen eines Diebstahls;X;1,209;1,028;64;30;18;8;6;2
624201;Vortäuschen eines Kfz-Diebstahls;M;310;262;13;8;3;2;0;0
624201;Vortäuschen eines Kfz-Diebstahls;W;57;53;3;0;2;0;0;1
624201;Vortäuschen eines Kfz-Diebstahls;X;367;315;16;8;5;2;0;1
624279;Vortäuschen eines sonstigen Diebstahls;M;639;544;36;12;13;5;5;1
624279;Vortäuschen eines sonstigen Diebstahls;W;204;170;12;10;0;1;1;0
624279;Vortäuschen eines sonstigen Diebstahls;X;843;714;48;22;13;6;6;1
626000;Gewaltdarstellung § 131 StGB;M;748;151;8;4;2;1;1;0
626000;Gewaltdarstellung § 131 StGB;W;89;28;0;0;0;0;0;0
626000;Gewaltdarstellung § 131 StGB;X;837;179;8;4;2;1;1;0
626079;Sonstige Gewaltdarstellung;M;394;124;8;4;2;1;1;0
626079;Sonstige Gewaltdarstellung;W;49;20;0;0;0;0;0;0
626079;Sonstige Gewaltdarstellung;X;443;144;8;4;2;1;1;0
626100;Gewaltdarstellung, Schriften an Personen unter 18 Jahren § 131 Abs. 1 Nr. 3 StGB;M;358;27;0;0;0;0;0;0
626100;Gewaltdarstellung, Schriften an Personen unter 18 Jahren § 131 Abs. 1 Nr. 3 StGB;W;40;8;0;0;0;0;0;0
626100;Gewaltdarstellung, Schriften an Personen unter 18 Jahren § 131 Abs. 1 Nr. 3 StGB;X;398;35;0;0;0;0;0;0
627000;Volksverhetzung § 130 StGB;M;2,693;1,944;308;135;90;47;25;11
627000;Volksverhetzung § 130 StGB;W;416;357;69;29;19;9;8;4
627000;Volksverhetzung § 130 StGB;X;3,109;2,301;377;164;109;56;33;15
630000;Begünstigung, Strafvereitelung (ohne Strafvereitelung im Amt), Hehlerei und Geldwäsche §§ 257, 258, 259-261 StGB;M;18,213;15,294;986;445;250;144;100;47
630000;Begünstigung, Strafvereitelung (ohne Strafvereitelung im Amt), Hehlerei und Geldwäsche §§ 257, 258, 259-261 StGB;W;5,693;4,944;467;190;128;66;47;36
630000;Begünstigung, Strafvereitelung (ohne Strafvereitelung im Amt), Hehlerei und Geldwäsche §§ 257, 258, 259-261 StGB;X;23,906;20,238;1,453;635;378;210;147;83
630010;Begünstigung;M;100;65;5;1;2;1;1;0
630010;Begünstigung;W;37;31;4;2;1;0;0;1
630010;Begünstigung;X;137;96;9;3;3;1;1;1
630020;Strafvereitelung;M;1,704;1,293;64;35;15;8;5;1
630020;Strafvereitelung;W;931;702;24;14;3;4;0;3
630020;Strafvereitelung;X;2,635;1,995;88;49;18;12;5;4
631000;Hehlerei von Kfz §§ 259-260a StGB;M;1,186;1,089;47;29;12;4;2;0
631000;Hehlerei von Kfz §§ 259-260a StGB;W;62;60;1;0;1;0;0;0
631000;Hehlerei von Kfz §§ 259-260a StGB;X;1,248;1,149;48;29;13;4;2;0
631079;Hehlerei von Kfz § 259 StGB;M;926;842;41;24;11;4;2;0
631079;Hehlerei von Kfz § 259 StGB;W;50;48;1;0;1;0;0;0
631079;Hehlerei von Kfz § 259 StGB;X;976;890;42;24;12;4;2;0
631100;Gewerbsmäßige Hehlerei von Kfz § 260 Abs. 1 Nr. 1 StGB;M;135;132;3;2;1;0;0;0
631100;Gewerbsmäßige Hehlerei von Kfz § 260 Abs. 1 Nr. 1 StGB;W;4;4;0;0;0;0;0;0
631100;Gewerbsmäßige Hehlerei von Kfz § 260 Abs. 1 Nr. 1 StGB;X;139;136;3;2;1;0;0;0
631200;Bandenhehlerei von Kfz § 260 Abs. 1 Nr. 2 StGB;M;71;65;2;2;0;0;0;0
631200;Bandenhehlerei von Kfz § 260 Abs. 1 Nr. 2 StGB;W;3;3;0;0;0;0;0;0
631200;Bandenhehlerei von Kfz § 260 Abs. 1 Nr. 2 StGB;X;74;68;2;2;0;0;0;0
631300;Gewerbsmäßige Bandenhehlerei von Kfz § 260a StGB;M;91;84;1;1;0;0;0;0
631300;Gewerbsmäßige Bandenhehlerei von Kfz § 260a StGB;W;5;5;0;0;0;0;0;0
631300;Gewerbsmäßige Bandenhehlerei von Kfz § 260a StGB;X;96;89;1;1;0;0;0;0
632000;Sonstige Hehlerei §§ 259-260a StGB;M;9,381;7,513;275;152;64;32;19;8
632000;Sonstige Hehlerei §§ 259-260a StGB;W;1,458;1,204;39;22;10;4;1;2
632000;Sonstige Hehlerei §§ 259-260a StGB;X;10,839;8,717;314;174;74;36;20;10
632079;Sonstige Hehlerei § 259 StGB;M;8,616;6,806;249;133;61;30;18;7
632079;Sonstige Hehlerei § 259 StGB;W;1,345;1,098;36;19;10;4;1;2
632079;Sonstige Hehlerei § 259 StGB;X;9,961;7,904;285;152;71;34;19;9
632100;Sonstige gewerbsmäßige Hehlerei § 260 Abs. 1 Nr. 1 StGB;M;564;528;21;15;3;1;1;1
632100;Sonstige gewerbsmäßige Hehlerei § 260 Abs. 1 Nr. 1 StGB;W;92;89;2;2;0;0;0;0
632100;Sonstige gewerbsmäßige Hehlerei § 260 Abs. 1 Nr. 1 StGB;X;656;617;23;17;3;1;1;1
632200;Sonstige Bandenhehlerei § 260 Abs. 1 Nr. 2 StGB;M;79;69;1;1;0;0;0;0
632200;Sonstige Bandenhehlerei § 260 Abs. 1 Nr. 2 StGB;W;8;6;0;0;0;0;0;0
632200;Sonstige Bandenhehlerei § 260 Abs. 1 Nr. 2 StGB;X;87;75;1;1;0;0;0;0
632300;Sonstige Gewerbsmäßige Bandenhehlerei § 260a StGB;M;203;182;6;4;1;1;0;0
632300;Sonstige Gewerbsmäßige Bandenhehlerei § 260a StGB;W;17;15;1;1;0;0;0;0
632300;Sonstige Gewerbsmäßige Bandenhehlerei § 260a StGB;X;220;197;7;5;1;1;0;0
633000;Geldwäsche, Verschleierung unrechtmäßig erlangter Vermögenswerte § 261 StGB;M;5,951;5,428;595;228;157;99;73;38
633000;Geldwäsche, Verschleierung unrechtmäßig erlangter Vermögenswerte § 261 StGB;W;3,219;2,961;399;152;113;58;46;30
633000;Geldwäsche, Verschleierung unrechtmäßig erlangter Vermögenswerte § 261 StGB;X;9,170;8,389;994;380;270;157;119;68
640000;Brandstiftung und Herbeiführen einer Brandgefahr §§ 306-306d, 306f StGB;M;7,950;5,619;1,107;354;258;163;190;142
640000;Brandstiftung und Herbeiführen einer Brandgefahr §§ 306-306d, 306f StGB;W;2,119;1,754;474;107;93;70;88;116
640000;Brandstiftung und Herbeiführen einer Brandgefahr §§ 306-306d, 306f StGB;X;10,069;7,373;1,581;461;351;233;278;258
640010;Fahrlässige Brandstiftung;M;4,001;3,402;870;272;197;134;152;115
640010;Fahrlässige Brandstiftung;W;1,558;1,394;419;85;81;64;79;110
640010;Fahrlässige Brandstiftung;X;5,559;4,796;1,289;357;278;198;231;225
640020;Fahrlässiges Herbeiführen einer Brandgefahr;M;350;226;74;22;16;9;14;13
640020;Fahrlässiges Herbeiführen einer Brandgefahr;W;51;39;11;3;1;1;3;3
640020;Fahrlässiges Herbeiführen einer Brandgefahr;X;401;265;85;25;17;10;17;16
641000;(Vorsätzliche) Brandstiftung und Herbeiführen einer Brandgefahr §§ 306-306c, 306f Abs. 1 und 2 StGB;M;3,619;2,000;163;60;45;20;24;14
641000;(Vorsätzliche) Brandstiftung und Herbeiführen einer Brandgefahr §§ 306-306c, 306f Abs. 1 und 2 StGB;W;515;326;46;20;11;6;6;3
641000;(Vorsätzliche) Brandstiftung und Herbeiführen einer Brandgefahr §§ 306-306c, 306f Abs. 1 und 2 StGB;X;4,134;2,326;209;80;56;26;30;17
641010;Vorsätzliche Brandstiftung;M;2,150;1,023;65;32;18;8;5;2
641010;Vorsätzliche Brandstiftung;W;223;114;13;5;4;1;3;0
641010;Vorsätzliche Brandstiftung;X;2,373;1,137;78;37;22;9;8;2
641020;Schwere Brandstiftung;M;1,124;803;71;25;19;6;15;6
641020;Schwere Brandstiftung;W;241;184;29;15;8;4;1;1
641020;Schwere Brandstiftung;X;1,365;987;100;40;27;10;16;7
641030;Besonders schwere Brandstiftung;M;120;103;5;3;0;1;1;0
641030;Besonders schwere Brandstiftung;W;13;12;2;0;0;0;2;0
641030;Besonders schwere Brandstiftung;X;133;115;7;3;0;1;3;0
641040;Brandstiftung mit Todesfolge;M;7;7;1;0;0;0;0;1
641040;Brandstiftung mit Todesfolge;W;5;5;2;0;0;0;1;1
641040;Brandstiftung mit Todesfolge;X;12;12;3;0;0;0;1;2
641050;Vorsätzliches Herbeiführen einer Brandgefahr;M;385;162;25;3;8;6;3;5
641050;Vorsätzliches Herbeiführen einer Brandgefahr;W;51;25;3;0;0;1;1;1
641050;Vorsätzliches Herbeiführen einer Brandgefahr;X;436;187;28;3;8;7;4;6
650000;Wettbewerbs-, Korruptions- und Amtsdelikte §§ 258a, 298-300, 331-353d, 355, 357 StGB;M;3,349;3,303;282;181;59;20;16;6
650000;Wettbewerbs-, Korruptions- und Amtsdelikte §§ 258a, 298-300, 331-353d, 355, 357 StGB;W;736;725;61;45;9;1;0;6
650000;Wettbewerbs-, Korruptions- und Amtsdelikte §§ 258a, 298-300, 331-353d, 355, 357 StGB;X;4,085;4,028;343;226;68;21;16;12
651000;Vorteilsannahme, Bestechlichkeit §§ 331, 332, 335 StGB;M;269;268;43;31;9;0;2;1
651000;Vorteilsannahme, Bestechlichkeit §§ 331, 332, 335 StGB;W;119;119;12;10;2;0;0;0
651000;Vorteilsannahme, Bestechlichkeit §§ 331, 332, 335 StGB;X;388;387;55;41;11;0;2;1
651100;Vorteilsannahme § 331 StGB;M;101;100;21;15;5;0;0;1
651100;Vorteilsannahme § 331 StGB;W;89;89;10;9;1;0;0;0
651100;Vorteilsannahme § 331 StGB;X;190;189;31;24;6;0;0;1
651200;Bestechlichkeit § 332 StGB;M;149;149;18;14;3;0;1;0
651200;Bestechlichkeit § 332 StGB;W;30;30;2;1;1;0;0;0
651200;Bestechlichkeit § 332 StGB;X;179;179;20;15;4;0;1;0
651300;Bestechlichkeit - gewerbsmäßig oder als Mitglied einer Bande § 335 Abs. 2 Nr. 3 StGB;M;1;1;0;0;0;0;0;0
651300;Bestechlichkeit - gewerbsmäßig oder als Mitglied einer Bande § 335 Abs. 2 Nr. 3 StGB;W;0;0;0;0;0;0;0;0
651300;Bestechlichkeit - gewerbsmäßig oder als Mitglied einer Bande § 335 Abs. 2 Nr. 3 StGB;X;1;1;0;0;0;0;0;0
651400;Alle sonstigen besonders schweren Fälle der Bestechlichkeit § 335 StGB;M;19;19;4;2;1;0;1;0
651400;Alle sonstigen besonders schweren Fälle der Bestechlichkeit § 335 StGB;W;0;0;0;0;0;0;0;0
651400;Alle sonstigen besonders schweren Fälle der Bestechlichkeit § 335 StGB;X;19;19;4;2;1;0;1;0
652000;Vorteilsgewährung, Bestechung §§ 333, 334, 335 StGB;M;596;573;49;16;15;9;6;3
652000;Vorteilsgewährung, Bestechung §§ 333, 334, 335 StGB;W;110;107;13;6;3;1;0;3
652000;Vorteilsgewährung, Bestechung §§ 333, 334, 335 StGB;X;706;680;62;22;18;10;6;6
652100;Vorteilsgewährung § 333 StGB;M;62;62;15;5;5;3;2;0
652100;Vorteilsgewährung § 333 StGB;W;56;56;9;5;1;0;0;3
652100;Vorteilsgewährung § 333 StGB;X;118;118;24;10;6;3;2;3
652200;Bestechung § 334 StGB;M;530;507;33;10;10;6;4;3
652200;Bestechung § 334 StGB;W;54;51;4;1;2;1;0;0
652200;Bestechung § 334 StGB;X;584;558;37;11;12;7;4;3
652300;Bestechung - gewerbsmäßig oder als Mitglied einer Bande nach § 335 Abs. 2 Nr. 3 StGB;M;7;7;1;1;0;0;0;0
652300;Bestechung - gewerbsmäßig oder als Mitglied einer Bande nach § 335 Abs. 2 Nr. 3 StGB;W;0;0;0;0;0;0;0;0
652300;Bestechung - gewerbsmäßig oder als Mitglied einer Bande nach § 335 Abs. 2 Nr. 3 StGB;X;7;7;1;1;0;0;0;0
652400;Alle sonstigen besonders schweren Fälle der Bestechung nach § 335 StGB;M;0;0;0;0;0;0;0;0
652400;Alle sonstigen besonders schweren Fälle der Bestechung nach § 335 StGB;W;0;0;0;0;0;0;0;0
652400;Alle sonstigen besonders schweren Fälle der Bestechung nach § 335 StGB;X;0;0;0;0;0;0;0;0
655000;Sonstige Straftaten im Amt §§ 258a, 339-353d, 355, 357 StGB;M;2,117;2,097;120;87;21;8;3;1
655000;Sonstige Straftaten im Amt §§ 258a, 339-353d, 355, 357 StGB;W;454;446;29;23;4;0;0;2
655000;Sonstige Straftaten im Amt §§ 258a, 339-353d, 355, 357 StGB;X;2,571;2,543;149;110;25;8;3;3
655001;Strafvereitelung im Amt;M;251;248;10;10;0;0;0;0
655001;Strafvereitelung im Amt;W;87;87;2;2;0;0;0;0
655001;Strafvereitelung im Amt;X;338;335;12;12;0;0;0;0
655002;Rechtsbeugung;M;51;51;13;8;4;0;0;1
655002;Rechtsbeugung;W;26;26;4;2;0;0;0;2
655002;Rechtsbeugung;X;77;77;17;10;4;0;0;3
655003;Aussageerpressung;M;4;4;1;1;0;0;0;0
655003;Aussageerpressung;W;0;0;0;0;0;0;0;0
655003;Aussageerpressung;X;4;4;1;1;0;0;0;0
655004;Verfolgung Unschuldiger;M;40;40;0;0;0;0;0;0
655004;Verfolgung Unschuldiger;W;13;13;0;0;0;0;0;0
655004;Verfolgung Unschuldiger;X;53;53;0;0;0;0;0;0
655005;Vollstreckung gegen Unschuldige;M;6;6;0;0;0;0;0;0
655005;Vollstreckung gegen Unschuldige;W;3;3;0;0;0;0;0;0
655005;Vollstreckung gegen Unschuldige;X;9;9;0;0;0;0;0;0
655006;Falschbeurkundung im Amt;M;159;155;25;12;9;2;2;0
655006;Falschbeurkundung im Amt;W;30;29;5;3;2;0;0;0
655006;Falschbeurkundung im Amt;X;189;184;30;15;11;2;2;0
655007;Gebührenüberhebung;M;38;38;10;8;0;2;0;0
655007;Gebührenüberhebung;W;4;4;1;0;1;0;0;0
655007;Gebührenüberhebung;X;42;42;11;8;1;2;0;0
655008;Abgabenüberhebung, Leistungskürzung;M;6;6;1;1;0;0;0;0
655008;Abgabenüberhebung, Leistungskürzung;W;2;2;0;0;0;0;0;0
655008;Abgabenüberhebung, Leistungskürzung;X;8;8;1;1;0;0;0;0
655009;Vertrauensbruch im auswärtigen Dienst;M;0;0;0;0;0;0;0;0
655009;Vertrauensbruch im auswärtigen Dienst;W;0;0;0;0;0;0;0;0
655009;Vertrauensbruch im auswärtigen Dienst;X;0;0;0;0;0;0;0;0
655010;Verbotene Mitteilungen über Gerichtsverhandlungen;M;42;39;7;4;2;1;0;0
655010;Verbotene Mitteilungen über Gerichtsverhandlungen;W;12;12;1;1;0;0;0;0
655010;Verbotene Mitteilungen über Gerichtsverhandlungen;X;54;51;8;5;2;1;0;0
655011;Verletzung des Steuergeheimnisses;M;5;5;0;0;0;0;0;0
655011;Verletzung des Steuergeheimnisses;W;2;2;0;0;0;0;0;0
655011;Verletzung des Steuergeheimnisses;X;7;7;0;0;0;0;0;0
655012;Verleitung eines Untergebenen zu Straftaten;M;3;3;1;1;0;0;0;0
655012;Verleitung eines Untergebenen zu Straftaten;W;0;0;0;0;0;0;0;0
655012;Verleitung eines Untergebenen zu Straftaten;X;3;3;1;1;0;0;0;0
655100;Körperverletzung im Amt § 340 StGB;M;1,379;1,372;48;40;5;2;1;0
655100;Körperverletzung im Amt § 340 StGB;W;231;225;16;15;1;0;0;0
655100;Körperverletzung im Amt § 340 StGB;X;1,610;1,597;64;55;6;2;1;0
655200;Verletzung des Dienstgeheimnisses § 353b StGB;M;159;156;5;3;1;1;0;0
655200;Verletzung des Dienstgeheimnisses § 353b StGB;W;45;44;0;0;0;0;0;0
655200;Verletzung des Dienstgeheimnisses § 353b StGB;X;204;200;5;3;1;1;0;0
656000;Wettbewerbsbeschränkende Absprachen bei Ausschreibungen § 298 StGB;M;146;146;28;19;3;2;4;0
656000;Wettbewerbsbeschränkende Absprachen bei Ausschreibungen § 298 StGB;W;20;20;2;1;0;0;0;1
656000;Wettbewerbsbeschränkende Absprachen bei Ausschreibungen § 298 StGB;X;166;166;30;20;3;2;4;1
657000;Bestechlichkeit und Bestechung im geschäftlichen Verkehr und im Gesundheitswesen §§ 299, 299a, 299b und 300 StGB;M;272;270;48;30;14;2;1;1
657000;Bestechlichkeit und Bestechung im geschäftlichen Verkehr und im Gesundheitswesen §§ 299, 299a, 299b und 300 StGB;W;45;45;5;5;0;0;0;0
657000;Bestechlichkeit und Bestechung im geschäftlichen Verkehr und im Gesundheitswesen §§ 299, 299a, 299b und 300 StGB;X;317;315;53;35;14;2;1;1
657100;Bestechlichkeit und Bestechung § 299 StGB;M;187;187;28;17;9;1;0;1
657100;Bestechlichkeit und Bestechung § 299 StGB;W;18;18;2;2;0;0;0;0
657100;Bestechlichkeit und Bestechung § 299 StGB;X;205;205;30;19;9;1;0;1
657200;Bestechlichkeit und Bestechung, gewerbsmäßig oder als Mitglied einer Bande § 300 Satz 2 Nr. 2 StGB;M;22;20;3;3;0;0;0;0
657200;Bestechlichkeit und Bestechung, gewerbsmäßig oder als Mitglied einer Bande § 300 Satz 2 Nr. 2 StGB;W;2;2;0;0;0;0;0;0
657200;Bestechlichkeit und Bestechung, gewerbsmäßig oder als Mitglied einer Bande § 300 Satz 2 Nr. 2 StGB;X;24;22;3;3;0;0;0;0
657300;Bestechlichkeit und Bestechung, Vorteil großen Ausmaßes § 300 Satz 2 Nr. 1 StGB;M;29;29;9;6;2;1;0;0
657300;Bestechlichkeit und Bestechung, Vorteil großen Ausmaßes § 300 Satz 2 Nr. 1 StGB;W;6;6;1;1;0;0;0;0
657300;Bestechlichkeit und Bestechung, Vorteil großen Ausmaßes § 300 Satz 2 Nr. 1 StGB;X;35;35;10;7;2;1;0;0
657400;Bestechlichkeit im Gesundheitswesen;M;19;19;6;3;3;0;0;0
657400;Bestechlichkeit im Gesundheitswesen;W;15;15;2;2;0;0;0;0
657400;Bestechlichkeit im Gesundheitswesen;X;34;34;8;5;3;0;0;0
657500;Bestechung im Gesundheitswesen;M;15;15;2;1;0;0;1;0
657500;Bestechung im Gesundheitswesen;W;4;4;0;0;0;0;0;0
657500;Bestechung im Gesundheitswesen;X;19;19;2;1;0;0;1;0
660000;Strafbarer Eigennutz §§ 284, 285, 287-293, 297 StGB;M;4,858;4,457;443;193;121;64;45;20
660000;Strafbarer Eigennutz §§ 284, 285, 287-293, 297 StGB;W;774;722;99;41;27;16;10;5
660000;Strafbarer Eigennutz §§ 284, 285, 287-293, 297 StGB;X;5,632;5,179;542;234;148;80;55;25
660010;Vereiteln der Zwangsvollstreckung;M;555;534;94;38;29;16;9;2
660010;Vereiteln der Zwangsvollstreckung;W;396;367;61;20;21;10;5;5
660010;Vereiteln der Zwangsvollstreckung;X;951;901;155;58;50;26;14;7
660020;Pfandkehr;M;236;224;22;10;5;3;3;1
660020;Pfandkehr;W;94;88;8;4;2;2;0;0
660020;Pfandkehr;X;330;312;30;14;7;5;3;1
660030;Unbefugter Gebrauch von Pfandsachen;M;1;1;0;0;0;0;0;0
660030;Unbefugter Gebrauch von Pfandsachen;W;0;0;0;0;0;0;0;0
660030;Unbefugter Gebrauch von Pfandsachen;X;1;1;0;0;0;0;0;0
660040;Gefährdung von Schiffen, Kraft- und Luftfahrzeugen durch Bannware;M;0;0;0;0;0;0;0;0
660040;Gefährdung von Schiffen, Kraft- und Luftfahrzeugen durch Bannware;W;0;0;0;0;0;0;0;0
660040;Gefährdung von Schiffen, Kraft- und Luftfahrzeugen durch Bannware;X;0;0;0;0;0;0;0;0
661000;Glücksspiel §§ 284, 285, 287 StGB;M;719;709;51;22;13;10;4;2
661000;Glücksspiel §§ 284, 285, 287 StGB;W;97;92;5;2;0;1;2;0
661000;Glücksspiel §§ 284, 285, 287 StGB;X;816;801;56;24;13;11;6;2
661010;Unerlaubte Veranstaltung eines Glücksspiels;M;491;488;33;12;8;7;4;2
661010;Unerlaubte Veranstaltung eines Glücksspiels;W;79;74;5;2;0;1;2;0
661010;Unerlaubte Veranstaltung eines Glücksspiels;X;570;562;38;14;8;8;6;2
661020;Beteiligung am unerlaubten Glückspiel;M;231;223;15;10;3;2;0;0
661020;Beteiligung am unerlaubten Glückspiel;W;19;18;0;0;0;0;0;0
661020;Beteiligung am unerlaubten Glückspiel;X;250;241;15;10;3;2;0;0
661030;Unerlaubte Veranstaltung einer Lotterie oder Ausspielung;M;4;4;3;0;2;1;0;0
661030;Unerlaubte Veranstaltung einer Lotterie oder Ausspielung;W;0;0;0;0;0;0;0;0
661030;Unerlaubte Veranstaltung einer Lotterie oder Ausspielung;X;4;4;3;0;2;1;0;0
662000;Wilderei §§ 292, 293 StGB;M;2,388;2,140;252;117;64;33;25;13
662000;Wilderei §§ 292, 293 StGB;W;125;117;19;11;2;3;3;0
662000;Wilderei §§ 292, 293 StGB;X;2,513;2,257;271;128;66;36;28;13
662001;Fischwilderei;M;2,136;1,897;179;88;45;25;14;7
662001;Fischwilderei;W;59;53;7;6;0;0;1;0
662001;Fischwilderei;X;2,195;1,950;186;94;45;25;15;7
662100;Jagdwilderei § 292 StGB;M;252;243;73;29;19;8;11;6
662100;Jagdwilderei § 292 StGB;W;66;64;12;5;2;3;2;0
662100;Jagdwilderei § 292 StGB;X;318;307;85;34;21;11;13;6
663000;Wucher § 291 StGB;M;961;851;24;6;10;2;4;2
663000;Wucher § 291 StGB;W;63;59;6;4;2;0;0;0
663000;Wucher § 291 StGB;X;1,024;910;30;10;12;2;4;2
670000;Alle sonstigen Straftaten gemäß StGB - ohne Verkehrsdelikte -;M;261,488;201,635;25,440;9,748;6,542;4,000;3,128;2,022
670000;Alle sonstigen Straftaten gemäß StGB - ohne Verkehrsdelikte -;W;88,225;72,082;10,607;3,842;2,645;1,641;1,401;1,078
670000;Alle sonstigen Straftaten gemäß StGB - ohne Verkehrsdelikte -;X;349,713;273,717;36,047;13,590;9,187;5,641;4,529;3,100
670001;Falsche uneidliche Aussage (Falschaussage);M;2,832;2,169;225;98;67;33;17;10
670001;Falsche uneidliche Aussage (Falschaussage);W;1,544;1,259;150;64;34;20;15;17
670001;Falsche uneidliche Aussage (Falschaussage);X;4,376;3,428;375;162;101;53;32;27
670002;Meineid;M;59;55;12;5;5;0;2;0
670002;Meineid;W;32;31;5;3;0;0;0;2
670002;Meineid;X;91;86;17;8;5;0;2;2
670003;Falsche Versicherung an Eides statt;M;2,649;2,600;422;176;117;84;35;10
670003;Falsche Versicherung an Eides statt;W;1,229;1,199;186;71;46;30;20;19
670003;Falsche Versicherung an Eides statt;X;3,878;3,799;608;247;163;114;55;29
670005;Verleitung zur Falschaussage;M;102;81;6;3;1;2;0;0
670005;Verleitung zur Falschaussage;W;27;24;2;0;0;1;1;0
670005;Verleitung zur Falschaussage;X;129;105;8;3;1;3;1;0
670006;Fahrlässiger Falscheid, fahrlässige falsche Versicherung an Eides statt;M;9;9;1;1;0;0;0;0
670006;Fahrlässiger Falscheid, fahrlässige falsche Versicherung an Eides statt;W;7;7;0;0;0;0;0;0
670006;Fahrlässiger Falscheid, fahrlässige falsche Versicherung an Eides statt;X;16;16;1;1;0;0;0;0
670007;Falsche Verdächtigung;M;8,623;7,539;1,144;409;320;187;154;74
670007;Falsche Verdächtigung;W;7,069;5,773;693;268;176;88;87;74
670007;Falsche Verdächtigung;X;15,692;13,312;1,837;677;496;275;241;148
670008;Beschimpfung von Bekenntnissen, Religionsgemeinschaften und Weltanschauungsvereinigungen;M;21;21;4;2;2;0;0;0
670008;Beschimpfung von Bekenntnissen, Religionsgemeinschaften und Weltanschauungsvereinigungen;W;7;7;0;0;0;0;0;0
670008;Beschimpfung von Bekenntnissen, Religionsgemeinschaften und Weltanschauungsvereinigungen;X;28;28;4;2;2;0;0;0
670009;Störung der Religionsausübung;M;33;24;5;2;2;0;0;1
670009;Störung der Religionsausübung;W;9;4;1;0;0;0;1;0
670009;Störung der Religionsausübung;X;42;28;6;2;2;0;1;1
670010;Störung einer Bestattungsfeier;M;5;4;0;0;0;0;0;0
670010;Störung einer Bestattungsfeier;W;2;2;1;0;0;1;0;0
670010;Störung einer Bestattungsfeier;X;7;6;1;0;0;1;0;0
670011;Störung der Totenruhe;M;173;140;32;10;10;5;6;1
670011;Störung der Totenruhe;W;98;84;31;11;8;4;4;4
670011;Störung der Totenruhe;X;271;224;63;21;18;9;10;5
670012;Personenstandsfälschung;M;11;11;0;0;0;0;0;0
670012;Personenstandsfälschung;W;12;12;1;1;0;0;0;0
670012;Personenstandsfälschung;X;23;23;1;1;0;0;0;0
670013;Doppelehe;M;31;31;4;2;1;0;0;1
670013;Doppelehe;W;9;9;0;0;0;0;0;0
670013;Doppelehe;X;40;40;4;2;1;0;0;1
670014;Beischlaf zwischen Verwandten;M;27;23;2;2;0;0;0;0
670014;Beischlaf zwischen Verwandten;W;22;17;1;1;0;0;0;0
670014;Beischlaf zwischen Verwandten;X;49;40;3;3;0;0;0;0
670015;Üble Nachrede und Verleumdung gegen Personen des politischen Lebens;M;154;150;44;18;14;8;3;1
670015;Üble Nachrede und Verleumdung gegen Personen des politischen Lebens;W;42;42;18;8;4;3;3;0
670015;Üble Nachrede und Verleumdung gegen Personen des politischen Lebens;X;196;192;62;26;18;11;6;1
670016;Verletzung der Vertraulichkeit des Wortes;M;1,675;1,457;106;53;37;11;4;1
670016;Verletzung der Vertraulichkeit des Wortes;W;667;586;34;18;8;5;2;1
670016;Verletzung der Vertraulichkeit des Wortes;X;2,342;2,043;140;71;45;16;6;2
670017;Verletzung des Briefgeheimnisses;M;967;900;158;52;31;34;18;23
670017;Verletzung des Briefgeheimnisses;W;732;687;122;37;31;25;19;10
670017;Verletzung des Briefgeheimnisses;X;1,699;1,587;280;89;62;59;37;33
670018;Verletzung von Privatgeheimnissen;M;199;197;46;25;13;4;4;0
670018;Verletzung von Privatgeheimnissen;W;166;154;14;11;2;0;0;1
670018;Verletzung von Privatgeheimnissen;X;365;351;60;36;15;4;4;1
670019;Verwertung fremder Geheimnisse;M;2;1;0;0;0;0;0;0
670019;Verwertung fremder Geheimnisse;W;0;0;0;0;0;0;0;0
670019;Verwertung fremder Geheimnisse;X;2;1;0;0;0;0;0;0
670020;Verletzung des Post- u. Fernmeldegeheimnisses;M;653;560;30;11;10;3;4;2
670020;Verletzung des Post- u. Fernmeldegeheimnisses;W;185;173;13;7;5;0;1;0
670020;Verletzung des Post- u. Fernmeldegeheimnisses;X;838;733;43;18;15;3;5;2
670021;Aussetzung;M;51;50;4;0;2;2;0;0
670021;Aussetzung;W;27;27;2;1;0;1;0;0
670021;Aussetzung;X;78;77;6;1;2;3;0;0
670024;Gefährliche Eingriffe in den Bahn-, Schiffs- und Luftverkehr;M;1,338;841;120;41;32;19;18;10
670024;Gefährliche Eingriffe in den Bahn-, Schiffs- und Luftverkehr;W;282;187;40;10;7;4;8;11
670024;Gefährliche Eingriffe in den Bahn-, Schiffs- und Luftverkehr;X;1,620;1,028;160;51;39;23;26;21
670025;Gefährliche Eingriffe in den Straßenverkehr;M;7,194;5,623;753;270;217;89;96;81
670025;Gefährliche Eingriffe in den Straßenverkehr;W;981;804;116;49;29;15;14;9
670025;Gefährliche Eingriffe in den Straßenverkehr;X;8,175;6,427;869;319;246;104;110;90
670026;Störung öffentlicher Betriebe;M;97;71;7;5;1;0;0;1
670026;Störung öffentlicher Betriebe;W;19;16;1;0;1;0;0;0
670026;Störung öffentlicher Betriebe;X;116;87;8;5;2;0;0;1
670027;Störung von Telekommunikationsanlagen;M;377;325;50;18;12;7;7;6
670027;Störung von Telekommunikationsanlagen;W;54;50;11;6;2;1;2;0
670027;Störung von Telekommunikationsanlagen;X;431;375;61;24;14;8;9;6
670029;Baugefährdung;M;138;137;13;4;5;2;0;2
670029;Baugefährdung;W;3;3;0;0;0;0;0;0
670029;Baugefährdung;X;141;140;13;4;5;2;0;2
670030;Vollrausch;M;36;35;1;1;0;0;0;0
670030;Vollrausch;W;11;11;1;1;0;0;0;0
670030;Vollrausch;X;47;46;2;2;0;0;0;0
670031;Gefährdung einer Entziehungskur;M;15;15;1;1;0;0;0;0
670031;Gefährdung einer Entziehungskur;W;4;4;0;0;0;0;0;0
670031;Gefährdung einer Entziehungskur;X;19;19;1;1;0;0;0;0
670032;Unterlassene Hilfeleistung, Behinderung von hilfeleistenden Personen § 323c StGB;M;1,179;1,010;195;94;49;22;22;8
670032;Unterlassene Hilfeleistung, Behinderung von hilfeleistenden Personen § 323c StGB;W;700;647;109;55;20;13;9;12
670032;Unterlassene Hilfeleistung, Behinderung von hilfeleistenden Personen § 323c StGB;X;1,879;1,657;304;149;69;35;31;20
670033;Parteiverrat;M;92;92;32;14;14;3;0;1
670033;Parteiverrat;W;18;18;4;2;2;0;0;0
670033;Parteiverrat;X;110;110;36;16;16;3;0;1
670034;Verletzung des höchstpersönlichen Lebensbereiches durch Bildaufnahmen;M;4,990;3,574;438;204;122;61;33;18
670034;Verletzung des höchstpersönlichen Lebensbereiches durch Bildaufnahmen;W;1,739;1,045;143;53;45;21;17;7
670034;Verletzung des höchstpersönlichen Lebensbereiches durch Bildaufnahmen;X;6,729;4,619;581;257;167;82;50;25
670079;Sonstige weitere Straftaten gemäß StGB;M;39;33;4;0;2;0;2;0
670079;Sonstige weitere Straftaten gemäß StGB;W;6;5;0;0;0;0;0;0
670079;Sonstige weitere Straftaten gemäß StGB;X;45;38;4;0;2;0;2;0
671000;Verletzung der Unterhaltspflicht § 170 StGB;M;3,594;3,572;66;42;14;6;1;3
671000;Verletzung der Unterhaltspflicht § 170 StGB;W;204;203;1;1;0;0;0;0
671000;Verletzung der Unterhaltspflicht § 170 StGB;X;3,798;3,775;67;43;14;6;1;3
672000;Verletzung der Fürsorge- oder Erziehungspflicht § 171 StGB;M;389;386;12;6;2;2;1;1
672000;Verletzung der Fürsorge- oder Erziehungspflicht § 171 StGB;W;869;839;24;20;1;3;0;0
672000;Verletzung der Fürsorge- oder Erziehungspflicht § 171 StGB;X;1,258;1,225;36;26;3;5;1;1
673000;Beleidigung §§ 185-187, 189 StGB;M;127,697;108,151;15,463;5,925;4,007;2,513;1,868;1,150
673000;Beleidigung §§ 185-187, 189 StGB;W;55,385;47,066;7,223;2,614;1,801;1,140;966;702
673000;Beleidigung §§ 185-187, 189 StGB;X;183,082;155,217;22,686;8,539;5,808;3,653;2,834;1,852
673010;Beleidigung ohne sexuelle Grundlage;M;102,835;86,935;12,394;4,744;3,219;2,069;1,473;889
673010;Beleidigung ohne sexuelle Grundlage;W;38,459;32,558;4,971;1,788;1,285;800;650;448
673010;Beleidigung ohne sexuelle Grundlage;X;141,294;119,493;17,365;6,532;4,504;2,869;2,123;1,337
673020;Üble Nachrede ohne sexuelle Grundlage;M;5,189;4,923;992;374;257;145;123;93
673020;Üble Nachrede ohne sexuelle Grundlage;W;5,409;4,963;914;320;206;140;125;123
673020;Üble Nachrede ohne sexuelle Grundlage;X;10,598;9,886;1,906;694;463;285;248;216
673030;Verleumdung ohne sexuelle Grundlage;M;7,989;7,471;1,487;551;393;226;192;125
673030;Verleumdung ohne sexuelle Grundlage;W;8,002;7,314;1,230;445;287;181;185;132
673030;Verleumdung ohne sexuelle Grundlage;X;15,991;14,785;2,717;996;680;407;377;257
673040;Verunglimpfung des Andenkens Verstorbener ohne sexuelle Grundlage;M;45;39;12;2;4;3;2;1
673040;Verunglimpfung des Andenkens Verstorbener ohne sexuelle Grundlage;W;13;13;3;1;0;1;0;1
673040;Verunglimpfung des Andenkens Verstorbener ohne sexuelle Grundlage;X;58;52;15;3;4;4;2;2
673100;Beleidigung auf sexueller Grundlage §§ 185-187, 189 StGB;M;15,860;12,430;1,003;453;246;127;115;62
673100;Beleidigung auf sexueller Grundlage §§ 185-187, 189 StGB;W;5,414;3,869;344;144;81;53;42;24
673100;Beleidigung auf sexueller Grundlage §§ 185-187, 189 StGB;X;21,274;16,299;1,347;597;327;180;157;86
673110;Beleidigung auf sexueller Grundlage;M;14,672;11,533;913;416;226;110;106;55
673110;Beleidigung auf sexueller Grundlage;W;3,977;2,866;263;111;63;38;33;18
673110;Beleidigung auf sexueller Grundlage;X;18,649;14,399;1,176;527;289;148;139;73
673120;Üble Nachrede auf sexueller Grundlage;M;599;458;48;20;12;7;6;3
673120;Üble Nachrede auf sexueller Grundlage;W;602;418;34;15;7;5;4;3
673120;Üble Nachrede auf sexueller Grundlage;X;1,201;876;82;35;19;12;10;6
673130;Verleumdung auf sexueller Grundlage;M;688;523;52;22;11;11;4;4
673130;Verleumdung auf sexueller Grundlage;W;880;616;47;18;11;9;5;4
673130;Verleumdung auf sexueller Grundlage;X;1,568;1,139;99;40;22;20;9;8
673140;Verunglimpfung des Andenkens Verstorbener auf sexueller Grundlage;M;4;3;0;0;0;0;0;0
673140;Verunglimpfung des Andenkens Verstorbener auf sexueller Grundlage;W;3;3;2;1;0;1;0;0
673140;Verunglimpfung des Andenkens Verstorbener auf sexueller Grundlage;X;7;6;2;1;0;1;0;0
674000;Sachbeschädigung §§ 303-305a StGB;M;105,134;66,995;5,788;2,129;1,373;870;827;589
674000;Sachbeschädigung §§ 303-305a StGB;W;19,082;13,366;1,828;609;460;285;262;212
674000;Sachbeschädigung §§ 303-305a StGB;X;124,216;80,361;7,616;2,738;1,833;1,155;1,089;801
674010;Sachbeschädigung gemäß § 303 StGB ohne Schl. 674100 u. 674300;M;57,478;39,595;3,377;1,270;798;480;493;336
674010;Sachbeschädigung gemäß § 303 StGB ohne Schl. 674100 u. 674300;W;11,508;8,571;1,114;382;273;174;154;131
674010;Sachbeschädigung gemäß § 303 StGB ohne Schl. 674100 u. 674300;X;68,986;48,166;4,491;1,652;1,071;654;647;467
674011;Sachbeschädigung durch Graffiti ohne Schl. 674111 u. 674311;M;3,783;1,584;37;20;8;2;4;3
674011;Sachbeschädigung durch Graffiti ohne Schl. 674111 u. 674311;W;542;175;10;4;1;2;2;1
674011;Sachbeschädigung durch Graffiti ohne Schl. 674111 u. 674311;X;4,325;1,759;47;24;9;4;6;4
674012;Sachbeschädigung durch Feuer ohne Schl. 674312;M;2,269;878;98;34;23;12;20;9
674012;Sachbeschädigung durch Feuer ohne Schl. 674312;W;390;214;43;11;13;7;10;2
674012;Sachbeschädigung durch Feuer ohne Schl. 674312;X;2,659;1,092;141;45;36;19;30;11
674019;Sonstige Sachbeschädigung ohne Schl. 674119 u. 674319;M;52,159;37,472;3,255;1,222;770;468;471;324
674019;Sonstige Sachbeschädigung ohne Schl. 674119 u. 674319;W;10,685;8,235;1,063;368;259;165;143;128
674019;Sonstige Sachbeschädigung ohne Schl. 674119 u. 674319;X;62,844;45,707;4,318;1,590;1,029;633;614;452
674020;Gemeinschädliche Sachbeschädigung ohne Schl. 674320;M;2,810;802;32;8;11;4;3;6
674020;Gemeinschädliche Sachbeschädigung ohne Schl. 674320;W;398;72;11;3;1;1;2;4
674020;Gemeinschädliche Sachbeschädigung ohne Schl. 674320;X;3,208;874;43;11;12;5;5;10
674021;Gemeinschädliche Sachbeschädigung durch Graffiti ohne Schl. 674321;M;521;130;0;0;0;0;0;0
674021;Gemeinschädliche Sachbeschädigung durch Graffiti ohne Schl. 674321;W;103;10;1;0;0;0;1;0
674021;Gemeinschädliche Sachbeschädigung durch Graffiti ohne Schl. 674321;X;624;140;1;0;0;0;1;0
674022;Gemeinschädliche Sachbeschädigung durch Feuer ohne Schl. 674322;M;202;42;0;0;0;0;0;0
674022;Gemeinschädliche Sachbeschädigung durch Feuer ohne Schl. 674322;W;35;6;1;1;0;0;0;0
674022;Gemeinschädliche Sachbeschädigung durch Feuer ohne Schl. 674322;X;237;48;1;1;0;0;0;0
674029;Sonstige gemeinschädliche Sachbeschädigung ohne Schl. 674329;M;2,112;635;32;8;11;4;3;6
674029;Sonstige gemeinschädliche Sachbeschädigung ohne Schl. 674329;W;263;56;9;2;1;1;1;4
674029;Sonstige gemeinschädliche Sachbeschädigung ohne Schl. 674329;X;2,375;691;41;10;12;5;4;10
674030;Zerstörung von Bauwerken ohne Schl. 674330;M;11;4;1;0;1;0;0;0
674030;Zerstörung von Bauwerken ohne Schl. 674330;W;1;1;1;0;0;1;0;0
674030;Zerstörung von Bauwerken ohne Schl. 674330;X;12;5;2;0;1;1;0;0
674100;Sachbeschädigung an Kfz;M;25,880;18,031;1,704;615;391;293;236;169
674100;Sachbeschädigung an Kfz;W;4,254;3,284;529;171;130;89;77;62
674100;Sachbeschädigung an Kfz;X;30,134;21,315;2,233;786;521;382;313;231
674111;Sachbeschädigung durch Graffiti an Kfz;M;445;182;9;4;3;1;1;0
674111;Sachbeschädigung durch Graffiti an Kfz;W;69;37;4;0;1;2;0;1
674111;Sachbeschädigung durch Graffiti an Kfz;X;514;219;13;4;4;3;1;1
674119;Sonstige Sachbeschädigung an Kfz;M;25,496;17,881;1,698;613;389;292;235;169
674119;Sonstige Sachbeschädigung an Kfz;W;4,194;3,251;526;171;129;87;77;62
674119;Sonstige Sachbeschädigung an Kfz;X;29,690;21,132;2,224;784;518;379;312;231
674200;Datenveränderung, Computersabotage §§ 303a, 303b StGB;M;651;492;17;12;3;2;0;0
674200;Datenveränderung, Computersabotage §§ 303a, 303b StGB;W;188;144;4;2;1;1;0;0
674200;Datenveränderung, Computersabotage §§ 303a, 303b StGB;X;839;636;21;14;4;3;0;0
674210;Datenveränderung;M;534;409;12;7;3;2;0;0
674210;Datenveränderung;W;172;129;3;2;0;1;0;0
674210;Datenveränderung;X;706;538;15;9;3;3;0;0
674220;Computersabotage;M;120;85;5;5;0;0;0;0
674220;Computersabotage;W;16;15;1;0;1;0;0;0
674220;Computersabotage;X;136;100;6;5;1;0;0;0
674300;Sonstige Sachbeschädigung auf Straßen, Wegen oder Plätzen;M;26,741;12,615;809;296;206;115;105;87
674300;Sonstige Sachbeschädigung auf Straßen, Wegen oder Plätzen;W;3,600;1,835;214;76;65;22;34;17
674300;Sonstige Sachbeschädigung auf Straßen, Wegen oder Plätzen;X;30,341;14,450;1,023;372;271;137;139;104
674310;Sonstige Sachbeschädigung auf Straßen, Wegen oder Plätzen § 303 StGB;M;23,837;11,885;775;288;200;110;98;79
674310;Sonstige Sachbeschädigung auf Straßen, Wegen oder Plätzen § 303 StGB;W;3,284;1,771;203;72;63;20;32;16
674310;Sonstige Sachbeschädigung auf Straßen, Wegen oder Plätzen § 303 StGB;X;27,121;13,656;978;360;263;130;130;95
674311;Sonstige Sachbeschädigung durch Graffiti auf Straßen, Wegen oder Plätzen;M;4,716;1,803;27;16;8;1;2;0
674311;Sonstige Sachbeschädigung durch Graffiti auf Straßen, Wegen oder Plätzen;W;684;180;6;4;0;1;0;1
674311;Sonstige Sachbeschädigung durch Graffiti auf Straßen, Wegen oder Plätzen;X;5,400;1,983;33;20;8;2;2;1
674312;Sonstige Sachbeschädigung durch Feuer auf Straßen, Wegen oder Plätzen;M;1,411;432;27;12;7;3;4;1
674312;Sonstige Sachbeschädigung durch Feuer auf Straßen, Wegen oder Plätzen;W;151;58;6;2;1;1;2;0
674312;Sonstige Sachbeschädigung durch Feuer auf Straßen, Wegen oder Plätzen;X;1,562;490;33;14;8;4;6;1
674319;Sonstige Sachbeschädigung auf Straßen, Wegen oder Plätzen;M;18,143;9,807;732;267;189;106;92;78
674319;Sonstige Sachbeschädigung auf Straßen, Wegen oder Plätzen;W;2,477;1,548;194;69;62;18;30;15
674319;Sonstige Sachbeschädigung auf Straßen, Wegen oder Plätzen;X;20,620;11,355;926;336;251;124;122;93
674320;Gemeinschädliche Sachbeschädigung auf Straßen, Wegen oder Plätzen;M;3,540;906;36;9;6;6;7;8
674320;Gemeinschädliche Sachbeschädigung auf Straßen, Wegen oder Plätzen;W;355;74;11;4;2;2;2;1
674320;Gemeinschädliche Sachbeschädigung auf Straßen, Wegen oder Plätzen;X;3,895;980;47;13;8;8;9;9
674321;Gemeinschädliche Sachbeschädigung durch Graffiti auf Straßen, Wegen oder Plätzen;M;625;161;1;0;0;1;0;0
674321;Gemeinschädliche Sachbeschädigung durch Graffiti auf Straßen, Wegen oder Plätzen;W;89;10;0;0;0;0;0;0
674321;Gemeinschädliche Sachbeschädigung durch Graffiti auf Straßen, Wegen oder Plätzen;X;714;171;1;0;0;1;0;0
674322;Gemeinschädliche Sachbeschädigung durch Feuer auf Straßen, Wegen oder Plätzen;M;191;32;1;1;0;0;0;0
674322;Gemeinschädliche Sachbeschädigung durch Feuer auf Straßen, Wegen oder Plätzen;W;26;3;0;0;0;0;0;0
674322;Gemeinschädliche Sachbeschädigung durch Feuer auf Straßen, Wegen oder Plätzen;X;217;35;1;1;0;0;0;0
674329;Sonstige gemeinschädliche Sachbeschädigung auf Straßen, Wegen oder Plätzen;M;2,775;721;34;8;6;5;7;8
674329;Sonstige gemeinschädliche Sachbeschädigung auf Straßen, Wegen oder Plätzen;W;244;62;11;4;2;2;2;1
674329;Sonstige gemeinschädliche Sachbeschädigung auf Straßen, Wegen oder Plätzen;X;3,019;783;45;12;8;7;9;9
674330;Zerstörung von Bauwerken auf Straßen, Wegen oder Plätzen;M;9;5;0;0;0;0;0;0
674330;Zerstörung von Bauwerken auf Straßen, Wegen oder Plätzen;W;1;0;0;0;0;0;0;0
674330;Zerstörung von Bauwerken auf Straßen, Wegen oder Plätzen;X;10;5;0;0;0;0;0;0
674500;Zerstörung wichtiger Arbeitsmittel § 305a StGB;M;208;160;2;1;0;1;0;0
674500;Zerstörung wichtiger Arbeitsmittel § 305a StGB;W;22;13;0;0;0;0;0;0
674500;Zerstörung wichtiger Arbeitsmittel § 305a StGB;X;230;173;2;1;0;1;0;0
674512;Zerstörung wichtiger Arbeitsmittel durch Feuer;M;2;2;0;0;0;0;0;0
674512;Zerstörung wichtiger Arbeitsmittel durch Feuer;W;0;0;0;0;0;0;0;0
674512;Zerstörung wichtiger Arbeitsmittel durch Feuer;X;2;2;0;0;0;0;0;0
674519;Sonstige Zerstörung wichtiger Arbeitsmittel;M;206;158;2;1;0;1;0;0
674519;Sonstige Zerstörung wichtiger Arbeitsmittel;W;22;13;0;0;0;0;0;0
674519;Sonstige Zerstörung wichtiger Arbeitsmittel;X;228;171;2;1;0;1;0;0
675000;Sprengstoff- und Strahlungsverbrechen §§ 307-312 StGB;M;699;467;20;10;2;2;2;4
675000;Sprengstoff- und Strahlungsverbrechen §§ 307-312 StGB;W;44;35;2;1;1;0;0;0
675000;Sprengstoff- und Strahlungsverbrechen §§ 307-312 StGB;X;743;502;22;11;3;2;2;4
675100;Herbeiführen einer Explosion durch Kernenergie § 307 StGB;M;0;0;0;0;0;0;0;0
675100;Herbeiführen einer Explosion durch Kernenergie § 307 StGB;W;0;0;0;0;0;0;0;0
675100;Herbeiführen einer Explosion durch Kernenergie § 307 StGB;X;0;0;0;0;0;0;0;0
675200;Herbeiführen einer Sprengstoffexplosion § 308 StGB;M;683;452;20;10;2;2;2;4
675200;Herbeiführen einer Sprengstoffexplosion § 308 StGB;W;43;34;2;1;1;0;0;0
675200;Herbeiführen einer Sprengstoffexplosion § 308 StGB;X;726;486;22;11;3;2;2;4
675300;Missbrauch ionisierender Strahlen § 309 StGB;M;0;0;0;0;0;0;0;0
675300;Missbrauch ionisierender Strahlen § 309 StGB;W;0;0;0;0;0;0;0;0
675300;Missbrauch ionisierender Strahlen § 309 StGB;X;0;0;0;0;0;0;0;0
675400;Vorbereitung eines Explosions- oder Strahlungsverbrechens § 310 StGB;M;20;19;0;0;0;0;0;0
675400;Vorbereitung eines Explosions- oder Strahlungsverbrechens § 310 StGB;W;1;1;0;0;0;0;0;0
675400;Vorbereitung eines Explosions- oder Strahlungsverbrechens § 310 StGB;X;21;20;0;0;0;0;0;0
675500;Freisetzen ionisierender Strahlen § 311 StGB;M;1;1;0;0;0;0;0;0
675500;Freisetzen ionisierender Strahlen § 311 StGB;W;0;0;0;0;0;0;0;0
675500;Freisetzen ionisierender Strahlen § 311 StGB;X;1;1;0;0;0;0;0;0
675600;Fehlerhafte Herstellung einer kerntechnischen Anlage § 312 StGB;M;0;0;0;0;0;0;0;0
675600;Fehlerhafte Herstellung einer kerntechnischen Anlage § 312 StGB;W;0;0;0;0;0;0;0;0
675600;Fehlerhafte Herstellung einer kerntechnischen Anlage § 312 StGB;X;0;0;0;0;0;0;0;0
676000;Straftaten gegen die Umwelt §§ 324, 324a, 325-330a StGB;M;6,985;6,740;1,234;523;342;173;114;82
676000;Straftaten gegen die Umwelt §§ 324, 324a, 325-330a StGB;W;869;853;187;78;44;23;18;24
676000;Straftaten gegen die Umwelt §§ 324, 324a, 325-330a StGB;X;7,854;7,593;1,421;601;386;196;132;106
676010;Bodenverunreinigung 324a StGB;M;552;523;106;47;28;11;15;5
676010;Bodenverunreinigung 324a StGB;W;71;70;16;6;5;1;3;1
676010;Bodenverunreinigung 324a StGB;X;623;593;122;53;33;12;18;6
676011;Bodenverunreinigung;M;544;515;103;46;28;9;15;5
676011;Bodenverunreinigung;W;68;67;14;6;3;1;3;1
676011;Bodenverunreinigung;X;612;582;117;52;31;10;18;6
676012;Bodenverunreinigung - besonders schwerer Fall;M;8;8;3;1;0;2;0;0
676012;Bodenverunreinigung - besonders schwerer Fall;W;3;3;2;0;2;0;0;0
676012;Bodenverunreinigung - besonders schwerer Fall;X;11;11;5;1;2;2;0;0
676100;Gewässerverunreinigung § 324 StGB;M;1,214;1,169;262;126;70;27;22;17
676100;Gewässerverunreinigung § 324 StGB;W;100;96;25;6;10;0;2;7
676100;Gewässerverunreinigung § 324 StGB;X;1,314;1,265;287;132;80;27;24;24
676101;Gewässerverunreinigung;M;1,195;1,150;257;124;68;27;21;17
676101;Gewässerverunreinigung;W;99;95;25;6;10;0;2;7
676101;Gewässerverunreinigung;X;1,294;1,245;282;130;78;27;23;24
676102;Gewässerverunreinigung - besonders schwerer Fall;M;20;20;5;2;2;0;1;0
676102;Gewässerverunreinigung - besonders schwerer Fall;W;1;1;0;0;0;0;0;0
676102;Gewässerverunreinigung - besonders schwerer Fall;X;21;21;5;2;2;0;1;0
676200;Luftverunreinigung § 325 StGB;M;99;96;29;9;11;5;1;3
676200;Luftverunreinigung § 325 StGB;W;9;9;4;1;1;0;1;1
676200;Luftverunreinigung § 325 StGB;X;108;105;33;10;12;5;2;4
676201;Luftverunreinigung;M;96;93;28;9;11;4;1;3
676201;Luftverunreinigung;W;9;9;4;1;1;0;1;1
676201;Luftverunreinigung;X;105;102;32;10;12;4;2;4
676202;Luftverunreinigung - besonders schwerer Fall;M;3;3;1;0;0;1;0;0
676202;Luftverunreinigung - besonders schwerer Fall;W;0;0;0;0;0;0;0;0
676202;Luftverunreinigung - besonders schwerer Fall;X;3;3;1;0;0;1;0;0
676300;Verursachen von Lärm, Erschütterungen und nichtionisierenden Strahlen § 325a StGB;M;9;8;2;0;1;0;1;0
676300;Verursachen von Lärm, Erschütterungen und nichtionisierenden Strahlen § 325a StGB;W;3;3;0;0;0;0;0;0
676300;Verursachen von Lärm, Erschütterungen und nichtionisierenden Strahlen § 325a StGB;X;12;11;2;0;1;0;1;0
676301;Verursachen von Lärm, Erschütterungen und nichtionisierenden Strahlen;M;9;8;2;0;1;0;1;0
676301;Verursachen von Lärm, Erschütterungen und nichtionisierenden Strahlen;W;3;3;0;0;0;0;0;0
676301;Verursachen von Lärm, Erschütterungen und nichtionisierenden Strahlen;X;12;11;2;0;1;0;1;0
676302;Verursachen von Lärm, Erschütterungen und nichtionisierenden Strahlen - besonders schwerer Fall;M;0;0;0;0;0;0;0;0
676302;Verursachen von Lärm, Erschütterungen und nichtionisierenden Strahlen - besonders schwerer Fall;W;0;0;0;0;0;0;0;0
676302;Verursachen von Lärm, Erschütterungen und nichtionisierenden Strahlen - besonders schwerer Fall;X;0;0;0;0;0;0;0;0
676400;Unerlaubter Umgang mit Abfällen § 326 außer Abs. 2 StGB;M;4,573;4,413;726;289;201;115;70;51
676400;Unerlaubter Umgang mit Abfällen § 326 außer Abs. 2 StGB;W;632;621;126;59;21;20;13;13
676400;Unerlaubter Umgang mit Abfällen § 326 außer Abs. 2 StGB;X;5,205;5,034;852;348;222;135;83;64
676410;Unerlaubter Umgang mit Abfällen § 326 Abs. 1 StGB;M;4,513;4,355;715;286;195;114;70;50
676410;Unerlaubter Umgang mit Abfällen § 326 Abs. 1 StGB;W;619;608;124;57;21;20;13;13
676410;Unerlaubter Umgang mit Abfällen § 326 Abs. 1 StGB;X;5,132;4,963;839;343;216;134;83;63
676411;Unerlaubter Umgang mit Abfällen § 326 Abs. 1 StGB;M;4,442;4,285;712;286;193;113;70;50
676411;Unerlaubter Umgang mit Abfällen § 326 Abs. 1 StGB;W;613;603;122;57;20;19;13;13
676411;Unerlaubter Umgang mit Abfällen § 326 Abs. 1 StGB;X;5,055;4,888;834;343;213;132;83;63
676412;Unerlaubter Umgang mit Abfällen § 326 Abs. 1 StGB - besonders schwerer Fall;M;76;75;4;0;2;2;0;0
676412;Unerlaubter Umgang mit Abfällen § 326 Abs. 1 StGB - besonders schwerer Fall;W;6;5;2;0;1;1;0;0
676412;Unerlaubter Umgang mit Abfällen § 326 Abs. 1 StGB - besonders schwerer Fall;X;82;80;6;0;3;3;0;0
676420;Unerlaubter Umgang mit Abfällen § 326 Abs. 3 StGB;M;63;61;11;3;6;1;0;1
676420;Unerlaubter Umgang mit Abfällen § 326 Abs. 3 StGB;W;13;13;2;2;0;0;0;0
676420;Unerlaubter Umgang mit Abfällen § 326 Abs. 3 StGB;X;76;74;13;5;6;1;0;1
676421;Unerlaubter Umgang mit Abfällen § 326 Abs. 3 StGB;M;63;61;11;3;6;1;0;1
676421;Unerlaubter Umgang mit Abfällen § 326 Abs. 3 StGB;W;12;12;2;2;0;0;0;0
676421;Unerlaubter Umgang mit Abfällen § 326 Abs. 3 StGB;X;75;73;13;5;6;1;0;1
676422;Unerlaubter Umgang mit Abfällen § 326 Abs. 3 StGB - besonders schwerer Fall;M;0;0;0;0;0;0;0;0
676422;Unerlaubter Umgang mit Abfällen § 326 Abs. 3 StGB - besonders schwerer Fall;W;1;1;0;0;0;0;0;0
676422;Unerlaubter Umgang mit Abfällen § 326 Abs. 3 StGB - besonders schwerer Fall;X;1;1;0;0;0;0;0;0
676500;Unerlaubtes Betreiben von Anlagen § 327 StGB;M;417;414;90;44;27;8;8;3
676500;Unerlaubtes Betreiben von Anlagen § 327 StGB;W;43;43;12;4;5;2;0;1
676500;Unerlaubtes Betreiben von Anlagen § 327 StGB;X;460;457;102;48;32;10;8;4
676510;Unerlaubtes Betreiben von Anlagen § 327 StGB Abs. 1 (kerntechnische Anlage und Kernbrennstoffe);M;6;6;0;0;0;0;0;0
676510;Unerlaubtes Betreiben von Anlagen § 327 StGB Abs. 1 (kerntechnische Anlage und Kernbrennstoffe);W;0;0;0;0;0;0;0;0
676510;Unerlaubtes Betreiben von Anlagen § 327 StGB Abs. 1 (kerntechnische Anlage und Kernbrennstoffe);X;6;6;0;0;0;0;0;0
676511;Unerlaubtes Betreiben von Anlagen § 327 Abs. 1 (kerntechnische Anlage und Kernbrennstoffe);M;6;6;0;0;0;0;0;0
676511;Unerlaubtes Betreiben von Anlagen § 327 Abs. 1 (kerntechnische Anlage und Kernbrennstoffe);W;0;0;0;0;0;0;0;0
676511;Unerlaubtes Betreiben von Anlagen § 327 Abs. 1 (kerntechnische Anlage und Kernbrennstoffe);X;6;6;0;0;0;0;0;0
676512;Unerlaubtes Betreiben von Anlagen § 327 Abs. 1 (kerntechnische Anlage und Kernbrennstoffe) - besonders schwerer Fall;M;0;0;0;0;0;0;0;0
676512;Unerlaubtes Betreiben von Anlagen § 327 Abs. 1 (kerntechnische Anlage und Kernbrennstoffe) - besonders schwerer Fall;W;0;0;0;0;0;0;0;0
676512;Unerlaubtes Betreiben von Anlagen § 327 Abs. 1 (kerntechnische Anlage und Kernbrennstoffe) - besonders schwerer Fall;X;0;0;0;0;0;0;0;0
676520;Unerlaubtes Betreiben von Anlagen § 327 Abs. 2;M;411;408;90;44;27;8;8;3
676520;Unerlaubtes Betreiben von Anlagen § 327 Abs. 2;W;43;43;12;4;5;2;0;1
676520;Unerlaubtes Betreiben von Anlagen § 327 Abs. 2;X;454;451;102;48;32;10;8;4
676521;Unerlaubtes Betreiben von Anlagen § 327 Abs. 2;M;395;392;86;43;25;8;7;3
676521;Unerlaubtes Betreiben von Anlagen § 327 Abs. 2;W;42;42;12;4;5;2;0;1
676521;Unerlaubtes Betreiben von Anlagen § 327 Abs. 2;X;437;434;98;47;30;10;7;4
676522;Unerlaubtes Betreiben von Anlagen § 327 Abs. 2 - besonders schwerer Fall;M;17;17;4;1;2;0;1;0
676522;Unerlaubtes Betreiben von Anlagen § 327 Abs. 2 - besonders schwerer Fall;W;1;1;0;0;0;0;0;0
676522;Unerlaubtes Betreiben von Anlagen § 327 Abs. 2 - besonders schwerer Fall;X;18;18;4;1;2;0;1;0
676600;Unerlaubter Umgang mit radioaktiven Stoffen und anderen gefährlichen Gütern § 328 StGB;M;125;125;18;8;6;2;1;1
676600;Unerlaubter Umgang mit radioaktiven Stoffen und anderen gefährlichen Gütern § 328 StGB;W;8;8;1;0;0;0;0;1
676600;Unerlaubter Umgang mit radioaktiven Stoffen und anderen gefährlichen Gütern § 328 StGB;X;133;133;19;8;6;2;1;2
676610;Unerlaubter Umgang mit radioaktiven Stoffen § 328 StGB Abs. 1 und 2;M;8;8;2;1;1;0;0;0
676610;Unerlaubter Umgang mit radioaktiven Stoffen § 328 StGB Abs. 1 und 2;W;0;0;0;0;0;0;0;0
676610;Unerlaubter Umgang mit radioaktiven Stoffen § 328 StGB Abs. 1 und 2;X;8;8;2;1;1;0;0;0
676611;Unerlaubter Umgang mit radioaktiven Stoffen § 328 StGB Abs. 1 und 2;M;8;8;2;1;1;0;0;0
676611;Unerlaubter Umgang mit radioaktiven Stoffen § 328 StGB Abs. 1 und 2;W;0;0;0;0;0;0;0;0
676611;Unerlaubter Umgang mit radioaktiven Stoffen § 328 StGB Abs. 1 und 2;X;8;8;2;1;1;0;0;0
676612;Unerlaubter Umgang mit radioaktiven Stoffen § 328 StGB Abs. 1 und 2 - besonders schwerer Fall;M;0;0;0;0;0;0;0;0
676612;Unerlaubter Umgang mit radioaktiven Stoffen § 328 StGB Abs. 1 und 2 - besonders schwerer Fall;W;0;0;0;0;0;0;0;0
676612;Unerlaubter Umgang mit radioaktiven Stoffen § 328 StGB Abs. 1 und 2 - besonders schwerer Fall;X;0;0;0;0;0;0;0;0
676620;Unerlaubter Umgang mit anderen gefährlichen Stoffen und Gütern § 328 Abs. 3 StGB;M;117;117;16;7;5;2;1;1
676620;Unerlaubter Umgang mit anderen gefährlichen Stoffen und Gütern § 328 Abs. 3 StGB;W;8;8;1;0;0;0;0;1
676620;Unerlaubter Umgang mit anderen gefährlichen Stoffen und Gütern § 328 Abs. 3 StGB;X;125;125;17;7;5;2;1;2
676621;Unerlaubter Umgang mit anderen gefährlichen Stoffen und Gütern § 328 Abs. 3 StGB;M;107;107;14;7;4;2;0;1
676621;Unerlaubter Umgang mit anderen gefährlichen Stoffen und Gütern § 328 Abs. 3 StGB;W;6;6;0;0;0;0;0;0
676621;Unerlaubter Umgang mit anderen gefährlichen Stoffen und Gütern § 328 Abs. 3 StGB;X;113;113;14;7;4;2;0;1
676622;Unerlaubter Umgang mit anderen gefährlichen Stoffen und Gütern § 328 Abs. 3 StGB - besonders schwerer Fall;M;10;10;2;0;1;0;1;0
676622;Unerlaubter Umgang mit anderen gefährlichen Stoffen und Gütern § 328 Abs. 3 StGB - besonders schwerer Fall;W;2;2;1;0;0;0;0;1
676622;Unerlaubter Umgang mit anderen gefährlichen Stoffen und Gütern § 328 Abs. 3 StGB - besonders schwerer Fall;X;12;12;3;0;1;0;1;1
676700;Gefährdung schutzbedürftiger Gebiete § 329 StGB;M;31;31;14;6;3;3;0;2
676700;Gefährdung schutzbedürftiger Gebiete § 329 StGB;W;4;4;4;2;1;1;0;0
676700;Gefährdung schutzbedürftiger Gebiete § 329 StGB;X;35;35;18;8;4;4;0;2
676701;Gefährdung schutzbedürftiger Gebiete;M;30;30;14;6;3;3;0;2
676701;Gefährdung schutzbedürftiger Gebiete;W;4;4;4;2;1;1;0;0
676701;Gefährdung schutzbedürftiger Gebiete;X;34;34;18;8;4;4;0;2
676702;Gefährdung schutzbedürftiger Gebiete - besonders schwerer Fall;M;1;1;0;0;0;0;0;0
676702;Gefährdung schutzbedürftiger Gebiete - besonders schwerer Fall;W;0;0;0;0;0;0;0;0
676702;Gefährdung schutzbedürftiger Gebiete - besonders schwerer Fall;X;1;1;0;0;0;0;0;0
676800;Abfallein- / -aus- und -durchfuhr § 326 Abs. 2 StGB;M;62;58;2;2;0;0;0;0
676800;Abfallein- / -aus- und -durchfuhr § 326 Abs. 2 StGB;W;5;5;1;0;1;0;0;0
676800;Abfallein- / -aus- und -durchfuhr § 326 Abs. 2 StGB;X;67;63;3;2;1;0;0;0
676810;Ungenehmigte Einfuhr von Abfällen § 326 Abs. 2 StGB;M;7;7;0;0;0;0;0;0
676810;Ungenehmigte Einfuhr von Abfällen § 326 Abs. 2 StGB;W;0;0;0;0;0;0;0;0
676810;Ungenehmigte Einfuhr von Abfällen § 326 Abs. 2 StGB;X;7;7;0;0;0;0;0;0
676811;Ungenehmigte Einfuhr von Abfällen;M;7;7;0;0;0;0;0;0
676811;Ungenehmigte Einfuhr von Abfällen;W;0;0;0;0;0;0;0;0
676811;Ungenehmigte Einfuhr von Abfällen;X;7;7;0;0;0;0;0;0
676812;Ungenehmigte Einfuhr von Abfällen - besonders schwerer Fall;M;0;0;0;0;0;0;0;0
676812;Ungenehmigte Einfuhr von Abfällen - besonders schwerer Fall;W;0;0;0;0;0;0;0;0
676812;Ungenehmigte Einfuhr von Abfällen - besonders schwerer Fall;X;0;0;0;0;0;0;0;0
676820;Ungenehmigte Ausfuhr von Abfällen § 326 Abs. 2 StGB;M;49;46;2;2;0;0;0;0
676820;Ungenehmigte Ausfuhr von Abfällen § 326 Abs. 2 StGB;W;5;5;1;0;1;0;0;0
676820;Ungenehmigte Ausfuhr von Abfällen § 326 Abs. 2 StGB;X;54;51;3;2;1;0;0;0
676821;Ungenehmigte Ausfuhr von Abfällen;M;48;45;2;2;0;0;0;0
676821;Ungenehmigte Ausfuhr von Abfällen;W;5;5;1;0;1;0;0;0
676821;Ungenehmigte Ausfuhr von Abfällen;X;53;50;3;2;1;0;0;0
676822;Ungenehmigte Ausfuhr von Abfällen - besonders schwerer Fall;M;1;1;0;0;0;0;0;0
676822;Ungenehmigte Ausfuhr von Abfällen - besonders schwerer Fall;W;0;0;0;0;0;0;0;0
676822;Ungenehmigte Ausfuhr von Abfällen - besonders schwerer Fall;X;1;1;0;0;0;0;0;0
676830;Ungenehmigte Durchfuhr von Abfällen § 326 Abs. 2 StGB;M;6;5;0;0;0;0;0;0
676830;Ungenehmigte Durchfuhr von Abfällen § 326 Abs. 2 StGB;W;0;0;0;0;0;0;0;0
676830;Ungenehmigte Durchfuhr von Abfällen § 326 Abs. 2 StGB;X;6;5;0;0;0;0;0;0
676831;Ungenehmigte Durchfuhr von Abfällen;M;6;5;0;0;0;0;0;0
676831;Ungenehmigte Durchfuhr von Abfällen;W;0;0;0;0;0;0;0;0
676831;Ungenehmigte Durchfuhr von Abfällen;X;6;5;0;0;0;0;0;0
676832;Ungenehmigte Durchfuhr von Abfällen - besonders schwerer Fall;M;0;0;0;0;0;0;0;0
676832;Ungenehmigte Durchfuhr von Abfällen - besonders schwerer Fall;W;0;0;0;0;0;0;0;0
676832;Ungenehmigte Durchfuhr von Abfällen - besonders schwerer Fall;X;0;0;0;0;0;0;0;0
676900;Schwere Gefährdung durch Freisetzen von Giften § 330a StGB;M;14;14;2;0;0;2;0;0
676900;Schwere Gefährdung durch Freisetzen von Giften § 330a StGB;W;2;2;0;0;0;0;0;0
676900;Schwere Gefährdung durch Freisetzen von Giften § 330a StGB;X;16;16;2;0;0;2;0;0
677000;Gemeingefährliche Vergiftung § 314 StGB;M;1;1;0;0;0;0;0;0
677000;Gemeingefährliche Vergiftung § 314 StGB;W;0;0;0;0;0;0;0;0
677000;Gemeingefährliche Vergiftung § 314 StGB;X;1;1;0;0;0;0;0;0
678000;Ausspähen, Abfangen von Daten einschl. Vorbereitungshandlungen und Datenhehlerei §§ 202a, 202b, 202c, 202d StGB;M;1,675;1,430;85;45;26;5;7;2
678000;Ausspähen, Abfangen von Daten einschl. Vorbereitungshandlungen und Datenhehlerei §§ 202a, 202b, 202c, 202d StGB;W;563;447;17;9;6;2;0;0
678000;Ausspähen, Abfangen von Daten einschl. Vorbereitungshandlungen und Datenhehlerei §§ 202a, 202b, 202c, 202d StGB;X;2,238;1,877;102;54;32;7;7;2
678010;Ausspähen von Daten § 202a StGB;M;1,556;1,330;74;39;23;5;5;2
678010;Ausspähen von Daten § 202a StGB;W;529;416;13;8;4;1;0;0
678010;Ausspähen von Daten § 202a StGB;X;2,085;1,746;87;47;27;6;5;2
678020;Abfangen von Daten § 202b StGB;M;46;42;4;3;1;0;0;0
678020;Abfangen von Daten § 202b StGB;W;15;15;1;1;0;0;0;0
678020;Abfangen von Daten § 202b StGB;X;61;57;5;4;1;0;0;0
678030;Vorbereiten des Ausspähens und Abfangens von Daten § 202c StGB;M;42;29;3;1;2;0;0;0
678030;Vorbereiten des Ausspähens und Abfangens von Daten § 202c StGB;W;15;13;2;0;1;1;0;0
678030;Vorbereiten des Ausspähens und Abfangens von Daten § 202c StGB;X;57;42;5;1;3;1;0;0
678040;Datenhehlerei;M;45;38;4;2;0;0;2;0
678040;Datenhehlerei;W;5;4;1;0;1;0;0;0
678040;Datenhehlerei;X;50;42;5;2;1;0;2;0
679000;Weitere Straftaten mit Umweltrelevanz gemäß StGB;M;5;4;1;1;0;0;0;0
679000;Weitere Straftaten mit Umweltrelevanz gemäß StGB;W;0;0;0;0;0;0;0;0
679000;Weitere Straftaten mit Umweltrelevanz gemäß StGB;X;5;4;1;1;0;0;0;0
679010;Herbeiführen einer Überschwemmung § 313 StGB;M;4;3;1;1;0;0;0;0
679010;Herbeiführen einer Überschwemmung § 313 StGB;W;0;0;0;0;0;0;0;0
679010;Herbeiführen einer Überschwemmung § 313 StGB;X;4;3;1;1;0;0;0;0
679020;Beschädigung wichtiger Anlagen § 318 StGB;M;1;1;0;0;0;0;0;0
679020;Beschädigung wichtiger Anlagen § 318 StGB;W;0;0;0;0;0;0;0;0
679020;Beschädigung wichtiger Anlagen § 318 StGB;X;1;1;0;0;0;0;0;0
700000;Strafrechtliche Nebengesetze;M;403,411;304,495;11,670;4,740;2,837;1,494;1,186;1,413
700000;Strafrechtliche Nebengesetze;W;91,422;70,070;5,442;2,174;1,410;828;532;498
700000;Strafrechtliche Nebengesetze;X;494,833;374,565;17,112;6,914;4,247;2,322;1,718;1,911
710000;Straftaten gegen strafrechtliche Nebengesetze auf dem Wirtschaftssektor;M;16,105;14,643;1,688;815;474;210;125;64
710000;Straftaten gegen strafrechtliche Nebengesetze auf dem Wirtschaftssektor;W;4,232;3,551;400;185;101;61;30;23
710000;Straftaten gegen strafrechtliche Nebengesetze auf dem Wirtschaftssektor;X;20,337;18,194;2,088;1,000;575;271;155;87
712000;Straftaten nach AktG, GenG, GmbHG, HGB, RechnungslegungsG, UmwandlungsG, InsO;M;5,704;5,678;970;443;278;135;80;34
712000;Straftaten nach AktG, GenG, GmbHG, HGB, RechnungslegungsG, UmwandlungsG, InsO;W;1,230;1,225;172;65;45;31;15;16
712000;Straftaten nach AktG, GenG, GmbHG, HGB, RechnungslegungsG, UmwandlungsG, InsO;X;6,934;6,903;1,142;508;323;166;95;50
712010;Aktiengesetz;M;7;7;1;1;0;0;0;0
712010;Aktiengesetz;W;0;0;0;0;0;0;0;0
712010;Aktiengesetz;X;7;7;1;1;0;0;0;0
712020;Handelsgesetzbuch;M;23;23;5;3;1;1;0;0
712020;Handelsgesetzbuch;W;2;2;1;1;0;0;0;0
712020;Handelsgesetzbuch;X;25;25;6;4;1;1;0;0
712030;GmbH-Gesetz;M;111;111;14;7;4;3;0;0
712030;GmbH-Gesetz;W;25;24;1;0;1;0;0;0
712030;GmbH-Gesetz;X;136;135;15;7;5;3;0;0
712040;Genossenschaftsgesetz;M;3;3;2;1;0;1;0;0
712040;Genossenschaftsgesetz;W;0;0;0;0;0;0;0;0
712040;Genossenschaftsgesetz;X;3;3;2;1;0;1;0;0
712050;Rechnungslegungsgesetz;M;0;0;0;0;0;0;0;0
712050;Rechnungslegungsgesetz;W;0;0;0;0;0;0;0;0
712050;Rechnungslegungsgesetz;X;0;0;0;0;0;0;0;0
712060;Umwandlungsgesetz;M;0;0;0;0;0;0;0;0
712060;Umwandlungsgesetz;W;0;0;0;0;0;0;0;0
712060;Umwandlungsgesetz;X;0;0;0;0;0;0;0;0
712200;Insolvenzverschleppung § 15a InsO;M;5,636;5,610;958;439;275;130;80;34
712200;Insolvenzverschleppung § 15a InsO;W;1,218;1,213;172;65;45;31;15;16
712200;Insolvenzverschleppung § 15a InsO;X;6,854;6,823;1,130;504;320;161;95;50
713000;Delikte im Zusammenhang mit Schwarzarbeitsbekämpfungsgesetz und Arbeitnehmerüberlassungsgesetz;M;209;197;11;7;2;2;0;0
713000;Delikte im Zusammenhang mit Schwarzarbeitsbekämpfungsgesetz und Arbeitnehmerüberlassungsgesetz;W;26;26;1;0;0;0;1;0
713000;Delikte im Zusammenhang mit Schwarzarbeitsbekämpfungsgesetz und Arbeitnehmerüberlassungsgesetz;X;235;223;12;7;2;2;1;0
713010;Arbeitnehmerüberlassungsgesetz;M;6;6;0;0;0;0;0;0
713010;Arbeitnehmerüberlassungsgesetz;W;0;0;0;0;0;0;0;0
713010;Arbeitnehmerüberlassungsgesetz;X;6;6;0;0;0;0;0;0
713030;Schwarzarbeitsbekämpfungsgesetz;M;203;191;11;7;2;2;0;0
713030;Schwarzarbeitsbekämpfungsgesetz;W;26;26;1;0;0;0;1;0
713030;Schwarzarbeitsbekämpfungsgesetz;X;229;217;12;7;2;2;1;0
714000;Straftaten i.V.m. dem Bankgewerbe sowie Wertpapierhandelsgesetz (Güd-Kreditwesen, BörsenG, DepotG, PfandBG, § 35 BundesbankG, ZAG);M;176;174;28;13;9;4;1;1
714000;Straftaten i.V.m. dem Bankgewerbe sowie Wertpapierhandelsgesetz (Güd-Kreditwesen, BörsenG, DepotG, PfandBG, § 35 BundesbankG, ZAG);W;32;31;6;3;1;1;1;0
714000;Straftaten i.V.m. dem Bankgewerbe sowie Wertpapierhandelsgesetz (Güd-Kreditwesen, BörsenG, DepotG, PfandBG, § 35 BundesbankG, ZAG);X;208;205;34;16;10;5;2;1
714010;Bundesbankgesetz;M;0;0;0;0;0;0;0;0
714010;Bundesbankgesetz;W;0;0;0;0;0;0;0;0
714010;Bundesbankgesetz;X;0;0;0;0;0;0;0;0
714020;Börsengesetz;M;0;0;0;0;0;0;0;0
714020;Börsengesetz;W;1;1;1;0;0;1;0;0
714020;Börsengesetz;X;1;1;1;0;0;1;0;0
714030;Pfandbriefgesetz;M;0;0;0;0;0;0;0;0
714030;Pfandbriefgesetz;W;0;0;0;0;0;0;0;0
714030;Pfandbriefgesetz;X;0;0;0;0;0;0;0;0
714040;Kreditwesengesetz;M;89;89;14;8;2;2;1;1
714040;Kreditwesengesetz;W;17;16;3;3;0;0;0;0
714040;Kreditwesengesetz;X;106;105;17;11;2;2;1;1
714050;Depotgesetz;M;0;0;0;0;0;0;0;0
714050;Depotgesetz;W;0;0;0;0;0;0;0;0
714050;Depotgesetz;X;0;0;0;0;0;0;0;0
714060;Wertpapierhandelsgesetz;M;64;64;13;5;6;2;0;0
714060;Wertpapierhandelsgesetz;W;10;10;2;0;1;0;1;0
714060;Wertpapierhandelsgesetz;X;74;74;15;5;7;2;1;0
714070;Zahlungsdiensteaufsichtsgesetz;M;24;22;1;0;1;0;0;0
714070;Zahlungsdiensteaufsichtsgesetz;W;4;4;0;0;0;0;0;0
714070;Zahlungsdiensteaufsichtsgesetz;X;28;26;1;0;1;0;0;0
715000;Straftaten im Zusammenhang mit Urheberrechtsbestimmungen (UrheberrechtsG, MarkenG, § 17 UWG, DesignG,GebrauchsmusterG, KunsturheberrechtsG, PatentG, HalbleiterschutzG);M;4,642;3,591;257;126;75;23;18;15
715000;Straftaten im Zusammenhang mit Urheberrechtsbestimmungen (UrheberrechtsG, MarkenG, § 17 UWG, DesignG,GebrauchsmusterG, KunsturheberrechtsG, PatentG, HalbleiterschutzG);W;1,879;1,260;110;56;32;12;5;5
715000;Straftaten im Zusammenhang mit Urheberrechtsbestimmungen (UrheberrechtsG, MarkenG, § 17 UWG, DesignG,GebrauchsmusterG, KunsturheberrechtsG, PatentG, HalbleiterschutzG);X;6,521;4,851;367;182;107;35;23;20
715010;Markengesetz;M;765;687;29;12;6;3;5;3
715010;Markengesetz;W;242;223;16;8;5;2;1;0
715010;Markengesetz;X;1,007;910;45;20;11;5;6;3
715020;Designgesetz;M;15;12;0;0;0;0;0;0
715020;Designgesetz;W;4;4;0;0;0;0;0;0
715020;Designgesetz;X;19;16;0;0;0;0;0;0
715030;Gebrauchsmustergesetz;M;1;1;0;0;0;0;0;0
715030;Gebrauchsmustergesetz;W;0;0;0;0;0;0;0;0
715030;Gebrauchsmustergesetz;X;1;1;0;0;0;0;0;0
715040;Kunsturheberrechtsgesetz;M;2,693;1,788;143;65;45;14;9;10
715040;Kunsturheberrechtsgesetz;W;1,310;751;68;33;22;7;2;4
715040;Kunsturheberrechtsgesetz;X;4,003;2,539;211;98;67;21;11;14
715050;Urheberrechtsgesetz -sonstige Verstöße- (ohne Schl. 715100 u. 715200);M;705;651;62;32;20;5;4;1
715050;Urheberrechtsgesetz -sonstige Verstöße- (ohne Schl. 715100 u. 715200);W;214;178;20;9;5;3;2;1
715050;Urheberrechtsgesetz -sonstige Verstöße- (ohne Schl. 715100 u. 715200);X;919;829;82;41;25;8;6;2
715060;Patentgesetz;M;15;15;1;1;0;0;0;0
715060;Patentgesetz;W;3;3;0;0;0;0;0;0
715060;Patentgesetz;X;18;18;1;1;0;0;0;0
715070;Halbleiterschutzgesetz;M;0;0;0;0;0;0;0;0
715070;Halbleiterschutzgesetz;W;0;0;0;0;0;0;0;0
715070;Halbleiterschutzgesetz;X;0;0;0;0;0;0;0;0
715100;Softwarepiraterie (private Anwendung z.B. Computerspiele);M;80;73;3;3;0;0;0;0
715100;Softwarepiraterie (private Anwendung z.B. Computerspiele);W;16;14;2;2;0;0;0;0
715100;Softwarepiraterie (private Anwendung z.B. Computerspiele);X;96;87;5;5;0;0;0;0
715200;Softwarepiraterie in Form gewerbsmäßigen Handelns;M;49;47;4;1;3;0;0;0
715200;Softwarepiraterie in Form gewerbsmäßigen Handelns;W;4;4;0;0;0;0;0;0
715200;Softwarepiraterie in Form gewerbsmäßigen Handelns;X;53;51;4;1;3;0;0;0
715300;Verrat von Betriebs- und Geschäftsgeheimnissen § 17 Abs. 1 und 4 UWG;M;229;226;11;9;0;1;0;1
715300;Verrat von Betriebs- und Geschäftsgeheimnissen § 17 Abs. 1 und 4 UWG;W;51;50;3;3;0;0;0;0
715300;Verrat von Betriebs- und Geschäftsgeheimnissen § 17 Abs. 1 und 4 UWG;X;280;276;14;12;0;1;0;1
715400;Verrat von Betriebs- und Geschäftsgeheimnissen § 17 Abs. 2 und 4 UWG;M;108;108;4;3;1;0;0;0
715400;Verrat von Betriebs- und Geschäftsgeheimnissen § 17 Abs. 2 und 4 UWG;W;36;34;1;1;0;0;0;0
715400;Verrat von Betriebs- und Geschäftsgeheimnissen § 17 Abs. 2 und 4 UWG;X;144;142;5;4;1;0;0;0
716000;Straftaten im Zusammenhang mit Lebens- und Arzneimitteln (z.B. Lebensmittel- und Futtermittelgesetzbuch, ArzneimittelG, WeinG);M;4,887;4,551;361;199;94;38;19;11
716000;Straftaten im Zusammenhang mit Lebens- und Arzneimitteln (z.B. Lebensmittel- und Futtermittelgesetzbuch, ArzneimittelG, WeinG);W;896;853;90;54;14;15;6;1
716000;Straftaten im Zusammenhang mit Lebens- und Arzneimitteln (z.B. Lebensmittel- und Futtermittelgesetzbuch, ArzneimittelG, WeinG);X;5,783;5,404;451;253;108;53;25;12
716030;Straftaten nach dem Gentechnikgesetz;M;0;0;0;0;0;0;0;0
716030;Straftaten nach dem Gentechnikgesetz;W;0;0;0;0;0;0;0;0
716030;Straftaten nach dem Gentechnikgesetz;X;0;0;0;0;0;0;0;0
716079;Sonstige Straftaten im Zusammenhang mit Lebensmitteln - soweit nicht unter anderen Schlüsseln zu erfassen -;M;27;27;7;1;4;0;1;1
716079;Sonstige Straftaten im Zusammenhang mit Lebensmitteln - soweit nicht unter anderen Schlüsseln zu erfassen -;W;12;12;2;1;0;1;0;0
716079;Sonstige Straftaten im Zusammenhang mit Lebensmitteln - soweit nicht unter anderen Schlüsseln zu erfassen -;X;39;39;9;2;4;1;1;1
716100;Straftaten nach dem Lebensmittel- und Futtermittelgesetzbuch;M;1,357;1,346;185;101;47;22;11;4
716100;Straftaten nach dem Lebensmittel- und Futtermittelgesetzbuch;W;387;384;53;33;7;9;3;1
716100;Straftaten nach dem Lebensmittel- und Futtermittelgesetzbuch;X;1,744;1,730;238;134;54;31;14;5
716300;Straftaten nach dem Weingesetz;M;109;109;25;13;7;2;3;0
716300;Straftaten nach dem Weingesetz;W;10;10;5;2;2;0;1;0
716300;Straftaten nach dem Weingesetz;X;119;119;30;15;9;2;4;0
716400;Straftaten nach dem Arzneimittelgesetz (AMG);M;2,100;1,845;126;74;31;13;3;5
716400;Straftaten nach dem Arzneimittelgesetz (AMG);W;407;370;29;18;4;5;2;0
716400;Straftaten nach dem Arzneimittelgesetz (AMG);X;2,507;2,215;155;92;35;18;5;5
716420;illegale Arzneimittel in der legalen Verteilerkette (iAMidlegV);M;155;138;18;13;1;3;1;0
716420;illegale Arzneimittel in der legalen Verteilerkette (iAMidlegV);W;35;32;3;2;1;0;0;0
716420;illegale Arzneimittel in der legalen Verteilerkette (iAMidlegV);X;190;170;21;15;2;3;1;0
716421;Inverkehrbringen von bedenklichen Arzneimitteln (iAMidlegV);M;62;50;4;2;1;1;0;0
716421;Inverkehrbringen von bedenklichen Arzneimitteln (iAMidlegV);W;14;11;1;0;1;0;0;0
716421;Inverkehrbringen von bedenklichen Arzneimitteln (iAMidlegV);X;76;61;5;2;2;1;0;0
716422;Inverkehrbringen von oder Handel treiben mit gefälschten Arzneimitteln, Wirkstoffen (iAMidlegV);M;16;15;3;2;0;0;1;0
716422;Inverkehrbringen von oder Handel treiben mit gefälschten Arzneimitteln, Wirkstoffen (iAMidlegV);W;5;5;1;1;0;0;0;0
716422;Inverkehrbringen von oder Handel treiben mit gefälschten Arzneimitteln, Wirkstoffen (iAMidlegV);X;21;20;4;3;0;0;1;0
716423;Inverkehrbringen nicht zugelassener Arzneimittel (iAMidlegV);M;77;73;11;9;0;2;0;0
716423;Inverkehrbringen nicht zugelassener Arzneimittel (iAMidlegV);W;16;16;1;1;0;0;0;0
716423;Inverkehrbringen nicht zugelassener Arzneimittel (iAMidlegV);X;93;89;12;10;0;2;0;0
716430;Arzneimittel in der illegalen Verteilerkette (AMidillegV);M;708;625;31;19;9;2;1;0
716430;Arzneimittel in der illegalen Verteilerkette (AMidillegV);W;141;124;5;4;0;1;0;0
716430;Arzneimittel in der illegalen Verteilerkette (AMidillegV);X;849;749;36;23;9;3;1;0
716431;Inverkehrbringen von bedenklichen Arzneimitteln (AMidillegV);M;48;38;3;2;0;0;1;0
716431;Inverkehrbringen von bedenklichen Arzneimitteln (AMidillegV);W;10;9;0;0;0;0;0;0
716431;Inverkehrbringen von bedenklichen Arzneimitteln (AMidillegV);X;58;47;3;2;0;0;1;0
716432;Inverkehrbringen von oder Handel treiben mit gefälschten Arzneimitteln, Wirkstoffen (AMidillegV);M;13;12;1;1;0;0;0;0
716432;Inverkehrbringen von oder Handel treiben mit gefälschten Arzneimitteln, Wirkstoffen (AMidillegV);W;3;3;1;1;0;0;0;0
716432;Inverkehrbringen von oder Handel treiben mit gefälschten Arzneimitteln, Wirkstoffen (AMidillegV);X;16;15;2;2;0;0;0;0
716433;Inverkehrbringen nicht zugelassener Arzneimittel, Illegaler Handel oder Abgabe von verschreibungspflichtigen Arzneimitteln §§ 96 Nr. 5, 95 (1) 4 AMG (AMidillegV);M;647;575;27;16;9;2;0;0
716433;Inverkehrbringen nicht zugelassener Arzneimittel, Illegaler Handel oder Abgabe von verschreibungspflichtigen Arzneimitteln §§ 96 Nr. 5, 95 (1) 4 AMG (AMidillegV);W;128;112;4;3;0;1;0;0
716433;Inverkehrbringen nicht zugelassener Arzneimittel, Illegaler Handel oder Abgabe von verschreibungspflichtigen Arzneimitteln §§ 96 Nr. 5, 95 (1) 4 AMG (AMidillegV);X;775;687;31;19;9;3;0;0
716440;Herstellen gefälschter Arzneimittel oder Wirkstoffe;M;0;0;0;0;0;0;0;0
716440;Herstellen gefälschter Arzneimittel oder Wirkstoffe;W;0;0;0;0;0;0;0;0
716440;Herstellen gefälschter Arzneimittel oder Wirkstoffe;X;0;0;0;0;0;0;0;0
716450;Illegaler Umgang mit Tierarzneimitteln;M;100;96;16;8;6;2;0;0
716450;Illegaler Umgang mit Tierarzneimitteln;W;52;49;5;2;1;0;2;0
716450;Illegaler Umgang mit Tierarzneimitteln;X;152;145;21;10;7;2;2;0
716460;Straftaten nach dem AMG § 95 Absatz 1 Nr. 2, 3, 5, 5a;M;990;851;43;23;12;4;1;3
716460;Straftaten nach dem AMG § 95 Absatz 1 Nr. 2, 3, 5, 5a;W;128;117;9;7;1;1;0;0
716460;Straftaten nach dem AMG § 95 Absatz 1 Nr. 2, 3, 5, 5a;X;1,118;968;52;30;13;5;1;3
716470;Straftaten nach dem AMG § 96 ohne die Nummern 5, 15-18a und 20b;M;186;170;21;13;4;2;0;2
716470;Straftaten nach dem AMG § 96 ohne die Nummern 5, 15-18a und 20b;W;56;53;7;3;1;3;0;0
716470;Straftaten nach dem AMG § 96 ohne die Nummern 5, 15-18a und 20b;X;242;223;28;16;5;5;0;2
716500;Straftaten nach dem Anti-Doping-Gesetz (AntiDopG);M;1,326;1,253;19;10;6;1;1;1
716500;Straftaten nach dem Anti-Doping-Gesetz (AntiDopG);W;85;82;1;0;1;0;0;0
716500;Straftaten nach dem Anti-Doping-Gesetz (AntiDopG);X;1,411;1,335;20;10;7;1;1;1
716510;Herstellen, Inverkehrbringen, Verschreiben, Anwendung bei Dritten, Handel treiben, veräußern, abgeben von Dopingmitteln;M;157;151;2;0;1;1;0;0
716510;Herstellen, Inverkehrbringen, Verschreiben, Anwendung bei Dritten, Handel treiben, veräußern, abgeben von Dopingmitteln;W;17;17;0;0;0;0;0;0
716510;Herstellen, Inverkehrbringen, Verschreiben, Anwendung bei Dritten, Handel treiben, veräußern, abgeben von Dopingmitteln;X;174;168;2;0;1;1;0;0
716520;Erwerb, Besitz, Verbringung von Dopingmitteln;M;1,122;1,060;17;10;5;0;1;1
716520;Erwerb, Besitz, Verbringung von Dopingmitteln;W;66;63;1;0;1;0;0;0
716520;Erwerb, Besitz, Verbringung von Dopingmitteln;X;1,188;1,123;18;10;6;0;1;1
716530;Selbstdoping (anwenden/ anwenden lassen), Erwerb und Besitz von Dopingmitteln, zur Verschaffung eines Vorteils im Wettbewerb;M;59;53;0;0;0;0;0;0
716530;Selbstdoping (anwenden/ anwenden lassen), Erwerb und Besitz von Dopingmitteln, zur Verschaffung eines Vorteils im Wettbewerb;W;2;2;0;0;0;0;0;0
716530;Selbstdoping (anwenden/ anwenden lassen), Erwerb und Besitz von Dopingmitteln, zur Verschaffung eines Vorteils im Wettbewerb;X;61;55;0;0;0;0;0;0
719000;sonstige Straftaten (Nebengesetze) auf dem Wirtschaftssektor (z.B. Rennwett- und LotterieG, UWG ohne § 17, VersicherungsaufsichtsG, WirtschaftsstrafG, Gewerbeordnung);M;538;501;66;30;17;9;7;3
719000;sonstige Straftaten (Nebengesetze) auf dem Wirtschaftssektor (z.B. Rennwett- und LotterieG, UWG ohne § 17, VersicherungsaufsichtsG, WirtschaftsstrafG, Gewerbeordnung);W;176;162;22;8;9;2;2;1
719000;sonstige Straftaten (Nebengesetze) auf dem Wirtschaftssektor (z.B. Rennwett- und LotterieG, UWG ohne § 17, VersicherungsaufsichtsG, WirtschaftsstrafG, Gewerbeordnung);X;714;663;88;38;26;11;9;4
719010;Rennwett- und Lotteriegesetz;M;0;0;0;0;0;0;0;0
719010;Rennwett- und Lotteriegesetz;W;0;0;0;0;0;0;0;0
719010;Rennwett- und Lotteriegesetz;X;0;0;0;0;0;0;0;0
719040;Gewerbeordnung;M;152;138;20;8;6;4;2;0
719040;Gewerbeordnung;W;24;22;1;0;1;0;0;0
719040;Gewerbeordnung;X;176;160;21;8;7;4;2;0
719079;Sonstige Nebengesetze auf dem Wirtschaftssektor;M;314;298;29;13;8;4;2;2
719079;Sonstige Nebengesetze auf dem Wirtschaftssektor;W;136;124;13;4;4;2;2;1
719079;Sonstige Nebengesetze auf dem Wirtschaftssektor;X;450;422;42;17;12;6;4;3
719200;Straftaten nach UWG ohne § 17;M;76;69;17;9;3;1;3;1
719200;Straftaten nach UWG ohne § 17;W;16;16;8;4;4;0;0;0
719200;Straftaten nach UWG ohne § 17;X;92;85;25;13;7;1;3;1
720000;Straftaten gegen sonstige strafrechtliche Nebengesetze -ohne Verkehrsdelikte-;M;150,470;121,591;7,464;2,549;1,734;1,031;899;1,251
720000;Straftaten gegen sonstige strafrechtliche Nebengesetze -ohne Verkehrsdelikte-;W;50,533;42,051;4,462;1,721;1,171;701;443;426
720000;Straftaten gegen sonstige strafrechtliche Nebengesetze -ohne Verkehrsdelikte-;X;201,003;163,642;11,926;4,270;2,905;1,732;1,342;1,677
720001;Vereinsgesetz;M;487;430;39;19;10;5;3;2
720001;Vereinsgesetz;W;110;91;11;6;2;3;0;0
720001;Vereinsgesetz;X;597;521;50;25;12;8;3;2
720002;Versammlungsgesetze des Bundes und der Länder;M;1,500;1,118;48;12;22;7;6;1
720002;Versammlungsgesetze des Bundes und der Länder;W;367;271;24;12;6;5;1;0
720002;Versammlungsgesetze des Bundes und der Länder;X;1,867;1,389;72;24;28;12;7;1
720005;Missbräuchliches Herstellen, Vertreiben oder Ausgeben von amtlichen Kennzeichen § 22a StVG;M;84;78;5;1;2;2;0;0
720005;Missbräuchliches Herstellen, Vertreiben oder Ausgeben von amtlichen Kennzeichen § 22a StVG;W;2;1;0;0;0;0;0;0
720005;Missbräuchliches Herstellen, Vertreiben oder Ausgeben von amtlichen Kennzeichen § 22a StVG;X;86;79;5;1;2;2;0;0
720009;Telekommunikationsgesetz;M;184;178;8;2;4;1;1;0
720009;Telekommunikationsgesetz;W;30;30;3;1;1;0;1;0
720009;Telekommunikationsgesetz;X;214;208;11;3;5;1;2;0
720011;Straftaten § 4 Gewaltschutzgesetz;M;5,770;5,562;322;159;76;47;27;13
720011;Straftaten § 4 Gewaltschutzgesetz;W;495;473;47;21;13;4;7;2
720011;Straftaten § 4 Gewaltschutzgesetz;X;6,265;6,035;369;180;89;51;34;15
720012;Straftaten § 1 EU-Bestechungsgesetz (EUBestG);M;0;0;0;0;0;0;0;0
720012;Straftaten § 1 EU-Bestechungsgesetz (EUBestG);W;0;0;0;0;0;0;0;0
720012;Straftaten § 1 EU-Bestechungsgesetz (EUBestG);X;0;0;0;0;0;0;0;0
720013;Straftaten gemäß § 2 des Gesetzes zur Bekämpfung internationaler Bestechung (IntBestG);M;7;7;1;0;1;0;0;0
720013;Straftaten gemäß § 2 des Gesetzes zur Bekämpfung internationaler Bestechung (IntBestG);W;1;1;0;0;0;0;0;0
720013;Straftaten gemäß § 2 des Gesetzes zur Bekämpfung internationaler Bestechung (IntBestG);X;8;8;1;0;1;0;0;0
720014;Luftsicherheitsgesetz;M;646;616;119;40;41;17;11;10
720014;Luftsicherheitsgesetz;W;308;281;52;23;17;8;3;1
720014;Luftsicherheitsgesetz;X;954;897;171;63;58;25;14;11
720079;Sonstige strafrechtliche Nebengesetze;M;1,128;1,014;68;32;18;10;7;1
720079;Sonstige strafrechtliche Nebengesetze;W;338;309;13;6;3;2;1;1
720079;Sonstige strafrechtliche Nebengesetze;X;1,466;1,323;81;38;21;12;8;2
721000;Straftaten gegen § 27 Abs. 2 des Jugendschutzgesetzes;M;15;13;2;2;0;0;0;0
721000;Straftaten gegen § 27 Abs. 2 des Jugendschutzgesetzes;W;5;5;0;0;0;0;0;0
721000;Straftaten gegen § 27 Abs. 2 des Jugendschutzgesetzes;X;20;18;2;2;0;0;0;0
722000;Straftaten gegen § 27 Abs. 1 des Jugendschutzgesetzes;M;22;15;1;1;0;0;0;0
722000;Straftaten gegen § 27 Abs. 1 des Jugendschutzgesetzes;W;5;5;0;0;0;0;0;0
722000;Straftaten gegen § 27 Abs. 1 des Jugendschutzgesetzes;X;27;20;1;1;0;0;0;0
724000;Straftaten gegen § 24 des Passgesetzes;M;6;4;0;0;0;0;0;0
724000;Straftaten gegen § 24 des Passgesetzes;W;0;0;0;0;0;0;0;0
724000;Straftaten gegen § 24 des Passgesetzes;X;6;4;0;0;0;0;0;0
725000;Straftaten gegen das Aufenthalts-, das Asyl- und das Freizügigkeitsgesetz/EU;M;104,890;85,443;2,497;1,191;691;324;173;118
725000;Straftaten gegen das Aufenthalts-, das Asyl- und das Freizügigkeitsgesetz/EU;W;45,060;37,353;3,643;1,510;1,007;576;323;227
725000;Straftaten gegen das Aufenthalts-, das Asyl- und das Freizügigkeitsgesetz/EU;X;149,950;122,796;6,140;2,701;1,698;900;496;345
725100;Unerlaubte Einreise § 95 Abs. 1 Nr. 3 und Abs. 2 Nr.1a Aufenthaltsgesetz;M;28,663;22,757;407;202;122;43;25;15
725100;Unerlaubte Einreise § 95 Abs. 1 Nr. 3 und Abs. 2 Nr.1a Aufenthaltsgesetz;W;9,487;7,490;501;240;130;71;31;29
725100;Unerlaubte Einreise § 95 Abs. 1 Nr. 3 und Abs. 2 Nr.1a Aufenthaltsgesetz;X;38,150;30,247;908;442;252;114;56;44
725110;Unerlaubte Einreise § 95 Abs. 1 Nr. 3 Aufenthaltsgesetz;M;27,005;21,321;388;191;115;42;25;15
725110;Unerlaubte Einreise § 95 Abs. 1 Nr. 3 Aufenthaltsgesetz;W;9,128;7,208;493;237;126;71;31;28
725110;Unerlaubte Einreise § 95 Abs. 1 Nr. 3 Aufenthaltsgesetz;X;36,133;28,529;881;428;241;113;56;43
725120;Unerlaubte Wiedereinreise entgegen oder in Zuwiderhandlung eines Einreise- und Aufenthaltsverbotes § 95 Abs. 2 Nr. 1a AufenthG;M;1,825;1,582;20;11;8;1;0;0
725120;Unerlaubte Wiedereinreise entgegen oder in Zuwiderhandlung eines Einreise- und Aufenthaltsverbotes § 95 Abs. 2 Nr. 1a AufenthG;W;376;294;9;3;5;0;0;1
725120;Unerlaubte Wiedereinreise entgegen oder in Zuwiderhandlung eines Einreise- und Aufenthaltsverbotes § 95 Abs. 2 Nr. 1a AufenthG;X;2,201;1,876;29;14;13;1;0;1
725200;Einschleusen von Ausländern § 96 Aufenthaltsgesetz;M;1,952;1,880;62;36;20;5;1;0
725200;Einschleusen von Ausländern § 96 Aufenthaltsgesetz;W;282;276;16;11;5;0;0;0
725200;Einschleusen von Ausländern § 96 Aufenthaltsgesetz;X;2,234;2,156;78;47;25;5;1;0
725210;Einschleusen von Ausländern § 96 Abs. 1 und 4 Aufenthaltsgesetz;M;1,614;1,557;49;30;16;3;0;0
725210;Einschleusen von Ausländern § 96 Abs. 1 und 4 Aufenthaltsgesetz;W;210;206;12;7;5;0;0;0
725210;Einschleusen von Ausländern § 96 Abs. 1 und 4 Aufenthaltsgesetz;X;1,824;1,763;61;37;21;3;0;0
725220;Einschleusen von Ausländern § 96 Abs. 2 Aufenthaltsgesetz;M;366;349;13;6;4;2;1;0
725220;Einschleusen von Ausländern § 96 Abs. 2 Aufenthaltsgesetz;W;74;72;4;4;0;0;0;0
725220;Einschleusen von Ausländern § 96 Abs. 2 Aufenthaltsgesetz;X;440;421;17;10;4;2;1;0
725300;Erschleichen eines Aufenthaltstitels (§ 95 Abs. 2 Nr. 2 Aufenthaltsgesetz) durch unrichtige oder unvollständige Angaben oder Gebrauch eines so beschafften Aufenthaltstitels zur Täuschung im Rechtsverkehr;M;5,415;4,741;147;82;36;16;8;5
725300;Erschleichen eines Aufenthaltstitels (§ 95 Abs. 2 Nr. 2 Aufenthaltsgesetz) durch unrichtige oder unvollständige Angaben oder Gebrauch eines so beschafften Aufenthaltstitels zur Täuschung im Rechtsverkehr;W;3,588;3,108;135;74;33;10;13;5
725300;Erschleichen eines Aufenthaltstitels (§ 95 Abs. 2 Nr. 2 Aufenthaltsgesetz) durch unrichtige oder unvollständige Angaben oder Gebrauch eines so beschafften Aufenthaltstitels zur Täuschung im Rechtsverkehr;X;9,003;7,849;282;156;69;26;21;10
725310;Erschleichen oder Gebrauch eines Aufenthaltstitels (Visum);M;4,376;3,818;125;69;30;14;7;5
725310;Erschleichen oder Gebrauch eines Aufenthaltstitels (Visum);W;3,063;2,640;122;67;28;9;13;5
725310;Erschleichen oder Gebrauch eines Aufenthaltstitels (Visum);X;7,439;6,458;247;136;58;23;20;10
725311;Erschleichen oder Gebrauch eines Aufenthaltstitels (Visum) durch Scheinehe;M;178;173;2;1;0;0;1;0
725311;Erschleichen oder Gebrauch eines Aufenthaltstitels (Visum) durch Scheinehe;W;152;138;4;3;0;0;0;1
725311;Erschleichen oder Gebrauch eines Aufenthaltstitels (Visum) durch Scheinehe;X;330;311;6;4;0;0;1;1
725312;Erschleichen oder Gebrauch eines Aufenthaltstitels (Visum) durch sonstigen Modus Operandi;M;4,200;3,647;123;68;30;14;6;5
725312;Erschleichen oder Gebrauch eines Aufenthaltstitels (Visum) durch sonstigen Modus Operandi;W;2,912;2,503;118;64;28;9;13;4
725312;Erschleichen oder Gebrauch eines Aufenthaltstitels (Visum) durch sonstigen Modus Operandi;X;7,112;6,150;241;132;58;23;19;9
725320;Erschleichen oder Gebrauch eines Aufenthaltstitels (Aufenthaltserlaubnis oder Niederlassungsbefugnis);M;1,057;939;22;13;6;2;1;0
725320;Erschleichen oder Gebrauch eines Aufenthaltstitels (Aufenthaltserlaubnis oder Niederlassungsbefugnis);W;534;475;13;7;5;1;0;0
725320;Erschleichen oder Gebrauch eines Aufenthaltstitels (Aufenthaltserlaubnis oder Niederlassungsbefugnis);X;1,591;1,414;35;20;11;3;1;0
725321;Erschleichen oder Gebrauch eines Aufenthaltstitels (Aufenthaltserlaubnis oder Niederlassungsbefugnis) durch Scheinehe;M;230;225;12;8;3;0;1;0
725321;Erschleichen oder Gebrauch eines Aufenthaltstitels (Aufenthaltserlaubnis oder Niederlassungsbefugnis) durch Scheinehe;W;180;171;6;4;2;0;0;0
725321;Erschleichen oder Gebrauch eines Aufenthaltstitels (Aufenthaltserlaubnis oder Niederlassungsbefugnis) durch Scheinehe;X;410;396;18;12;5;0;1;0
725322;Erschleichen oder Gebrauch eines Aufenthaltstitels (Aufenthaltserlaubnis oder Niederlassungsbefugnis) durch sonstigen Modus Operandi;M;828;715;10;5;3;2;0;0
725322;Erschleichen oder Gebrauch eines Aufenthaltstitels (Aufenthaltserlaubnis oder Niederlassungsbefugnis) durch sonstigen Modus Operandi;W;357;307;7;3;3;1;0;0
725322;Erschleichen oder Gebrauch eines Aufenthaltstitels (Aufenthaltserlaubnis oder Niederlassungsbefugnis) durch sonstigen Modus Operandi;X;1,185;1,022;17;8;6;3;0;0
725400;Einschleusen mit Todesfolge, gewerbs- und bandenmäßiges Einschleusen von Ausländern § 97 Aufenthaltsgesetz;M;160;156;4;3;0;0;1;0
725400;Einschleusen mit Todesfolge, gewerbs- und bandenmäßiges Einschleusen von Ausländern § 97 Aufenthaltsgesetz;W;60;59;4;3;0;1;0;0
725400;Einschleusen mit Todesfolge, gewerbs- und bandenmäßiges Einschleusen von Ausländern § 97 Aufenthaltsgesetz;X;220;215;8;6;0;1;1;0
725410;Einschleusen mit Todesfolge § 97 Abs. 1 Aufenthaltsgesetz;M;7;6;0;0;0;0;0;0
725410;Einschleusen mit Todesfolge § 97 Abs. 1 Aufenthaltsgesetz;W;1;1;0;0;0;0;0;0
725410;Einschleusen mit Todesfolge § 97 Abs. 1 Aufenthaltsgesetz;X;8;7;0;0;0;0;0;0
725420;Gewerbs- und bandenmäßiges Einschleusen von Ausländern § 97 Abs. 2 Aufenthaltsgesetz;M;154;150;4;3;0;0;1;0
725420;Gewerbs- und bandenmäßiges Einschleusen von Ausländern § 97 Abs. 2 Aufenthaltsgesetz;W;59;58;4;3;0;1;0;0
725420;Gewerbs- und bandenmäßiges Einschleusen von Ausländern § 97 Abs. 2 Aufenthaltsgesetz;X;213;208;8;6;0;1;1;0
725500;Straftaten gegen §§ 84, 85 Asylgesetz;M;511;443;3;2;1;0;0;0
725500;Straftaten gegen §§ 84, 85 Asylgesetz;W;48;46;7;3;2;1;0;1
725500;Straftaten gegen §§ 84, 85 Asylgesetz;X;559;489;10;5;3;1;0;1
725510;Straftaten gegen § 84 Asylgesetz;M;32;29;2;1;1;0;0;0
725510;Straftaten gegen § 84 Asylgesetz;W;16;15;4;3;0;1;0;0
725510;Straftaten gegen § 84 Asylgesetz;X;48;44;6;4;1;1;0;0
725520;Straftaten gegen § 85 Asylgesetz;M;479;414;1;1;0;0;0;0
725520;Straftaten gegen § 85 Asylgesetz;W;32;31;3;0;2;0;0;1
725520;Straftaten gegen § 85 Asylgesetz;X;511;445;4;1;2;0;0;1
725600;Gewerbs- und bandenmäßige Verleitung zur missbräuchlichen Asylantragstellung § 84a Asylgesetz;M;3;3;0;0;0;0;0;0
725600;Gewerbs- und bandenmäßige Verleitung zur missbräuchlichen Asylantragstellung § 84a Asylgesetz;W;2;2;1;1;0;0;0;0
725600;Gewerbs- und bandenmäßige Verleitung zur missbräuchlichen Asylantragstellung § 84a Asylgesetz;X;5;5;1;1;0;0;0;0
725700;Unerlaubter Aufenthalt § 95 Abs. 1 Nr. 1, 2 und Abs. 2 Nr. 1b Aufenthaltsgesetz;M;68,000;55,000;1,840;845;503;259;135;98
725700;Unerlaubter Aufenthalt § 95 Abs. 1 Nr. 1, 2 und Abs. 2 Nr. 1b Aufenthaltsgesetz;W;31,317;26,109;2,980;1,182;833;496;280;189
725700;Unerlaubter Aufenthalt § 95 Abs. 1 Nr. 1, 2 und Abs. 2 Nr. 1b Aufenthaltsgesetz;X;99,317;81,109;4,820;2,027;1,336;755;415;287
725710;Unerlaubter Aufenthalt § 95 Abs. 1 Nr. 1 und 2 Aufenthaltsgesetz;M;66,772;53,938;1,825;835;500;258;135;97
725710;Unerlaubter Aufenthalt § 95 Abs. 1 Nr. 1 und 2 Aufenthaltsgesetz;W;31,092;25,925;2,975;1,180;832;494;280;189
725710;Unerlaubter Aufenthalt § 95 Abs. 1 Nr. 1 und 2 Aufenthaltsgesetz;X;97,864;79,863;4,800;2,015;1,332;752;415;286
725711;Unerlaubter Aufenthalt ohne unerlaubte Einreise;M;18,053;15,824;1,136;451;320;189;104;72
725711;Unerlaubter Aufenthalt ohne unerlaubte Einreise;W;10,597;9,558;2,216;822;610;392;234;158
725711;Unerlaubter Aufenthalt ohne unerlaubte Einreise;X;28,650;25,382;3,352;1,273;930;581;338;230
725712;Unerlaubter Aufenthalt nach unerlaubter/ungeklärter Einreise;M;50,229;39,331;701;391;182;70;33;25
725712;Unerlaubter Aufenthalt nach unerlaubter/ungeklärter Einreise;W;20,727;16,566;767;361;227;102;46;31
725712;Unerlaubter Aufenthalt nach unerlaubter/ungeklärter Einreise;X;70,956;55,897;1,468;752;409;172;79;56
725720;Unerlaubter Aufenthalt entgegen oder in Zuwiderhandlung eines Einreise- und Aufenthaltsverbotes § 95 Abs. 2 Nr. 1b AufenthG;M;1,550;1,339;17;12;3;1;0;1
725720;Unerlaubter Aufenthalt entgegen oder in Zuwiderhandlung eines Einreise- und Aufenthaltsverbotes § 95 Abs. 2 Nr. 1b AufenthG;W;269;219;5;2;1;2;0;0
725720;Unerlaubter Aufenthalt entgegen oder in Zuwiderhandlung eines Einreise- und Aufenthaltsverbotes § 95 Abs. 2 Nr. 1b AufenthG;X;1,819;1,558;22;14;4;3;0;1
725800;Einreise oder Aufenthalt trotz Versagung des Freizügigkeitsrechts § 9 Freizügigkeitsgesetz/EU;M;787;750;18;15;3;0;0;0
725800;Einreise oder Aufenthalt trotz Versagung des Freizügigkeitsrechts § 9 Freizügigkeitsgesetz/EU;W;418;370;3;2;0;0;0;1
725800;Einreise oder Aufenthalt trotz Versagung des Freizügigkeitsrechts § 9 Freizügigkeitsgesetz/EU;X;1,205;1,120;21;17;3;0;0;1
725900;Sonstige Verstöße gegen das Aufenthaltsgesetz;M;3,391;2,978;50;26;16;3;5;0
725900;Sonstige Verstöße gegen das Aufenthaltsgesetz;W;758;679;26;14;9;0;0;3
725900;Sonstige Verstöße gegen das Aufenthaltsgesetz;X;4,149;3,657;76;40;25;3;5;3
726000;Straftaten gegen das Sprengstoff-, das Waffen- und das Kriegswaffenkontrollgesetz;M;36,010;27,297;4,304;1,065;858;611;667;1,103
726000;Straftaten gegen das Sprengstoff-, das Waffen- und das Kriegswaffenkontrollgesetz;W;3,681;3,109;652;134;116;102;105;195
726000;Straftaten gegen das Sprengstoff-, das Waffen- und das Kriegswaffenkontrollgesetz;X;39,691;30,406;4,956;1,199;974;713;772;1,298
726100;Straftaten gegen das Sprengstoffgesetz;M;3,357;2,170;88;30;21;7;15;15
726100;Straftaten gegen das Sprengstoffgesetz;W;175;136;5;2;1;1;1;0
726100;Straftaten gegen das Sprengstoffgesetz;X;3,532;2,306;93;32;22;8;16;15
726200;Straftaten gegen das Waffengesetz;M;32,711;25,077;4,137;1,015;815;595;646;1,066
726200;Straftaten gegen das Waffengesetz;W;3,499;2,962;638;130;113;100;103;192
726200;Straftaten gegen das Waffengesetz;X;36,210;28,039;4,775;1,145;928;695;749;1,258
726300;Straftaten gegen das Kriegswaffenkontrollgesetz;M;473;437;96;29;26;11;8;22
726300;Straftaten gegen das Kriegswaffenkontrollgesetz;W;25;24;9;2;2;1;1;3
726300;Straftaten gegen das Kriegswaffenkontrollgesetz;X;498;461;105;31;28;12;9;25
727000;Straftaten nach dem Kulturgutschutzgesetz (KGSG);M;13;13;2;1;1;0;0;0
727000;Straftaten nach dem Kulturgutschutzgesetz (KGSG);W;2;2;0;0;0;0;0;0
727000;Straftaten nach dem Kulturgutschutzgesetz (KGSG);X;15;15;2;1;1;0;0;0
727100;Illegale Ausfuhr von Kulturgut § 83 Abs. 1 Nr. 1, 2 und Abs. 2 KGSG;M;1;1;0;0;0;0;0;0
727100;Illegale Ausfuhr von Kulturgut § 83 Abs. 1 Nr. 1, 2 und Abs. 2 KGSG;W;0;0;0;0;0;0;0;0
727100;Illegale Ausfuhr von Kulturgut § 83 Abs. 1 Nr. 1, 2 und Abs. 2 KGSG;X;1;1;0;0;0;0;0;0
727200;Illegale Einfuhr von Kulturgut § 83 Abs. 1 Nr. 3 KGSG;M;1;1;0;0;0;0;0;0
727200;Illegale Einfuhr von Kulturgut § 83 Abs. 1 Nr. 3 KGSG;W;0;0;0;0;0;0;0;0
727200;Illegale Einfuhr von Kulturgut § 83 Abs. 1 Nr. 3 KGSG;X;1;1;0;0;0;0;0;0
727300;Illegaler Handel mit Kulturgut § 83 Abs. 1 Nr. 4, 5 und Abs. 5 KGSG;M;10;10;2;1;1;0;0;0
727300;Illegaler Handel mit Kulturgut § 83 Abs. 1 Nr. 4, 5 und Abs. 5 KGSG;W;2;2;0;0;0;0;0;0
727300;Illegaler Handel mit Kulturgut § 83 Abs. 1 Nr. 4, 5 und Abs. 5 KGSG;X;12;12;2;1;1;0;0;0
727400;Beschädigung, Zerstörung oder Veränderung von Kulturgut § 83 Abs. 3 KGSG;M;1;1;0;0;0;0;0;0
727400;Beschädigung, Zerstörung oder Veränderung von Kulturgut § 83 Abs. 3 KGSG;W;0;0;0;0;0;0;0;0
727400;Beschädigung, Zerstörung oder Veränderung von Kulturgut § 83 Abs. 3 KGSG;X;1;1;0;0;0;0;0;0
728000;Straftaten gegen das Bundes- (oder Landes-) Datenschutzgesetz;M;331;324;60;32;13;8;4;3
728000;Straftaten gegen das Bundes- (oder Landes-) Datenschutzgesetz;W;172;160;18;9;6;1;2;0
728000;Straftaten gegen das Bundes- (oder Landes-) Datenschutzgesetz;X;503;484;78;41;19;9;6;3
728010;Straftaten gegen Landesdatenschutzgesetz;M;84;82;15;8;3;3;1;0
728010;Straftaten gegen Landesdatenschutzgesetz;W;40;39;5;2;1;0;2;0
728010;Straftaten gegen Landesdatenschutzgesetz;X;124;121;20;10;4;3;3;0
728020;Straftaten gegen das Bundesdatenschutzgesetz;M;247;242;45;24;10;5;3;3
728020;Straftaten gegen das Bundesdatenschutzgesetz;W;132;121;13;7;5;1;0;0
728020;Straftaten gegen das Bundesdatenschutzgesetz;X;379;363;58;31;15;6;3;3
730000;Rauschgiftdelikte (soweit nicht bereits mit anderer Schlüsselzahl erfasst);M;248,379;175,870;1,570;1,020;360;117;53;20
730000;Rauschgiftdelikte (soweit nicht bereits mit anderer Schlüsselzahl erfasst);W;36,011;23,721;350;186;91;29;22;22
730000;Rauschgiftdelikte (soweit nicht bereits mit anderer Schlüsselzahl erfasst);X;284,390;199,591;1,920;1,206;451;146;75;42
731000;Allgemeine Verstöße § 29 BtMG (soweit nicht unter 7340 pp. zu erfassen);M;201,350;140,461;979;663;209;61;34;12
731000;Allgemeine Verstöße § 29 BtMG (soweit nicht unter 7340 pp. zu erfassen);W;30,068;18,982;194;106;47;15;9;17
731000;Allgemeine Verstöße § 29 BtMG (soweit nicht unter 7340 pp. zu erfassen);X;231,418;159,443;1,173;769;256;76;43;29
731100;Allgemeiner Verstoß mit Heroin;M;5,878;5,658;79;58;18;2;1;0
731100;Allgemeiner Verstoß mit Heroin;W;987;939;12;8;3;1;0;0
731100;Allgemeiner Verstoß mit Heroin;X;6,865;6,597;91;66;21;3;1;0
731200;Allgemeiner Verstoß mit Kokain einschl. Crack;M;13,427;12,084;102;74;17;6;4;1
731200;Allgemeiner Verstoß mit Kokain einschl. Crack;W;1,664;1,433;10;5;2;3;0;0
731200;Allgemeiner Verstoß mit Kokain einschl. Crack;X;15,091;13,517;112;79;19;9;4;1
731201;Allgemeiner Verstoß mit Crack;M;1,098;1,062;15;13;2;0;0;0
731201;Allgemeiner Verstoß mit Crack;W;214;206;1;1;0;0;0;0
731201;Allgemeiner Verstoß mit Crack;X;1,312;1,268;16;14;2;0;0;0
731202;Allgemeiner Verstoß mit Kokain;M;12,491;11,176;87;61;15;6;4;1
731202;Allgemeiner Verstoß mit Kokain;W;1,469;1,245;10;5;2;3;0;0
731202;Allgemeiner Verstoß mit Kokain;X;13,960;12,421;97;66;17;9;4;1
731300;Allgemeiner Verstoß mit LSD;M;581;342;1;0;0;1;0;0
731300;Allgemeiner Verstoß mit LSD;W;93;55;1;1;0;0;0;0
731300;Allgemeiner Verstoß mit LSD;X;674;397;2;1;0;1;0;0
731400;Allgemeiner Verstoß mit NPS (BtMG);M;2,253;1,912;22;18;4;0;0;0
731400;Allgemeiner Verstoß mit NPS (BtMG);W;309;240;4;1;2;0;0;1
731400;Allgemeiner Verstoß mit NPS (BtMG);X;2,562;2,152;26;19;6;0;0;1
731600;Allgemeiner Verstoß mit Amphetamin und seinen Derivaten in Pulver- oder flüssiger sowie in Tabletten- bzw. Kapselform (Ecstasy);M;30,168;24,047;74;52;14;2;4;2
731600;Allgemeiner Verstoß mit Amphetamin und seinen Derivaten in Pulver- oder flüssiger sowie in Tabletten- bzw. Kapselform (Ecstasy);W;6,193;4,191;22;12;7;1;2;0
731600;Allgemeiner Verstoß mit Amphetamin und seinen Derivaten in Pulver- oder flüssiger sowie in Tabletten- bzw. Kapselform (Ecstasy);X;36,361;28,238;96;64;21;3;6;2
731601;Allgemeiner Verstoß mit Amphetamin und seinen Derivaten in Pulver- oder flüssiger Form;M;24,030;20,115;59;40;11;2;4;2
731601;Allgemeiner Verstoß mit Amphetamin und seinen Derivaten in Pulver- oder flüssiger Form;W;4,641;3,516;20;11;7;0;2;0
731601;Allgemeiner Verstoß mit Amphetamin und seinen Derivaten in Pulver- oder flüssiger Form;X;28,671;23,631;79;51;18;2;6;2
731602;Allgemeiner Verstoß mit Amphetamin und seinen Derivaten in Tabletten- bzw. Kapselform (Ecstasy);M;6,666;4,320;15;12;3;0;0;0
731602;Allgemeiner Verstoß mit Amphetamin und seinen Derivaten in Tabletten- bzw. Kapselform (Ecstasy);W;1,636;720;2;1;0;1;0;0
731602;Allgemeiner Verstoß mit Amphetamin und seinen Derivaten in Tabletten- bzw. Kapselform (Ecstasy);X;8,302;5,040;17;13;3;1;0;0
731700;Allgemeiner Verstoß mit Methamphetamin in Pulver-, kristalliner oder flüssiger sowie in Tabletten- bzw. Kapselform;M;6,639;5,846;21;14;4;0;2;1
731700;Allgemeiner Verstoß mit Methamphetamin in Pulver-, kristalliner oder flüssiger sowie in Tabletten- bzw. Kapselform;W;1,734;1,438;4;2;1;0;0;1
731700;Allgemeiner Verstoß mit Methamphetamin in Pulver-, kristalliner oder flüssiger sowie in Tabletten- bzw. Kapselform;X;8,373;7,284;25;16;5;0;2;2
731701;Allgemeiner Verstoß mit Methamphetamin in Pulver- oder flüssiger Form;M;786;660;4;3;1;0;0;0
731701;Allgemeiner Verstoß mit Methamphetamin in Pulver- oder flüssiger Form;W;163;135;0;0;0;0;0;0
731701;Allgemeiner Verstoß mit Methamphetamin in Pulver- oder flüssiger Form;X;949;795;4;3;1;0;0;0
731702;Allgemeiner Verstoß mit Methamphetamin in kristalliner Form (Crystal);M;5,561;5,018;17;11;3;0;2;1
731702;Allgemeiner Verstoß mit Methamphetamin in kristalliner Form (Crystal);W;1,499;1,273;4;2;1;0;0;1
731702;Allgemeiner Verstoß mit Methamphetamin in kristalliner Form (Crystal);X;7,060;6,291;21;13;4;0;2;2
731703;Allgemeiner Verstoß mit Methamphetamin in Tabletten- bzw. Kapselform;M;373;240;0;0;0;0;0;0
731703;Allgemeiner Verstoß mit Methamphetamin in Tabletten- bzw. Kapselform;W;84;39;0;0;0;0;0;0
731703;Allgemeiner Verstoß mit Methamphetamin in Tabletten- bzw. Kapselform;X;457;279;0;0;0;0;0;0
731800;Allgemeiner Verstoß mit Cannabis und Zubereitungen;M;142,393;89,952;595;394;139;41;16;5
731800;Allgemeiner Verstoß mit Cannabis und Zubereitungen;W;18,346;10,030;101;57;22;10;3;9
731800;Allgemeiner Verstoß mit Cannabis und Zubereitungen;X;160,739;99,982;696;451;161;51;19;14
731900;Allgemeiner Verstoß mit sonstigen Betäubungsmitteln;M;12,385;9,855;109;73;16;10;7;3
731900;Allgemeiner Verstoß mit sonstigen Betäubungsmitteln;W;2,277;1,716;42;21;10;1;4;6
731900;Allgemeiner Verstoß mit sonstigen Betäubungsmitteln;X;14,662;11,571;151;94;26;11;11;9
732000;Unerlaubter Handel mit und Schmuggel von Rauschgiften § 29 BtMG;M;41,101;27,049;274;177;60;26;9;2
732000;Unerlaubter Handel mit und Schmuggel von Rauschgiften § 29 BtMG;W;4,251;3,052;55;27;17;7;3;1
732000;Unerlaubter Handel mit und Schmuggel von Rauschgiften § 29 BtMG;X;45,352;30,101;329;204;77;33;12;3
732100;Unerlaubter Handel mit und Schmuggel von Heroin;M;1,541;1,406;43;28;12;3;0;0
732100;Unerlaubter Handel mit und Schmuggel von Heroin;W;200;196;7;5;1;0;1;0
732100;Unerlaubter Handel mit und Schmuggel von Heroin;X;1,741;1,602;50;33;13;3;1;0
732110;Unerlaubter Handel mit Heroin;M;1,407;1,275;28;19;6;3;0;0
732110;Unerlaubter Handel mit Heroin;W;182;178;5;4;1;0;0;0
732110;Unerlaubter Handel mit Heroin;X;1,589;1,453;33;23;7;3;0;0
732120;Schmuggel von Heroin;M;134;131;15;9;6;0;0;0
732120;Schmuggel von Heroin;W;18;18;2;1;0;0;1;0
732120;Schmuggel von Heroin;X;152;149;17;10;6;0;1;0
732200;Unerlaubter Handel mit und Schmuggel von Kokain einschl. Crack;M;3,667;3,117;34;22;4;5;3;0
732200;Unerlaubter Handel mit und Schmuggel von Kokain einschl. Crack;W;308;269;6;3;2;0;1;0
732200;Unerlaubter Handel mit und Schmuggel von Kokain einschl. Crack;X;3,975;3,386;40;25;6;5;4;0
732210;Unerlaubter Handel mit Kokain einschl. Crack;M;3,266;2,743;30;20;4;4;2;0
732210;Unerlaubter Handel mit Kokain einschl. Crack;W;256;220;2;1;1;0;0;0
732210;Unerlaubter Handel mit Kokain einschl. Crack;X;3,522;2,963;32;21;5;4;2;0
732211;Unerlaubter Handel mit Crack;M;174;164;1;1;0;0;0;0
732211;Unerlaubter Handel mit Crack;W;10;10;0;0;0;0;0;0
732211;Unerlaubter Handel mit Crack;X;184;174;1;1;0;0;0;0
732212;Unerlaubter Handel mit Kokain;M;3,107;2,594;29;19;4;4;2;0
732212;Unerlaubter Handel mit Kokain;W;246;210;2;1;1;0;0;0
732212;Unerlaubter Handel mit Kokain;X;3,353;2,804;31;20;5;4;2;0
732220;Schmuggel von Kokain einschl. Crack;M;407;380;4;2;0;1;1;0
732220;Schmuggel von Kokain einschl. Crack;W;53;50;4;2;1;0;1;0
732220;Schmuggel von Kokain einschl. Crack;X;460;430;8;4;1;1;2;0
732221;Schmuggel von Crack;M;3;2;0;0;0;0;0;0
732221;Schmuggel von Crack;W;3;3;0;0;0;0;0;0
732221;Schmuggel von Crack;X;6;5;0;0;0;0;0;0
732222;Schmuggel von Kokain;M;404;378;4;2;0;1;1;0
732222;Schmuggel von Kokain;W;50;47;4;2;1;0;1;0
732222;Schmuggel von Kokain;X;454;425;8;4;1;1;2;0
732300;Unerlaubter Handel mit und Schmuggel von LSD;M;152;77;0;0;0;0;0;0
732300;Unerlaubter Handel mit und Schmuggel von LSD;W;18;11;0;0;0;0;0;0
732300;Unerlaubter Handel mit und Schmuggel von LSD;X;170;88;0;0;0;0;0;0
732310;Unerlaubter Handel mit LSD;M;112;45;0;0;0;0;0;0
732310;Unerlaubter Handel mit LSD;W;11;5;0;0;0;0;0;0
732310;Unerlaubter Handel mit LSD;X;123;50;0;0;0;0;0;0
732320;Schmuggel von LSD;M;41;32;0;0;0;0;0;0
732320;Schmuggel von LSD;W;7;6;0;0;0;0;0;0
732320;Schmuggel von LSD;X;48;38;0;0;0;0;0;0
732400;Unerlaubter Handel mit und Schmuggel von NPS (BtMG);M;338;280;3;1;1;1;0;0
732400;Unerlaubter Handel mit und Schmuggel von NPS (BtMG);W;63;58;4;2;1;0;0;1
732400;Unerlaubter Handel mit und Schmuggel von NPS (BtMG);X;401;338;7;3;2;1;0;1
732410;Unerlaubter Handel mit NPS (BtMG);M;247;196;2;1;1;0;0;0
732410;Unerlaubter Handel mit NPS (BtMG);W;50;45;2;1;1;0;0;0
732410;Unerlaubter Handel mit NPS (BtMG);X;297;241;4;2;2;0;0;0
732420;Schmuggel von NPS (BtMG);M;91;84;1;0;0;1;0;0
732420;Schmuggel von NPS (BtMG);W;13;13;2;1;0;0;0;1
732420;Schmuggel von NPS (BtMG);X;104;97;3;1;0;1;0;1
732600;Unerlaubter Handel mit und Schmuggel von Amphetamin und seinen Derivaten in Pulver- oder flüssiger sowie in Tabletten- bzw. Kapselform (Ecstasy);M;5,765;4,009;12;6;2;2;1;1
732600;Unerlaubter Handel mit und Schmuggel von Amphetamin und seinen Derivaten in Pulver- oder flüssiger sowie in Tabletten- bzw. Kapselform (Ecstasy);W;806;560;4;3;1;0;0;0
732600;Unerlaubter Handel mit und Schmuggel von Amphetamin und seinen Derivaten in Pulver- oder flüssiger sowie in Tabletten- bzw. Kapselform (Ecstasy);X;6,571;4,569;16;9;3;2;1;1
732610;Unerlaubter Handel mit Amphetamin und seinen Derivaten in Pulver- oder flüssiger sowie in Tabletten- bzw. Kapselform (Ecstasy);M;5,108;3,418;10;6;2;1;1;0
732610;Unerlaubter Handel mit Amphetamin und seinen Derivaten in Pulver- oder flüssiger sowie in Tabletten- bzw. Kapselform (Ecstasy);W;727;492;3;2;1;0;0;0
732610;Unerlaubter Handel mit Amphetamin und seinen Derivaten in Pulver- oder flüssiger sowie in Tabletten- bzw. Kapselform (Ecstasy);X;5,835;3,910;13;8;3;1;1;0
732611;Unerlaubter Handel mit Amphetamin und seinen Derivaten in Pulver- oder flüssiger Form;M;3,305;2,543;9;6;2;0;1;0
732611;Unerlaubter Handel mit Amphetamin und seinen Derivaten in Pulver- oder flüssiger Form;W;506;389;3;2;1;0;0;0
732611;Unerlaubter Handel mit Amphetamin und seinen Derivaten in Pulver- oder flüssiger Form;X;3,811;2,932;12;8;3;0;1;0
732612;Unerlaubter Handel mit Amphetamin und seinen Derivaten in Tabletten- bzw. Kapselform (Ecstasy);M;1,879;920;1;0;0;1;0;0
732612;Unerlaubter Handel mit Amphetamin und seinen Derivaten in Tabletten- bzw. Kapselform (Ecstasy);W;227;108;0;0;0;0;0;0
732612;Unerlaubter Handel mit Amphetamin und seinen Derivaten in Tabletten- bzw. Kapselform (Ecstasy);X;2,106;1,028;1;0;0;1;0;0
732620;Schmuggel von Amphetamin und seinen Derivaten in Pulver- oder flüssiger sowie in Tabletten- bzw. Kapselform (Ecstasy);M;664;594;2;0;0;1;0;1
732620;Schmuggel von Amphetamin und seinen Derivaten in Pulver- oder flüssiger sowie in Tabletten- bzw. Kapselform (Ecstasy);W;79;68;1;1;0;0;0;0
732620;Schmuggel von Amphetamin und seinen Derivaten in Pulver- oder flüssiger sowie in Tabletten- bzw. Kapselform (Ecstasy);X;743;662;3;1;0;1;0;1
732621;Schmuggel von Amphetamin und seinen Derivaten in Pulver- oder flüssiger Form;M;471;440;2;0;0;1;0;1
732621;Schmuggel von Amphetamin und seinen Derivaten in Pulver- oder flüssiger Form;W;60;51;1;1;0;0;0;0
732621;Schmuggel von Amphetamin und seinen Derivaten in Pulver- oder flüssiger Form;X;531;491;3;1;0;1;0;1
732622;Schmuggel von Amphetamin und seinen Derivaten in Tabletten- bzw. Kapselform (Ecstasy);M;196;157;0;0;0;0;0;0
732622;Schmuggel von Amphetamin und seinen Derivaten in Tabletten- bzw. Kapselform (Ecstasy);W;19;17;0;0;0;0;0;0
732622;Schmuggel von Amphetamin und seinen Derivaten in Tabletten- bzw. Kapselform (Ecstasy);X;215;174;0;0;0;0;0;0
732700;Unerlaubter Handel mit und Schmuggel von Methamphetamin in Pulver-, kristalliner oder flüssiger sowie in Tabletten- bzw. Kapselform;M;1,416;1,201;6;6;0;0;0;0
732700;Unerlaubter Handel mit und Schmuggel von Methamphetamin in Pulver-, kristalliner oder flüssiger sowie in Tabletten- bzw. Kapselform;W;323;278;0;0;0;0;0;0
732700;Unerlaubter Handel mit und Schmuggel von Methamphetamin in Pulver-, kristalliner oder flüssiger sowie in Tabletten- bzw. Kapselform;X;1,739;1,479;6;6;0;0;0;0
732710;Unerlaubter Handel mit Methamphetamin in Pulver-, kristalliner oder flüssiger sowie in Tabletten- bzw. Kapselform;M;1,197;995;5;5;0;0;0;0
732710;Unerlaubter Handel mit Methamphetamin in Pulver-, kristalliner oder flüssiger sowie in Tabletten- bzw. Kapselform;W;263;224;0;0;0;0;0;0
732710;Unerlaubter Handel mit Methamphetamin in Pulver-, kristalliner oder flüssiger sowie in Tabletten- bzw. Kapselform;X;1,460;1,219;5;5;0;0;0;0
732711;Unerlaubter Handel mit Methamphetamin in Pulver- oder flüssiger Form;M;153;115;0;0;0;0;0;0
732711;Unerlaubter Handel mit Methamphetamin in Pulver- oder flüssiger Form;W;24;19;0;0;0;0;0;0
732711;Unerlaubter Handel mit Methamphetamin in Pulver- oder flüssiger Form;X;177;134;0;0;0;0;0;0
732712;Unerlaubter Handel mit Methamphetamin in kristalliner Form (Crystal);M;941;825;5;5;0;0;0;0
732712;Unerlaubter Handel mit Methamphetamin in kristalliner Form (Crystal);W;224;192;0;0;0;0;0;0
732712;Unerlaubter Handel mit Methamphetamin in kristalliner Form (Crystal);X;1,165;1,017;5;5;0;0;0;0
732713;Unerlaubter Handel mit Methamphetamin in Tabletten- bzw. Kapselform;M;103;55;0;0;0;0;0;0
732713;Unerlaubter Handel mit Methamphetamin in Tabletten- bzw. Kapselform;W;16;13;0;0;0;0;0;0
732713;Unerlaubter Handel mit Methamphetamin in Tabletten- bzw. Kapselform;X;119;68;0;0;0;0;0;0
732720;Schmuggel von Methamphetamin in Pulver-, kristalliner oder flüssiger sowie in Tabletten- bzw. Kapselform;M;222;209;1;1;0;0;0;0
732720;Schmuggel von Methamphetamin in Pulver-, kristalliner oder flüssiger sowie in Tabletten- bzw. Kapselform;W;60;54;0;0;0;0;0;0
732720;Schmuggel von Methamphetamin in Pulver-, kristalliner oder flüssiger sowie in Tabletten- bzw. Kapselform;X;282;263;1;1;0;0;0;0
732721;Schmuggel von Methamphetamin in Pulver- oder flüssiger Form;M;20;19;0;0;0;0;0;0
732721;Schmuggel von Methamphetamin in Pulver- oder flüssiger Form;W;3;3;0;0;0;0;0;0
732721;Schmuggel von Methamphetamin in Pulver- oder flüssiger Form;X;23;22;0;0;0;0;0;0
732722;Schmuggel von Methamphetamin in kristalliner Form (Crystal);M;198;190;1;1;0;0;0;0
732722;Schmuggel von Methamphetamin in kristalliner Form (Crystal);W;55;50;0;0;0;0;0;0
732722;Schmuggel von Methamphetamin in kristalliner Form (Crystal);X;253;240;1;1;0;0;0;0
732723;Schmuggel von Methamphetamin in Tabletten- bzw. Kapselform;M;5;1;0;0;0;0;0;0
732723;Schmuggel von Methamphetamin in Tabletten- bzw. Kapselform;W;2;1;0;0;0;0;0;0
732723;Schmuggel von Methamphetamin in Tabletten- bzw. Kapselform;X;7;2;0;0;0;0;0;0
732800;Unerlaubter Handel mit und Schmuggel von Cannabis und Zubereitungen;M;26,483;15,456;138;93;30;10;4;1
732800;Unerlaubter Handel mit und Schmuggel von Cannabis und Zubereitungen;W;2,141;1,348;23;9;9;5;0;0
732800;Unerlaubter Handel mit und Schmuggel von Cannabis und Zubereitungen;X;28,624;16,804;161;102;39;15;4;1
732810;Unerlaubter Handel mit Cannabis und Zubereitungen;M;20,784;10,682;78;52;17;5;3;1
732810;Unerlaubter Handel mit Cannabis und Zubereitungen;W;1,499;837;15;7;7;1;0;0
732810;Unerlaubter Handel mit Cannabis und Zubereitungen;X;22,283;11,519;93;59;24;6;3;1
732820;Schmuggel von Cannabis und Zubereitungen;M;5,748;4,802;60;41;13;5;1;0
732820;Schmuggel von Cannabis und Zubereitungen;W;643;511;8;2;2;4;0;0
732820;Schmuggel von Cannabis und Zubereitungen;X;6,391;5,313;68;43;15;9;1;0
732900;Unerlaubter Handel mit und Schmuggel von sonstigen Betäubungsmitteln;M;3,192;2,377;40;23;11;5;1;0
732900;Unerlaubter Handel mit und Schmuggel von sonstigen Betäubungsmitteln;W;474;393;14;7;4;2;1;0
732900;Unerlaubter Handel mit und Schmuggel von sonstigen Betäubungsmitteln;X;3,666;2,770;54;30;15;7;2;0
732910;Unerlaubter Handel mit sonstigen Betäubungsmitteln;M;2,858;2,093;37;22;9;5;1;0
732910;Unerlaubter Handel mit sonstigen Betäubungsmitteln;W;406;331;12;6;4;2;0;0
732910;Unerlaubter Handel mit sonstigen Betäubungsmitteln;X;3,264;2,424;49;28;13;7;1;0
732920;Schmuggel von sonstigen Betäubungsmitteln;M;336;285;3;1;2;0;0;0
732920;Schmuggel von sonstigen Betäubungsmitteln;W;68;62;2;1;0;0;1;0
732920;Schmuggel von sonstigen Betäubungsmitteln;X;404;347;5;2;2;0;1;0
733000;Unerlaubte Einfuhr von Betäubungsmitteln § 30 Abs. 1 Nr. 4 BtMG (in nicht geringer Menge);M;1,584;1,433;47;28;13;3;1;2
733000;Unerlaubte Einfuhr von Betäubungsmitteln § 30 Abs. 1 Nr. 4 BtMG (in nicht geringer Menge);W;237;215;6;3;1;0;2;0
733000;Unerlaubte Einfuhr von Betäubungsmitteln § 30 Abs. 1 Nr. 4 BtMG (in nicht geringer Menge);X;1,821;1,648;53;31;14;3;3;2
733100;Unerlaubte Einfuhr in nicht geringer Menge von Heroin;M;155;150;9;6;2;1;0;0
733100;Unerlaubte Einfuhr in nicht geringer Menge von Heroin;W;27;27;0;0;0;0;0;0
733100;Unerlaubte Einfuhr in nicht geringer Menge von Heroin;X;182;177;9;6;2;1;0;0
733200;Unerlaubte Einfuhr in nicht geringer Menge von Kokain einschl. Crack;M;346;331;11;5;3;1;0;2
733200;Unerlaubte Einfuhr in nicht geringer Menge von Kokain einschl. Crack;W;45;43;0;0;0;0;0;0
733200;Unerlaubte Einfuhr in nicht geringer Menge von Kokain einschl. Crack;X;391;374;11;5;3;1;0;2
733201;Unerlaubte Einfuhr in nicht geringer Menge von Crack;M;2;2;0;0;0;0;0;0
733201;Unerlaubte Einfuhr in nicht geringer Menge von Crack;W;1;1;0;0;0;0;0;0
733201;Unerlaubte Einfuhr in nicht geringer Menge von Crack;X;3;3;0;0;0;0;0;0
733202;Unerlaubte Einfuhr in nicht geringer Menge von Kokain;M;344;329;11;5;3;1;0;2
733202;Unerlaubte Einfuhr in nicht geringer Menge von Kokain;W;44;42;0;0;0;0;0;0
733202;Unerlaubte Einfuhr in nicht geringer Menge von Kokain;X;388;371;11;5;3;1;0;2
733300;Unerlaubte Einfuhr in nicht geringer Menge von LSD;M;4;4;0;0;0;0;0;0
733300;Unerlaubte Einfuhr in nicht geringer Menge von LSD;W;0;0;0;0;0;0;0;0
733300;Unerlaubte Einfuhr in nicht geringer Menge von LSD;X;4;4;0;0;0;0;0;0
733400;Unerlaubte Einfuhr in nicht geringer Menge von NPS (BtMG);M;1;1;0;0;0;0;0;0
733400;Unerlaubte Einfuhr in nicht geringer Menge von NPS (BtMG);W;0;0;0;0;0;0;0;0
733400;Unerlaubte Einfuhr in nicht geringer Menge von NPS (BtMG);X;1;1;0;0;0;0;0;0
733600;Unerlaubte Einfuhr in nicht geringer Menge von Amphetamin und seinen Derivaten in Pulver- oder flüssiger sowie in Tabletten- bzw. Kapselform (Ecstasy);M;228;203;5;3;2;0;0;0
733600;Unerlaubte Einfuhr in nicht geringer Menge von Amphetamin und seinen Derivaten in Pulver- oder flüssiger sowie in Tabletten- bzw. Kapselform (Ecstasy);W;33;28;2;1;0;0;1;0
733600;Unerlaubte Einfuhr in nicht geringer Menge von Amphetamin und seinen Derivaten in Pulver- oder flüssiger sowie in Tabletten- bzw. Kapselform (Ecstasy);X;261;231;7;4;2;0;1;0
733601;Unerlaubte Einfuhr in nicht geringer Menge von Amphetamin und seinen Derivaten in Pulver- oder flüssiger Form;M;163;152;3;2;1;0;0;0
733601;Unerlaubte Einfuhr in nicht geringer Menge von Amphetamin und seinen Derivaten in Pulver- oder flüssiger Form;W;27;23;1;1;0;0;0;0
733601;Unerlaubte Einfuhr in nicht geringer Menge von Amphetamin und seinen Derivaten in Pulver- oder flüssiger Form;X;190;175;4;3;1;0;0;0
733602;Unerlaubte Einfuhr in nicht geringer Menge von Amphetamin und seinen Derivaten in Tabletten- bzw. Kapselform (Ecstasy);M;66;52;2;1;1;0;0;0
733602;Unerlaubte Einfuhr in nicht geringer Menge von Amphetamin und seinen Derivaten in Tabletten- bzw. Kapselform (Ecstasy);W;6;5;1;0;0;0;1;0
733602;Unerlaubte Einfuhr in nicht geringer Menge von Amphetamin und seinen Derivaten in Tabletten- bzw. Kapselform (Ecstasy);X;72;57;3;1;1;0;1;0
733700;Unerlaubte Einfuhr in nicht geringer Menge von Methamphetamin in Pulver-, kristalliner oder flüssiger sowie in Tabletten- bzw. Kapselform;M;175;161;3;3;0;0;0;0
733700;Unerlaubte Einfuhr in nicht geringer Menge von Methamphetamin in Pulver-, kristalliner oder flüssiger sowie in Tabletten- bzw. Kapselform;W;46;39;1;0;0;0;1;0
733700;Unerlaubte Einfuhr in nicht geringer Menge von Methamphetamin in Pulver-, kristalliner oder flüssiger sowie in Tabletten- bzw. Kapselform;X;221;200;4;3;0;0;1;0
733701;Unerlaubte Einfuhr in nicht geringer Menge von Methamphetamin in Pulver- oder flüssiger Form;M;21;19;0;0;0;0;0;0
733701;Unerlaubte Einfuhr in nicht geringer Menge von Methamphetamin in Pulver- oder flüssiger Form;W;4;3;0;0;0;0;0;0
733701;Unerlaubte Einfuhr in nicht geringer Menge von Methamphetamin in Pulver- oder flüssiger Form;X;25;22;0;0;0;0;0;0
733702;Unerlaubte Einfuhr in nicht geringer Menge von Methamphetamin in kristalliner Form (Crystal);M;151;140;3;3;0;0;0;0
733702;Unerlaubte Einfuhr in nicht geringer Menge von Methamphetamin in kristalliner Form (Crystal);W;42;36;1;0;0;0;1;0
733702;Unerlaubte Einfuhr in nicht geringer Menge von Methamphetamin in kristalliner Form (Crystal);X;193;176;4;3;0;0;1;0
733703;Unerlaubte Einfuhr in nicht geringer Menge von Methamphetamin in Tabletten- bzw. Kapselform;M;3;2;0;0;0;0;0;0
733703;Unerlaubte Einfuhr in nicht geringer Menge von Methamphetamin in Tabletten- bzw. Kapselform;W;0;0;0;0;0;0;0;0
733703;Unerlaubte Einfuhr in nicht geringer Menge von Methamphetamin in Tabletten- bzw. Kapselform;X;3;2;0;0;0;0;0;0
733800;Unerlaubte Einfuhr in nicht geringer Menge von Cannabis und Zubereitungen;M;608;517;14;7;5;1;1;0
733800;Unerlaubte Einfuhr in nicht geringer Menge von Cannabis und Zubereitungen;W;72;64;2;1;1;0;0;0
733800;Unerlaubte Einfuhr in nicht geringer Menge von Cannabis und Zubereitungen;X;680;581;16;8;6;1;1;0
733900;Unerlaubte Einfuhr in nicht geringer Menge von sonstigen Betäubungsmitteln;M;92;88;5;4;1;0;0;0
733900;Unerlaubte Einfuhr in nicht geringer Menge von sonstigen Betäubungsmitteln;W;15;15;1;1;0;0;0;0
733900;Unerlaubte Einfuhr in nicht geringer Menge von sonstigen Betäubungsmitteln;X;107;103;6;5;1;0;0;0
734000;Sonstige Verstöße gegen das BtMG;M;20,068;16,974;330;194;91;31;10;4
734000;Sonstige Verstöße gegen das BtMG;W;2,598;2,275;95;49;27;7;8;4
734000;Sonstige Verstöße gegen das BtMG;X;22,666;19,249;425;243;118;38;18;8
734100;Unerlaubter Anbau von Betäubungsmitteln § 29 Abs. 1 Nr. 1 BtMG;M;3,190;2,825;114;64;34;10;3;3
734100;Unerlaubter Anbau von Betäubungsmitteln § 29 Abs. 1 Nr. 1 BtMG;W;624;574;44;18;15;3;5;3
734100;Unerlaubter Anbau von Betäubungsmitteln § 29 Abs. 1 Nr. 1 BtMG;X;3,814;3,399;158;82;49;13;8;6
734200;Betäubungsmittelanbau, -herstellung und -handel §§ 30 Abs. 1 Nr. 1, 30a BtMG;M;2,219;1,849;26;17;6;3;0;0
734200;Betäubungsmittelanbau, -herstellung und -handel §§ 30 Abs. 1 Nr. 1, 30a BtMG;W;245;203;10;8;1;0;1;0
734200;Betäubungsmittelanbau, -herstellung und -handel §§ 30 Abs. 1 Nr. 1, 30a BtMG;X;2,464;2,052;36;25;7;3;1;0
734210;Verstöße gemäß § 30 Abs. 1 Nr. 1 BtMG;M;268;209;1;0;0;1;0;0
734210;Verstöße gemäß § 30 Abs. 1 Nr. 1 BtMG;W;24;20;1;1;0;0;0;0
734210;Verstöße gemäß § 30 Abs. 1 Nr. 1 BtMG;X;292;229;2;1;0;1;0;0
734220;Verstöße gemäß § 30a BtMG;M;1,954;1,642;25;17;6;2;0;0
734220;Verstöße gemäß § 30a BtMG;W;222;184;9;7;1;0;1;0
734220;Verstöße gemäß § 30a BtMG;X;2,176;1,826;34;24;7;2;1;0
734300;Bereitstellung von Geldmitteln oder anderen Vermögensgegenständen § 29 Abs. 1 Nr. 13 BtMG;M;12;7;0;0;0;0;0;0
734300;Bereitstellung von Geldmitteln oder anderen Vermögensgegenständen § 29 Abs. 1 Nr. 13 BtMG;W;3;3;1;1;0;0;0;0
734300;Bereitstellung von Geldmitteln oder anderen Vermögensgegenständen § 29 Abs. 1 Nr. 13 BtMG;X;15;10;1;1;0;0;0;0
734400;Werbung für Betäubungsmittel § 29 Abs. 1 Nr. 8 BtMG;M;4;2;0;0;0;0;0;0
734400;Werbung für Betäubungsmittel § 29 Abs. 1 Nr. 8 BtMG;W;0;0;0;0;0;0;0;0
734400;Werbung für Betäubungsmittel § 29 Abs. 1 Nr. 8 BtMG;X;4;2;0;0;0;0;0;0
734500;Abgabe, Verabreichung oder Überlassung von Betäubungsmitteln an Minderjährige § 29a Abs. 1 Nr. 1, ggf. § 30 Abs. 1 Nr. 2 BtMG;M;1,961;1,961;22;15;7;0;0;0
734500;Abgabe, Verabreichung oder Überlassung von Betäubungsmitteln an Minderjährige § 29a Abs. 1 Nr. 1, ggf. § 30 Abs. 1 Nr. 2 BtMG;W;221;221;0;0;0;0;0;0
734500;Abgabe, Verabreichung oder Überlassung von Betäubungsmitteln an Minderjährige § 29a Abs. 1 Nr. 1, ggf. § 30 Abs. 1 Nr. 2 BtMG;X;2,182;2,182;22;15;7;0;0;0
734510;Abgabe, Verabreichung oder Überlassung von Betäubungsmitteln an Minderjährige § 29a Abs. 1 Nr. 1 BtMG;M;1,806;1,806;20;13;7;0;0;0
734510;Abgabe, Verabreichung oder Überlassung von Betäubungsmitteln an Minderjährige § 29a Abs. 1 Nr. 1 BtMG;W;208;208;0;0;0;0;0;0
734510;Abgabe, Verabreichung oder Überlassung von Betäubungsmitteln an Minderjährige § 29a Abs. 1 Nr. 1 BtMG;X;2,014;2,014;20;13;7;0;0;0
734520;Gewerbsmäßige Abgabe, Verabreichung oder Überlassung von Betäubungsmitteln an Minderjährige § 30 Abs. 1 Nr. 2 BtMG;M;165;165;2;2;0;0;0;0
734520;Gewerbsmäßige Abgabe, Verabreichung oder Überlassung von Betäubungsmitteln an Minderjährige § 30 Abs. 1 Nr. 2 BtMG;W;14;14;0;0;0;0;0;0
734520;Gewerbsmäßige Abgabe, Verabreichung oder Überlassung von Betäubungsmitteln an Minderjährige § 30 Abs. 1 Nr. 2 BtMG;X;179;179;2;2;0;0;0;0
734600;Leichtfertige Verursachung des Todes eines Anderen durch Abgabe pp. von Betäubungsmitteln § 30 Abs. 1 Nr. 3 BtMG;M;20;18;0;0;0;0;0;0
734600;Leichtfertige Verursachung des Todes eines Anderen durch Abgabe pp. von Betäubungsmitteln § 30 Abs. 1 Nr. 3 BtMG;W;4;3;0;0;0;0;0;0
734600;Leichtfertige Verursachung des Todes eines Anderen durch Abgabe pp. von Betäubungsmitteln § 30 Abs. 1 Nr. 3 BtMG;X;24;21;0;0;0;0;0;0
734700;Unerlaubte Verschreibung und Verabreichung durch Ärzte § 29 Abs. 1 Nr. 6 BtMG;M;53;50;24;11;9;3;1;0
734700;Unerlaubte Verschreibung und Verabreichung durch Ärzte § 29 Abs. 1 Nr. 6 BtMG;W;28;28;11;8;2;1;0;0
734700;Unerlaubte Verschreibung und Verabreichung durch Ärzte § 29 Abs. 1 Nr. 6 BtMG;X;81;78;35;19;11;4;1;0
734800;Unerlaubte(r) Handel, Herstellung, Abgabe und Besitz in nicht geringer Menge von Betäubungsmitteln § 29a Abs. 1 Nr. 2 BtMG;M;12,973;10,587;153;93;38;15;6;1
734800;Unerlaubte(r) Handel, Herstellung, Abgabe und Besitz in nicht geringer Menge von Betäubungsmitteln § 29a Abs. 1 Nr. 2 BtMG;W;1,501;1,266;29;14;9;3;2;1
734800;Unerlaubte(r) Handel, Herstellung, Abgabe und Besitz in nicht geringer Menge von Betäubungsmitteln § 29a Abs. 1 Nr. 2 BtMG;X;14,474;11,853;182;107;47;18;8;2
734810;Unerlaubte(r) Abgabe und Besitz in nicht geringer Menge § 29a Abs. 1 Nr. 2 BtMG;M;2,715;2,212;32;19;9;3;0;1
734810;Unerlaubte(r) Abgabe und Besitz in nicht geringer Menge § 29a Abs. 1 Nr. 2 BtMG;W;332;278;8;4;3;0;0;1
734810;Unerlaubte(r) Abgabe und Besitz in nicht geringer Menge § 29a Abs. 1 Nr. 2 BtMG;X;3,047;2,490;40;23;12;3;0;2
734811;Unerlaubte(r) Abgabe und Besitz in nicht geringer Menge von Heroin;M;141;136;2;2;0;0;0;0
734811;Unerlaubte(r) Abgabe und Besitz in nicht geringer Menge von Heroin;W;29;29;3;2;1;0;0;0
734811;Unerlaubte(r) Abgabe und Besitz in nicht geringer Menge von Heroin;X;170;165;5;4;1;0;0;0
734812;Unerlaubte(r) Abgabe und Besitz in nicht geringer Menge von Kokain einschl. Crack;M;280;260;4;2;2;0;0;0
734812;Unerlaubte(r) Abgabe und Besitz in nicht geringer Menge von Kokain einschl. Crack;W;21;17;1;0;1;0;0;0
734812;Unerlaubte(r) Abgabe und Besitz in nicht geringer Menge von Kokain einschl. Crack;X;301;277;5;2;3;0;0;0
734813;Unerlaubte(r) Abgabe und Besitz in nicht geringer Menge von LSD;M;3;0;0;0;0;0;0;0
734813;Unerlaubte(r) Abgabe und Besitz in nicht geringer Menge von LSD;W;0;0;0;0;0;0;0;0
734813;Unerlaubte(r) Abgabe und Besitz in nicht geringer Menge von LSD;X;3;0;0;0;0;0;0;0
734814;Unerlaubte(r) Abgabe und Besitz in nicht geringer Menge von NPS (BtMG);M;77;56;1;0;0;0;0;1
734814;Unerlaubte(r) Abgabe und Besitz in nicht geringer Menge von NPS (BtMG);W;9;6;0;0;0;0;0;0
734814;Unerlaubte(r) Abgabe und Besitz in nicht geringer Menge von NPS (BtMG);X;86;62;1;0;0;0;0;1
734816;Unerlaubte(r) Abgabe und Besitz in nicht geringer Menge von Amphetamin und seinen Derivaten in Pulver- oder flüssiger sowie in Tabletten- bzw. Kapselform (Ecstasy);M;394;354;3;2;1;0;0;0
734816;Unerlaubte(r) Abgabe und Besitz in nicht geringer Menge von Amphetamin und seinen Derivaten in Pulver- oder flüssiger sowie in Tabletten- bzw. Kapselform (Ecstasy);W;62;56;1;1;0;0;0;0
734816;Unerlaubte(r) Abgabe und Besitz in nicht geringer Menge von Amphetamin und seinen Derivaten in Pulver- oder flüssiger sowie in Tabletten- bzw. Kapselform (Ecstasy);X;456;410;4;3;1;0;0;0
734817;Unerlaubte(r) Abgabe und Besitz in nicht geringer Menge von Methamphetamin in Pulver-, kristalliner oder flüssiger sowie in Tabletten- bzw. Kapselform;M;102;90;0;0;0;0;0;0
734817;Unerlaubte(r) Abgabe und Besitz in nicht geringer Menge von Methamphetamin in Pulver-, kristalliner oder flüssiger sowie in Tabletten- bzw. Kapselform;W;27;24;1;0;1;0;0;0
734817;Unerlaubte(r) Abgabe und Besitz in nicht geringer Menge von Methamphetamin in Pulver-, kristalliner oder flüssiger sowie in Tabletten- bzw. Kapselform;X;129;114;1;0;1;0;0;0
734818;Unerlaubte(r) Abgabe und Besitz in nicht geringer Menge von Cannabis und Zubereitungen;M;1,443;1,095;15;9;3;3;0;0
734818;Unerlaubte(r) Abgabe und Besitz in nicht geringer Menge von Cannabis und Zubereitungen;W;147;114;2;1;0;0;0;1
734818;Unerlaubte(r) Abgabe und Besitz in nicht geringer Menge von Cannabis und Zubereitungen;X;1,590;1,209;17;10;3;3;0;1
734819;Unerlaubte(r) Abgabe und Besitz in nicht geringer Menge von sonstigen Betäubungsmitteln;M;284;229;7;4;3;0;0;0
734819;Unerlaubte(r) Abgabe und Besitz in nicht geringer Menge von sonstigen Betäubungsmitteln;W;38;33;0;0;0;0;0;0
734819;Unerlaubte(r) Abgabe und Besitz in nicht geringer Menge von sonstigen Betäubungsmitteln;X;322;262;7;4;3;0;0;0
734820;Unerlaubter Handel in nicht geringer Menge § 29a Abs. 1 Nr. 2 BtMG;M;9,694;7,834;93;55;22;11;5;0
734820;Unerlaubter Handel in nicht geringer Menge § 29a Abs. 1 Nr. 2 BtMG;W;1,059;888;15;8;3;3;1;0
734820;Unerlaubter Handel in nicht geringer Menge § 29a Abs. 1 Nr. 2 BtMG;X;10,753;8,722;108;63;25;14;6;0
734821;Unerlaubter Handel in nicht geringer Menge von Heroin;M;442;418;10;7;1;2;0;0
734821;Unerlaubter Handel in nicht geringer Menge von Heroin;W;83;80;2;2;0;0;0;0
734821;Unerlaubter Handel in nicht geringer Menge von Heroin;X;525;498;12;9;1;2;0;0
734822;Unerlaubter Handel in nicht geringer Menge von Kokain einschl. Crack;M;1,601;1,490;18;10;4;1;3;0
734822;Unerlaubter Handel in nicht geringer Menge von Kokain einschl. Crack;W;161;144;1;0;0;1;0;0
734822;Unerlaubter Handel in nicht geringer Menge von Kokain einschl. Crack;X;1,762;1,634;19;10;4;2;3;0
734823;Unerlaubter Handel in nicht geringer Menge von LSD;M;6;6;0;0;0;0;0;0
734823;Unerlaubter Handel in nicht geringer Menge von LSD;W;1;1;0;0;0;0;0;0
734823;Unerlaubter Handel in nicht geringer Menge von LSD;X;7;7;0;0;0;0;0;0
734824;Unerlaubter Handel in nicht geringer Menge von NPS (BtMG);M;35;28;0;0;0;0;0;0
734824;Unerlaubter Handel in nicht geringer Menge von NPS (BtMG);W;6;5;0;0;0;0;0;0
734824;Unerlaubter Handel in nicht geringer Menge von NPS (BtMG);X;41;33;0;0;0;0;0;0
734826;Unerlaubter Handel in nicht geringer Menge mit Amphetamin und seinen Derivaten in Pulver- oder flüssiger sowie in Tabletten- bzw. Kapselform (Ecstasy);M;1,467;1,276;9;6;2;1;0;0
734826;Unerlaubter Handel in nicht geringer Menge mit Amphetamin und seinen Derivaten in Pulver- oder flüssiger sowie in Tabletten- bzw. Kapselform (Ecstasy);W;200;167;1;0;0;0;1;0
734826;Unerlaubter Handel in nicht geringer Menge mit Amphetamin und seinen Derivaten in Pulver- oder flüssiger sowie in Tabletten- bzw. Kapselform (Ecstasy);X;1,667;1,443;10;6;2;1;1;0
734827;Unerlaubter Handel in nicht geringer Menge mit Methamphetamin in Pulver-, kristalliner oder flüssiger sowie in Tabletten- bzw. Kapselform;M;524;482;3;3;0;0;0;0
734827;Unerlaubter Handel in nicht geringer Menge mit Methamphetamin in Pulver-, kristalliner oder flüssiger sowie in Tabletten- bzw. Kapselform;W;101;97;1;1;0;0;0;0
734827;Unerlaubter Handel in nicht geringer Menge mit Methamphetamin in Pulver-, kristalliner oder flüssiger sowie in Tabletten- bzw. Kapselform;X;625;579;4;4;0;0;0;0
734828;Unerlaubter Handel in nicht geringer Menge von Cannabis und Zubereitungen;M;5,308;3,863;40;21;13;5;1;0
734828;Unerlaubter Handel in nicht geringer Menge von Cannabis und Zubereitungen;W;456;353;8;3;3;2;0;0
734828;Unerlaubter Handel in nicht geringer Menge von Cannabis und Zubereitungen;X;5,764;4,216;48;24;16;7;1;0
734829;Unerlaubter Handel in nicht geringer Menge von sonstigen Betäubungsmitteln;M;489;423;14;9;2;2;1;0
734829;Unerlaubter Handel in nicht geringer Menge von sonstigen Betäubungsmitteln;W;63;53;2;2;0;0;0;0
734829;Unerlaubter Handel in nicht geringer Menge von sonstigen Betäubungsmitteln;X;552;476;16;11;2;2;1;0
734840;Unerlaubte Herstellung in nicht geringer Menge § 29a Abs. 1 Nr. 2 BtMG;M;716;667;28;19;7;1;1;0
734840;Unerlaubte Herstellung in nicht geringer Menge § 29a Abs. 1 Nr. 2 BtMG;W;118;107;6;2;3;0;1;0
734840;Unerlaubte Herstellung in nicht geringer Menge § 29a Abs. 1 Nr. 2 BtMG;X;834;774;34;21;10;1;2;0
734841;Unerlaubte Herstellung in nicht geringer Menge von Heroin;M;6;5;0;0;0;0;0;0
734841;Unerlaubte Herstellung in nicht geringer Menge von Heroin;W;1;0;0;0;0;0;0;0
734841;Unerlaubte Herstellung in nicht geringer Menge von Heroin;X;7;5;0;0;0;0;0;0
734842;Unerlaubte Herstellung in nicht geringer Menge von Kokain einschl. Crack;M;22;21;0;0;0;0;0;0
734842;Unerlaubte Herstellung in nicht geringer Menge von Kokain einschl. Crack;W;1;1;0;0;0;0;0;0
734842;Unerlaubte Herstellung in nicht geringer Menge von Kokain einschl. Crack;X;23;22;0;0;0;0;0;0
734843;Unerlaubte Herstellung in nicht geringer Menge von LSD;M;2;2;0;0;0;0;0;0
734843;Unerlaubte Herstellung in nicht geringer Menge von LSD;W;0;0;0;0;0;0;0;0
734843;Unerlaubte Herstellung in nicht geringer Menge von LSD;X;2;2;0;0;0;0;0;0
734844;Unerlaubte Herstellung in nicht geringer Menge von NPS (BtMG);M;3;3;0;0;0;0;0;0
734844;Unerlaubte Herstellung in nicht geringer Menge von NPS (BtMG);W;0;0;0;0;0;0;0;0
734844;Unerlaubte Herstellung in nicht geringer Menge von NPS (BtMG);X;3;3;0;0;0;0;0;0
734846;Unerlaubte Herstellung in nicht geringer Menge von Amphetamin und seinen Derivaten in Pulver- oder flüssiger sowie in Tabletten- bzw. Kapselform (Ecstasy);M;58;54;2;2;0;0;0;0
734846;Unerlaubte Herstellung in nicht geringer Menge von Amphetamin und seinen Derivaten in Pulver- oder flüssiger sowie in Tabletten- bzw. Kapselform (Ecstasy);W;10;9;1;1;0;0;0;0
734846;Unerlaubte Herstellung in nicht geringer Menge von Amphetamin und seinen Derivaten in Pulver- oder flüssiger sowie in Tabletten- bzw. Kapselform (Ecstasy);X;68;63;3;3;0;0;0;0
734847;Unerlaubte Herstellung in nicht geringer Menge von Methamphetamin in Pulver-, kristalliner oder flüssiger sowie in Tabletten- bzw. Kapselform;M;16;14;0;0;0;0;0;0
734847;Unerlaubte Herstellung in nicht geringer Menge von Methamphetamin in Pulver-, kristalliner oder flüssiger sowie in Tabletten- bzw. Kapselform;W;4;4;0;0;0;0;0;0
734847;Unerlaubte Herstellung in nicht geringer Menge von Methamphetamin in Pulver-, kristalliner oder flüssiger sowie in Tabletten- bzw. Kapselform;X;20;18;0;0;0;0;0;0
734848;Unerlaubte Herstellung in nicht geringer Menge von Cannabis und Zubereitungen;M;600;560;26;17;7;1;1;0
734848;Unerlaubte Herstellung in nicht geringer Menge von Cannabis und Zubereitungen;W;101;92;5;1;3;0;1;0
734848;Unerlaubte Herstellung in nicht geringer Menge von Cannabis und Zubereitungen;X;701;652;31;18;10;1;2;0
734849;Unerlaubte Herstellung in nicht geringer Menge von sonstigen Betäubungsmitteln;M;11;10;0;0;0;0;0;0
734849;Unerlaubte Herstellung in nicht geringer Menge von sonstigen Betäubungsmitteln;W;1;1;0;0;0;0;0;0
734849;Unerlaubte Herstellung in nicht geringer Menge von sonstigen Betäubungsmitteln;X;12;11;0;0;0;0;0;0
735000;Straftaten gemäß § 4 NpSG;M;318;273;1;1;0;0;0;0
735000;Straftaten gemäß § 4 NpSG;W;43;39;1;1;0;0;0;0
735000;Straftaten gemäß § 4 NpSG;X;361;312;2;2;0;0;0;0
740000;Straftaten gegen strafrechtliche Nebengesetze auf dem Umwelt- und Verbraucherschutzsektor (neben Schlüssel 716000);M;4,641;4,414;1,043;407;297;143;114;82
740000;Straftaten gegen strafrechtliche Nebengesetze auf dem Umwelt- und Verbraucherschutzsektor (neben Schlüssel 716000);W;1,423;1,344;238;85;50;38;38;27
740000;Straftaten gegen strafrechtliche Nebengesetze auf dem Umwelt- und Verbraucherschutzsektor (neben Schlüssel 716000);X;6,064;5,758;1,281;492;347;181;152;109
740001;Transplantationsgesetz (unerlaubter Organhandel);M;4;4;2;2;0;0;0;0
740001;Transplantationsgesetz (unerlaubter Organhandel);W;0;0;0;0;0;0;0;0
740001;Transplantationsgesetz (unerlaubter Organhandel);X;4;4;2;2;0;0;0;0
740002;Hundeverbringungs- und -einfuhrbeschränkungsgesetz;M;76;72;0;0;0;0;0;0
740002;Hundeverbringungs- und -einfuhrbeschränkungsgesetz;W;57;49;1;1;0;0;0;0
740002;Hundeverbringungs- und -einfuhrbeschränkungsgesetz;X;133;121;1;1;0;0;0;0
740003;Verstoß gegen das Heilpraktikergesetz;M;26;25;4;1;2;1;0;0
740003;Verstoß gegen das Heilpraktikergesetz;W;42;42;2;0;1;0;0;1
740003;Verstoß gegen das Heilpraktikergesetz;X;68;67;6;1;3;1;0;1
740079;Sonstiges strafrechtliches Nebengesetz auf dem Umwelt- und Verbraucherschutzsektor (ohne Lebensmittel);M;72;72;10;1;4;3;1;1
740079;Sonstiges strafrechtliches Nebengesetz auf dem Umwelt- und Verbraucherschutzsektor (ohne Lebensmittel);W;14;14;3;2;1;0;0;0
740079;Sonstiges strafrechtliches Nebengesetz auf dem Umwelt- und Verbraucherschutzsektor (ohne Lebensmittel);X;86;86;13;3;5;3;1;1
741000;Straftaten nach dem ChemikalienG;M;463;460;87;37;19;17;8;6
741000;Straftaten nach dem ChemikalienG;W;42;41;8;4;1;3;0;0
741000;Straftaten nach dem ChemikalienG;X;505;501;95;41;20;20;8;6
741001;Straftaten nach § 27 ChemikalienG i.V.m. der Gefahrstoffverordnung;M;388;385;72;30;15;15;6;6
741001;Straftaten nach § 27 ChemikalienG i.V.m. der Gefahrstoffverordnung;W;29;28;6;4;0;2;0;0
741001;Straftaten nach § 27 ChemikalienG i.V.m. der Gefahrstoffverordnung;X;417;413;78;34;15;17;6;6
741079;Sonstige Straftaten nach dem ChemikalienG;M;78;78;17;8;4;3;2;0
741079;Sonstige Straftaten nach dem ChemikalienG;W;13;13;2;0;1;1;0;0
741079;Sonstige Straftaten nach dem ChemikalienG;X;91;91;19;8;5;4;2;0
742000;Straftaten nach dem Infektionsschutz- und Tiergesundheitsgesetz;M;66;64;14;7;3;0;2;2
742000;Straftaten nach dem Infektionsschutz- und Tiergesundheitsgesetz;W;33;32;5;2;0;1;1;1
742000;Straftaten nach dem Infektionsschutz- und Tiergesundheitsgesetz;X;99;96;19;9;3;1;3;3
742010;Infektionsschutzgesetz;M;22;22;5;1;2;0;0;2
742010;Infektionsschutzgesetz;W;5;5;2;1;0;0;0;1
742010;Infektionsschutzgesetz;X;27;27;7;2;2;0;0;3
742020;Tiergesundheitsgesetz (TierGesG);M;44;42;9;6;1;0;2;0
742020;Tiergesundheitsgesetz (TierGesG);W;28;27;3;1;0;1;1;0
742020;Tiergesundheitsgesetz (TierGesG);X;72;69;12;7;1;1;3;0
743000;Straftaten nach dem Bundesnaturschutz-, Tierschutz-, Bundesjagd- und PflanzenschutzG;M;3,810;3,595;914;350;268;120;103;73
743000;Straftaten nach dem Bundesnaturschutz-, Tierschutz-, Bundesjagd- und PflanzenschutzG;W;1,231;1,162;219;76;47;34;37;25
743000;Straftaten nach dem Bundesnaturschutz-, Tierschutz-, Bundesjagd- und PflanzenschutzG;X;5,041;4,757;1,133;426;315;154;140;98
743010;Bundesnaturschutzgesetz;M;327;317;103;41;27;12;14;9
743010;Bundesnaturschutzgesetz;W;58;57;19;4;5;1;8;1
743010;Bundesnaturschutzgesetz;X;385;374;122;45;32;13;22;10
743020;Tierschutzgesetz;M;3,401;3,197;780;299;228;103;89;61
743020;Tierschutzgesetz;W;1,170;1,102;199;71;42;33;29;24
743020;Tierschutzgesetz;X;4,571;4,299;979;370;270;136;118;85
743030;Bundesjagdgesetz;M;82;81;30;10;12;5;0;3
743030;Bundesjagdgesetz;W;1;1;0;0;0;0;0;0
743030;Bundesjagdgesetz;X;83;82;30;10;12;5;0;3
743040;Pflanzenschutzgesetz;M;4;4;2;0;2;0;0;0
743040;Pflanzenschutzgesetz;W;2;2;1;1;0;0;0;0
743040;Pflanzenschutzgesetz;X;6;6;3;1;2;0;0;0
744000;Straftaten nach dem Abfallverbringungsgesetz (AbfVerbrG);M;130;128;14;9;2;2;1;0
744000;Straftaten nach dem Abfallverbringungsgesetz (AbfVerbrG);W;6;6;0;0;0;0;0;0
744000;Straftaten nach dem Abfallverbringungsgesetz (AbfVerbrG);X;136;134;14;9;2;2;1;0
744100;Illegale Verbringung gefährlicher Abfälle § 18a AbfVerbrG;M;80;80;6;4;1;1;0;0
744100;Illegale Verbringung gefährlicher Abfälle § 18a AbfVerbrG;W;3;3;0;0;0;0;0;0
744100;Illegale Verbringung gefährlicher Abfälle § 18a AbfVerbrG;X;83;83;6;4;1;1;0;0
744200;Illegale Verbringung nichtgefährlicher Abfälle § 18b AbfVerbrG;M;51;49;8;5;1;1;1;0
744200;Illegale Verbringung nichtgefährlicher Abfälle § 18b AbfVerbrG;W;3;3;0;0;0;0;0;0
744200;Illegale Verbringung nichtgefährlicher Abfälle § 18b AbfVerbrG;X;54;52;8;5;1;1;1;0
890000;Straftaten insgesamt, jedoch ohne Verstöße gegen das Aufenthalts-, das Asyl- und das Freizügigkeitsgesetz/EU (Schlüssel 725000);M;1,432,871;1,128,889;105,873;41,670;26,463;15,757;12,507;9,476
890000;Straftaten insgesamt, jedoch ohne Verstöße gegen das Aufenthalts-, das Asyl- und das Freizügigkeitsgesetz/EU (Schlüssel 725000);W;463,350;361,700;43,416;15,438;10,563;6,557;5,820;5,038
890000;Straftaten insgesamt, jedoch ohne Verstöße gegen das Aufenthalts-, das Asyl- und das Freizügigkeitsgesetz/EU (Schlüssel 725000);X;1,896,221;1,490,589;149,289;57,108;37,026;22,314;18,327;14,514
891000;Rauschgiftkriminalität darunter:;M;248,780;176,210;1,579;1,027;362;117;53;20
891000;Rauschgiftkriminalität darunter:;W;36,147;23,847;356;188;93;29;24;22
891000;Rauschgiftkriminalität darunter:;X;284,927;200,057;1,935;1,215;455;146;77;42
891100;direkte Beschaffungskriminalität;M;686;551;10;7;3;0;0;0
891100;direkte Beschaffungskriminalität;W;177;162;6;2;2;0;2;0
891100;direkte Beschaffungskriminalität;X;863;713;16;9;5;0;2;0
892000;Gewaltkriminalität;M;147,608;100,488;5,230;2,066;1,235;741;629;559
892000;Gewaltkriminalität;W;25,532;18,332;1,521;542;374;209;201;195
892000;Gewaltkriminalität;X;173,140;118,820;6,751;2,608;1,609;950;830;754
892500;Mord, Totschlag und Tötung auf Verlangen;M;2,667;2,175;147;54;31;18;17;27
892500;Mord, Totschlag und Tötung auf Verlangen;W;320;276;41;16;7;5;5;8
892500;Mord, Totschlag und Tötung auf Verlangen;X;2,987;2,451;188;70;38;23;22;35
893000;Wirtschaftskriminalität und zwar:;M;17,062;16,695;2,428;1,162;670;327;187;82
893000;Wirtschaftskriminalität und zwar:;W;5,228;5,079;659;298;188;84;48;41
893000;Wirtschaftskriminalität und zwar:;X;22,290;21,774;3,087;1,460;858;411;235;123
893100;Wirtschaftskriminalität bei Betrug;M;4,854;4,702;655;308;190;101;38;18
893100;Wirtschaftskriminalität bei Betrug;W;1,813;1,752;201;102;57;14;14;14
893100;Wirtschaftskriminalität bei Betrug;X;6,667;6,454;856;410;247;115;52;32
893200;Insolvenzstraftaten gemäß StGB und Nebenstrafrecht (Wikri);M;6,999;6,961;1,179;545;340;161;94;39
893200;Insolvenzstraftaten gemäß StGB und Nebenstrafrecht (Wikri);W;1,700;1,686;239;89;67;45;20;18
893200;Insolvenzstraftaten gemäß StGB und Nebenstrafrecht (Wikri);X;8,699;8,647;1,418;634;407;206;114;57
893300;Wirtschaftskriminalität im Anlage- und Finanzierungsbereich pp.;M;1,034;1,012;139;67;42;22;5;3
893300;Wirtschaftskriminalität im Anlage- und Finanzierungsbereich pp.;W;215;208;19;9;7;2;1;0
893300;Wirtschaftskriminalität im Anlage- und Finanzierungsbereich pp.;X;1,249;1,220;158;76;49;24;6;3
893400;Wettbewerbsdelikte (Wikri);M;852;831;76;48;11;5;10;2
893400;Wettbewerbsdelikte (Wikri);W;200;194;23;11;7;3;1;1
893400;Wettbewerbsdelikte (Wikri);X;1,052;1,025;99;59;18;8;11;3
893500;Wirtschaftskriminalität im Zusammenhang mit Arbeitsverhältnissen;M;3,164;3,139;365;181;103;46;22;13
893500;Wirtschaftskriminalität im Zusammenhang mit Arbeitsverhältnissen;W;821;815;101;48;33;10;5;5
893500;Wirtschaftskriminalität im Zusammenhang mit Arbeitsverhältnissen;X;3,985;3,954;466;229;136;56;27;18
893600;Betrug und Untreue im Zusammenhang mit Beteiligungen und Kapitalanlagen (Wikri);M;590;580;107;53;33;16;3;2
893600;Betrug und Untreue im Zusammenhang mit Beteiligungen und Kapitalanlagen (Wikri);W;79;78;11;7;4;0;0;0
893600;Betrug und Untreue im Zusammenhang mit Beteiligungen und Kapitalanlagen (Wikri);X;669;658;118;60;37;16;3;2
895000;Menschenhandel insgesamt;M;620;555;58;27;12;15;2;2
895000;Menschenhandel insgesamt;W;148;132;6;2;1;1;2;0
895000;Menschenhandel insgesamt;X;768;687;64;29;13;16;4;2
896000;Straftaten gegen Bestimmungen zum Schutze der Jugend;M;1,720;472;35;20;4;7;3;1
896000;Straftaten gegen Bestimmungen zum Schutze der Jugend;W;227;47;4;2;2;0;0;0
896000;Straftaten gegen Bestimmungen zum Schutze der Jugend;X;1,947;519;39;22;6;7;3;1
897000;Computerkriminalität;M;18,195;15,587;779;403;210;85;58;23
897000;Computerkriminalität;W;8,425;7,410;315;155;97;38;17;8
897000;Computerkriminalität;X;26,620;22,997;1,094;558;307;123;75;31
897100;Computerbetrug § 263a StGB;M;13,705;11,651;551;268;152;67;45;19
897100;Computerbetrug § 263a StGB;W;7,095;6,308;275;133;86;34;14;8
897100;Computerbetrug § 263a StGB;X;20,800;17,959;826;401;238;101;59;27
898000;Straftaten insgesamt auf dem Umwelt- und Verbraucherschutzsektor;M;19,456;18,176;2,878;1,241;789;388;274;186
898000;Straftaten insgesamt auf dem Umwelt- und Verbraucherschutzsektor;W;3,334;3,179;534;228;111;78;65;52
898000;Straftaten insgesamt auf dem Umwelt- und Verbraucherschutzsektor;X;22,790;21,355;3,412;1,469;900;466;339;238
898100;Umweltstraftaten gemäß 29. Abschnitt des StGB;M;6,985;6,740;1,234;523;342;173;114;82
898100;Umweltstraftaten gemäß 29. Abschnitt des StGB;W;869;853;187;78;44;23;18;24
898100;Umweltstraftaten gemäß 29. Abschnitt des StGB;X;7,854;7,593;1,421;601;386;196;132;106
898200;Sonstige Straftaten nach dem StGB mit Umweltrelevanz;M;3,093;2,612;273;128;66;35;27;17
898200;Sonstige Straftaten nach dem StGB mit Umweltrelevanz;W;169;152;21;12;3;3;3;0
898200;Sonstige Straftaten nach dem StGB mit Umweltrelevanz;X;3,262;2,764;294;140;69;38;30;17
898300;Straftaten auf dem Umwelt- und Verbraucherschutzsektor gemäß strafrechtlicher Nebengesetze;M;9,515;8,952;1,401;604;391;181;133;92
898300;Straftaten auf dem Umwelt- und Verbraucherschutzsektor gemäß strafrechtlicher Nebengesetze;W;2,311;2,189;327;138;64;53;44;28
898300;Straftaten auf dem Umwelt- und Verbraucherschutzsektor gemäß strafrechtlicher Nebengesetze;X;11,826;11,141;1,728;742;455;234;177;120
899000;Straßenkriminalität;M;164,324;103,717;6,122;2,385;1,462;976;760;539
899000;Straßenkriminalität;W;20,800;13,189;1,178;425;305;176;160;112
899000;Straßenkriminalität;X;185,124;116,906;7,300;2,810;1,767;1,152;920;651
899500;Sachbeschädigung durch Graffiti insgesamt;M;8,893;3,439;71;39;17;5;7;3
899500;Sachbeschädigung durch Graffiti insgesamt;W;1,393;383;21;8;2;5;3;3
899500;Sachbeschädigung durch Graffiti insgesamt;X;10,286;3,822;92;47;19;10;10;6
943520;Wohnungseinbruchdiebstahl (mit TWE) bandenmäßig § 244a StGB;M;640;523;5;1;1;3;0;0
943520;Wohnungseinbruchdiebstahl (mit TWE) bandenmäßig § 244a StGB;W;78;62;0;0;0;0;0;0
943520;Wohnungseinbruchdiebstahl (mit TWE) bandenmäßig § 244a StGB;X;718;585;5;1;1;3;0;0
972500;Unerlaubt eingereiste/aufhältige Personen (SZ: 725100, 725700);M;94,365;75,958;2,235;1,039;621;302;160;113
972500;Unerlaubt eingereiste/aufhältige Personen (SZ: 725100, 725700);W;40,378;33,240;3,469;1,416;960;565;310;218
972500;Unerlaubt eingereiste/aufhältige Personen (SZ: 725100, 725700);X;134,743;109,198;5,704;2,455;1,581;867;470;331
973000;Drogenarten insgesamt bei RG-Delikten (SZ 730000);M;243,092;170,992;1,403;927;308;102;49;17
973000;Drogenarten insgesamt bei RG-Delikten (SZ 730000);W;35,071;22,844;284;151;73;25;16;19
973000;Drogenarten insgesamt bei RG-Delikten (SZ 730000);X;278,163;193,836;1,687;1,078;381;127;65;36
973010;Heroin;M;7,674;7,314;137;96;32;8;1;0
973010;Heroin;W;1,274;1,218;24;17;5;1;1;0
973010;Heroin;X;8,948;8,532;161;113;37;9;2;0
973020;Kokain einschl. Crack;M;18,730;16,754;166;110;30;13;10;3
973020;Kokain einschl. Crack;W;2,157;1,869;18;8;5;4;1;0
973020;Kokain einschl. Crack;X;20,887;18,623;184;118;35;17;11;3
973030;LSD;M;743;428;1;0;0;1;0;0
973030;LSD;W;112;67;1;1;0;0;0;0
973030;LSD;X;855;495;2;1;0;1;0;0
973040;NPS;M;2,892;2,437;27;20;5;1;0;1
973040;NPS;W;408;329;9;4;3;0;0;2
973040;NPS;X;3,300;2,766;36;24;8;1;0;3
973060;Amphetamin und seine Derivate in Pulver- oder flüssiger sowie in Tabletten- bzw. Kapselform (Ecstasy);M;36,990;29,125;105;71;21;5;5;3
973060;Amphetamin und seine Derivate in Pulver- oder flüssiger sowie in Tabletten- bzw. Kapselform (Ecstasy);W;7,188;4,929;31;18;8;1;4;0
973060;Amphetamin und seine Derivate in Pulver- oder flüssiger sowie in Tabletten- bzw. Kapselform (Ecstasy);X;44,178;34,054;136;89;29;6;9;3
973070;Methamphetamin in Pulver-, kristalliner oder flüssiger sowie in Tabletten- bzw. Kapselform;M;8,506;7,453;33;26;4;0;2;1
973070;Methamphetamin in Pulver-, kristalliner oder flüssiger sowie in Tabletten- bzw. Kapselform;W;2,151;1,805;7;3;2;0;1;1
973070;Methamphetamin in Pulver-, kristalliner oder flüssiger sowie in Tabletten- bzw. Kapselform;X;10,657;9,258;40;29;6;0;3;2
973080;Cannabis und Zubereitungen;M;169,627;107,982;806;527;190;60;23;6
973080;Cannabis und Zubereitungen;W;20,961;11,851;140;72;37;17;4;10
973080;Cannabis und Zubereitungen;X;190,588;119,833;946;599;227;77;27;16
973090;Sonstige Betäubungsmittel;M;16,235;12,816;174;113;32;17;9;3
973090;Sonstige Betäubungsmittel;W;2,840;2,186;59;31;14;3;5;6
973090;Sonstige Betäubungsmittel;X;19,075;15,002;233;144;46;20;14;9
973172;Crystal -Methamphetamin in kristalliner Form- (nur SB 731000, 732000, 733000);M;6,634;5,965;26;20;3;0;2;1
973172;Crystal -Methamphetamin in kristalliner Form- (nur SB 731000, 732000, 733000);W;1,767;1,505;5;2;1;0;1;1
973172;Crystal -Methamphetamin in kristalliner Form- (nur SB 731000, 732000, 733000);X;8,401;7,470;31;22;4;0;3;2
980100;Cybercrime im engeren Sinne;M;15,423;13,328;676;348;182;74;54;18
980100;Cybercrime im engeren Sinne;W;7,151;6,354;230;110;72;27;14;7
980100;Cybercrime im engeren Sinne;X;22,574;19,682;906;458;254;101;68;25
