country,entity,data_year,age,age_group,group_rank,sex,ethnicity,activity,count
Australia,Offender,2023,10,Juvenile,2,Female,,,25.25
Australia,Offender,2023,10,Juvenile,2,Male,,,35.875
Australia,Offender,2023,11,Juvenile,2,Female,,,25.25
Australia,Offender,2023,11,Juvenile,2,Male,,,35.875
Australia,Offender,2023,12,Juvenile,2,Female,,,25.25
Australia,Offender,2023,12,Juvenile,2,Male,,,35.875
Australia,Offender,2023,13,Juvenile,2,Female,,,25.25
Australia,Offender,2023,13,Juvenile,2,Male,,,35.875
Australia,Offender,2023,14,Juvenile,2,Female,,,25.25
Australia,Offender,2023,14,Juvenile,2,Male,,,35.875
Australia,Offender,2023,15,Juvenile,2,Female,,,25.25
Australia,Offender,2023,15,Juvenile,2,Male,,,35.875
Australia,Offender,2023,16,Juvenile,2,Female,,,25.25
Australia,Offender,2023,16,Juvenile,2,Male,,,35.875
Australia,Offender,2023,17,Juvenile,2,Female,,,25.25
Australia,Offender,2023,17,Juvenile,2,Male,,,35.875
Australia,Offender,2023,18,Adult,3,,,,0.037037037037037035
Australia,Offender,2023,18,Adult,3,Female,,,0.9259259259259259
Australia,Offender,2023,18,Adult,3,Male,,,22.62962962962963
Australia,Offender,2023,19,Adult,3,,,,0.037037037037037035
Australia,Offender,2023,19,Adult,3,Female,,,0.9259259259259259
Australia,Offender,2023,19,Adult,3,Male,,,22.62962962962963
Australia,Offender,2023,20,Adult,3,,,,0.037037037037037035
Australia,Offender,2023,20,Adult,3,Female,,,0.9259259259259259
Australia,Offender,2023,20,Adult,3,Male,,,22.62962962962963
Australia,Offender,2023,21,Adult,3,,,,0.037037037037037035
Australia,Offender,2023,21,Adult,3,Female,,,0.9259259259259259
Australia,Offender,2023,21,Adult,3,Male,,,22.62962962962963
Australia,Offender,2023,22,Adult,3,,,,0.037037037037037035
Australia,Offender,2023,22,Adult,3,Female,,,0.9259259259259259
Australia,Offender,2023,22,Adult,3,Male,,,22.62962962962963
Australia,Offender,2023,23,Adult,3,,,,0.037037037037037035
Australia,Offender,2023,23,Adult,3,Female,,,0.9259259259259259
Australia,Offender,2023,23,Adult,3,Male,,,22.62962962962963
Australia,Offender,2023,24,Adult,3,,,,0.037037037037037035
Australia,Offender,2023,24,Adult,3,Female,,,0.9259259259259259
Australia,Offender,2023,24,Adult,3,Male,,,22.62962962962963
Australia,Offender,2023,25,Adult,3,,,,0.037037037037037035
Australia,Offender,2023,25,Adult,3,Female,,,0.9259259259259259
Australia,Offender,2023,25,Adult,3,Male,,,22.62962962962963
Australia,Offender,2023,26,Adult,3,,,,0.037037037037037035
Australia,Offender,2023,26,Adult,3,Female,,,0.9259259259259259
Australia,Offender,2023,26,Adult,3,Male,,,22.62962962962963
Australia,Offender,2023,27,Adult,3,,,,0.037037037037037035
Australia,Offender,2023,27,Adult,3,Female,,,0.9259259259259259
Australia,Offender,2023,27,Adult,3,Male,,,22.62962962962963
Australia,Offender,2023,28,Adult,3,,,,0.037037037037037035
Australia,Offender,2023,28,Adult,3,Female,,,0.9259259259259259
Australia,Offender,2023,28,Adult,3,Male,,,22.62962962962963
Australia,Offender,2023,29,Adult,3,,,,0.037037037037037035
Australia,Offender,2023,29,Adult,3,Female,,,0.9259259259259259
Australia,Offender,2023,29,Adult,3,Male,,,22.62962962962963
Australia,Offender,2023,30,Adult,3,,,,0.037037037037037035
Australia,Offender,2023,30,Adult,3,Female,,,0.9259259259259259
Australia,Offender,2023,30,Adult,3,Male,,,22.62962962962963
Australia,Offender,2023,31,Adult,3,,,,0.037037037037037035
Australia,Offender,2023,31,Adult,3,Female,,,0.9259259259259259
Australia,Offender,2023,31,Adult,3,Male,,,22.62962962962963
Australia,Offender,2023,32,Adult,3,,,,0.037037037037037035
Australia,Offender,2023,32,Adult,3,Female,,,0.9259259259259259
Australia,Offender,2023,32,Adult,3,Male,,,22.62962962962963
Australia,Offender,2023,33,Adult,3,,,,0.037037037037037035
Australia,Offender,2023,33,Adult,3,Female,,,0.9259259259259259
Australia,Offender,2023,33,Adult,3,Male,,,22.62962962962963
Australia,Offender,2023,34,Adult,3,,,,0.037037037037037035
Australia,Offender,2023,34,Adult,3,Female,,,0.9259259259259259
Australia,Offender,2023,34,Adult,3,Male,,,22.62962962962963
Australia,Offender,2023,35,Adult,3,,,,0.037037037037037035
Australia,Offender,2023,35,Adult,3,Female,,,0.9259259259259259
Australia,Offender,2023,35,Adult,3,Male,,,22.62962962962963
Australia,Offender,2023,36,Adult,3,,,,0.037037037037037035
Australia,Offender,2023,36,Adult,3,Female,,,0.9259259259259259
Australia,Offender,2023,36,Adult,3,Male,,,22.62962962962963
Australia,Offender,2023,37,Adult,3,,,,0.037037037037037035
Australia,Offender,2023,37,Adult,3,Female,,,0.9259259259259259
Australia,Offender,2023,37,Adult,3,Male,,,22.62962962962963
Australia,Offender,2023,38,Adult,3,,,,0.037037037037037035
Australia,Offender,2023,38,Adult,3,Female,,,0.9259259259259259
Australia,Offender,2023,38,Adult,3,Male,,,22.62962962962963
Australia,Offender,2023,39,Adult,3,,,,0.037037037037037035
Australia,Offender,2023,39,Adult,3,Female,,,0.9259259259259259
Australia,Offender,2023,39,Adult,3,Male,,,22.62962962962963
Australia,Offender,2023,40,Adult,3,,,,0.037037037037037035
Australia,Offender,2023,40,Adult,3,Female,,,0.9259259259259259
Australia,Offender,2023,40,Adult,3,Male,,,22.62962962962963
Australia,Offender,2023,41,Adult,3,,,,0.037037037037037035
Australia,Offender,2023,41,Adult,3,Female,,,0.9259259259259259
Australia,Offender,2023,41,Adult,3,Male,,,22.62962962962963
Australia,Offender,2023,42,Adult,3,,,,0.037037037037037035
Australia,Offender,2023,42,Adult,3,Female,,,0.9259259259259259
Australia,Offender,2023,42,Adult,3,Male,,,22.62962962962963
Australia,Offender,2023,43,Adult,3,,,,0.037037037037037035
Australia,Offender,2023,43,Adult,3,Female,,,0.9259259259259259
Australia,Offender,2023,43,Adult,3,Male,,,22.62962962962963
Australia,Offender,2023,44,Adult,3,,,,0.037037037037037035
Australia,Offender,2023,44,Adult,3,Female,,,0.9259259259259259
Australia,Offender,2023,44,Adult,3,Male,,,22.62962962962963
Germany,Suspect,2023,0,Child,1,Female,,Consumer,1.1666666666666667
Germany,Suspect,2023,0,Child,1,Female,,Producer,12.666666666666666
Germany,Suspect,2023,0,Child,1,Male,,Consumer,4.166666666666667
Germany,Suspect,2023,0,Child,1,Male,,Producer,17.333333333333332
Germany,Suspect,2023,1,Child,1,Female,,Consumer,1.1666666666666667
Germany,Suspect,2023,1,Child,1,Female,,Producer,12.666666666666666
Germany,Suspect,2023,1,Child,1,Male,,Consumer,4.166666666666667
Germany,Suspect,2023,1,Child,1,Male,,Producer,17.333333333333332
Germany,Suspect,2023,2,Child,1,Female,,Consumer,1.1666666666666667
Germany,Suspect,2023,2,Child,1,Female,,Producer,12.666666666666666
Germany,Suspect,2023,2,Child,1,Male,,Consumer,4.166666666666667
Germany,Suspect,2023,2,Child,1,Male,,Producer,17.333333333333332
Germany,Suspect,2023,3,Child,1,Female,,Consumer,1.1666666666666667
Germany,Suspect,2023,3,Child,1,Female,,Producer,12.666666666666666
Germany,Suspect,2023,3,Child,1,Male,,Consumer,4.166666666666667
Germany,Suspect,2023,3,Child,1,Male,,Producer,17.333333333333332
Germany,Suspect,2023,4,Child,1,Female,,Consumer,1.1666666666666667
Germany,Suspect,2023,4,Child,1,Female,,Producer,12.666666666666666
Germany,Suspect,2023,4,Child,1,Male,,Consumer,4.166666666666667
Germany,Suspect,2023,4,Child,1,Male,,Producer,17.333333333333332
Germany,Suspect,2023,5,Child,1,Female,,Consumer,1.1666666666666667
Germany,Suspect,2023,5,Child,1,Female,,Producer,12.666666666666666
Germany,Suspect,2023,5,Child,1,Male,,Consumer,4.166666666666667
Germany,Suspect,2023,5,Child,1,Male,,Producer,17.333333333333332
Germany,Suspect,2023,6,Child,1,Female,,Consumer,11.0
Germany,Suspect,2023,6,Child,1,Female,,Producer,93.0
Germany,Suspect,2023,6,Child,1,Male,,Consumer,21.5
Germany,Suspect,2023,6,Child,1,Male,,Producer,134.5
Germany,Suspect,2023,7,Child,1,Female,,Consumer,11.0
Germany,Suspect,2023,7,Child,1,Female,,Producer,93.0
Germany,Suspect,2023,7,Child,1,Male,,Consumer,21.5
Germany,Suspect,2023,7,Child,1,Male,,Producer,134.5
Germany,Suspect,2023,8,Child,1,Female,,Consumer,20.5
Germany,Suspect,2023,8,Child,1,Female,,Producer,67.0
Germany,Suspect,2023,8,Child,1,Male,,Consumer,26.5
Germany,Suspect,2023,8,Child,1,Male,,Producer,161.0
Germany,Suspect,2023,9,Child,1,Female,,Consumer,20.5
Germany,Suspect,2023,9,Child,1,Female,,Producer,67.0
Germany,Suspect,2023,9,Child,1,Male,,Consumer,26.5
Germany,Suspect,2023,9,Child,1,Male,,Producer,161.0
Germany,Suspect,2023,10,Child,1,Female,,Consumer,54.5
Germany,Suspect,2023,10,Child,1,Female,,Producer,169.0
Germany,Suspect,2023,10,Child,1,Male,,Consumer,89.5
Germany,Suspect,2023,10,Child,1,Male,,Producer,251.5
Germany,Suspect,2023,11,Child,1,Female,,Consumer,54.5
Germany,Suspect,2023,11,Child,1,Female,,Producer,169.0
Germany,Suspect,2023,11,Child,1,Male,,Consumer,89.5
Germany,Suspect,2023,11,Child,1,Male,,Producer,251.5
Germany,Suspect,2023,12,Child,1,Female,,Consumer,155.0
Germany,Suspect,2023,12,Child,1,Female,,Producer,388.5
Germany,Suspect,2023,12,Child,1,Male,,Consumer,410.0
Germany,Suspect,2023,12,Child,1,Male,,Producer,936.5
Germany,Suspect,2023,13,Child,1,Female,,Consumer,155.0
Germany,Suspect,2023,13,Child,1,Female,,Producer,388.5
Germany,Suspect,2023,13,Child,1,Male,,Consumer,410.0
Germany,Suspect,2023,13,Child,1,Male,,Producer,936.5
Germany,Suspect,2023,14,Juvenile,2,Female,,Consumer,201.5
Germany,Suspect,2023,14,Juvenile,2,Female,,Producer,434.5
Germany,Suspect,2023,14,Juvenile,2,Male,,Consumer,1046.5
Germany,Suspect,2023,14,Juvenile,2,Male,,Producer,1977.0
Germany,Suspect,2023,15,Juvenile,2,Female,,Consumer,201.5
Germany,Suspect,2023,15,Juvenile,2,Female,,Producer,434.5
Germany,Suspect,2023,15,Juvenile,2,Male,,Consumer,1046.5
Germany,Suspect,2023,15,Juvenile,2,Male,,Producer,1977.0
Germany,Suspect,2023,16,Juvenile,2,Female,,Consumer,92.5
Germany,Suspect,2023,16,Juvenile,2,Female,,Producer,190.0
Germany,Suspect,2023,16,Juvenile,2,Male,,Consumer,939.5
Germany,Suspect,2023,16,Juvenile,2,Male,,Producer,1501.5
Germany,Suspect,2023,17,Juvenile,2,Female,,Consumer,92.5
Germany,Suspect,2023,17,Juvenile,2,Female,,Producer,190.0
Germany,Suspect,2023,17,Juvenile,2,Male,,Consumer,939.5
Germany,Suspect,2023,17,Juvenile,2,Male,,Producer,1501.5
Germany,Suspect,2023,18,Adult,3,Female,,Consumer,37.333333333333336
Germany,Suspect,2023,18,Adult,3,Female,,Producer,70.0
Germany,Suspect,2023,18,Adult,3,Male,,Consumer,559.0
Germany,Suspect,2023,18,Adult,3,Male,,Producer,753.3333333333334
Germany,Suspect,2023,19,Adult,3,Female,,Consumer,37.333333333333336
Germany,Suspect,2023,19,Adult,3,Female,,Producer,70.0
Germany,Suspect,2023,19,Adult,3,Male,,Consumer,559.0
Germany,Suspect,2023,19,Adult,3,Male,,Producer,753.3333333333334
Germany,Suspect,2023,20,Adult,3,Female,,Consumer,37.333333333333336
Germany,Suspect,2023,20,Adult,3,Female,,Producer,70.0
Germany,Suspect,2023,20,Adult,3,Male,,Consumer,559.0
Germany,Suspect,2023,20,Adult,3,Male,,Producer,753.3333333333334
Germany,Suspect,2023,21,Adult,3,Female,,Consumer,31.5
Germany,Suspect,2023,21,Adult,3,Female,,Producer,38.5
Germany,Suspect,2023,21,Adult,3,Male,,Consumer,368.0
Germany,Suspect,2023,21,Adult,3,Male,,Producer,530.0
Germany,Suspect,2023,22,Adult,3,Female,,Consumer,31.5
Germany,Suspect,2023,22,Adult,3,Female,,Producer,38.5
Germany,Suspect,2023,22,Adult,3,Male,,Consumer,368.0
Germany,Suspect,2023,22,Adult,3,Male,,Producer,530.0
Germany,Suspect,2023,23,Adult,3,Female,,Consumer,21.5
Germany,Suspect,2023,23,Adult,3,Female,,Producer,41.5
Germany,Suspect,2023,23,Adult,3,Male,,Consumer,300.0
Germany,Suspect,2023,23,Adult,3,Male,,Producer,484.0
Germany,Suspect,2023,24,Adult,3,Female,,Consumer,21.5
Germany,Suspect,2023,24,Adult,3,Female,,Producer,41.5
Germany,Suspect,2023,24,Adult,3,Male,,Consumer,300.0
Germany,Suspect,2023,24,Adult,3,Male,,Producer,484.0
Germany,Suspect,2023,25,Adult,3,Female,,Consumer,25.0
Germany,Suspect,2023,25,Adult,3,Female,,Producer,34.0
Germany,Suspect,2023,25,Adult,3,Male,,Consumer,223.0
Germany,Suspect,2023,25,Adult,3,Male,,Producer,351.2
Germany,Suspect,2023,26,Adult,3,Female,,Consumer,25.0
Germany,Suspect,2023,26,Adult,3,Female,,Producer,34.0
Germany,Suspect,2023,26,Adult,3,Male,,Consumer,223.0
Germany,Suspect,2023,26,Adult,3,Male,,Producer,351.2
Germany,Suspect,2023,27,Adult,3,Female,,Consumer,25.0
Germany,Suspect,2023,27,Adult,3,Female,,Producer,34.0
Germany,Suspect,2023,27,Adult,3,Male,,Consumer,223.0
Germany,Suspect,2023,27,Adult,3,Male,,Producer,351.2
Germany,Suspect,2023,28,Adult,3,Female,,Consumer,25.0
Germany,Suspect,2023,28,Adult,3,Female,,Producer,34.0
Germany,Suspect,2023,28,Adult,3,Male,,Consumer,223.0
Germany,Suspect,2023,28,Adult,3,Male,,Producer,351.2
Germany,Suspect,2023,29,Adult,3,Female,,Consumer,25.0
Germany,Suspect,2023,29,Adult,3,Female,,Producer,34.0
Germany,Suspect,2023,29,Adult,3,Male,,Consumer,223.0
Germany,Suspect,2023,29,Adult,3,Male,,Producer,351.2
Germany,Suspect,2023,30,Adult,3,Female,,Consumer,37.2
Germany,Suspect,2023,30,Adult,3,Female,,Producer,50.5
Germany,Suspect,2023,30,Adult,3,Male,,Consumer,201.0
Germany,Suspect,2023,30,Adult,3,Male,,Producer,291.3
Germany,Suspect,2023,31,Adult,3,Female,,Consumer,37.2
Germany,Suspect,2023,31,Adult,3,Female,,Producer,50.5
Germany,Suspect,2023,31,Adult,3,Male,,Consumer,201.0
Germany,Suspect,2023,31,Adult,3,Male,,Producer,291.3
Germany,Suspect,2023,32,Adult,3,Female,,Consumer,37.2
Germany,Suspect,2023,32,Adult,3,Female,,Producer,50.5
Germany,Suspect,2023,32,Adult,3,Male,,Consumer,201.0
Germany,Suspect,2023,32,Adult,3,Male,,Producer,291.3
Germany,Suspect,2023,33,Adult,3,Female,,Consumer,37.2
Germany,Suspect,2023,33,Adult,3,Female,,Producer,50.5
Germany,Suspect,2023,33,Adult,3,Male,,Consumer,201.0
Germany,Suspect,2023,33,Adult,3,Male,,Producer,291.3
Germany,Suspect,2023,34,Adult,3,Female,,Consumer,37.2
Germany,Suspect,2023,34,Adult,3,Female,,Producer,50.5
Germany,Suspect,2023,34,Adult,3,Male,,Consumer,201.0
Germany,Suspect,2023,34,Adult,3,Male,,Producer,291.3
Germany,Suspect,2023,35,Adult,3,Female,,Consumer,37.2
Germany,Suspect,2023,35,Adult,3,Female,,Producer,50.5
Germany,Suspect,2023,35,Adult,3,Male,,Consumer,201.0
Germany,Suspect,2023,35,Adult,3,Male,,Producer,291.3
Germany,Suspect,2023,36,Adult,3,Female,,Consumer,37.2
Germany,Suspect,2023,36,Adult,3,Female,,Producer,50.5
Germany,Suspect,2023,36,Adult,3,Male,,Consumer,201.0
Germany,Suspect,2023,36,Adult,3,Male,,Producer,291.3
Germany,Suspect,2023,37,Adult,3,Female,,Consumer,37.2
Germany,Suspect,2023,37,Adult,3,Female,,Producer,50.5
Germany,Suspect,2023,37,Adult,3,Male,,Consumer,201.0
Germany,Suspect,2023,37,Adult,3,Male,,Producer,291.3
Germany,Suspect,2023,38,Adult,3,Female,,Consumer,37.2
Germany,Suspect,2023,38,Adult,3,Female,,Producer,50.5
Germany,Suspect,2023,38,Adult,3,Male,,Consumer,201.0
Germany,Suspect,2023,38,Adult,3,Male,,Producer,291.3
Germany,Suspect,2023,39,Adult,3,Female,,Consumer,37.2
Germany,Suspect,2023,39,Adult,3,Female,,Producer,50.5
Germany,Suspect,2023,39,Adult,3,Male,,Consumer,201.0
Germany,Suspect,2023,39,Adult,3,Male,,Producer,291.3
Germany,Suspect,2023,40,Adult,3,Female,,Consumer,39.3
Germany,Suspect,2023,40,Adult,3,Female,,Producer,43.1
Germany,Suspect,2023,40,Adult,3,Male,,Consumer,183.2
Germany,Suspect,2023,40,Adult,3,Male,,Producer,214.0
Germany,Suspect,2023,41,Adult,3,Female,,Consumer,39.3
Germany,Suspect,2023,41,Adult,3,Female,,Producer,43.1
Germany,Suspect,2023,41,Adult,3,Male,,Consumer,183.2
Germany,Suspect,2023,41,Adult,3,Male,,Producer,214.0
Germany,Suspect,2023,42,Adult,3,Female,,Consumer,39.3
Germany,Suspect,2023,42,Adult,3,Female,,Producer,43.1
Germany,Suspect,2023,42,Adult,3,Male,,Consumer,183.2
Germany,Suspect,2023,42,Adult,3,Male,,Producer,214.0
Germany,Suspect,2023,43,Adult,3,Female,,Consumer,39.3
Germany,Suspect,2023,43,Adult,3,Female,,Producer,43.1
Germany,Suspect,2023,43,Adult,3,Male,,Consumer,183.2
Germany,Suspect,2023,43,Adult,3,Male,,Producer,214.0
Germany,Suspect,2023,44,Adult,3,Female,,Consumer,39.3
Germany,Suspect,2023,44,Adult,3,Female,,Producer,43.1
Germany,Suspect,2023,44,Adult,3,Male,,Consumer,183.2
Germany,Suspect,2023,44,Adult,3,Male,,Producer,214.0
Germany,Suspect,2023,45,Adult,3,Female,,Consumer,39.3
Germany,Suspect,2023,45,Adult,3,Female,,Producer,43.1
Germany,Suspect,2023,45,Adult,3,Male,,Consumer,183.2
Germany,Suspect,2023,45,Adult,3,Male,,Producer,214.0
Germany,Suspect,2023,46,Adult,3,Female,,Consumer,39.3
Germany,Suspect,2023,46,Adult,3,Female,,Producer,43.1
Germany,Suspect,2023,46,Adult,3,Male,,Consumer,183.2
Germany,Suspect,2023,46,Adult,3,Male,,Producer,214.0
Germany,Suspect,2023,47,Adult,3,Female,,Consumer,39.3
Germany,Suspect,2023,47,Adult,3,Female,,Producer,43.1
Germany,Suspect,2023,47,Adult,3,Male,,Consumer,183.2
Germany,Suspect,2023,47,Adult,3,Male,,Producer,214.0
Germany,Suspect,2023,48,Adult,3,Female,,Consumer,39.3
Germany,Suspect,2023,48,Adult,3,Female,,Producer,43.1
Germany,Suspect,2023,48,Adult,3,Male,,Consumer,183.2
Germany,Suspect,2023,48,Adult,3,Male,,Producer,214.0
Germany,Suspect,2023,49,Adult,3,Female,,Consumer,39.3
Germany,Suspect,2023,49,Adult,3,Female,,Producer,43.1
Germany,Suspect,2023,49,Adult,3,Male,,Consumer,183.2
Germany,Suspect,2023,49,Adult,3,Male,,Producer,214.0
Germany,Suspect,2023,50,Adult,3,Female,,Consumer,20.8
Germany,Suspect,2023,50,Adult,3,Female,,Producer,19.2
Germany,Suspect,2023,50,Adult,3,Male,,Consumer,152.1
Germany,Suspect,2023,50,Adult,3,Male,,Producer,176.7
Germany,Suspect,2023,51,Adult,3,Female,,Consumer,20.8
Germany,Suspect,2023,51,Adult,3,Female,,Producer,19.2
Germany,Suspect,2023,51,Adult,3,Male,,Consumer,152.1
Germany,Suspect,2023,51,Adult,3,Male,,Producer,176.7
Germany,Suspect,2023,52,Adult,3,Female,,Consumer,20.8
Germany,Suspect,2023,52,Adult,3,Female,,Producer,19.2
Germany,Suspect,2023,52,Adult,3,Male,,Consumer,152.1
Germany,Suspect,2023,52,Adult,3,Male,,Producer,176.7
Germany,Suspect,2023,53,Adult,3,Female,,Consumer,20.8
Germany,Suspect,2023,53,Adult,3,Female,,Producer,19.2
Germany,Suspect,2023,53,Adult,3,Male,,Consumer,152.1
Germany,Suspect,2023,53,Adult,3,Male,,Producer,176.7
Germany,Suspect,2023,54,Adult,3,Female,,Consumer,20.8
Germany,Suspect,2023,54,Adult,3,Female,,Producer,19.2
Germany,Suspect,2023,54,Adult,3,Male,,Consumer,152.1
Germany,Suspect,2023,54,Adult,3,Male,,Producer,176.7
Germany,Suspect,2023,55,Adult,3,Female,,Consumer,20.8
Germany,Suspect,2023,55,Adult,3,Female,,Producer,19.2
Germany,Suspect,2023,55,Adult,3,Male,,Consumer,152.1
Germany,Suspect,2023,55,Adult,3,Male,,Producer,176.7
Germany,Suspect,2023,56,Adult,3,Female,,Consumer,20.8
Germany,Suspect,2023,56,Adult,3,Female,,Producer,19.2
Germany,Suspect,2023,56,Adult,3,Male,,Consumer,152.1
Germany,Suspect,2023,56,Adult,3,Male,,Producer,176.7
Germany,Suspect,2023,57,Adult,3,Female,,Consumer,20.8
Germany,Suspect,2023,57,Adult,3,Female,,Producer,19.2
Germany,Suspect,2023,57,Adult,3,Male,,Consumer,152.1
Germany,Suspect,2023,57,Adult,3,Male,,Producer,176.7
Germany,Suspect,2023,58,Adult,3,Female,,Consumer,20.8
Germany,Suspect,2023,58,Adult,3,Female,,Producer,19.2
Germany,Suspect,2023,58,Adult,3,Male,,Consumer,152.1
Germany,Suspect,2023,58,Adult,3,Male,,Producer,176.7
Germany,Suspect,2023,59,Adult,3,Female,,Consumer,20.8
Germany,Suspect,2023,59,Adult,3,Female,,Producer,19.2
Germany,Suspect,2023,59,Adult,3,Male,,Consumer,152.1
Germany,Suspect,2023,59,Adult,3,Male,,Producer,176.7
Germany,Suspect,2023,60,Adult,3,Female,,Consumer,2.375
Germany,Suspect,2023,60,Adult,3,Female,,Producer,2.475
Germany,Suspect,2023,60,Adult,3,Male,,Consumer,27.625
Germany,Suspect,2023,60,Adult,3,Male,,Producer,28.2
Germany,Suspect,2023,61,Adult,3,Female,,Consumer,2.375
Germany,Suspect,2023,61,Adult,3,Female,,Producer,2.475
Germany,Suspect,2023,61,Adult,3,Male,,Consumer,27.625
Germany,Suspect,2023,61,Adult,3,Male,,Producer,28.2
Germany,Suspect,2023,62,Adult,3,Female,,Consumer,2.375
Germany,Suspect,2023,62,Adult,3,Female,,Producer,2.475
Germany,Suspect,2023,62,Adult,3,Male,,Consumer,27.625
Germany,Suspect,2023,62,Adult,3,Male,,Producer,28.2
Germany,Suspect,2023,63,Adult,3,Female,,Consumer,2.375
Germany,Suspect,2023,63,Adult,3,Female,,Producer,2.475
Germany,Suspect,2023,63,Adult,3,Male,,Consumer,27.625
Germany,Suspect,2023,63,Adult,3,Male,,Producer,28.2
Germany,Suspect,2023,64,Adult,3,Female,,Consumer,2.375
Germany,Suspect,2023,64,Adult,3,Female,,Producer,2.475
Germany,Suspect,2023,64,Adult,3,Male,,Consumer,27.625
Germany,Suspect,2023,64,Adult,3,Male,,Producer,28.2
Germany,Suspect,2023,65,Adult,3,Female,,Consumer,2.375
Germany,Suspect,2023,65,Adult,3,Female,,Producer,2.475
Germany,Suspect,2023,65,Adult,3,Male,,Consumer,27.625
Germany,Suspect,2023,65,Adult,3,Male,,Producer,28.2
Germany,Suspect,2023,66,Adult,3,Female,,Consumer,2.375
Germany,Suspect,2023,66,Adult,3,Female,,Producer,2.475
Germany,Suspect,2023,66,Adult,3,Male,,Consumer,27.625
Germany,Suspect,2023,66,Adult,3,Male,,Producer,28.2
Germany,Suspect,2023,67,Adult,3,Female,,Consumer,2.375
Germany,Suspect,2023,67,Adult,3,Female,,Producer,2.475
Germany,Suspect,2023,67,Adult,3,Male,,Consumer,27.625
Germany,Suspect,2023,67,Adult,3,Male,,Producer,28.2
Germany,Suspect,2023,68,Adult,3,Female,,Consumer,2.375
Germany,Suspect,2023,68,Adult,3,Female,,Producer,2.475
Germany,Suspect,2023,68,Adult,3,Male,,Consumer,27.625
Germany,Suspect,2023,68,Adult,3,Male,,Producer,28.2
Germany,Suspect,2023,69,Adult,3,Female,,Consumer,2.375
Germany,Suspect,2023,69,Adult,3,Female,,Producer,2.475
Germany,Suspect,2023,69,Adult,3,Male,,Consumer,27.625
Germany,Suspect,2023,69,Adult,3,Male,,Producer,28.2
Germany,Suspect,2023,70,Adult,3,Female,,Consumer,2.375
Germany,Suspect,2023,70,Adult,3,Female,,Producer,2.475
Germany,Suspect,2023,70,Adult,3,Male,,Consumer,27.625
Germany,Suspect,2023,70,Adult,3,Male,,Producer,28.2
Germany,Suspect,2023,71,Adult,3,Female,,Consumer,2.375
Germany,Suspect,2023,71,Adult,3,Female,,Producer,2.475
Germany,Suspect,2023,71,Adult,3,Male,,Consumer,27.625
Germany,Suspect,2023,71,Adult,3,Male,,Producer,28.2
Germany,Suspect,2023,72,Adult,3,Female,,Consumer,2.375
Germany,Suspect,2023,72,Adult,3,Female,,Producer,2.475
Germany,Suspect,2023,72,Adult,3,Male,,Consumer,27.625
Germany,Suspect,2023,72,Adult,3,Male,,Producer,28.2
Germany,Suspect,2023,73,Adult,3,Female,,Consumer,2.375
Germany,Suspect,2023,73,Adult,3,Female,,Producer,2.475
Germany,Suspect,2023,73,Adult,3,Male,,Consumer,27.625
Germany,Suspect,2023,73,Adult,3,Male,,Producer,28.2
Germany,Suspect,2023,74,Adult,3,Female,,Consumer,2.375
Germany,Suspect,2023,74,Adult,3,Female,,Producer,2.475
Germany,Suspect,2023,74,Adult,3,Male,,Consumer,27.625
Germany,Suspect,2023,74,Adult,3,Male,,Producer,28.2
Germany,Suspect,2023,75,Adult,3,Female,,Consumer,2.375
Germany,Suspect,2023,75,Adult,3,Female,,Producer,2.475
Germany,Suspect,2023,75,Adult,3,Male,,Consumer,27.625
Germany,Suspect,2023,75,Adult,3,Male,,Producer,28.2
Germany,Suspect,2023,76,Adult,3,Female,,Consumer,2.375
Germany,Suspect,2023,76,Adult,3,Female,,Producer,2.475
Germany,Suspect,2023,76,Adult,3,Male,,Consumer,27.625
Germany,Suspect,2023,76,Adult,3,Male,,Producer,28.2
Germany,Suspect,2023,77,Adult,3,Female,,Consumer,2.375
Germany,Suspect,2023,77,Adult,3,Female,,Producer,2.475
Germany,Suspect,2023,77,Adult,3,Male,,Consumer,27.625
Germany,Suspect,2023,77,Adult,3,Male,,Producer,28.2
Germany,Suspect,2023,78,Adult,3,Female,,Consumer,2.375
Germany,Suspect,2023,78,Adult,3,Female,,Producer,2.475
Germany,Suspect,2023,78,Adult,3,Male,,Consumer,27.625
Germany,Suspect,2023,78,Adult,3,Male,,Producer,28.2
Germany,Suspect,2023,79,Adult,3,Female,,Consumer,2.375
Germany,Suspect,2023,79,Adult,3,Female,,Producer,2.475
Germany,Suspect,2023,79,Adult,3,Male,,Consumer,27.625
Germany,Suspect,2023,79,Adult,3,Male,,Producer,28.2
Germany,Suspect,2023,80,Adult,3,Female,,Consumer,2.375
Germany,Suspect,2023,80,Adult,3,Female,,Producer,2.475
Germany,Suspect,2023,80,Adult,3,Male,,Consumer,27.625
Germany,Suspect,2023,80,Adult,3,Male,,Producer,28.2
Germany,Suspect,2023,81,Adult,3,Female,,Consumer,2.375
Germany,Suspect,2023,81,Adult,3,Female,,Producer,2.475
Germany,Suspect,2023,81,Adult,3,Male,,Consumer,27.625
Germany,Suspect,2023,81,Adult,3,Male,,Producer,28.2
Germany,Suspect,2023,82,Adult,3,Female,,Consumer,2.375
Germany,Suspect,2023,82,Adult,3,Female,,Producer,2.475
Germany,Suspect,2023,82,Adult,3,Male,,Consumer,27.625
Germany,Suspect,2023,82,Adult,3,Male,,Producer,28.2
Germany,Suspect,2023,83,Adult,3,Female,,Consumer,2.375
Germany,Suspect,2023,83,Adult,3,Female,,Producer,2.475
Germany,Suspect,2023,83,Adult,3,Male,,Consumer,27.625
Germany,Suspect,2023,83,Adult,3,Male,,Producer,28.2
Germany,Suspect,2023,84,Adult,3,Female,,Consumer,2.375
Germany,Suspect,2023,84,Adult,3,Female,,Producer,2.475
Germany,Suspect,2023,84,Adult,3,Male,,Consumer,27.625
Germany,Suspect,2023,84,Adult,3,Male,,Producer,28.2
Germany,Suspect,2023,85,Adult,3,Female,,Consumer,2.375
Germany,Suspect,2023,85,Adult,3,Female,,Producer,2.475
Germany,Suspect,2023,85,Adult,3,Male,,Consumer,27.625
Germany,Suspect,2023,85,Adult,3,Male,,Producer,28.2
Germany,Suspect,2023,86,Adult,3,Female,,Consumer,2.375
Germany,Suspect,2023,86,Adult,3,Female,,Producer,2.475
Germany,Suspect,2023,86,Adult,3,Male,,Consumer,27.625
Germany,Suspect,2023,86,Adult,3,Male,,Producer,28.2
Germany,Suspect,2023,87,Adult,3,Female,,Consumer,2.375
Germany,Suspect,2023,87,Adult,3,Female,,Producer,2.475
Germany,Suspect,2023,87,Adult,3,Male,,Consumer,27.625
Germany,Suspect,2023,87,Adult,3,Male,,Producer,28.2
Germany,Suspect,2023,88,Adult,3,Female,,Consumer,2.375
Germany,Suspect,2023,88,Adult,3,Female,,Producer,2.475
Germany,Suspect,2023,88,Adult,3,Male,,Consumer,27.625
Germany,Suspect,2023,88,Adult,3,Male,,Producer,28.2
Germany,Suspect,2023,89,Adult,3,Female,,Consumer,2.375
Germany,Suspect,2023,89,Adult,3,Female,,Producer,2.475
Germany,Suspect,2023,89,Adult,3,Male,,Consumer,27.625
Germany,Suspect,2023,89,Adult,3,Male,,Producer,28.2
Germany,Suspect,2023,90,Adult,3,Female,,Consumer,2.375
Germany,Suspect,2023,90,Adult,3,Female,,Producer,2.475
Germany,Suspect,2023,90,Adult,3,Male,,Consumer,27.625
Germany,Suspect,2023,90,Adult,3,Male,,Producer,28.2
Germany,Suspect,2023,91,Adult,3,Female,,Consumer,2.375
Germany,Suspect,2023,91,Adult,3,Female,,Producer,2.475
Germany,Suspect,2023,91,Adult,3,Male,,Consumer,27.625
Germany,Suspect,2023,91,Adult,3,Male,,Producer,28.2
Germany,Suspect,2023,92,Adult,3,Female,,Consumer,2.375
Germany,Suspect,2023,92,Adult,3,Female,,Producer,2.475
Germany,Suspect,2023,92,Adult,3,Male,,Consumer,27.625
Germany,Suspect,2023,92,Adult,3,Male,,Producer,28.2
Germany,Suspect,2023,93,Adult,3,Female,,Consumer,2.375
Germany,Suspect,2023,93,Adult,3,Female,,Producer,2.475
Germany,Suspect,2023,93,Adult,3,Male,,Consumer,27.625
Germany,Suspect,2023,93,Adult,3,Male,,Producer,28.2
Germany,Suspect,2023,94,Adult,3,Female,,Consumer,2.375
Germany,Suspect,2023,94,Adult,3,Female,,Producer,2.475
Germany,Suspect,2023,94,Adult,3,Male,,Consumer,27.625
Germany,Suspect,2023,94,Adult,3,Male,,Producer,28.2
Germany,Suspect,2023,95,Adult,3,Female,,Consumer,2.375
Germany,Suspect,2023,95,Adult,3,Female,,Producer,2.475
Germany,Suspect,2023,95,Adult,3,Male,,Consumer,27.625
Germany,Suspect,2023,95,Adult,3,Male,,Producer,28.2
Germany,Suspect,2023,96,Adult,3,Female,,Consumer,2.375
Germany,Suspect,2023,96,Adult,3,Female,,Producer,2.475
Germany,Suspect,2023,96,Adult,3,Male,,Consumer,27.625
Germany,Suspect,2023,96,Adult,3,Male,,Producer,28.2
Germany,Suspect,2023,97,Adult,3,Female,,Consumer,2.375
Germany,Suspect,2023,97,Adult,3,Female,,Producer,2.475
Germany,Suspect,2023,97,Adult,3,Male,,Consumer,27.625
Germany,Suspect,2023,97,Adult,3,Male,,Producer,28.2
Germany,Suspect,2023,98,Adult,3,Female,,Consumer,2.375
Germany,Suspect,2023,98,Adult,3,Female,,Producer,2.475
Germany,Suspect,2023,98,Adult,3,Male,,Consumer,27.625
Germany,Suspect,2023,98,Adult,3,Male,,Producer,28.2
Germany,Suspect,2023,99,Adult,3,Female,,Consumer,2.375
Germany,Suspect,2023,99,Adult,3,Female,,Producer,2.475
Germany,Suspect,2023,99,Adult,3,Male,,Consumer,27.625
Germany,Suspect,2023,99,Adult,3,Male,,Producer,28.2
Germany,Suspect,2024,0,Child,1,Female,,Consumer,2.8333333333333335
Germany,Suspect,2024,0,Child,1,Female,,Producer,23.5
Germany,Suspect,2024,0,Child,1,Male,,Consumer,5.666666666666667
Germany,Suspect,2024,0,Child,1,Male,,Producer,25.166666666666668
Germany,Suspect,2024,1,Child,1,Female,,Consumer,2.8333333333333335
Germany,Suspect,2024,1,Child,1,Female,,Producer,23.5
Germany,Suspect,2024,1,Child,1,Male,,Consumer,5.666666666666667
Germany,Suspect,2024,1,Child,1,Male,,Producer,25.166666666666668
Germany,Suspect,2024,2,Child,1,Female,,Consumer,2.8333333333333335
Germany,Suspect,2024,2,Child,1,Female,,Producer,23.5
Germany,Suspect,2024,2,Child,1,Male,,Consumer,5.666666666666667
Germany,Suspect,2024,2,Child,1,Male,,Producer,25.166666666666668
Germany,Suspect,2024,3,Child,1,Female,,Consumer,2.8333333333333335
Germany,Suspect,2024,3,Child,1,Female,,Producer,23.5
Germany,Suspect,2024,3,Child,1,Male,,Consumer,5.666666666666667
Germany,Suspect,2024,3,Child,1,Male,,Producer,25.166666666666668
Germany,Suspect,2024,4,Child,1,Female,,Consumer,2.8333333333333335
Germany,Suspect,2024,4,Child,1,Female,,Producer,23.5
Germany,Suspect,2024,4,Child,1,Male,,Consumer,5.666666666666667
Germany,Suspect,2024,4,Child,1,Male,,Producer,25.166666666666668
Germany,Suspect,2024,5,Child,1,Female,,Consumer,2.8333333333333335
Germany,Suspect,2024,5,Child,1,Female,,Producer,23.5
Germany,Suspect,2024,5,Child,1,Male,,Consumer,5.666666666666667
Germany,Suspect,2024,5,Child,1,Male,,Producer,25.166666666666668
Germany,Suspect,2024,6,Child,1,Female,,Consumer,21.0
Germany,Suspect,2024,6,Child,1,Female,,Producer,141.5
Germany,Suspect,2024,6,Child,1,Male,,Consumer,38.5
Germany,Suspect,2024,6,Child,1,Male,,Producer,228.0
Germany,Suspect,2024,7,Child,1,Female,,Consumer,21.0
Germany,Suspect,2024,7,Child,1,Female,,Producer,141.5
Germany,Suspect,2024,7,Child,1,Male,,Consumer,38.5
Germany,Suspect,2024,7,Child,1,Male,,Producer,228.0
Germany,Suspect,2024,8,Child,1,Female,,Consumer,24.0
Germany,Suspect,2024,8,Child,1,Female,,Producer,113.0
Germany,Suspect,2024,8,Child,1,Male,,Consumer,39.5
Germany,Suspect,2024,8,Child,1,Male,,Producer,224.0
Germany,Suspect,2024,9,Child,1,Female,,Consumer,24.0
Germany,Suspect,2024,9,Child,1,Female,,Producer,113.0
Germany,Suspect,2024,9,Child,1,Male,,Consumer,39.5
Germany,Suspect,2024,9,Child,1,Male,,Producer,224.0
Germany,Suspect,2024,10,Child,1,Female,,Consumer,62.5
Germany,Suspect,2024,10,Child,1,Female,,Producer,203.5
Germany,Suspect,2024,10,Child,1,Male,,Consumer,127.0
Germany,Suspect,2024,10,Child,1,Male,,Producer,387.5
Germany,Suspect,2024,11,Child,1,Female,,Consumer,62.5
Germany,Suspect,2024,11,Child,1,Female,,Producer,203.5
Germany,Suspect,2024,11,Child,1,Male,,Consumer,127.0
Germany,Suspect,2024,11,Child,1,Male,,Producer,387.5
Germany,Suspect,2024,12,Child,1,Female,,Consumer,135.5
Germany,Suspect,2024,12,Child,1,Female,,Producer,480.5
Germany,Suspect,2024,12,Child,1,Male,,Consumer,368.0
Germany,Suspect,2024,12,Child,1,Male,,Producer,1072.0
Germany,Suspect,2024,13,Child,1,Female,,Consumer,135.5
Germany,Suspect,2024,13,Child,1,Female,,Producer,480.5
Germany,Suspect,2024,13,Child,1,Male,,Consumer,368.0
Germany,Suspect,2024,13,Child,1,Male,,Producer,1072.0
Germany,Suspect,2024,14,Juvenile,2,Female,,Consumer,172.0
Germany,Suspect,2024,14,Juvenile,2,Female,,Producer,488.5
Germany,Suspect,2024,14,Juvenile,2,Male,,Consumer,899.0
Germany,Suspect,2024,14,Juvenile,2,Male,,Producer,2020.0
Germany,Suspect,2024,15,Juvenile,2,Female,,Consumer,172.0
Germany,Suspect,2024,15,Juvenile,2,Female,,Producer,488.5
Germany,Suspect,2024,15,Juvenile,2,Male,,Consumer,899.0
Germany,Suspect,2024,15,Juvenile,2,Male,,Producer,2020.0
Germany,Suspect,2024,16,Juvenile,2,Female,,Consumer,80.0
Germany,Suspect,2024,16,Juvenile,2,Female,,Producer,211.5
Germany,Suspect,2024,16,Juvenile,2,Male,,Consumer,795.5
Germany,Suspect,2024,16,Juvenile,2,Male,,Producer,1523.0
Germany,Suspect,2024,17,Juvenile,2,Female,,Consumer,80.0
Germany,Suspect,2024,17,Juvenile,2,Female,,Producer,211.5
Germany,Suspect,2024,17,Juvenile,2,Male,,Consumer,795.5
Germany,Suspect,2024,17,Juvenile,2,Male,,Producer,1523.0
Germany,Suspect,2024,18,Adult,3,Female,,Consumer,32.333333333333336
Germany,Suspect,2024,18,Adult,3,Female,,Producer,65.33333333333333
Germany,Suspect,2024,18,Adult,3,Male,,Consumer,479.3333333333333
Germany,Suspect,2024,18,Adult,3,Male,,Producer,803.0
Germany,Suspect,2024,19,Adult,3,Female,,Consumer,32.333333333333336
Germany,Suspect,2024,19,Adult,3,Female,,Producer,65.33333333333333
Germany,Suspect,2024,19,Adult,3,Male,,Consumer,479.3333333333333
Germany,Suspect,2024,19,Adult,3,Male,,Producer,803.0
Germany,Suspect,2024,20,Adult,3,Female,,Consumer,32.333333333333336
Germany,Suspect,2024,20,Adult,3,Female,,Producer,65.33333333333333
Germany,Suspect,2024,20,Adult,3,Male,,Consumer,479.3333333333333
Germany,Suspect,2024,20,Adult,3,Male,,Producer,803.0
Germany,Suspect,2024,21,Adult,3,Female,,Consumer,20.5
Germany,Suspect,2024,21,Adult,3,Female,,Producer,40.0
Germany,Suspect,2024,21,Adult,3,Male,,Consumer,368.0
Germany,Suspect,2024,21,Adult,3,Male,,Producer,535.5
Germany,Suspect,2024,22,Adult,3,Female,,Consumer,20.5
Germany,Suspect,2024,22,Adult,3,Female,,Producer,40.0
Germany,Suspect,2024,22,Adult,3,Male,,Consumer,368.0
Germany,Suspect,2024,22,Adult,3,Male,,Producer,535.5
Germany,Suspect,2024,23,Adult,3,Female,,Consumer,19.0
Germany,Suspect,2024,23,Adult,3,Female,,Producer,35.0
Germany,Suspect,2024,23,Adult,3,Male,,Consumer,267.0
Germany,Suspect,2024,23,Adult,3,Male,,Producer,440.5
Germany,Suspect,2024,24,Adult,3,Female,,Consumer,19.0
Germany,Suspect,2024,24,Adult,3,Female,,Producer,35.0
Germany,Suspect,2024,24,Adult,3,Male,,Consumer,267.0
Germany,Suspect,2024,24,Adult,3,Male,,Producer,440.5
Germany,Suspect,2024,25,Adult,3,Female,,Consumer,12.6
Germany,Suspect,2024,25,Adult,3,Female,,Producer,29.2
Germany,Suspect,2024,25,Adult,3,Male,,Consumer,226.2
Germany,Suspect,2024,25,Adult,3,Male,,Producer,322.2
Germany,Suspect,2024,26,Adult,3,Female,,Consumer,12.6
Germany,Suspect,2024,26,Adult,3,Female,,Producer,29.2
Germany,Suspect,2024,26,Adult,3,Male,,Consumer,226.2
Germany,Suspect,2024,26,Adult,3,Male,,Producer,322.2
Germany,Suspect,2024,27,Adult,3,Female,,Consumer,12.6
Germany,Suspect,2024,27,Adult,3,Female,,Producer,29.2
Germany,Suspect,2024,27,Adult,3,Male,,Consumer,226.2
Germany,Suspect,2024,27,Adult,3,Male,,Producer,322.2
Germany,Suspect,2024,28,Adult,3,Female,,Consumer,12.6
Germany,Suspect,2024,28,Adult,3,Female,,Producer,29.2
Germany,Suspect,2024,28,Adult,3,Male,,Consumer,226.2
Germany,Suspect,2024,28,Adult,3,Male,,Producer,322.2
Germany,Suspect,2024,29,Adult,3,Female,,Consumer,12.6
Germany,Suspect,2024,29,Adult,3,Female,,Producer,29.2
Germany,Suspect,2024,29,Adult,3,Male,,Consumer,226.2
Germany,Suspect,2024,29,Adult,3,Male,,Producer,322.2
Germany,Suspect,2024,30,Adult,3,Female,,Consumer,20.8
Germany,Suspect,2024,30,Adult,3,Female,,Producer,38.4
Germany,Suspect,2024,30,Adult,3,Male,,Consumer,190.0
Germany,Suspect,2024,30,Adult,3,Male,,Producer,249.4
Germany,Suspect,2024,31,Adult,3,Female,,Consumer,20.8
Germany,Suspect,2024,31,Adult,3,Female,,Producer,38.4
Germany,Suspect,2024,31,Adult,3,Male,,Consumer,190.0
Germany,Suspect,2024,31,Adult,3,Male,,Producer,249.4
Germany,Suspect,2024,32,Adult,3,Female,,Consumer,20.8
Germany,Suspect,2024,32,Adult,3,Female,,Producer,38.4
Germany,Suspect,2024,32,Adult,3,Male,,Consumer,190.0
Germany,Suspect,2024,32,Adult,3,Male,,Producer,249.4
Germany,Suspect,2024,33,Adult,3,Female,,Consumer,20.8
Germany,Suspect,2024,33,Adult,3,Female,,Producer,38.4
Germany,Suspect,2024,33,Adult,3,Male,,Consumer,190.0
Germany,Suspect,2024,33,Adult,3,Male,,Producer,249.4
Germany,Suspect,2024,34,Adult,3,Female,,Consumer,20.8
Germany,Suspect,2024,34,Adult,3,Female,,Producer,38.4
Germany,Suspect,2024,34,Adult,3,Male,,Consumer,190.0
Germany,Suspect,2024,34,Adult,3,Male,,Producer,249.4
Germany,Suspect,2024,35,Adult,3,Female,,Consumer,20.8
Germany,Suspect,2024,35,Adult,3,Female,,Producer,38.4
Germany,Suspect,2024,35,Adult,3,Male,,Consumer,190.0
Germany,Suspect,2024,35,Adult,3,Male,,Producer,249.4
Germany,Suspect,2024,36,Adult,3,Female,,Consumer,20.8
Germany,Suspect,2024,36,Adult,3,Female,,Producer,38.4
Germany,Suspect,2024,36,Adult,3,Male,,Consumer,190.0
Germany,Suspect,2024,36,Adult,3,Male,,Producer,249.4
Germany,Suspect,2024,37,Adult,3,Female,,Consumer,20.8
Germany,Suspect,2024,37,Adult,3,Female,,Producer,38.4
Germany,Suspect,2024,37,Adult,3,Male,,Consumer,190.0
Germany,Suspect,2024,37,Adult,3,Male,,Producer,249.4
Germany,Suspect,2024,38,Adult,3,Female,,Consumer,20.8
Germany,Suspect,2024,38,Adult,3,Female,,Producer,38.4
Germany,Suspect,2024,38,Adult,3,Male,,Consumer,190.0
Germany,Suspect,2024,38,Adult,3,Male,,Producer,249.4
Germany,Suspect,2024,39,Adult,3,Female,,Consumer,20.8
Germany,Suspect,2024,39,Adult,3,Female,,Producer,38.4
Germany,Suspect,2024,39,Adult,3,Male,,Consumer,190.0
Germany,Suspect,2024,39,Adult,3,Male,,Producer,249.4
Germany,Suspect,2024,40,Adult,3,Female,,Consumer,21.3
Germany,Suspect,2024,40,Adult,3,Female,,Producer,36.8
Germany,Suspect,2024,40,Adult,3,Male,,Consumer,157.2
Germany,Suspect,2024,40,Adult,3,Male,,Producer,205.3
Germany,Suspect,2024,41,Adult,3,Female,,Consumer,21.3
Germany,Suspect,2024,41,Adult,3,Female,,Producer,36.8
Germany,Suspect,2024,41,Adult,3,Male,,Consumer,157.2
Germany,Suspect,2024,41,Adult,3,Male,,Producer,205.3
Germany,Suspect,2024,42,Adult,3,Female,,Consumer,21.3
Germany,Suspect,2024,42,Adult,3,Female,,Producer,36.8
Germany,Suspect,2024,42,Adult,3,Male,,Consumer,157.2
Germany,Suspect,2024,42,Adult,3,Male,,Producer,205.3
Germany,Suspect,2024,43,Adult,3,Female,,Consumer,21.3
Germany,Suspect,2024,43,Adult,3,Female,,Producer,36.8
Germany,Suspect,2024,43,Adult,3,Male,,Consumer,157.2
Germany,Suspect,2024,43,Adult,3,Male,,Producer,205.3
Germany,Suspect,2024,44,Adult,3,Female,,Consumer,21.3
Germany,Suspect,2024,44,Adult,3,Female,,Producer,36.8
Germany,Suspect,2024,44,Adult,3,Male,,Consumer,157.2
Germany,Suspect,2024,44,Adult,3,Male,,Producer,205.3
Germany,Suspect,2024,45,Adult,3,Female,,Consumer,21.3
Germany,Suspect,2024,45,Adult,3,Female,,Producer,36.8
Germany,Suspect,2024,45,Adult,3,Male,,Consumer,157.2
Germany,Suspect,2024,45,Adult,3,Male,,Producer,205.3
Germany,Suspect,2024,46,Adult,3,Female,,Consumer,21.3
Germany,Suspect,2024,46,Adult,3,Female,,Producer,36.8
Germany,Suspect,2024,46,Adult,3,Male,,Consumer,157.2
Germany,Suspect,2024,46,Adult,3,Male,,Producer,205.3
Germany,Suspect,2024,47,Adult,3,Female,,Consumer,21.3
Germany,Suspect,2024,47,Adult,3,Female,,Producer,36.8
Germany,Suspect,2024,47,Adult,3,Male,,Consumer,157.2
Germany,Suspect,2024,47,Adult,3,Male,,Producer,205.3
Germany,Suspect,2024,48,Adult,3,Female,,Consumer,21.3
Germany,Suspect,2024,48,Adult,3,Female,,Producer,36.8
Germany,Suspect,2024,48,Adult,3,Male,,Consumer,157.2
Germany,Suspect,2024,48,Adult,3,Male,,Producer,205.3
Germany,Suspect,2024,49,Adult,3,Female,,Consumer,21.3
Germany,Suspect,2024,49,Adult,3,Female,,Producer,36.8
Germany,Suspect,2024,49,Adult,3,Male,,Consumer,157.2
Germany,Suspect,2024,49,Adult,3,Male,,Producer,205.3
Germany,Suspect,2024,50,Adult,3,Female,,Consumer,11.2
Germany,Suspect,2024,50,Adult,3,Female,,Producer,14.9
Germany,Suspect,2024,50,Adult,3,Male,,Consumer,137.0
Germany,Suspect,2024,50,Adult,3,Male,,Producer,149.5
Germany,Suspect,2024,51,Adult,3,Female,,Consumer,11.2
Germany,Suspect,2024,51,Adult,3,Female,,Producer,14.9
Germany,Suspect,2024,51,Adult,3,Male,,Consumer,137.0
Germany,Suspect,2024,51,Adult,3,Male,,Producer,149.5
Germany,Suspect,2024,52,Adult,3,Female,,Consumer,11.2
Germany,Suspect,2024,52,Adult,3,Female,,Producer,14.9
Germany,Suspect,2024,52,Adult,3,Male,,Consumer,137.0
Germany,Suspect,2024,52,Adult,3,Male,,Producer,149.5
Germany,Suspect,2024,53,Adult,3,Female,,Consumer,11.2
Germany,Suspect,2024,53,Adult,3,Female,,Producer,14.9
Germany,Suspect,2024,53,Adult,3,Male,,Consumer,137.0
Germany,Suspect,2024,53,Adult,3,Male,,Producer,149.5
Germany,Suspect,2024,54,Adult,3,Female,,Consumer,11.2
Germany,Suspect,2024,54,Adult,3,Female,,Producer,14.9
Germany,Suspect,2024,54,Adult,3,Male,,Consumer,137.0
Germany,Suspect,2024,54,Adult,3,Male,,Producer,149.5
Germany,Suspect,2024,55,Adult,3,Female,,Consumer,11.2
Germany,Suspect,2024,55,Adult,3,Female,,Producer,14.9
Germany,Suspect,2024,55,Adult,3,Male,,Consumer,137.0
Germany,Suspect,2024,55,Adult,3,Male,,Producer,149.5
Germany,Suspect,2024,56,Adult,3,Female,,Consumer,11.2
Germany,Suspect,2024,56,Adult,3,Female,,Producer,14.9
Germany,Suspect,2024,56,Adult,3,Male,,Consumer,137.0
Germany,Suspect,2024,56,Adult,3,Male,,Producer,149.5
Germany,Suspect,2024,57,Adult,3,Female,,Consumer,11.2
Germany,Suspect,2024,57,Adult,3,Female,,Producer,14.9
Germany,Suspect,2024,57,Adult,3,Male,,Consumer,137.0
Germany,Suspect,2024,57,Adult,3,Male,,Producer,149.5
Germany,Suspect,2024,58,Adult,3,Female,,Consumer,11.2
Germany,Suspect,2024,58,Adult,3,Female,,Producer,14.9
Germany,Suspect,2024,58,Adult,3,Male,,Consumer,137.0
Germany,Suspect,2024,58,Adult,3,Male,,Producer,149.5
Germany,Suspect,2024,59,Adult,3,Female,,Consumer,11.2
Germany,Suspect,2024,59,Adult,3,Female,,Producer,14.9
Germany,Suspect,2024,59,Adult,3,Male,,Consumer,137.0
Germany,Suspect,2024,59,Adult,3,Male,,Producer,149.5
Germany,Suspect,2024,60,Adult,3,Female,,Consumer,1.85
Germany,Suspect,2024,60,Adult,3,Female,,Producer,1.775
Germany,Suspect,2024,60,Adult,3,Male,,Consumer,29.725
Germany,Suspect,2024,60,Adult,3,Male,,Producer,24.55
Germany,Suspect,2024,61,Adult,3,Female,,Consumer,1.85
Germany,Suspect,2024,61,Adult,3,Female,,Producer,1.775
Germany,Suspect,2024,61,Adult,3,Male,,Consumer,29.725
Germany,Suspect,2024,61,Adult,3,Male,,Producer,24.55
Germany,Suspect,2024,62,Adult,3,Female,,Consumer,1.85
Germany,Suspect,2024,62,Adult,3,Female,,Producer,1.775
Germany,Suspect,2024,62,Adult,3,Male,,Consumer,29.725
Germany,Suspect,2024,62,Adult,3,Male,,Producer,24.55
Germany,Suspect,2024,63,Adult,3,Female,,Consumer,1.85
Germany,Suspect,2024,63,Adult,3,Female,,Producer,1.775
Germany,Suspect,2024,63,Adult,3,Male,,Consumer,29.725
Germany,Suspect,2024,63,Adult,3,Male,,Producer,24.55
Germany,Suspect,2024,64,Adult,3,Female,,Consumer,1.85
Germany,Suspect,2024,64,Adult,3,Female,,Producer,1.775
Germany,Suspect,2024,64,Adult,3,Male,,Consumer,29.725
Germany,Suspect,2024,64,Adult,3,Male,,Producer,24.55
Germany,Suspect,2024,65,Adult,3,Female,,Consumer,1.85
Germany,Suspect,2024,65,Adult,3,Female,,Producer,1.775
Germany,Suspect,2024,65,Adult,3,Male,,Consumer,29.725
Germany,Suspect,2024,65,Adult,3,Male,,Producer,24.55
Germany,Suspect,2024,66,Adult,3,Female,,Consumer,1.85
Germany,Suspect,2024,66,Adult,3,Female,,Producer,1.775
Germany,Suspect,2024,66,Adult,3,Male,,Consumer,29.725
Germany,Suspect,2024,66,Adult,3,Male,,Producer,24.55
Germany,Suspect,2024,67,Adult,3,Female,,Consumer,1.85
Germany,Suspect,2024,67,Adult,3,Female,,Producer,1.775
Germany,Suspect,2024,67,Adult,3,Male,,Consumer,29.725
Germany,Suspect,2024,67,Adult,3,Male,,Producer,24.55
Germany,Suspect,2024,68,Adult,3,Female,,Consumer,1.85
Germany,Suspect,2024,68,Adult,3,Female,,Producer,1.775
Germany,Suspect,2024,68,Adult,3,Male,,Consumer,29.725
Germany,Suspect,2024,68,Adult,3,Male,,Producer,24.55
Germany,Suspect,2024,69,Adult,3,Female,,Consumer,1.85
Germany,Suspect,2024,69,Adult,3,Female,,Producer,1.775
Germany,Suspect,2024,69,Adult,3,Male,,Consumer,29.725
Germany,Suspect,2024,69,Adult,3,Male,,Producer,24.55
Germany,Suspect,2024,70,Adult,3,Female,,Consumer,1.85
Germany,Suspect,2024,70,Adult,3,Female,,Producer,1.775
Germany,Suspect,2024,70,Adult,3,Male,,Consumer,29.725
Germany,Suspect,2024,70,Adult,3,Male,,Producer,24.55
Germany,Suspect,2024,71,Adult,3,Female,,Consumer,1.85
Germany,Suspect,2024,71,Adult,3,Female,,Producer,1.775
Germany,Suspect,2024,71,Adult,3,Male,,Consumer,29.725
Germany,Suspect,2024,71,Adult,3,Male,,Producer,24.55
Germany,Suspect,2024,72,Adult,3,Female,,Consumer,1.85
Germany,Suspect,2024,72,Adult,3,Female,,Producer,1.775
Germany,Suspect,2024,72,Adult,3,Male,,Consumer,29.725
Germany,Suspect,2024,72,Adult,3,Male,,Producer,24.55
Germany,Suspect,2024,73,Adult,3,Female,,Consumer,1.85
Germany,Suspect,2024,73,Adult,3,Female,,Producer,1.775
Germany,Suspect,2024,73,Adult,3,Male,,Consumer,29.725
Germany,Suspect,2024,73,Adult,3,Male,,Producer,24.55
Germany,Suspect,2024,74,Adult,3,Female,,Consumer,1.85
Germany,Suspect,2024,74,Adult,3,Female,,Producer,1.775
Germany,Suspect,2024,74,Adult,3,Male,,Consumer,29.725
Germany,Suspect,2024,74,Adult,3,Male,,Producer,24.55
Germany,Suspect,2024,75,Adult,3,Female,,Consumer,1.85
Germany,Suspect,2024,75,Adult,3,Female,,Producer,1.775
Germany,Suspect,2024,75,Adult,3,Male,,Consumer,29.725
Germany,Suspect,2024,75,Adult,3,Male,,Producer,24.55
Germany,Suspect,2024,76,Adult,3,Female,,Consumer,1.85
Germany,Suspect,2024,76,Adult,3,Female,,Producer,1.775
Germany,Suspect,2024,76,Adult,3,Male,,Consumer,29.725
Germany,Suspect,2024,76,Adult,3,Male,,Producer,24.55
Germany,Suspect,2024,77,Adult,3,Female,,Consumer,1.85
Germany,Suspect,2024,77,Adult,3,Female,,Producer,1.775
Germany,Suspect,2024,77,Adult,3,Male,,Consumer,29.725
Germany,Suspect,2024,77,Adult,3,Male,,Producer,24.55
Germany,Suspect,2024,78,Adult,3,Female,,Consumer,1.85
Germany,Suspect,2024,78,Adult,3,Female,,Producer,1.775
Germany,Suspect,2024,78,Adult,3,Male,,Consumer,29.725
Germany,Suspect,2024,78,Adult,3,Male,,Producer,24.55
Germany,Suspect,2024,79,Adult,3,Female,,Consumer,1.85
Germany,Suspect,2024,79,Adult,3,Female,,Producer,1.775
Germany,Suspect,2024,79,Adult,3,Male,,Consumer,29.725
Germany,Suspect,2024,79,Adult,3,Male,,Producer,24.55
Germany,Suspect,2024,80,Adult,3,Female,,Consumer,1.85
Germany,Suspect,2024,80,Adult,3,Female,,Producer,1.775
Germany,Suspect,2024,80,Adult,3,Male,,Consumer,29.725
Germany,Suspect,2024,80,Adult,3,Male,,Producer,24.55
Germany,Suspect,2024,81,Adult,3,Female,,Consumer,1.85
Germany,Suspect,2024,81,Adult,3,Female,,Producer,1.775
Germany,Suspect,2024,81,Adult,3,Male,,Consumer,29.725
Germany,Suspect,2024,81,Adult,3,Male,,Producer,24.55
Germany,Suspect,2024,82,Adult,3,Female,,Consumer,1.85
Germany,Suspect,2024,82,Adult,3,Female,,Producer,1.775
Germany,Suspect,2024,82,Adult,3,Male,,Consumer,29.725
Germany,Suspect,2024,82,Adult,3,Male,,Producer,24.55
Germany,Suspect,2024,83,Adult,3,Female,,Consumer,1.85
Germany,Suspect,2024,83,Adult,3,Female,,Producer,1.775
Germany,Suspect,2024,83,Adult,3,Male,,Consumer,29.725
Germany,Suspect,2024,83,Adult,3,Male,,Producer,24.55
Germany,Suspect,2024,84,Adult,3,Female,,Consumer,1.85
Germany,Suspect,2024,84,Adult,3,Female,,Producer,1.775
Germany,Suspect,2024,84,Adult,3,Male,,Consumer,29.725
Germany,Suspect,2024,84,Adult,3,Male,,Producer,24.55
Germany,Suspect,2024,85,Adult,3,Female,,Consumer,1.85
Germany,Suspect,2024,85,Adult,3,Female,,Producer,1.775
Germany,Suspect,2024,85,Adult,3,Male,,Consumer,29.725
Germany,Suspect,2024,85,Adult,3,Male,,Producer,24.55
Germany,Suspect,2024,86,Adult,3,Female,,Consumer,1.85
Germany,Suspect,2024,86,Adult,3,Female,,Producer,1.775
Germany,Suspect,2024,86,Adult,3,Male,,Consumer,29.725
Germany,Suspect,2024,86,Adult,3,Male,,Producer,24.55
Germany,Suspect,2024,87,Adult,3,Female,,Consumer,1.85
Germany,Suspect,2024,87,Adult,3,Female,,Producer,1.775
Germany,Suspect,2024,87,Adult,3,Male,,Consumer,29.725
Germany,Suspect,2024,87,Adult,3,Male,,Producer,24.55
Germany,Suspect,2024,88,Adult,3,Female,,Consumer,1.85
Germany,Suspect,2024,88,Adult,3,Female,,Producer,1.775
Germany,Suspect,2024,88,Adult,3,Male,,Consumer,29.725
Germany,Suspect,2024,88,Adult,3,Male,,Producer,24.55
Germany,Suspect,2024,89,Adult,3,Female,,Consumer,1.85
Germany,Suspect,2024,89,Adult,3,Female,,Producer,1.775
Germany,Suspect,2024,89,Adult,3,Male,,Consumer,29.725
Germany,Suspect,2024,89,Adult,3,Male,,Producer,24.55
Germany,Suspect,2024,90,Adult,3,Female,,Consumer,1.85
Germany,Suspect,2024,90,Adult,3,Female,,Producer,1.775
Germany,Suspect,2024,90,Adult,3,Male,,Consumer,29.725
Germany,Suspect,2024,90,Adult,3,Male,,Producer,24.55
Germany,Suspect,2024,91,Adult,3,Female,,Consumer,1.85
Germany,Suspect,2024,91,Adult,3,Female,,Producer,1.775
Germany,Suspect,2024,91,Adult,3,Male,,Consumer,29.725
Germany,Suspect,2024,91,Adult,3,Male,,Producer,24.55
Germany,Suspect,2024,92,Adult,3,Female,,Consumer,1.85
Germany,Suspect,2024,92,Adult,3,Female,,Producer,1.775
Germany,Suspect,2024,92,Adult,3,Male,,Consumer,29.725
Germany,Suspect,2024,92,Adult,3,Male,,Producer,24.55
Germany,Suspect,2024,93,Adult,3,Female,,Consumer,1.85
Germany,Suspect,2024,93,Adult,3,Female,,Producer,1.775
Germany,Suspect,2024,93,Adult,3,Male,,Consumer,29.725
Germany,Suspect,2024,93,Adult,3,Male,,Producer,24.55
Germany,Suspect,2024,94,Adult,3,Female,,Consumer,1.85
Germany,Suspect,2024,94,Adult,3,Female,,Producer,1.775
Germany,Suspect,2024,94,Adult,3,Male,,Consumer,29.725
Germany,Suspect,2024,94,Adult,3,Male,,Producer,24.55
Germany,Suspect,2024,95,Adult,3,Female,,Consumer,1.85
Germany,Suspect,2024,95,Adult,3,Female,,Producer,1.775
Germany,Suspect,2024,95,Adult,3,Male,,Consumer,29.725
Germany,Suspect,2024,95,Adult,3,Male,,Producer,24.55
Germany,Suspect,2024,96,Adult,3,Female,,Consumer,1.85
Germany,Suspect,2024,96,Adult,3,Female,,Producer,1.775
Germany,Suspect,2024,96,Adult,3,Male,,Consumer,29.725
Germany,Suspect,2024,96,Adult,3,Male,,Producer,24.55
Germany,Suspect,2024,97,Adult,3,Female,,Consumer,1.85
Germany,Suspect,2024,97,Adult,3,Female,,Producer,1.775
Germany,Suspect,2024,97,Adult,3,Male,,Consumer,29.725
Germany,Suspect,2024,97,Adult,3,Male,,Producer,24.55
Germany,Suspect,2024,98,Adult,3,Female,,Consumer,1.85
Germany,Suspect,2024,98,Adult,3,Female,,Producer,1.775
Germany,Suspect,2024,98,Adult,3,Male,,Consumer,29.725
Germany,Suspect,2024,98,Adult,3,Male,,Producer,24.55
Germany,Suspect,2024,99,Adult,3,Female,,Consumer,1.85
Germany,Suspect,2024,99,Adult,3,Female,,Producer,1.775
Germany,Suspect,2024,99,Adult,3,Male,,Consumer,29.725
Germany,Suspect,2024,99,Adult,3,Male,,Producer,24.55
Spain,Suspect,2010,14,Juvenile,2,Female,,,0.25
Spain,Suspect,2010,14,Juvenile,2,Male,,,4.0
Spain,Suspect,2010,15,Juvenile,2,Female,,,0.25
Spain,Suspect,2010,15,Juvenile,2,Male,,,4.0
Spain,Suspect,2010,16,Juvenile,2,Female,,,0.25
Spain,Suspect,2010,16,Juvenile,2,Male,,,4.0
Spain,Suspect,2010,17,Juvenile,2,Female,,,0.25
Spain,Suspect,2010,17,Juvenile,2,Male,,,4.0
Spain,Suspect,2010,18,Adult,3,Female,,,0.15384615384615385
Spain,Suspect,2010,18,Adult,3,Male,,,9.0
Spain,Suspect,2010,19,Adult,3,Female,,,0.15384615384615385
Spain,Suspect,2010,19,Adult,3,Male,,,9.0
Spain,Suspect,2010,20,Adult,3,Female,,,0.15384615384615385
Spain,Suspect,2010,20,Adult,3,Male,,,9.0
Spain,Suspect,2010,21,Adult,3,Female,,,0.15384615384615385
Spain,Suspect,2010,21,Adult,3,Male,,,9.0
Spain,Suspect,2010,22,Adult,3,Female,,,0.15384615384615385
Spain,Suspect,2010,22,Adult,3,Male,,,9.0
Spain,Suspect,2010,23,Adult,3,Female,,,0.15384615384615385
Spain,Suspect,2010,23,Adult,3,Male,,,9.0
Spain,Suspect,2010,24,Adult,3,Female,,,0.15384615384615385
Spain,Suspect,2010,24,Adult,3,Male,,,9.0
Spain,Suspect,2010,25,Adult,3,Female,,,0.15384615384615385
Spain,Suspect,2010,25,Adult,3,Male,,,9.0
Spain,Suspect,2010,26,Adult,3,Female,,,0.15384615384615385
Spain,Suspect,2010,26,Adult,3,Male,,,9.0
Spain,Suspect,2010,27,Adult,3,Female,,,0.15384615384615385
Spain,Suspect,2010,27,Adult,3,Male,,,9.0
Spain,Suspect,2010,28,Adult,3,Female,,,0.15384615384615385
Spain,Suspect,2010,28,Adult,3,Male,,,9.0
Spain,Suspect,2010,29,Adult,3,Female,,,0.15384615384615385
Spain,Suspect,2010,29,Adult,3,Male,,,9.0
Spain,Suspect,2010,30,Adult,3,Female,,,0.15384615384615385
Spain,Suspect,2010,30,Adult,3,Male,,,9.0
Spain,Suspect,2010,31,Adult,3,Male,,,14.4
Spain,Suspect,2010,32,Adult,3,Male,,,14.4
Spain,Suspect,2010,33,Adult,3,Male,,,14.4
Spain,Suspect,2010,34,Adult,3,Male,,,14.4
Spain,Suspect,2010,35,Adult,3,Male,,,14.4
Spain,Suspect,2010,36,Adult,3,Male,,,14.4
Spain,Suspect,2010,37,Adult,3,Male,,,14.4
Spain,Suspect,2010,38,Adult,3,Male,,,14.4
Spain,Suspect,2010,39,Adult,3,Male,,,14.4
Spain,Suspect,2010,40,Adult,3,Male,,,14.4
Spain,Suspect,2010,41,Adult,3,Female,,,0.125
Spain,Suspect,2010,41,Adult,3,Male,,,7.75
Spain,Suspect,2010,42,Adult,3,Female,,,0.125
Spain,Suspect,2010,42,Adult,3,Male,,,7.75
Spain,Suspect,2010,43,Adult,3,Female,,,0.125
Spain,Suspect,2010,43,Adult,3,Male,,,7.75
Spain,Suspect,2010,44,Adult,3,Female,,,0.125
Spain,Suspect,2010,44,Adult,3,Male,,,7.75
Spain,Suspect,2010,45,Adult,3,Female,,,0.125
Spain,Suspect,2010,45,Adult,3,Male,,,7.75
Spain,Suspect,2010,46,Adult,3,Female,,,0.125
Spain,Suspect,2010,46,Adult,3,Male,,,7.75
Spain,Suspect,2010,47,Adult,3,Female,,,0.125
Spain,Suspect,2010,47,Adult,3,Male,,,7.75
Spain,Suspect,2010,48,Adult,3,Female,,,0.125
Spain,Suspect,2010,48,Adult,3,Male,,,7.75
Spain,Suspect,2010,49,Adult,3,Female,,,0.125
Spain,Suspect,2010,49,Adult,3,Male,,,7.75
Spain,Suspect,2010,50,Adult,3,Female,,,0.125
Spain,Suspect,2010,50,Adult,3,Male,,,7.75
Spain,Suspect,2010,51,Adult,3,Female,,,0.125
Spain,Suspect,2010,51,Adult,3,Male,,,7.75
Spain,Suspect,2010,52,Adult,3,Female,,,0.125
Spain,Suspect,2010,52,Adult,3,Male,,,7.75
Spain,Suspect,2010,53,Adult,3,Female,,,0.125
Spain,Suspect,2010,53,Adult,3,Male,,,7.75
Spain,Suspect,2010,54,Adult,3,Female,,,0.125
Spain,Suspect,2010,54,Adult,3,Male,,,7.75
Spain,Suspect,2010,55,Adult,3,Female,,,0.125
Spain,Suspect,2010,55,Adult,3,Male,,,7.75
Spain,Suspect,2010,56,Adult,3,Female,,,0.125
Spain,Suspect,2010,56,Adult,3,Male,,,7.75
Spain,Suspect,2010,57,Adult,3,Female,,,0.125
Spain,Suspect,2010,57,Adult,3,Male,,,7.75
Spain,Suspect,2010,58,Adult,3,Female,,,0.125
Spain,Suspect,2010,58,Adult,3,Male,,,7.75
Spain,Suspect,2010,59,Adult,3,Female,,,0.125
Spain,Suspect,2010,59,Adult,3,Male,,,7.75
Spain,Suspect,2010,60,Adult,3,Female,,,0.125
Spain,Suspect,2010,60,Adult,3,Male,,,7.75
Spain,Suspect,2010,61,Adult,3,Female,,,0.125
Spain,Suspect,2010,61,Adult,3,Male,,,7.75
Spain,Suspect,2010,62,Adult,3,Female,,,0.125
Spain,Suspect,2010,62,Adult,3,Male,,,7.75
Spain,Suspect,2010,63,Adult,3,Female,,,0.125
Spain,Suspect,2010,63,Adult,3,Male,,,7.75
Spain,Suspect,2010,64,Adult,3,Female,,,0.125
Spain,Suspect,2010,64,Adult,3,Male,,,7.75
Spain,Suspect,2010,65,Adult,3,Male,,,0.4
Spain,Suspect,2010,66,Adult,3,Male,,,0.4
Spain,Suspect,2010,67,Adult,3,Male,,,0.4
Spain,Suspect,2010,68,Adult,3,Male,,,0.4
Spain,Suspect,2010,69,Adult,3,Male,,,0.4
Spain,Suspect,2010,70,Adult,3,Male,,,0.4
Spain,Suspect,2010,71,Adult,3,Male,,,0.4
Spain,Suspect,2010,72,Adult,3,Male,,,0.4
Spain,Suspect,2010,73,Adult,3,Male,,,0.4
Spain,Suspect,2010,74,Adult,3,Male,,,0.4
Spain,Suspect,2010,75,Adult,3,Male,,,0.4
Spain,Suspect,2010,76,Adult,3,Male,,,0.4
Spain,Suspect,2010,77,Adult,3,Male,,,0.4
Spain,Suspect,2010,78,Adult,3,Male,,,0.4
Spain,Suspect,2010,79,Adult,3,Male,,,0.4
Spain,Suspect,2010,80,Adult,3,Male,,,0.4
Spain,Suspect,2010,81,Adult,3,Male,,,0.4
Spain,Suspect,2010,82,Adult,3,Male,,,0.4
Spain,Suspect,2010,83,Adult,3,Male,,,0.4
Spain,Suspect,2010,84,Adult,3,Male,,,0.4
Spain,Suspect,2010,85,Adult,3,Male,,,0.4
Spain,Suspect,2010,86,Adult,3,Male,,,0.4
Spain,Suspect,2010,87,Adult,3,Male,,,0.4
Spain,Suspect,2010,88,Adult,3,Male,,,0.4
Spain,Suspect,2010,89,Adult,3,Male,,,0.4
Spain,Suspect,2010,90,Adult,3,Male,,,0.4
Spain,Suspect,2010,91,Adult,3,Male,,,0.4
Spain,Suspect,2010,92,Adult,3,Male,,,0.4
Spain,Suspect,2010,93,Adult,3,Male,,,0.4
Spain,Suspect,2010,94,Adult,3,Male,,,0.4
Spain,Suspect,2010,95,Adult,3,Male,,,0.4
Spain,Suspect,2010,96,Adult,3,Male,,,0.4
Spain,Suspect,2010,97,Adult,3,Male,,,0.4
Spain,Suspect,2010,98,Adult,3,Male,,,0.4
Spain,Suspect,2010,99,Adult,3,Male,,,0.4
Spain,Suspect,2011,14,Juvenile,2,Female,,,0.5
Spain,Suspect,2011,14,Juvenile,2,Male,,,2.25
Spain,Suspect,2011,15,Juvenile,2,Female,,,0.5
Spain,Suspect,2011,15,Juvenile,2,Male,,,2.25
Spain,Suspect,2011,16,Juvenile,2,Female,,,0.5
Spain,Suspect,2011,16,Juvenile,2,Male,,,2.25
Spain,Suspect,2011,17,Juvenile,2,Female,,,0.5
Spain,Suspect,2011,17,Juvenile,2,Male,,,2.25
Spain,Suspect,2011,18,Adult,3,Female,,,0.38461538461538464
Spain,Suspect,2011,18,Adult,3,Male,,,8.692307692307692
Spain,Suspect,2011,19,Adult,3,Female,,,0.38461538461538464
Spain,Suspect,2011,19,Adult,3,Male,,,8.692307692307692
Spain,Suspect,2011,20,Adult,3,Female,,,0.38461538461538464
Spain,Suspect,2011,20,Adult,3,Male,,,8.692307692307692
Spain,Suspect,2011,21,Adult,3,Female,,,0.38461538461538464
Spain,Suspect,2011,21,Adult,3,Male,,,8.692307692307692
Spain,Suspect,2011,22,Adult,3,Female,,,0.38461538461538464
Spain,Suspect,2011,22,Adult,3,Male,,,8.692307692307692
Spain,Suspect,2011,23,Adult,3,Female,,,0.38461538461538464
Spain,Suspect,2011,23,Adult,3,Male,,,8.692307692307692
Spain,Suspect,2011,24,Adult,3,Female,,,0.38461538461538464
Spain,Suspect,2011,24,Adult,3,Male,,,8.692307692307692
Spain,Suspect,2011,25,Adult,3,Female,,,0.38461538461538464
Spain,Suspect,2011,25,Adult,3,Male,,,8.692307692307692
Spain,Suspect,2011,26,Adult,3,Female,,,0.38461538461538464
Spain,Suspect,2011,26,Adult,3,Male,,,8.692307692307692
Spain,Suspect,2011,27,Adult,3,Female,,,0.38461538461538464
Spain,Suspect,2011,27,Adult,3,Male,,,8.692307692307692
Spain,Suspect,2011,28,Adult,3,Female,,,0.38461538461538464
Spain,Suspect,2011,28,Adult,3,Male,,,8.692307692307692
Spain,Suspect,2011,29,Adult,3,Female,,,0.38461538461538464
Spain,Suspect,2011,29,Adult,3,Male,,,8.692307692307692
Spain,Suspect,2011,30,Adult,3,Female,,,0.38461538461538464
Spain,Suspect,2011,30,Adult,3,Male,,,8.692307692307692
Spain,Suspect,2011,31,Adult,3,Female,,,0.3
Spain,Suspect,2011,31,Adult,3,Male,,,9.7
Spain,Suspect,2011,32,Adult,3,Female,,,0.3
Spain,Suspect,2011,32,Adult,3,Male,,,9.7
Spain,Suspect,2011,33,Adult,3,Female,,,0.3
Spain,Suspect,2011,33,Adult,3,Male,,,9.7
Spain,Suspect,2011,34,Adult,3,Female,,,0.3
Spain,Suspect,2011,34,Adult,3,Male,,,9.7
Spain,Suspect,2011,35,Adult,3,Female,,,0.3
Spain,Suspect,2011,35,Adult,3,Male,,,9.7
Spain,Suspect,2011,36,Adult,3,Female,,,0.3
Spain,Suspect,2011,36,Adult,3,Male,,,9.7
Spain,Suspect,2011,37,Adult,3,Female,,,0.3
Spain,Suspect,2011,37,Adult,3,Male,,,9.7
Spain,Suspect,2011,38,Adult,3,Female,,,0.3
Spain,Suspect,2011,38,Adult,3,Male,,,9.7
Spain,Suspect,2011,39,Adult,3,Female,,,0.3
Spain,Suspect,2011,39,Adult,3,Male,,,9.7
Spain,Suspect,2011,40,Adult,3,Female,,,0.3
Spain,Suspect,2011,40,Adult,3,Male,,,9.7
Spain,Suspect,2011,41,Adult,3,Female,,,0.4166666666666667
Spain,Suspect,2011,41,Adult,3,Male,,,7.583333333333333
Spain,Suspect,2011,42,Adult,3,Female,,,0.4166666666666667
Spain,Suspect,2011,42,Adult,3,Male,,,7.583333333333333
Spain,Suspect,2011,43,Adult,3,Female,,,0.4166666666666667
Spain,Suspect,2011,43,Adult,3,Male,,,7.583333333333333
Spain,Suspect,2011,44,Adult,3,Female,,,0.4166666666666667
Spain,Suspect,2011,44,Adult,3,Male,,,7.583333333333333
Spain,Suspect,2011,45,Adult,3,Female,,,0.4166666666666667
Spain,Suspect,2011,45,Adult,3,Male,,,7.583333333333333
Spain,Suspect,2011,46,Adult,3,Female,,,0.4166666666666667
Spain,Suspect,2011,46,Adult,3,Male,,,7.583333333333333
Spain,Suspect,2011,47,Adult,3,Female,,,0.4166666666666667
Spain,Suspect,2011,47,Adult,3,Male,,,7.583333333333333
Spain,Suspect,2011,48,Adult,3,Female,,,0.4166666666666667
Spain,Suspect,2011,48,Adult,3,Male,,,7.583333333333333
Spain,Suspect,2011,49,Adult,3,Female,,,0.4166666666666667
Spain,Suspect,2011,49,Adult,3,Male,,,7.583333333333333
Spain,Suspect,2011,50,Adult,3,Female,,,0.4166666666666667
Spain,Suspect,2011,50,Adult,3,Male,,,7.583333333333333
Spain,Suspect,2011,51,Adult,3,Female,,,0.4166666666666667
Spain,Suspect,2011,51,Adult,3,Male,,,7.583333333333333
Spain,Suspect,2011,52,Adult,3,Female,,,0.4166666666666667
Spain,Suspect,2011,52,Adult,3,Male,,,7.583333333333333
Spain,Suspect,2011,53,Adult,3,Female,,,0.4166666666666667
Spain,Suspect,2011,53,Adult,3,Male,,,7.583333333333333
Spain,Suspect,2011,54,Adult,3,Female,,,0.4166666666666667
Spain,Suspect,2011,54,Adult,3,Male,,,7.583333333333333
Spain,Suspect,2011,55,Adult,3,Female,,,0.4166666666666667
Spain,Suspect,2011,55,Adult,3,Male,,,7.583333333333333
Spain,Suspect,2011,56,Adult,3,Female,,,0.4166666666666667
Spain,Suspect,2011,56,Adult,3,Male,,,7.583333333333333
Spain,Suspect,2011,57,Adult,3,Female,,,0.4166666666666667
Spain,Suspect,2011,57,Adult,3,Male,,,7.583333333333333
Spain,Suspect,2011,58,Adult,3,Female,,,0.4166666666666667
Spain,Suspect,2011,58,Adult,3,Male,,,7.583333333333333
Spain,Suspect,2011,59,Adult,3,Female,,,0.4166666666666667
Spain,Suspect,2011,59,Adult,3,Male,,,7.583333333333333
Spain,Suspect,2011,60,Adult,3,Female,,,0.4166666666666667
Spain,Suspect,2011,60,Adult,3,Male,,,7.583333333333333
Spain,Suspect,2011,61,Adult,3,Female,,,0.4166666666666667
Spain,Suspect,2011,61,Adult,3,Male,,,7.583333333333333
Spain,Suspect,2011,62,Adult,3,Female,,,0.4166666666666667
Spain,Suspect,2011,62,Adult,3,Male,,,7.583333333333333
Spain,Suspect,2011,63,Adult,3,Female,,,0.4166666666666667
Spain,Suspect,2011,63,Adult,3,Male,,,7.583333333333333
Spain,Suspect,2011,64,Adult,3,Female,,,0.4166666666666667
Spain,Suspect,2011,64,Adult,3,Male,,,7.583333333333333
Spain,Suspect,2011,65,Adult,3,Male,,,0.6571428571428571
Spain,Suspect,2011,66,Adult,3,Male,,,0.6571428571428571
Spain,Suspect,2011,67,Adult,3,Male,,,0.6571428571428571
Spain,Suspect,2011,68,Adult,3,Male,,,0.6571428571428571
Spain,Suspect,2011,69,Adult,3,Male,,,0.6571428571428571
Spain,Suspect,2011,70,Adult,3,Male,,,0.6571428571428571
Spain,Suspect,2011,71,Adult,3,Male,,,0.6571428571428571
Spain,Suspect,2011,72,Adult,3,Male,,,0.6571428571428571
Spain,Suspect,2011,73,Adult,3,Male,,,0.6571428571428571
Spain,Suspect,2011,74,Adult,3,Male,,,0.6571428571428571
Spain,Suspect,2011,75,Adult,3,Male,,,0.6571428571428571
Spain,Suspect,2011,76,Adult,3,Male,,,0.6571428571428571
Spain,Suspect,2011,77,Adult,3,Male,,,0.6571428571428571
Spain,Suspect,2011,78,Adult,3,Male,,,0.6571428571428571
Spain,Suspect,2011,79,Adult,3,Male,,,0.6571428571428571
Spain,Suspect,2011,80,Adult,3,Male,,,0.6571428571428571
Spain,Suspect,2011,81,Adult,3,Male,,,0.6571428571428571
Spain,Suspect,2011,82,Adult,3,Male,,,0.6571428571428571
Spain,Suspect,2011,83,Adult,3,Male,,,0.6571428571428571
Spain,Suspect,2011,84,Adult,3,Male,,,0.6571428571428571
Spain,Suspect,2011,85,Adult,3,Male,,,0.6571428571428571
Spain,Suspect,2011,86,Adult,3,Male,,,0.6571428571428571
Spain,Suspect,2011,87,Adult,3,Male,,,0.6571428571428571
Spain,Suspect,2011,88,Adult,3,Male,,,0.6571428571428571
Spain,Suspect,2011,89,Adult,3,Male,,,0.6571428571428571
Spain,Suspect,2011,90,Adult,3,Male,,,0.6571428571428571
Spain,Suspect,2011,91,Adult,3,Male,,,0.6571428571428571
Spain,Suspect,2011,92,Adult,3,Male,,,0.6571428571428571
Spain,Suspect,2011,93,Adult,3,Male,,,0.6571428571428571
Spain,Suspect,2011,94,Adult,3,Male,,,0.6571428571428571
Spain,Suspect,2011,95,Adult,3,Male,,,0.6571428571428571
Spain,Suspect,2011,96,Adult,3,Male,,,0.6571428571428571
Spain,Suspect,2011,97,Adult,3,Male,,,0.6571428571428571
Spain,Suspect,2011,98,Adult,3,Male,,,0.6571428571428571
Spain,Suspect,2011,99,Adult,3,Male,,,0.6571428571428571
Spain,Suspect,2012,14,Juvenile,2,Female,,,0.25
Spain,Suspect,2012,14,Juvenile,2,Male,,,2.25
Spain,Suspect,2012,15,Juvenile,2,Female,,,0.25
Spain,Suspect,2012,15,Juvenile,2,Male,,,2.25
Spain,Suspect,2012,16,Juvenile,2,Female,,,0.25
Spain,Suspect,2012,16,Juvenile,2,Male,,,2.25
Spain,Suspect,2012,17,Juvenile,2,Female,,,0.25
Spain,Suspect,2012,17,Juvenile,2,Male,,,2.25
Spain,Suspect,2012,18,Adult,3,Female,,,0.23076923076923078
Spain,Suspect,2012,18,Adult,3,Male,,,4.923076923076923
Spain,Suspect,2012,19,Adult,3,Female,,,0.23076923076923078
Spain,Suspect,2012,19,Adult,3,Male,,,4.923076923076923
Spain,Suspect,2012,20,Adult,3,Female,,,0.23076923076923078
Spain,Suspect,2012,20,Adult,3,Male,,,4.923076923076923
Spain,Suspect,2012,21,Adult,3,Female,,,0.23076923076923078
Spain,Suspect,2012,21,Adult,3,Male,,,4.923076923076923
Spain,Suspect,2012,22,Adult,3,Female,,,0.23076923076923078
Spain,Suspect,2012,22,Adult,3,Male,,,4.923076923076923
Spain,Suspect,2012,23,Adult,3,Female,,,0.23076923076923078
Spain,Suspect,2012,23,Adult,3,Male,,,4.923076923076923
Spain,Suspect,2012,24,Adult,3,Female,,,0.23076923076923078
Spain,Suspect,2012,24,Adult,3,Male,,,4.923076923076923
Spain,Suspect,2012,25,Adult,3,Female,,,0.23076923076923078
Spain,Suspect,2012,25,Adult,3,Male,,,4.923076923076923
Spain,Suspect,2012,26,Adult,3,Female,,,0.23076923076923078
Spain,Suspect,2012,26,Adult,3,Male,,,4.923076923076923
Spain,Suspect,2012,27,Adult,3,Female,,,0.23076923076923078
Spain,Suspect,2012,27,Adult,3,Male,,,4.923076923076923
Spain,Suspect,2012,28,Adult,3,Female,,,0.23076923076923078
Spain,Suspect,2012,28,Adult,3,Male,,,4.923076923076923
Spain,Suspect,2012,29,Adult,3,Female,,,0.23076923076923078
Spain,Suspect,2012,29,Adult,3,Male,,,4.923076923076923
Spain,Suspect,2012,30,Adult,3,Female,,,0.23076923076923078
Spain,Suspect,2012,30,Adult,3,Male,,,4.923076923076923
Spain,Suspect,2012,31,Adult,3,Female,,,0.5
Spain,Suspect,2012,31,Adult,3,Male,,,14.5
Spain,Suspect,2012,32,Adult,3,Female,,,0.5
Spain,Suspect,2012,32,Adult,3,Male,,,14.5
Spain,Suspect,2012,33,Adult,3,Female,,,0.5
Spain,Suspect,2012,33,Adult,3,Male,,,14.5
Spain,Suspect,2012,34,Adult,3,Female,,,0.5
Spain,Suspect,2012,34,Adult,3,Male,,,14.5
Spain,Suspect,2012,35,Adult,3,Female,,,0.5
Spain,Suspect,2012,35,Adult,3,Male,,,14.5
Spain,Suspect,2012,36,Adult,3,Female,,,0.5
Spain,Suspect,2012,36,Adult,3,Male,,,14.5
Spain,Suspect,2012,37,Adult,3,Female,,,0.5
Spain,Suspect,2012,37,Adult,3,Male,,,14.5
Spain,Suspect,2012,38,Adult,3,Female,,,0.5
Spain,Suspect,2012,38,Adult,3,Male,,,14.5
Spain,Suspect,2012,39,Adult,3,Female,,,0.5
Spain,Suspect,2012,39,Adult,3,Male,,,14.5
Spain,Suspect,2012,40,Adult,3,Female,,,0.5
Spain,Suspect,2012,40,Adult,3,Male,,,14.5
Spain,Suspect,2012,41,Adult,3,Female,,,0.3333333333333333
Spain,Suspect,2012,41,Adult,3,Male,,,9.916666666666666
Spain,Suspect,2012,42,Adult,3,Female,,,0.3333333333333333
Spain,Suspect,2012,42,Adult,3,Male,,,9.916666666666666
Spain,Suspect,2012,43,Adult,3,Female,,,0.3333333333333333
Spain,Suspect,2012,43,Adult,3,Male,,,9.916666666666666
Spain,Suspect,2012,44,Adult,3,Female,,,0.3333333333333333
Spain,Suspect,2012,44,Adult,3,Male,,,9.916666666666666
Spain,Suspect,2012,45,Adult,3,Female,,,0.3333333333333333
Spain,Suspect,2012,45,Adult,3,Male,,,9.916666666666666
Spain,Suspect,2012,46,Adult,3,Female,,,0.3333333333333333
Spain,Suspect,2012,46,Adult,3,Male,,,9.916666666666666
Spain,Suspect,2012,47,Adult,3,Female,,,0.3333333333333333
Spain,Suspect,2012,47,Adult,3,Male,,,9.916666666666666
Spain,Suspect,2012,48,Adult,3,Female,,,0.3333333333333333
Spain,Suspect,2012,48,Adult,3,Male,,,9.916666666666666
Spain,Suspect,2012,49,Adult,3,Female,,,0.3333333333333333
Spain,Suspect,2012,49,Adult,3,Male,,,9.916666666666666
Spain,Suspect,2012,50,Adult,3,Female,,,0.3333333333333333
Spain,Suspect,2012,50,Adult,3,Male,,,9.916666666666666
Spain,Suspect,2012,51,Adult,3,Female,,,0.3333333333333333
Spain,Suspect,2012,51,Adult,3,Male,,,9.916666666666666
Spain,Suspect,2012,52,Adult,3,Female,,,0.3333333333333333
Spain,Suspect,2012,52,Adult,3,Male,,,9.916666666666666
Spain,Suspect,2012,53,Adult,3,Female,,,0.3333333333333333
Spain,Suspect,2012,53,Adult,3,Male,,,9.916666666666666
Spain,Suspect,2012,54,Adult,3,Female,,,0.3333333333333333
Spain,Suspect,2012,54,Adult,3,Male,,,9.916666666666666
Spain,Suspect,2012,55,Adult,3,Female,,,0.3333333333333333
Spain,Suspect,2012,55,Adult,3,Male,,,9.916666666666666
Spain,Suspect,2012,56,Adult,3,Female,,,0.3333333333333333
Spain,Suspect,2012,56,Adult,3,Male,,,9.916666666666666
Spain,Suspect,2012,57,Adult,3,Female,,,0.3333333333333333
Spain,Suspect,2012,57,Adult,3,Male,,,9.916666666666666
Spain,Suspect,2012,58,Adult,3,Female,,,0.3333333333333333
Spain,Suspect,2012,58,Adult,3,Male,,,9.916666666666666
Spain,Suspect,2012,59,Adult,3,Female,,,0.3333333333333333
Spain,Suspect,2012,59,Adult,3,Male,,,9.916666666666666
Spain,Suspect,2012,60,Adult,3,Female,,,0.3333333333333333
Spain,Suspect,2012,60,Adult,3,Male,,,9.916666666666666
Spain,Suspect,2012,61,Adult,3,Female,,,0.3333333333333333
Spain,Suspect,2012,61,Adult,3,Male,,,9.916666666666666
Spain,Suspect,2012,62,Adult,3,Female,,,0.3333333333333333
Spain,Suspect,2012,62,Adult,3,Male,,,9.916666666666666
Spain,Suspect,2012,63,Adult,3,Female,,,0.3333333333333333
Spain,Suspect,2012,63,Adult,3,Male,,,9.916666666666666
Spain,Suspect,2012,64,Adult,3,Female,,,0.3333333333333333
Spain,Suspect,2012,64,Adult,3,Male,,,9.916666666666666
Spain,Suspect,2012,65,Adult,3,Male,,,0.5714285714285714
Spain,Suspect,2012,66,Adult,3,Male,,,0.5714285714285714
Spain,Suspect,2012,67,Adult,3,Male,,,0.5714285714285714
Spain,Suspect,2012,68,Adult,3,Male,,,0.5714285714285714
Spain,Suspect,2012,69,Adult,3,Male,,,0.5714285714285714
Spain,Suspect,2012,70,Adult,3,Male,,,0.5714285714285714
Spain,Suspect,2012,71,Adult,3,Male,,,0.5714285714285714
Spain,Suspect,2012,72,Adult,3,Male,,,0.5714285714285714
Spain,Suspect,2012,73,Adult,3,Male,,,0.5714285714285714
Spain,Suspect,2012,74,Adult,3,Male,,,0.5714285714285714
Spain,Suspect,2012,75,Adult,3,Male,,,0.5714285714285714
Spain,Suspect,2012,76,Adult,3,Male,,,0.5714285714285714
Spain,Suspect,2012,77,Adult,3,Male,,,0.5714285714285714
Spain,Suspect,2012,78,Adult,3,Male,,,0.5714285714285714
Spain,Suspect,2012,79,Adult,3,Male,,,0.5714285714285714
Spain,Suspect,2012,80,Adult,3,Male,,,0.5714285714285714
Spain,Suspect,2012,81,Adult,3,Male,,,0.5714285714285714
Spain,Suspect,2012,82,Adult,3,Male,,,0.5714285714285714
Spain,Suspect,2012,83,Adult,3,Male,,,0.5714285714285714
Spain,Suspect,2012,84,Adult,3,Male,,,0.5714285714285714
Spain,Suspect,2012,85,Adult,3,Male,,,0.5714285714285714
Spain,Suspect,2012,86,Adult,3,Male,,,0.5714285714285714
Spain,Suspect,2012,87,Adult,3,Male,,,0.5714285714285714
Spain,Suspect,2012,88,Adult,3,Male,,,0.5714285714285714
Spain,Suspect,2012,89,Adult,3,Male,,,0.5714285714285714
Spain,Suspect,2012,90,Adult,3,Male,,,0.5714285714285714
Spain,Suspect,2012,91,Adult,3,Male,,,0.5714285714285714
Spain,Suspect,2012,92,Adult,3,Male,,,0.5714285714285714
Spain,Suspect,2012,93,Adult,3,Male,,,0.5714285714285714
Spain,Suspect,2012,94,Adult,3,Male,,,0.5714285714285714
Spain,Suspect,2012,95,Adult,3,Male,,,0.5714285714285714
Spain,Suspect,2012,96,Adult,3,Male,,,0.5714285714285714
Spain,Suspect,2012,97,Adult,3,Male,,,0.5714285714285714
Spain,Suspect,2012,98,Adult,3,Male,,,0.5714285714285714
Spain,Suspect,2012,99,Adult,3,Male,,,0.5714285714285714
Spain,Suspect,2013,14,Juvenile,2,Female,,,4.75
Spain,Suspect,2013,14,Juvenile,2,Male,,,15.0
Spain,Suspect,2013,15,Juvenile,2,Female,,,4.75
Spain,Suspect,2013,15,Juvenile,2,Male,,,15.0
Spain,Suspect,2013,16,Juvenile,2,Female,,,4.75
Spain,Suspect,2013,16,Juvenile,2,Male,,,15.0
Spain,Suspect,2013,17,Juvenile,2,Female,,,4.75
Spain,Suspect,2013,17,Juvenile,2,Male,,,15.0
Spain,Suspect,2013,18,Adult,3,Female,,,0.6153846153846154
Spain,Suspect,2013,18,Adult,3,Male,,,5.076923076923077
Spain,Suspect,2013,19,Adult,3,Female,,,0.6153846153846154
Spain,Suspect,2013,19,Adult,3,Male,,,5.076923076923077
Spain,Suspect,2013,20,Adult,3,Female,,,0.6153846153846154
Spain,Suspect,2013,20,Adult,3,Male,,,5.076923076923077
Spain,Suspect,2013,21,Adult,3,Female,,,0.6153846153846154
Spain,Suspect,2013,21,Adult,3,Male,,,5.076923076923077
Spain,Suspect,2013,22,Adult,3,Female,,,0.6153846153846154
Spain,Suspect,2013,22,Adult,3,Male,,,5.076923076923077
Spain,Suspect,2013,23,Adult,3,Female,,,0.6153846153846154
Spain,Suspect,2013,23,Adult,3,Male,,,5.076923076923077
Spain,Suspect,2013,24,Adult,3,Female,,,0.6153846153846154
Spain,Suspect,2013,24,Adult,3,Male,,,5.076923076923077
Spain,Suspect,2013,25,Adult,3,Female,,,0.6153846153846154
Spain,Suspect,2013,25,Adult,3,Male,,,5.076923076923077
Spain,Suspect,2013,26,Adult,3,Female,,,0.6153846153846154
Spain,Suspect,2013,26,Adult,3,Male,,,5.076923076923077
Spain,Suspect,2013,27,Adult,3,Female,,,0.6153846153846154
Spain,Suspect,2013,27,Adult,3,Male,,,5.076923076923077
Spain,Suspect,2013,28,Adult,3,Female,,,0.6153846153846154
Spain,Suspect,2013,28,Adult,3,Male,,,5.076923076923077
Spain,Suspect,2013,29,Adult,3,Female,,,0.6153846153846154
Spain,Suspect,2013,29,Adult,3,Male,,,5.076923076923077
Spain,Suspect,2013,30,Adult,3,Female,,,0.6153846153846154
Spain,Suspect,2013,30,Adult,3,Male,,,5.076923076923077
Spain,Suspect,2013,31,Adult,3,Female,,,0.4
Spain,Suspect,2013,31,Adult,3,Male,,,7.6
Spain,Suspect,2013,32,Adult,3,Female,,,0.4
Spain,Suspect,2013,32,Adult,3,Male,,,7.6
Spain,Suspect,2013,33,Adult,3,Female,,,0.4
Spain,Suspect,2013,33,Adult,3,Male,,,7.6
Spain,Suspect,2013,34,Adult,3,Female,,,0.4
Spain,Suspect,2013,34,Adult,3,Male,,,7.6
Spain,Suspect,2013,35,Adult,3,Female,,,0.4
Spain,Suspect,2013,35,Adult,3,Male,,,7.6
Spain,Suspect,2013,36,Adult,3,Female,,,0.4
Spain,Suspect,2013,36,Adult,3,Male,,,7.6
Spain,Suspect,2013,37,Adult,3,Female,,,0.4
Spain,Suspect,2013,37,Adult,3,Male,,,7.6
Spain,Suspect,2013,38,Adult,3,Female,,,0.4
Spain,Suspect,2013,38,Adult,3,Male,,,7.6
Spain,Suspect,2013,39,Adult,3,Female,,,0.4
Spain,Suspect,2013,39,Adult,3,Male,,,7.6
Spain,Suspect,2013,40,Adult,3,Female,,,0.4
Spain,Suspect,2013,40,Adult,3,Male,,,7.6
Spain,Suspect,2013,41,Adult,3,Female,,,0.041666666666666664
Spain,Suspect,2013,41,Adult,3,Male,,,5.291666666666667
Spain,Suspect,2013,42,Adult,3,Female,,,0.041666666666666664
Spain,Suspect,2013,42,Adult,3,Male,,,5.291666666666667
Spain,Suspect,2013,43,Adult,3,Female,,,0.041666666666666664
Spain,Suspect,2013,43,Adult,3,Male,,,5.291666666666667
Spain,Suspect,2013,44,Adult,3,Female,,,0.041666666666666664
Spain,Suspect,2013,44,Adult,3,Male,,,5.291666666666667
Spain,Suspect,2013,45,Adult,3,Female,,,0.041666666666666664
Spain,Suspect,2013,45,Adult,3,Male,,,5.291666666666667
Spain,Suspect,2013,46,Adult,3,Female,,,0.041666666666666664
Spain,Suspect,2013,46,Adult,3,Male,,,5.291666666666667
Spain,Suspect,2013,47,Adult,3,Female,,,0.041666666666666664
Spain,Suspect,2013,47,Adult,3,Male,,,5.291666666666667
Spain,Suspect,2013,48,Adult,3,Female,,,0.041666666666666664
Spain,Suspect,2013,48,Adult,3,Male,,,5.291666666666667
Spain,Suspect,2013,49,Adult,3,Female,,,0.041666666666666664
Spain,Suspect,2013,49,Adult,3,Male,,,5.291666666666667
Spain,Suspect,2013,50,Adult,3,Female,,,0.041666666666666664
Spain,Suspect,2013,50,Adult,3,Male,,,5.291666666666667
Spain,Suspect,2013,51,Adult,3,Female,,,0.041666666666666664
Spain,Suspect,2013,51,Adult,3,Male,,,5.291666666666667
Spain,Suspect,2013,52,Adult,3,Female,,,0.041666666666666664
Spain,Suspect,2013,52,Adult,3,Male,,,5.291666666666667
Spain,Suspect,2013,53,Adult,3,Female,,,0.041666666666666664
Spain,Suspect,2013,53,Adult,3,Male,,,5.291666666666667
Spain,Suspect,2013,54,Adult,3,Female,,,0.041666666666666664
Spain,Suspect,2013,54,Adult,3,Male,,,5.291666666666667
Spain,Suspect,2013,55,Adult,3,Female,,,0.041666666666666664
Spain,Suspect,2013,55,Adult,3,Male,,,5.291666666666667
Spain,Suspect,2013,56,Adult,3,Female,,,0.041666666666666664
Spain,Suspect,2013,56,Adult,3,Male,,,5.291666666666667
Spain,Suspect,2013,57,Adult,3,Female,,,0.041666666666666664
Spain,Suspect,2013,57,Adult,3,Male,,,5.291666666666667
Spain,Suspect,2013,58,Adult,3,Female,,,0.041666666666666664
Spain,Suspect,2013,58,Adult,3,Male,,,5.291666666666667
Spain,Suspect,2013,59,Adult,3,Female,,,0.041666666666666664
Spain,Suspect,2013,59,Adult,3,Male,,,5.291666666666667
Spain,Suspect,2013,60,Adult,3,Female,,,0.041666666666666664
Spain,Suspect,2013,60,Adult,3,Male,,,5.291666666666667
Spain,Suspect,2013,61,Adult,3,Female,,,0.041666666666666664
Spain,Suspect,2013,61,Adult,3,Male,,,5.291666666666667
Spain,Suspect,2013,62,Adult,3,Female,,,0.041666666666666664
Spain,Suspect,2013,62,Adult,3,Male,,,5.291666666666667
Spain,Suspect,2013,63,Adult,3,Female,,,0.041666666666666664
Spain,Suspect,2013,63,Adult,3,Male,,,5.291666666666667
Spain,Suspect,2013,64,Adult,3,Female,,,0.041666666666666664
Spain,Suspect,2013,64,Adult,3,Male,,,5.291666666666667
Spain,Suspect,2013,65,Adult,3,Male,,,0.42857142857142855
Spain,Suspect,2013,66,Adult,3,Male,,,0.42857142857142855
Spain,Suspect,2013,67,Adult,3,Male,,,0.42857142857142855
Spain,Suspect,2013,68,Adult,3,Male,,,0.42857142857142855
Spain,Suspect,2013,69,Adult,3,Male,,,0.42857142857142855
Spain,Suspect,2013,70,Adult,3,Male,,,0.42857142857142855
Spain,Suspect,2013,71,Adult,3,Male,,,0.42857142857142855
Spain,Suspect,2013,72,Adult,3,Male,,,0.42857142857142855
Spain,Suspect,2013,73,Adult,3,Male,,,0.42857142857142855
Spain,Suspect,2013,74,Adult,3,Male,,,0.42857142857142855
Spain,Suspect,2013,75,Adult,3,Male,,,0.42857142857142855
Spain,Suspect,2013,76,Adult,3,Male,,,0.42857142857142855
Spain,Suspect,2013,77,Adult,3,Male,,,0.42857142857142855
Spain,Suspect,2013,78,Adult,3,Male,,,0.42857142857142855
Spain,Suspect,2013,79,Adult,3,Male,,,0.42857142857142855
Spain,Suspect,2013,80,Adult,3,Male,,,0.42857142857142855
Spain,Suspect,2013,81,Adult,3,Male,,,0.42857142857142855
Spain,Suspect,2013,82,Adult,3,Male,,,0.42857142857142855
Spain,Suspect,2013,83,Adult,3,Male,,,0.42857142857142855
Spain,Suspect,2013,84,Adult,3,Male,,,0.42857142857142855
Spain,Suspect,2013,85,Adult,3,Male,,,0.42857142857142855
Spain,Suspect,2013,86,Adult,3,Male,,,0.42857142857142855
Spain,Suspect,2013,87,Adult,3,Male,,,0.42857142857142855
Spain,Suspect,2013,88,Adult,3,Male,,,0.42857142857142855
Spain,Suspect,2013,89,Adult,3,Male,,,0.42857142857142855
Spain,Suspect,2013,90,Adult,3,Male,,,0.42857142857142855
Spain,Suspect,2013,91,Adult,3,Male,,,0.42857142857142855
Spain,Suspect,2013,92,Adult,3,Male,,,0.42857142857142855
Spain,Suspect,2013,93,Adult,3,Male,,,0.42857142857142855
Spain,Suspect,2013,94,Adult,3,Male,,,0.42857142857142855
Spain,Suspect,2013,95,Adult,3,Male,,,0.42857142857142855
Spain,Suspect,2013,96,Adult,3,Male,,,0.42857142857142855
Spain,Suspect,2013,97,Adult,3,Male,,,0.42857142857142855
Spain,Suspect,2013,98,Adult,3,Male,,,0.42857142857142855
Spain,Suspect,2013,99,Adult,3,Male,,,0.42857142857142855
Spain,Suspect,2014,14,Juvenile,2,Female,,,3.5
Spain,Suspect,2014,14,Juvenile,2,Male,,,18.25
Spain,Suspect,2014,15,Juvenile,2,Female,,,3.5
Spain,Suspect,2014,15,Juvenile,2,Male,,,18.25
Spain,Suspect,2014,16,Juvenile,2,Female,,,3.5
Spain,Suspect,2014,16,Juvenile,2,Male,,,18.25
Spain,Suspect,2014,17,Juvenile,2,Female,,,3.5
Spain,Suspect,2014,17,Juvenile,2,Male,,,18.25
Spain,Suspect,2014,18,Adult,3,Female,,,0.23076923076923078
Spain,Suspect,2014,18,Adult,3,Male,,,5.538461538461538
Spain,Suspect,2014,19,Adult,3,Female,,,0.23076923076923078
Spain,Suspect,2014,19,Adult,3,Male,,,5.538461538461538
Spain,Suspect,2014,20,Adult,3,Female,,,0.23076923076923078
Spain,Suspect,2014,20,Adult,3,Male,,,5.538461538461538
Spain,Suspect,2014,21,Adult,3,Female,,,0.23076923076923078
Spain,Suspect,2014,21,Adult,3,Male,,,5.538461538461538
Spain,Suspect,2014,22,Adult,3,Female,,,0.23076923076923078
Spain,Suspect,2014,22,Adult,3,Male,,,5.538461538461538
Spain,Suspect,2014,23,Adult,3,Female,,,0.23076923076923078
Spain,Suspect,2014,23,Adult,3,Male,,,5.538461538461538
Spain,Suspect,2014,24,Adult,3,Female,,,0.23076923076923078
Spain,Suspect,2014,24,Adult,3,Male,,,5.538461538461538
Spain,Suspect,2014,25,Adult,3,Female,,,0.23076923076923078
Spain,Suspect,2014,25,Adult,3,Male,,,5.538461538461538
Spain,Suspect,2014,26,Adult,3,Female,,,0.23076923076923078
Spain,Suspect,2014,26,Adult,3,Male,,,5.538461538461538
Spain,Suspect,2014,27,Adult,3,Female,,,0.23076923076923078
Spain,Suspect,2014,27,Adult,3,Male,,,5.538461538461538
Spain,Suspect,2014,28,Adult,3,Female,,,0.23076923076923078
Spain,Suspect,2014,28,Adult,3,Male,,,5.538461538461538
Spain,Suspect,2014,29,Adult,3,Female,,,0.23076923076923078
Spain,Suspect,2014,29,Adult,3,Male,,,5.538461538461538
Spain,Suspect,2014,30,Adult,3,Female,,,0.23076923076923078
Spain,Suspect,2014,30,Adult,3,Male,,,5.538461538461538
Spain,Suspect,2014,31,Adult,3,Female,,,0.3
Spain,Suspect,2014,31,Adult,3,Male,,,7.7
Spain,Suspect,2014,32,Adult,3,Female,,,0.3
Spain,Suspect,2014,32,Adult,3,Male,,,7.7
Spain,Suspect,2014,33,Adult,3,Female,,,0.3
Spain,Suspect,2014,33,Adult,3,Male,,,7.7
Spain,Suspect,2014,34,Adult,3,Female,,,0.3
Spain,Suspect,2014,34,Adult,3,Male,,,7.7
Spain,Suspect,2014,35,Adult,3,Female,,,0.3
Spain,Suspect,2014,35,Adult,3,Male,,,7.7
Spain,Suspect,2014,36,Adult,3,Female,,,0.3
Spain,Suspect,2014,36,Adult,3,Male,,,7.7
Spain,Suspect,2014,37,Adult,3,Female,,,0.3
Spain,Suspect,2014,37,Adult,3,Male,,,7.7
Spain,Suspect,2014,38,Adult,3,Female,,,0.3
Spain,Suspect,2014,38,Adult,3,Male,,,7.7
Spain,Suspect,2014,39,Adult,3,Female,,,0.3
Spain,Suspect,2014,39,Adult,3,Male,,,7.7
Spain,Suspect,2014,40,Adult,3,Female,,,0.3
Spain,Suspect,2014,40,Adult,3,Male,,,7.7
Spain,Suspect,2014,41,Adult,3,Female,,,0.16666666666666666
Spain,Suspect,2014,41,Adult,3,Male,,,6.958333333333333
Spain,Suspect,2014,42,Adult,3,Female,,,0.16666666666666666
Spain,Suspect,2014,42,Adult,3,Male,,,6.958333333333333
Spain,Suspect,2014,43,Adult,3,Female,,,0.16666666666666666
Spain,Suspect,2014,43,Adult,3,Male,,,6.958333333333333
Spain,Suspect,2014,44,Adult,3,Female,,,0.16666666666666666
Spain,Suspect,2014,44,Adult,3,Male,,,6.958333333333333
Spain,Suspect,2014,45,Adult,3,Female,,,0.16666666666666666
Spain,Suspect,2014,45,Adult,3,Male,,,6.958333333333333
Spain,Suspect,2014,46,Adult,3,Female,,,0.16666666666666666
Spain,Suspect,2014,46,Adult,3,Male,,,6.958333333333333
Spain,Suspect,2014,47,Adult,3,Female,,,0.16666666666666666
Spain,Suspect,2014,47,Adult,3,Male,,,6.958333333333333
Spain,Suspect,2014,48,Adult,3,Female,,,0.16666666666666666
Spain,Suspect,2014,48,Adult,3,Male,,,6.958333333333333
Spain,Suspect,2014,49,Adult,3,Female,,,0.16666666666666666
Spain,Suspect,2014,49,Adult,3,Male,,,6.958333333333333
Spain,Suspect,2014,50,Adult,3,Female,,,0.16666666666666666
Spain,Suspect,2014,50,Adult,3,Male,,,6.958333333333333
Spain,Suspect,2014,51,Adult,3,Female,,,0.16666666666666666
Spain,Suspect,2014,51,Adult,3,Male,,,6.958333333333333
Spain,Suspect,2014,52,Adult,3,Female,,,0.16666666666666666
Spain,Suspect,2014,52,Adult,3,Male,,,6.958333333333333
Spain,Suspect,2014,53,Adult,3,Female,,,0.16666666666666666
Spain,Suspect,2014,53,Adult,3,Male,,,6.958333333333333
Spain,Suspect,2014,54,Adult,3,Female,,,0.16666666666666666
Spain,Suspect,2014,54,Adult,3,Male,,,6.958333333333333
Spain,Suspect,2014,55,Adult,3,Female,,,0.16666666666666666
Spain,Suspect,2014,55,Adult,3,Male,,,6.958333333333333
Spain,Suspect,2014,56,Adult,3,Female,,,0.16666666666666666
Spain,Suspect,2014,56,Adult,3,Male,,,6.958333333333333
Spain,Suspect,2014,57,Adult,3,Female,,,0.16666666666666666
Spain,Suspect,2014,57,Adult,3,Male,,,6.958333333333333
Spain,Suspect,2014,58,Adult,3,Female,,,0.16666666666666666
Spain,Suspect,2014,58,Adult,3,Male,,,6.958333333333333
Spain,Suspect,2014,59,Adult,3,Female,,,0.16666666666666666
Spain,Suspect,2014,59,Adult,3,Male,,,6.958333333333333
Spain,Suspect,2014,60,Adult,3,Female,,,0.16666666666666666
Spain,Suspect,2014,60,Adult,3,Male,,,6.958333333333333
Spain,Suspect,2014,61,Adult,3,Female,,,0.16666666666666666
Spain,Suspect,2014,61,Adult,3,Male,,,6.958333333333333
Spain,Suspect,2014,62,Adult,3,Female,,,0.16666666666666666
Spain,Suspect,2014,62,Adult,3,Male,,,6.958333333333333
Spain,Suspect,2014,63,Adult,3,Female,,,0.16666666666666666
Spain,Suspect,2014,63,Adult,3,Male,,,6.958333333333333
Spain,Suspect,2014,64,Adult,3,Female,,,0.16666666666666666
Spain,Suspect,2014,64,Adult,3,Male,,,6.958333333333333
Spain,Suspect,2014,65,Adult,3,Male,,,0.6857142857142857
Spain,Suspect,2014,66,Adult,3,Male,,,0.6857142857142857
Spain,Suspect,2014,67,Adult,3,Male,,,0.6857142857142857
Spain,Suspect,2014,68,Adult,3,Male,,,0.6857142857142857
Spain,Suspect,2014,69,Adult,3,Male,,,0.6857142857142857
Spain,Suspect,2014,70,Adult,3,Male,,,0.6857142857142857
Spain,Suspect,2014,71,Adult,3,Male,,,0.6857142857142857
Spain,Suspect,2014,72,Adult,3,Male,,,0.6857142857142857
Spain,Suspect,2014,73,Adult,3,Male,,,0.6857142857142857
Spain,Suspect,2014,74,Adult,3,Male,,,0.6857142857142857
Spain,Suspect,2014,75,Adult,3,Male,,,0.6857142857142857
Spain,Suspect,2014,76,Adult,3,Male,,,0.6857142857142857
Spain,Suspect,2014,77,Adult,3,Male,,,0.6857142857142857
Spain,Suspect,2014,78,Adult,3,Male,,,0.6857142857142857
Spain,Suspect,2014,79,Adult,3,Male,,,0.6857142857142857
Spain,Suspect,2014,80,Adult,3,Male,,,0.6857142857142857
Spain,Suspect,2014,81,Adult,3,Male,,,0.6857142857142857
Spain,Suspect,2014,82,Adult,3,Male,,,0.6857142857142857
Spain,Suspect,2014,83,Adult,3,Male,,,0.6857142857142857
Spain,Suspect,2014,84,Adult,3,Male,,,0.6857142857142857
Spain,Suspect,2014,85,Adult,3,Male,,,0.6857142857142857
Spain,Suspect,2014,86,Adult,3,Male,,,0.6857142857142857
Spain,Suspect,2014,87,Adult,3,Male,,,0.6857142857142857
Spain,Suspect,2014,88,Adult,3,Male,,,0.6857142857142857
Spain,Suspect,2014,89,Adult,3,Male,,,0.6857142857142857
Spain,Suspect,2014,90,Adult,3,Male,,,0.6857142857142857
Spain,Suspect,2014,91,Adult,3,Male,,,0.6857142857142857
Spain,Suspect,2014,92,Adult,3,Male,,,0.6857142857142857
Spain,Suspect,2014,93,Adult,3,Male,,,0.6857142857142857
Spain,Suspect,2014,94,Adult,3,Male,,,0.6857142857142857
Spain,Suspect,2014,95,Adult,3,Male,,,0.6857142857142857
Spain,Suspect,2014,96,Adult,3,Male,,,0.6857142857142857
Spain,Suspect,2014,97,Adult,3,Male,,,0.6857142857142857
Spain,Suspect,2014,98,Adult,3,Male,,,0.6857142857142857
Spain,Suspect,2014,99,Adult,3,Male,,,0.6857142857142857
Spain,Suspect,2015,14,Juvenile,2,Female,,,1.0
Spain,Suspect,2015,14,Juvenile,2,Male,,,11.75
Spain,Suspect,2015,15,Juvenile,2,Female,,,1.0
Spain,Suspect,2015,15,Juvenile,2,Male,,,11.75
Spain,Suspect,2015,16,Juvenile,2,Female,,,1.0
Spain,Suspect,2015,16,Juvenile,2,Male,,,11.75
Spain,Suspect,2015,17,Juvenile,2,Female,,,1.0
Spain,Suspect,2015,17,Juvenile,2,Male,,,11.75
Spain,Suspect,2015,18,Adult,3,Female,,,0.15384615384615385
Spain,Suspect,2015,18,Adult,3,Male,,,9.23076923076923
Spain,Suspect,2015,19,Adult,3,Female,,,0.15384615384615385
Spain,Suspect,2015,19,Adult,3,Male,,,9.23076923076923
Spain,Suspect,2015,20,Adult,3,Female,,,0.15384615384615385
Spain,Suspect,2015,20,Adult,3,Male,,,9.23076923076923
Spain,Suspect,2015,21,Adult,3,Female,,,0.15384615384615385
Spain,Suspect,2015,21,Adult,3,Male,,,9.23076923076923
Spain,Suspect,2015,22,Adult,3,Female,,,0.15384615384615385
Spain,Suspect,2015,22,Adult,3,Male,,,9.23076923076923
Spain,Suspect,2015,23,Adult,3,Female,,,0.15384615384615385
Spain,Suspect,2015,23,Adult,3,Male,,,9.23076923076923
Spain,Suspect,2015,24,Adult,3,Female,,,0.15384615384615385
Spain,Suspect,2015,24,Adult,3,Male,,,9.23076923076923
Spain,Suspect,2015,25,Adult,3,Female,,,0.15384615384615385
Spain,Suspect,2015,25,Adult,3,Male,,,9.23076923076923
Spain,Suspect,2015,26,Adult,3,Female,,,0.15384615384615385
Spain,Suspect,2015,26,Adult,3,Male,,,9.23076923076923
Spain,Suspect,2015,27,Adult,3,Female,,,0.15384615384615385
Spain,Suspect,2015,27,Adult,3,Male,,,9.23076923076923
Spain,Suspect,2015,28,Adult,3,Female,,,0.15384615384615385
Spain,Suspect,2015,28,Adult,3,Male,,,9.23076923076923
Spain,Suspect,2015,29,Adult,3,Female,,,0.15384615384615385
Spain,Suspect,2015,29,Adult,3,Male,,,9.23076923076923
Spain,Suspect,2015,30,Adult,3,Female,,,0.15384615384615385
Spain,Suspect,2015,30,Adult,3,Male,,,9.23076923076923
Spain,Suspect,2015,31,Adult,3,Female,,,0.3
Spain,Suspect,2015,31,Adult,3,Male,,,11.4
Spain,Suspect,2015,32,Adult,3,Female,,,0.3
Spain,Suspect,2015,32,Adult,3,Male,,,11.4
Spain,Suspect,2015,33,Adult,3,Female,,,0.3
Spain,Suspect,2015,33,Adult,3,Male,,,11.4
Spain,Suspect,2015,34,Adult,3,Female,,,0.3
Spain,Suspect,2015,34,Adult,3,Male,,,11.4
Spain,Suspect,2015,35,Adult,3,Female,,,0.3
Spain,Suspect,2015,35,Adult,3,Male,,,11.4
Spain,Suspect,2015,36,Adult,3,Female,,,0.3
Spain,Suspect,2015,36,Adult,3,Male,,,11.4
Spain,Suspect,2015,37,Adult,3,Female,,,0.3
Spain,Suspect,2015,37,Adult,3,Male,,,11.4
Spain,Suspect,2015,38,Adult,3,Female,,,0.3
Spain,Suspect,2015,38,Adult,3,Male,,,11.4
Spain,Suspect,2015,39,Adult,3,Female,,,0.3
Spain,Suspect,2015,39,Adult,3,Male,,,11.4
Spain,Suspect,2015,40,Adult,3,Female,,,0.3
Spain,Suspect,2015,40,Adult,3,Male,,,11.4
Spain,Suspect,2015,41,Adult,3,Female,,,0.25
Spain,Suspect,2015,41,Adult,3,Male,,,6.083333333333333
Spain,Suspect,2015,42,Adult,3,Female,,,0.25
Spain,Suspect,2015,42,Adult,3,Male,,,6.083333333333333
Spain,Suspect,2015,43,Adult,3,Female,,,0.25
Spain,Suspect,2015,43,Adult,3,Male,,,6.083333333333333
Spain,Suspect,2015,44,Adult,3,Female,,,0.25
Spain,Suspect,2015,44,Adult,3,Male,,,6.083333333333333
Spain,Suspect,2015,45,Adult,3,Female,,,0.25
Spain,Suspect,2015,45,Adult,3,Male,,,6.083333333333333
Spain,Suspect,2015,46,Adult,3,Female,,,0.25
Spain,Suspect,2015,46,Adult,3,Male,,,6.083333333333333
Spain,Suspect,2015,47,Adult,3,Female,,,0.25
Spain,Suspect,2015,47,Adult,3,Male,,,6.083333333333333
Spain,Suspect,2015,48,Adult,3,Female,,,0.25
Spain,Suspect,2015,48,Adult,3,Male,,,6.083333333333333
Spain,Suspect,2015,49,Adult,3,Female,,,0.25
Spain,Suspect,2015,49,Adult,3,Male,,,6.083333333333333
Spain,Suspect,2015,50,Adult,3,Female,,,0.25
Spain,Suspect,2015,50,Adult,3,Male,,,6.083333333333333
Spain,Suspect,2015,51,Adult,3,Female,,,0.25
Spain,Suspect,2015,51,Adult,3,Male,,,6.083333333333333
Spain,Suspect,2015,52,Adult,3,Female,,,0.25
Spain,Suspect,2015,52,Adult,3,Male,,,6.083333333333333
Spain,Suspect,2015,53,Adult,3,Female,,,0.25
Spain,Suspect,2015,53,Adult,3,Male,,,6.083333333333333
Spain,Suspect,2015,54,Adult,3,Female,,,0.25
Spain,Suspect,2015,54,Adult,3,Male,,,6.083333333333333
Spain,Suspect,2015,55,Adult,3,Female,,,0.25
Spain,Suspect,2015,55,Adult,3,Male,,,6.083333333333333
Spain,Suspect,2015,56,Adult,3,Female,,,0.25
Spain,Suspect,2015,56,Adult,3,Male,,,6.083333333333333
Spain,Suspect,2015,57,Adult,3,Female,,,0.25
Spain,Suspect,2015,57,Adult,3,Male,,,6.083333333333333
Spain,Suspect,2015,58,Adult,3,Female,,,0.25
Spain,Suspect,2015,58,Adult,3,Male,,,6.083333333333333
Spain,Suspect,2015,59,Adult,3,Female,,,0.25
Spain,Suspect,2015,59,Adult,3,Male,,,6.083333333333333
Spain,Suspect,2015,60,Adult,3,Female,,,0.25
Spain,Suspect,2015,60,Adult,3,Male,,,6.083333333333333
Spain,Suspect,2015,61,Adult,3,Female,,,0.25
Spain,Suspect,2015,61,Adult,3,Male,,,6.083333333333333
Spain,Suspect,2015,62,Adult,3,Female,,,0.25
Spain,Suspect,2015,62,Adult,3,Male,,,6.083333333333333
Spain,Suspect,2015,63,Adult,3,Female,,,0.25
Spain,Suspect,2015,63,Adult,3,Male,,,6.083333333333333
Spain,Suspect,2015,64,Adult,3,Female,,,0.25
Spain,Suspect,2015,64,Adult,3,Male,,,6.083333333333333
Spain,Suspect,2015,65,Adult,3,Male,,,0.37142857142857144
Spain,Suspect,2015,66,Adult,3,Male,,,0.37142857142857144
Spain,Suspect,2015,67,Adult,3,Male,,,0.37142857142857144
Spain,Suspect,2015,68,Adult,3,Male,,,0.37142857142857144
Spain,Suspect,2015,69,Adult,3,Male,,,0.37142857142857144
Spain,Suspect,2015,70,Adult,3,Male,,,0.37142857142857144
Spain,Suspect,2015,71,Adult,3,Male,,,0.37142857142857144
Spain,Suspect,2015,72,Adult,3,Male,,,0.37142857142857144
Spain,Suspect,2015,73,Adult,3,Male,,,0.37142857142857144
Spain,Suspect,2015,74,Adult,3,Male,,,0.37142857142857144
Spain,Suspect,2015,75,Adult,3,Male,,,0.37142857142857144
Spain,Suspect,2015,76,Adult,3,Male,,,0.37142857142857144
Spain,Suspect,2015,77,Adult,3,Male,,,0.37142857142857144
Spain,Suspect,2015,78,Adult,3,Male,,,0.37142857142857144
Spain,Suspect,2015,79,Adult,3,Male,,,0.37142857142857144
Spain,Suspect,2015,80,Adult,3,Male,,,0.37142857142857144
Spain,Suspect,2015,81,Adult,3,Male,,,0.37142857142857144
Spain,Suspect,2015,82,Adult,3,Male,,,0.37142857142857144
Spain,Suspect,2015,83,Adult,3,Male,,,0.37142857142857144
Spain,Suspect,2015,84,Adult,3,Male,,,0.37142857142857144
Spain,Suspect,2015,85,Adult,3,Male,,,0.37142857142857144
Spain,Suspect,2015,86,Adult,3,Male,,,0.37142857142857144
Spain,Suspect,2015,87,Adult,3,Male,,,0.37142857142857144
Spain,Suspect,2015,88,Adult,3,Male,,,0.37142857142857144
Spain,Suspect,2015,89,Adult,3,Male,,,0.37142857142857144
Spain,Suspect,2015,90,Adult,3,Male,,,0.37142857142857144
Spain,Suspect,2015,91,Adult,3,Male,,,0.37142857142857144
Spain,Suspect,2015,92,Adult,3,Male,,,0.37142857142857144
Spain,Suspect,2015,93,Adult,3,Male,,,0.37142857142857144
Spain,Suspect,2015,94,Adult,3,Male,,,0.37142857142857144
Spain,Suspect,2015,95,Adult,3,Male,,,0.37142857142857144
Spain,Suspect,2015,96,Adult,3,Male,,,0.37142857142857144
Spain,Suspect,2015,97,Adult,3,Male,,,0.37142857142857144
Spain,Suspect,2015,98,Adult,3,Male,,,0.37142857142857144
Spain,Suspect,2015,99,Adult,3,Male,,,0.37142857142857144
Spain,Suspect,2016,14,Juvenile,2,Male,,,6.0
Spain,Suspect,2016,15,Juvenile,2,Male,,,6.0
Spain,Suspect,2016,16,Juvenile,2,Male,,,6.0
Spain,Suspect,2016,17,Juvenile,2,Male,,,6.0
Spain,Suspect,2016,18,Adult,3,Female,,,0.15384615384615385
Spain,Suspect,2016,18,Adult,3,Male,,,6.923076923076923
Spain,Suspect,2016,19,Adult,3,Female,,,0.15384615384615385
Spain,Suspect,2016,19,Adult,3,Male,,,6.923076923076923
Spain,Suspect,2016,20,Adult,3,Female,,,0.15384615384615385
Spain,Suspect,2016,20,Adult,3,Male,,,6.923076923076923
Spain,Suspect,2016,21,Adult,3,Female,,,0.15384615384615385
Spain,Suspect,2016,21,Adult,3,Male,,,6.923076923076923
Spain,Suspect,2016,22,Adult,3,Female,,,0.15384615384615385
Spain,Suspect,2016,22,Adult,3,Male,,,6.923076923076923
Spain,Suspect,2016,23,Adult,3,Female,,,0.15384615384615385
Spain,Suspect,2016,23,Adult,3,Male,,,6.923076923076923
Spain,Suspect,2016,24,Adult,3,Female,,,0.15384615384615385
Spain,Suspect,2016,24,Adult,3,Male,,,6.923076923076923
Spain,Suspect,2016,25,Adult,3,Female,,,0.15384615384615385
Spain,Suspect,2016,25,Adult,3,Male,,,6.923076923076923
Spain,Suspect,2016,26,Adult,3,Female,,,0.15384615384615385
Spain,Suspect,2016,26,Adult,3,Male,,,6.923076923076923
Spain,Suspect,2016,27,Adult,3,Female,,,0.15384615384615385
Spain,Suspect,2016,27,Adult,3,Male,,,6.923076923076923
Spain,Suspect,2016,28,Adult,3,Female,,,0.15384615384615385
Spain,Suspect,2016,28,Adult,3,Male,,,6.923076923076923
Spain,Suspect,2016,29,Adult,3,Female,,,0.15384615384615385
Spain,Suspect,2016,29,Adult,3,Male,,,6.923076923076923
Spain,Suspect,2016,30,Adult,3,Female,,,0.15384615384615385
Spain,Suspect,2016,30,Adult,3,Male,,,6.923076923076923
Spain,Suspect,2016,31,Adult,3,Female,,,0.5
Spain,Suspect,2016,31,Adult,3,Male,,,10.2
Spain,Suspect,2016,32,Adult,3,Female,,,0.5
Spain,Suspect,2016,32,Adult,3,Male,,,10.2
Spain,Suspect,2016,33,Adult,3,Female,,,0.5
Spain,Suspect,2016,33,Adult,3,Male,,,10.2
Spain,Suspect,2016,34,Adult,3,Female,,,0.5
Spain,Suspect,2016,34,Adult,3,Male,,,10.2
Spain,Suspect,2016,35,Adult,3,Female,,,0.5
Spain,Suspect,2016,35,Adult,3,Male,,,10.2
Spain,Suspect,2016,36,Adult,3,Female,,,0.5
Spain,Suspect,2016,36,Adult,3,Male,,,10.2
Spain,Suspect,2016,37,Adult,3,Female,,,0.5
Spain,Suspect,2016,37,Adult,3,Male,,,10.2
Spain,Suspect,2016,38,Adult,3,Female,,,0.5
Spain,Suspect,2016,38,Adult,3,Male,,,10.2
Spain,Suspect,2016,39,Adult,3,Female,,,0.5
Spain,Suspect,2016,39,Adult,3,Male,,,10.2
Spain,Suspect,2016,40,Adult,3,Female,,,0.5
Spain,Suspect,2016,40,Adult,3,Male,,,10.2
Spain,Suspect,2016,41,Adult,3,Female,,,0.375
Spain,Suspect,2016,41,Adult,3,Male,,,7.458333333333333
Spain,Suspect,2016,42,Adult,3,Female,,,0.375
Spain,Suspect,2016,42,Adult,3,Male,,,7.458333333333333
Spain,Suspect,2016,43,Adult,3,Female,,,0.375
Spain,Suspect,2016,43,Adult,3,Male,,,7.458333333333333
Spain,Suspect,2016,44,Adult,3,Female,,,0.375
Spain,Suspect,2016,44,Adult,3,Male,,,7.458333333333333
Spain,Suspect,2016,45,Adult,3,Female,,,0.375
Spain,Suspect,2016,45,Adult,3,Male,,,7.458333333333333
Spain,Suspect,2016,46,Adult,3,Female,,,0.375
Spain,Suspect,2016,46,Adult,3,Male,,,7.458333333333333
Spain,Suspect,2016,47,Adult,3,Female,,,0.375
Spain,Suspect,2016,47,Adult,3,Male,,,7.458333333333333
Spain,Suspect,2016,48,Adult,3,Female,,,0.375
Spain,Suspect,2016,48,Adult,3,Male,,,7.458333333333333
Spain,Suspect,2016,49,Adult,3,Female,,,0.375
Spain,Suspect,2016,49,Adult,3,Male,,,7.458333333333333
Spain,Suspect,2016,50,Adult,3,Female,,,0.375
Spain,Suspect,2016,50,Adult,3,Male,,,7.458333333333333
Spain,Suspect,2016,51,Adult,3,Female,,,0.375
Spain,Suspect,2016,51,Adult,3,Male,,,7.458333333333333
Spain,Suspect,2016,52,Adult,3,Female,,,0.375
Spain,Suspect,2016,52,Adult,3,Male,,,7.458333333333333
Spain,Suspect,2016,53,Adult,3,Female,,,0.375
Spain,Suspect,2016,53,Adult,3,Male,,,7.458333333333333
Spain,Suspect,2016,54,Adult,3,Female,,,0.375
Spain,Suspect,2016,54,Adult,3,Male,,,7.458333333333333
Spain,Suspect,2016,55,Adult,3,Female,,,0.375
Spain,Suspect,2016,55,Adult,3,Male,,,7.458333333333333
Spain,Suspect,2016,56,Adult,3,Female,,,0.375
Spain,Suspect,2016,56,Adult,3,Male,,,7.458333333333333
Spain,Suspect,2016,57,Adult,3,Female,,,0.375
Spain,Suspect,2016,57,Adult,3,Male,,,7.458333333333333
Spain,Suspect,2016,58,Adult,3,Female,,,0.375
Spain,Suspect,2016,58,Adult,3,Male,,,7.458333333333333
Spain,Suspect,2016,59,Adult,3,Female,,,0.375
Spain,Suspect,2016,59,Adult,3,Male,,,7.458333333333333
Spain,Suspect,2016,60,Adult,3,Female,,,0.375
Spain,Suspect,2016,60,Adult,3,Male,,,7.458333333333333
Spain,Suspect,2016,61,Adult,3,Female,,,0.375
Spain,Suspect,2016,61,Adult,3,Male,,,7.458333333333333
Spain,Suspect,2016,62,Adult,3,Female,,,0.375
Spain,Suspect,2016,62,Adult,3,Male,,,7.458333333333333
Spain,Suspect,2016,63,Adult,3,Female,,,0.375
Spain,Suspect,2016,63,Adult,3,Male,,,7.458333333333333
Spain,Suspect,2016,64,Adult,3,Female,,,0.375
Spain,Suspect,2016,64,Adult,3,Male,,,7.458333333333333
Spain,Suspect,2016,65,Adult,3,Male,,,0.3142857142857143
Spain,Suspect,2016,66,Adult,3,Male,,,0.3142857142857143
Spain,Suspect,2016,67,Adult,3,Male,,,0.3142857142857143
Spain,Suspect,2016,68,Adult,3,Male,,,0.3142857142857143
Spain,Suspect,2016,69,Adult,3,Male,,,0.3142857142857143
Spain,Suspect,2016,70,Adult,3,Male,,,0.3142857142857143
Spain,Suspect,2016,71,Adult,3,Male,,,0.3142857142857143
Spain,Suspect,2016,72,Adult,3,Male,,,0.3142857142857143
Spain,Suspect,2016,73,Adult,3,Male,,,0.3142857142857143
Spain,Suspect,2016,74,Adult,3,Male,,,0.3142857142857143
Spain,Suspect,2016,75,Adult,3,Male,,,0.3142857142857143
Spain,Suspect,2016,76,Adult,3,Male,,,0.3142857142857143
Spain,Suspect,2016,77,Adult,3,Male,,,0.3142857142857143
Spain,Suspect,2016,78,Adult,3,Male,,,0.3142857142857143
Spain,Suspect,2016,79,Adult,3,Male,,,0.3142857142857143
Spain,Suspect,2016,80,Adult,3,Male,,,0.3142857142857143
Spain,Suspect,2016,81,Adult,3,Male,,,0.3142857142857143
Spain,Suspect,2016,82,Adult,3,Male,,,0.3142857142857143
Spain,Suspect,2016,83,Adult,3,Male,,,0.3142857142857143
Spain,Suspect,2016,84,Adult,3,Male,,,0.3142857142857143
Spain,Suspect,2016,85,Adult,3,Male,,,0.3142857142857143
Spain,Suspect,2016,86,Adult,3,Male,,,0.3142857142857143
Spain,Suspect,2016,87,Adult,3,Male,,,0.3142857142857143
Spain,Suspect,2016,88,Adult,3,Male,,,0.3142857142857143
Spain,Suspect,2016,89,Adult,3,Male,,,0.3142857142857143
Spain,Suspect,2016,90,Adult,3,Male,,,0.3142857142857143
Spain,Suspect,2016,91,Adult,3,Male,,,0.3142857142857143
Spain,Suspect,2016,92,Adult,3,Male,,,0.3142857142857143
Spain,Suspect,2016,93,Adult,3,Male,,,0.3142857142857143
Spain,Suspect,2016,94,Adult,3,Male,,,0.3142857142857143
Spain,Suspect,2016,95,Adult,3,Male,,,0.3142857142857143
Spain,Suspect,2016,96,Adult,3,Male,,,0.3142857142857143
Spain,Suspect,2016,97,Adult,3,Male,,,0.3142857142857143
Spain,Suspect,2016,98,Adult,3,Male,,,0.3142857142857143
Spain,Suspect,2016,99,Adult,3,Male,,,0.3142857142857143
Spain,Suspect,2017,14,Juvenile,2,Female,,,0.5
Spain,Suspect,2017,14,Juvenile,2,Male,,,8.25
Spain,Suspect,2017,15,Juvenile,2,Female,,,0.5
Spain,Suspect,2017,15,Juvenile,2,Male,,,8.25
Spain,Suspect,2017,16,Juvenile,2,Female,,,0.5
Spain,Suspect,2017,16,Juvenile,2,Male,,,8.25
Spain,Suspect,2017,17,Juvenile,2,Female,,,0.5
Spain,Suspect,2017,17,Juvenile,2,Male,,,8.25
Spain,Suspect,2017,18,Adult,3,Female,,,0.6923076923076923
Spain,Suspect,2017,18,Adult,3,Male,,,7.076923076923077
Spain,Suspect,2017,19,Adult,3,Female,,,0.6923076923076923
Spain,Suspect,2017,19,Adult,3,Male,,,7.076923076923077
Spain,Suspect,2017,20,Adult,3,Female,,,0.6923076923076923
Spain,Suspect,2017,20,Adult,3,Male,,,7.076923076923077
Spain,Suspect,2017,21,Adult,3,Female,,,0.6923076923076923
Spain,Suspect,2017,21,Adult,3,Male,,,7.076923076923077
Spain,Suspect,2017,22,Adult,3,Female,,,0.6923076923076923
Spain,Suspect,2017,22,Adult,3,Male,,,7.076923076923077
Spain,Suspect,2017,23,Adult,3,Female,,,0.6923076923076923
Spain,Suspect,2017,23,Adult,3,Male,,,7.076923076923077
Spain,Suspect,2017,24,Adult,3,Female,,,0.6923076923076923
Spain,Suspect,2017,24,Adult,3,Male,,,7.076923076923077
Spain,Suspect,2017,25,Adult,3,Female,,,0.6923076923076923
Spain,Suspect,2017,25,Adult,3,Male,,,7.076923076923077
Spain,Suspect,2017,26,Adult,3,Female,,,0.6923076923076923
Spain,Suspect,2017,26,Adult,3,Male,,,7.076923076923077
Spain,Suspect,2017,27,Adult,3,Female,,,0.6923076923076923
Spain,Suspect,2017,27,Adult,3,Male,,,7.076923076923077
Spain,Suspect,2017,28,Adult,3,Female,,,0.6923076923076923
Spain,Suspect,2017,28,Adult,3,Male,,,7.076923076923077
Spain,Suspect,2017,29,Adult,3,Female,,,0.6923076923076923
Spain,Suspect,2017,29,Adult,3,Male,,,7.076923076923077
Spain,Suspect,2017,30,Adult,3,Female,,,0.6923076923076923
Spain,Suspect,2017,30,Adult,3,Male,,,7.076923076923077
Spain,Suspect,2017,31,Adult,3,Female,,,0.9
Spain,Suspect,2017,31,Adult,3,Male,,,8.4
Spain,Suspect,2017,32,Adult,3,Female,,,0.9
Spain,Suspect,2017,32,Adult,3,Male,,,8.4
Spain,Suspect,2017,33,Adult,3,Female,,,0.9
Spain,Suspect,2017,33,Adult,3,Male,,,8.4
Spain,Suspect,2017,34,Adult,3,Female,,,0.9
Spain,Suspect,2017,34,Adult,3,Male,,,8.4
Spain,Suspect,2017,35,Adult,3,Female,,,0.9
Spain,Suspect,2017,35,Adult,3,Male,,,8.4
Spain,Suspect,2017,36,Adult,3,Female,,,0.9
Spain,Suspect,2017,36,Adult,3,Male,,,8.4
Spain,Suspect,2017,37,Adult,3,Female,,,0.9
Spain,Suspect,2017,37,Adult,3,Male,,,8.4
Spain,Suspect,2017,38,Adult,3,Female,,,0.9
Spain,Suspect,2017,38,Adult,3,Male,,,8.4
Spain,Suspect,2017,39,Adult,3,Female,,,0.9
Spain,Suspect,2017,39,Adult,3,Male,,,8.4
Spain,Suspect,2017,40,Adult,3,Female,,,0.9
Spain,Suspect,2017,40,Adult,3,Male,,,8.4
Spain,Suspect,2017,41,Adult,3,Female,,,0.75
Spain,Suspect,2017,41,Adult,3,Male,,,7.166666666666667
Spain,Suspect,2017,42,Adult,3,Female,,,0.75
Spain,Suspect,2017,42,Adult,3,Male,,,7.166666666666667
Spain,Suspect,2017,43,Adult,3,Female,,,0.75
Spain,Suspect,2017,43,Adult,3,Male,,,7.166666666666667
Spain,Suspect,2017,44,Adult,3,Female,,,0.75
Spain,Suspect,2017,44,Adult,3,Male,,,7.166666666666667
Spain,Suspect,2017,45,Adult,3,Female,,,0.75
Spain,Suspect,2017,45,Adult,3,Male,,,7.166666666666667
Spain,Suspect,2017,46,Adult,3,Female,,,0.75
Spain,Suspect,2017,46,Adult,3,Male,,,7.166666666666667
Spain,Suspect,2017,47,Adult,3,Female,,,0.75
Spain,Suspect,2017,47,Adult,3,Male,,,7.166666666666667
Spain,Suspect,2017,48,Adult,3,Female,,,0.75
Spain,Suspect,2017,48,Adult,3,Male,,,7.166666666666667
Spain,Suspect,2017,49,Adult,3,Female,,,0.75
Spain,Suspect,2017,49,Adult,3,Male,,,7.166666666666667
Spain,Suspect,2017,50,Adult,3,Female,,,0.75
Spain,Suspect,2017,50,Adult,3,Male,,,7.166666666666667
Spain,Suspect,2017,51,Adult,3,Female,,,0.75
Spain,Suspect,2017,51,Adult,3,Male,,,7.166666666666667
Spain,Suspect,2017,52,Adult,3,Female,,,0.75
Spain,Suspect,2017,52,Adult,3,Male,,,7.166666666666667
Spain,Suspect,2017,53,Adult,3,Female,,,0.75
Spain,Suspect,2017,53,Adult,3,Male,,,7.166666666666667
Spain,Suspect,2017,54,Adult,3,Female,,,0.75
Spain,Suspect,2017,54,Adult,3,Male,,,7.166666666666667
Spain,Suspect,2017,55,Adult,3,Female,,,0.75
Spain,Suspect,2017,55,Adult,3,Male,,,7.166666666666667
Spain,Suspect,2017,56,Adult,3,Female,,,0.75
Spain,Suspect,2017,56,Adult,3,Male,,,7.166666666666667
Spain,Suspect,2017,57,Adult,3,Female,,,0.75
Spain,Suspect,2017,57,Adult,3,Male,,,7.166666666666667
Spain,Suspect,2017,58,Adult,3,Female,,,0.75
Spain,Suspect,2017,58,Adult,3,Male,,,7.166666666666667
Spain,Suspect,2017,59,Adult,3,Female,,,0.75
Spain,Suspect,2017,59,Adult,3,Male,,,7.166666666666667
Spain,Suspect,2017,60,Adult,3,Female,,,0.75
Spain,Suspect,2017,60,Adult,3,Male,,,7.166666666666667
Spain,Suspect,2017,61,Adult,3,Female,,,0.75
Spain,Suspect,2017,61,Adult,3,Male,,,7.166666666666667
Spain,Suspect,2017,62,Adult,3,Female,,,0.75
Spain,Suspect,2017,62,Adult,3,Male,,,7.166666666666667
Spain,Suspect,2017,63,Adult,3,Female,,,0.75
Spain,Suspect,2017,63,Adult,3,Male,,,7.166666666666667
Spain,Suspect,2017,64,Adult,3,Female,,,0.75
Spain,Suspect,2017,64,Adult,3,Male,,,7.166666666666667
Spain,Suspect,2017,65,Adult,3,Male,,,0.6285714285714286
Spain,Suspect,2017,66,Adult,3,Male,,,0.6285714285714286
Spain,Suspect,2017,67,Adult,3,Male,,,0.6285714285714286
Spain,Suspect,2017,68,Adult,3,Male,,,0.6285714285714286
Spain,Suspect,2017,69,Adult,3,Male,,,0.6285714285714286
Spain,Suspect,2017,70,Adult,3,Male,,,0.6285714285714286
Spain,Suspect,2017,71,Adult,3,Male,,,0.6285714285714286
Spain,Suspect,2017,72,Adult,3,Male,,,0.6285714285714286
Spain,Suspect,2017,73,Adult,3,Male,,,0.6285714285714286
Spain,Suspect,2017,74,Adult,3,Male,,,0.6285714285714286
Spain,Suspect,2017,75,Adult,3,Male,,,0.6285714285714286
Spain,Suspect,2017,76,Adult,3,Male,,,0.6285714285714286
Spain,Suspect,2017,77,Adult,3,Male,,,0.6285714285714286
Spain,Suspect,2017,78,Adult,3,Male,,,0.6285714285714286
Spain,Suspect,2017,79,Adult,3,Male,,,0.6285714285714286
Spain,Suspect,2017,80,Adult,3,Male,,,0.6285714285714286
Spain,Suspect,2017,81,Adult,3,Male,,,0.6285714285714286
Spain,Suspect,2017,82,Adult,3,Male,,,0.6285714285714286
Spain,Suspect,2017,83,Adult,3,Male,,,0.6285714285714286
Spain,Suspect,2017,84,Adult,3,Male,,,0.6285714285714286
Spain,Suspect,2017,85,Adult,3,Male,,,0.6285714285714286
Spain,Suspect,2017,86,Adult,3,Male,,,0.6285714285714286
Spain,Suspect,2017,87,Adult,3,Male,,,0.6285714285714286
Spain,Suspect,2017,88,Adult,3,Male,,,0.6285714285714286
Spain,Suspect,2017,89,Adult,3,Male,,,0.6285714285714286
Spain,Suspect,2017,90,Adult,3,Male,,,0.6285714285714286
Spain,Suspect,2017,91,Adult,3,Male,,,0.6285714285714286
Spain,Suspect,2017,92,Adult,3,Male,,,0.6285714285714286
Spain,Suspect,2017,93,Adult,3,Male,,,0.6285714285714286
Spain,Suspect,2017,94,Adult,3,Male,,,0.6285714285714286
Spain,Suspect,2017,95,Adult,3,Male,,,0.6285714285714286
Spain,Suspect,2017,96,Adult,3,Male,,,0.6285714285714286
Spain,Suspect,2017,97,Adult,3,Male,,,0.6285714285714286
Spain,Suspect,2017,98,Adult,3,Male,,,0.6285714285714286
Spain,Suspect,2017,99,Adult,3,Male,,,0.6285714285714286
Spain,Suspect,2018,14,Juvenile,2,Female,,,1.75
Spain,Suspect,2018,14,Juvenile,2,Male,,,27.75
Spain,Suspect,2018,15,Juvenile,2,Female,,,1.75
Spain,Suspect,2018,15,Juvenile,2,Male,,,27.75
Spain,Suspect,2018,16,Juvenile,2,Female,,,1.75
Spain,Suspect,2018,16,Juvenile,2,Male,,,27.75
Spain,Suspect,2018,17,Juvenile,2,Female,,,1.75
Spain,Suspect,2018,17,Juvenile,2,Male,,,27.75
Spain,Suspect,2018,18,Adult,3,Female,,,0.15384615384615385
Spain,Suspect,2018,18,Adult,3,Male,,,10.615384615384615
Spain,Suspect,2018,19,Adult,3,Female,,,0.15384615384615385
Spain,Suspect,2018,19,Adult,3,Male,,,10.615384615384615
Spain,Suspect,2018,20,Adult,3,Female,,,0.15384615384615385
Spain,Suspect,2018,20,Adult,3,Male,,,10.615384615384615
Spain,Suspect,2018,21,Adult,3,Female,,,0.15384615384615385
Spain,Suspect,2018,21,Adult,3,Male,,,10.615384615384615
Spain,Suspect,2018,22,Adult,3,Female,,,0.15384615384615385
Spain,Suspect,2018,22,Adult,3,Male,,,10.615384615384615
Spain,Suspect,2018,23,Adult,3,Female,,,0.15384615384615385
Spain,Suspect,2018,23,Adult,3,Male,,,10.615384615384615
Spain,Suspect,2018,24,Adult,3,Female,,,0.15384615384615385
Spain,Suspect,2018,24,Adult,3,Male,,,10.615384615384615
Spain,Suspect,2018,25,Adult,3,Female,,,0.15384615384615385
Spain,Suspect,2018,25,Adult,3,Male,,,10.615384615384615
Spain,Suspect,2018,26,Adult,3,Female,,,0.15384615384615385
Spain,Suspect,2018,26,Adult,3,Male,,,10.615384615384615
Spain,Suspect,2018,27,Adult,3,Female,,,0.15384615384615385
Spain,Suspect,2018,27,Adult,3,Male,,,10.615384615384615
Spain,Suspect,2018,28,Adult,3,Female,,,0.15384615384615385
Spain,Suspect,2018,28,Adult,3,Male,,,10.615384615384615
Spain,Suspect,2018,29,Adult,3,Female,,,0.15384615384615385
Spain,Suspect,2018,29,Adult,3,Male,,,10.615384615384615
Spain,Suspect,2018,30,Adult,3,Female,,,0.15384615384615385
Spain,Suspect,2018,30,Adult,3,Male,,,10.615384615384615
Spain,Suspect,2018,31,Adult,3,Female,,,0.9
Spain,Suspect,2018,31,Adult,3,Male,,,11.3
Spain,Suspect,2018,32,Adult,3,Female,,,0.9
Spain,Suspect,2018,32,Adult,3,Male,,,11.3
Spain,Suspect,2018,33,Adult,3,Female,,,0.9
Spain,Suspect,2018,33,Adult,3,Male,,,11.3
Spain,Suspect,2018,34,Adult,3,Female,,,0.9
Spain,Suspect,2018,34,Adult,3,Male,,,11.3
Spain,Suspect,2018,35,Adult,3,Female,,,0.9
Spain,Suspect,2018,35,Adult,3,Male,,,11.3
Spain,Suspect,2018,36,Adult,3,Female,,,0.9
Spain,Suspect,2018,36,Adult,3,Male,,,11.3
Spain,Suspect,2018,37,Adult,3,Female,,,0.9
Spain,Suspect,2018,37,Adult,3,Male,,,11.3
Spain,Suspect,2018,38,Adult,3,Female,,,0.9
Spain,Suspect,2018,38,Adult,3,Male,,,11.3
Spain,Suspect,2018,39,Adult,3,Female,,,0.9
Spain,Suspect,2018,39,Adult,3,Male,,,11.3
Spain,Suspect,2018,40,Adult,3,Female,,,0.9
Spain,Suspect,2018,40,Adult,3,Male,,,11.3
Spain,Suspect,2018,41,Adult,3,Female,,,0.4166666666666667
Spain,Suspect,2018,41,Adult,3,Male,,,9.625
Spain,Suspect,2018,42,Adult,3,Female,,,0.4166666666666667
Spain,Suspect,2018,42,Adult,3,Male,,,9.625
Spain,Suspect,2018,43,Adult,3,Female,,,0.4166666666666667
Spain,Suspect,2018,43,Adult,3,Male,,,9.625
Spain,Suspect,2018,44,Adult,3,Female,,,0.4166666666666667
Spain,Suspect,2018,44,Adult,3,Male,,,9.625
Spain,Suspect,2018,45,Adult,3,Female,,,0.4166666666666667
Spain,Suspect,2018,45,Adult,3,Male,,,9.625
Spain,Suspect,2018,46,Adult,3,Female,,,0.4166666666666667
Spain,Suspect,2018,46,Adult,3,Male,,,9.625
Spain,Suspect,2018,47,Adult,3,Female,,,0.4166666666666667
Spain,Suspect,2018,47,Adult,3,Male,,,9.625
Spain,Suspect,2018,48,Adult,3,Female,,,0.4166666666666667
Spain,Suspect,2018,48,Adult,3,Male,,,9.625
Spain,Suspect,2018,49,Adult,3,Female,,,0.4166666666666667
Spain,Suspect,2018,49,Adult,3,Male,,,9.625
Spain,Suspect,2018,50,Adult,3,Female,,,0.4166666666666667
Spain,Suspect,2018,50,Adult,3,Male,,,9.625
Spain,Suspect,2018,51,Adult,3,Female,,,0.4166666666666667
Spain,Suspect,2018,51,Adult,3,Male,,,9.625
Spain,Suspect,2018,52,Adult,3,Female,,,0.4166666666666667
Spain,Suspect,2018,52,Adult,3,Male,,,9.625
Spain,Suspect,2018,53,Adult,3,Female,,,0.4166666666666667
Spain,Suspect,2018,53,Adult,3,Male,,,9.625
Spain,Suspect,2018,54,Adult,3,Female,,,0.4166666666666667
Spain,Suspect,2018,54,Adult,3,Male,,,9.625
Spain,Suspect,2018,55,Adult,3,Female,,,0.4166666666666667
Spain,Suspect,2018,55,Adult,3,Male,,,9.625
Spain,Suspect,2018,56,Adult,3,Female,,,0.4166666666666667
Spain,Suspect,2018,56,Adult,3,Male,,,9.625
Spain,Suspect,2018,57,Adult,3,Female,,,0.4166666666666667
Spain,Suspect,2018,57,Adult,3,Male,,,9.625
Spain,Suspect,2018,58,Adult,3,Female,,,0.4166666666666667
Spain,Suspect,2018,58,Adult,3,Male,,,9.625
Spain,Suspect,2018,59,Adult,3,Female,,,0.4166666666666667
Spain,Suspect,2018,59,Adult,3,Male,,,9.625
Spain,Suspect,2018,60,Adult,3,Female,,,0.4166666666666667
Spain,Suspect,2018,60,Adult,3,Male,,,9.625
Spain,Suspect,2018,61,Adult,3,Female,,,0.4166666666666667
Spain,Suspect,2018,61,Adult,3,Male,,,9.625
Spain,Suspect,2018,62,Adult,3,Female,,,0.4166666666666667
Spain,Suspect,2018,62,Adult,3,Male,,,9.625
Spain,Suspect,2018,63,Adult,3,Female,,,0.4166666666666667
Spain,Suspect,2018,63,Adult,3,Male,,,9.625
Spain,Suspect,2018,64,Adult,3,Female,,,0.4166666666666667
Spain,Suspect,2018,64,Adult,3,Male,,,9.625
Spain,Suspect,2018,65,Adult,3,Female,,,0.02857142857142857
Spain,Suspect,2018,65,Adult,3,Male,,,0.7714285714285715
Spain,Suspect,2018,66,Adult,3,Female,,,0.02857142857142857
Spain,Suspect,2018,66,Adult,3,Male,,,0.7714285714285715
Spain,Suspect,2018,67,Adult,3,Female,,,0.02857142857142857
Spain,Suspect,2018,67,Adult,3,Male,,,0.7714285714285715
Spain,Suspect,2018,68,Adult,3,Female,,,0.02857142857142857
Spain,Suspect,2018,68,Adult,3,Male,,,0.7714285714285715
Spain,Suspect,2018,69,Adult,3,Female,,,0.02857142857142857
Spain,Suspect,2018,69,Adult,3,Male,,,0.7714285714285715
Spain,Suspect,2018,70,Adult,3,Female,,,0.02857142857142857
Spain,Suspect,2018,70,Adult,3,Male,,,0.7714285714285715
Spain,Suspect,2018,71,Adult,3,Female,,,0.02857142857142857
Spain,Suspect,2018,71,Adult,3,Male,,,0.7714285714285715
Spain,Suspect,2018,72,Adult,3,Female,,,0.02857142857142857
Spain,Suspect,2018,72,Adult,3,Male,,,0.7714285714285715
Spain,Suspect,2018,73,Adult,3,Female,,,0.02857142857142857
Spain,Suspect,2018,73,Adult,3,Male,,,0.7714285714285715
Spain,Suspect,2018,74,Adult,3,Female,,,0.02857142857142857
Spain,Suspect,2018,74,Adult,3,Male,,,0.7714285714285715
Spain,Suspect,2018,75,Adult,3,Female,,,0.02857142857142857
Spain,Suspect,2018,75,Adult,3,Male,,,0.7714285714285715
Spain,Suspect,2018,76,Adult,3,Female,,,0.02857142857142857
Spain,Suspect,2018,76,Adult,3,Male,,,0.7714285714285715
Spain,Suspect,2018,77,Adult,3,Female,,,0.02857142857142857
Spain,Suspect,2018,77,Adult,3,Male,,,0.7714285714285715
Spain,Suspect,2018,78,Adult,3,Female,,,0.02857142857142857
Spain,Suspect,2018,78,Adult,3,Male,,,0.7714285714285715
Spain,Suspect,2018,79,Adult,3,Female,,,0.02857142857142857
Spain,Suspect,2018,79,Adult,3,Male,,,0.7714285714285715
Spain,Suspect,2018,80,Adult,3,Female,,,0.02857142857142857
Spain,Suspect,2018,80,Adult,3,Male,,,0.7714285714285715
Spain,Suspect,2018,81,Adult,3,Female,,,0.02857142857142857
Spain,Suspect,2018,81,Adult,3,Male,,,0.7714285714285715
Spain,Suspect,2018,82,Adult,3,Female,,,0.02857142857142857
Spain,Suspect,2018,82,Adult,3,Male,,,0.7714285714285715
Spain,Suspect,2018,83,Adult,3,Female,,,0.02857142857142857
Spain,Suspect,2018,83,Adult,3,Male,,,0.7714285714285715
Spain,Suspect,2018,84,Adult,3,Female,,,0.02857142857142857
Spain,Suspect,2018,84,Adult,3,Male,,,0.7714285714285715
Spain,Suspect,2018,85,Adult,3,Female,,,0.02857142857142857
Spain,Suspect,2018,85,Adult,3,Male,,,0.7714285714285715
Spain,Suspect,2018,86,Adult,3,Female,,,0.02857142857142857
Spain,Suspect,2018,86,Adult,3,Male,,,0.7714285714285715
Spain,Suspect,2018,87,Adult,3,Female,,,0.02857142857142857
Spain,Suspect,2018,87,Adult,3,Male,,,0.7714285714285715
Spain,Suspect,2018,88,Adult,3,Female,,,0.02857142857142857
Spain,Suspect,2018,88,Adult,3,Male,,,0.7714285714285715
Spain,Suspect,2018,89,Adult,3,Female,,,0.02857142857142857
Spain,Suspect,2018,89,Adult,3,Male,,,0.7714285714285715
Spain,Suspect,2018,90,Adult,3,Female,,,0.02857142857142857
Spain,Suspect,2018,90,Adult,3,Male,,,0.7714285714285715
Spain,Suspect,2018,91,Adult,3,Female,,,0.02857142857142857
Spain,Suspect,2018,91,Adult,3,Male,,,0.7714285714285715
Spain,Suspect,2018,92,Adult,3,Female,,,0.02857142857142857
Spain,Suspect,2018,92,Adult,3,Male,,,0.7714285714285715
Spain,Suspect,2018,93,Adult,3,Female,,,0.02857142857142857
Spain,Suspect,2018,93,Adult,3,Male,,,0.7714285714285715
Spain,Suspect,2018,94,Adult,3,Female,,,0.02857142857142857
Spain,Suspect,2018,94,Adult,3,Male,,,0.7714285714285715
Spain,Suspect,2018,95,Adult,3,Female,,,0.02857142857142857
Spain,Suspect,2018,95,Adult,3,Male,,,0.7714285714285715
Spain,Suspect,2018,96,Adult,3,Female,,,0.02857142857142857
Spain,Suspect,2018,96,Adult,3,Male,,,0.7714285714285715
Spain,Suspect,2018,97,Adult,3,Female,,,0.02857142857142857
Spain,Suspect,2018,97,Adult,3,Male,,,0.7714285714285715
Spain,Suspect,2018,98,Adult,3,Female,,,0.02857142857142857
Spain,Suspect,2018,98,Adult,3,Male,,,0.7714285714285715
Spain,Suspect,2018,99,Adult,3,Female,,,0.02857142857142857
Spain,Suspect,2018,99,Adult,3,Male,,,0.7714285714285715
Spain,Suspect,2019,14,Juvenile,2,Female,,,1.75
Spain,Suspect,2019,14,Juvenile,2,Male,,,31.0
Spain,Suspect,2019,15,Juvenile,2,Female,,,1.75
Spain,Suspect,2019,15,Juvenile,2,Male,,,31.0
Spain,Suspect,2019,16,Juvenile,2,Female,,,1.75
Spain,Suspect,2019,16,Juvenile,2,Male,,,31.0
Spain,Suspect,2019,17,Juvenile,2,Female,,,1.75
Spain,Suspect,2019,17,Juvenile,2,Male,,,31.0
Spain,Suspect,2019,18,Adult,3,Female,,,0.38461538461538464
Spain,Suspect,2019,18,Adult,3,Male,,,11.461538461538462
Spain,Suspect,2019,19,Adult,3,Female,,,0.38461538461538464
Spain,Suspect,2019,19,Adult,3,Male,,,11.461538461538462
Spain,Suspect,2019,20,Adult,3,Female,,,0.38461538461538464
Spain,Suspect,2019,20,Adult,3,Male,,,11.461538461538462
Spain,Suspect,2019,21,Adult,3,Female,,,0.38461538461538464
Spain,Suspect,2019,21,Adult,3,Male,,,11.461538461538462
Spain,Suspect,2019,22,Adult,3,Female,,,0.38461538461538464
Spain,Suspect,2019,22,Adult,3,Male,,,11.461538461538462
Spain,Suspect,2019,23,Adult,3,Female,,,0.38461538461538464
Spain,Suspect,2019,23,Adult,3,Male,,,11.461538461538462
Spain,Suspect,2019,24,Adult,3,Female,,,0.38461538461538464
Spain,Suspect,2019,24,Adult,3,Male,,,11.461538461538462
Spain,Suspect,2019,25,Adult,3,Female,,,0.38461538461538464
Spain,Suspect,2019,25,Adult,3,Male,,,11.461538461538462
Spain,Suspect,2019,26,Adult,3,Female,,,0.38461538461538464
Spain,Suspect,2019,26,Adult,3,Male,,,11.461538461538462
Spain,Suspect,2019,27,Adult,3,Female,,,0.38461538461538464
Spain,Suspect,2019,27,Adult,3,Male,,,11.461538461538462
Spain,Suspect,2019,28,Adult,3,Female,,,0.38461538461538464
Spain,Suspect,2019,28,Adult,3,Male,,,11.461538461538462
Spain,Suspect,2019,29,Adult,3,Female,,,0.38461538461538464
Spain,Suspect,2019,29,Adult,3,Male,,,11.461538461538462
Spain,Suspect,2019,30,Adult,3,Female,,,0.38461538461538464
Spain,Suspect,2019,30,Adult,3,Male,,,11.461538461538462
Spain,Suspect,2019,31,Adult,3,Female,,,0.4
Spain,Suspect,2019,31,Adult,3,Male,,,9.4
Spain,Suspect,2019,32,Adult,3,Female,,,0.4
Spain,Suspect,2019,32,Adult,3,Male,,,9.4
Spain,Suspect,2019,33,Adult,3,Female,,,0.4
Spain,Suspect,2019,33,Adult,3,Male,,,9.4
Spain,Suspect,2019,34,Adult,3,Female,,,0.4
Spain,Suspect,2019,34,Adult,3,Male,,,9.4
Spain,Suspect,2019,35,Adult,3,Female,,,0.4
Spain,Suspect,2019,35,Adult,3,Male,,,9.4
Spain,Suspect,2019,36,Adult,3,Female,,,0.4
Spain,Suspect,2019,36,Adult,3,Male,,,9.4
Spain,Suspect,2019,37,Adult,3,Female,,,0.4
Spain,Suspect,2019,37,Adult,3,Male,,,9.4
Spain,Suspect,2019,38,Adult,3,Female,,,0.4
Spain,Suspect,2019,38,Adult,3,Male,,,9.4
Spain,Suspect,2019,39,Adult,3,Female,,,0.4
Spain,Suspect,2019,39,Adult,3,Male,,,9.4
Spain,Suspect,2019,40,Adult,3,Female,,,0.4
Spain,Suspect,2019,40,Adult,3,Male,,,9.4
Spain,Suspect,2019,41,Adult,3,Female,,,0.4583333333333333
Spain,Suspect,2019,41,Adult,3,Male,,,7.166666666666667
Spain,Suspect,2019,42,Adult,3,Female,,,0.4583333333333333
Spain,Suspect,2019,42,Adult,3,Male,,,7.166666666666667
Spain,Suspect,2019,43,Adult,3,Female,,,0.4583333333333333
Spain,Suspect,2019,43,Adult,3,Male,,,7.166666666666667
Spain,Suspect,2019,44,Adult,3,Female,,,0.4583333333333333
Spain,Suspect,2019,44,Adult,3,Male,,,7.166666666666667
Spain,Suspect,2019,45,Adult,3,Female,,,0.4583333333333333
Spain,Suspect,2019,45,Adult,3,Male,,,7.166666666666667
Spain,Suspect,2019,46,Adult,3,Female,,,0.4583333333333333
Spain,Suspect,2019,46,Adult,3,Male,,,7.166666666666667
Spain,Suspect,2019,47,Adult,3,Female,,,0.4583333333333333
Spain,Suspect,2019,47,Adult,3,Male,,,7.166666666666667
Spain,Suspect,2019,48,Adult,3,Female,,,0.4583333333333333
Spain,Suspect,2019,48,Adult,3,Male,,,7.166666666666667
Spain,Suspect,2019,49,Adult,3,Female,,,0.4583333333333333
Spain,Suspect,2019,49,Adult,3,Male,,,7.166666666666667
Spain,Suspect,2019,50,Adult,3,Female,,,0.4583333333333333
Spain,Suspect,2019,50,Adult,3,Male,,,7.166666666666667
Spain,Suspect,2019,51,Adult,3,Female,,,0.4583333333333333
Spain,Suspect,2019,51,Adult,3,Male,,,7.166666666666667
Spain,Suspect,2019,52,Adult,3,Female,,,0.4583333333333333
Spain,Suspect,2019,52,Adult,3,Male,,,7.166666666666667
Spain,Suspect,2019,53,Adult,3,Female,,,0.4583333333333333
Spain,Suspect,2019,53,Adult,3,Male,,,7.166666666666667
Spain,Suspect,2019,54,Adult,3,Female,,,0.4583333333333333
Spain,Suspect,2019,54,Adult,3,Male,,,7.166666666666667
Spain,Suspect,2019,55,Adult,3,Female,,,0.4583333333333333
Spain,Suspect,2019,55,Adult,3,Male,,,7.166666666666667
Spain,Suspect,2019,56,Adult,3,Female,,,0.4583333333333333
Spain,Suspect,2019,56,Adult,3,Male,,,7.166666666666667
Spain,Suspect,2019,57,Adult,3,Female,,,0.4583333333333333
Spain,Suspect,2019,57,Adult,3,Male,,,7.166666666666667
Spain,Suspect,2019,58,Adult,3,Female,,,0.4583333333333333
Spain,Suspect,2019,58,Adult,3,Male,,,7.166666666666667
Spain,Suspect,2019,59,Adult,3,Female,,,0.4583333333333333
Spain,Suspect,2019,59,Adult,3,Male,,,7.166666666666667
Spain,Suspect,2019,60,Adult,3,Female,,,0.4583333333333333
Spain,Suspect,2019,60,Adult,3,Male,,,7.166666666666667
Spain,Suspect,2019,61,Adult,3,Female,,,0.4583333333333333
Spain,Suspect,2019,61,Adult,3,Male,,,7.166666666666667
Spain,Suspect,2019,62,Adult,3,Female,,,0.4583333333333333
Spain,Suspect,2019,62,Adult,3,Male,,,7.166666666666667
Spain,Suspect,2019,63,Adult,3,Female,,,0.4583333333333333
Spain,Suspect,2019,63,Adult,3,Male,,,7.166666666666667
Spain,Suspect,2019,64,Adult,3,Female,,,0.4583333333333333
Spain,Suspect,2019,64,Adult,3,Male,,,7.166666666666667
Spain,Suspect,2019,65,Adult,3,Female,,,0.05714285714285714
Spain,Suspect,2019,65,Adult,3,Male,,,0.8285714285714286
Spain,Suspect,2019,66,Adult,3,Female,,,0.05714285714285714
Spain,Suspect,2019,66,Adult,3,Male,,,0.8285714285714286
Spain,Suspect,2019,67,Adult,3,Female,,,0.05714285714285714
Spain,Suspect,2019,67,Adult,3,Male,,,0.8285714285714286
Spain,Suspect,2019,68,Adult,3,Female,,,0.05714285714285714
Spain,Suspect,2019,68,Adult,3,Male,,,0.8285714285714286
Spain,Suspect,2019,69,Adult,3,Female,,,0.05714285714285714
Spain,Suspect,2019,69,Adult,3,Male,,,0.8285714285714286
Spain,Suspect,2019,70,Adult,3,Female,,,0.05714285714285714
Spain,Suspect,2019,70,Adult,3,Male,,,0.8285714285714286
Spain,Suspect,2019,71,Adult,3,Female,,,0.05714285714285714
Spain,Suspect,2019,71,Adult,3,Male,,,0.8285714285714286
Spain,Suspect,2019,72,Adult,3,Female,,,0.05714285714285714
Spain,Suspect,2019,72,Adult,3,Male,,,0.8285714285714286
Spain,Suspect,2019,73,Adult,3,Female,,,0.05714285714285714
Spain,Suspect,2019,73,Adult,3,Male,,,0.8285714285714286
Spain,Suspect,2019,74,Adult,3,Female,,,0.05714285714285714
Spain,Suspect,2019,74,Adult,3,Male,,,0.8285714285714286
Spain,Suspect,2019,75,Adult,3,Female,,,0.05714285714285714
Spain,Suspect,2019,75,Adult,3,Male,,,0.8285714285714286
Spain,Suspect,2019,76,Adult,3,Female,,,0.05714285714285714
Spain,Suspect,2019,76,Adult,3,Male,,,0.8285714285714286
Spain,Suspect,2019,77,Adult,3,Female,,,0.05714285714285714
Spain,Suspect,2019,77,Adult,3,Male,,,0.8285714285714286
Spain,Suspect,2019,78,Adult,3,Female,,,0.05714285714285714
Spain,Suspect,2019,78,Adult,3,Male,,,0.8285714285714286
Spain,Suspect,2019,79,Adult,3,Female,,,0.05714285714285714
Spain,Suspect,2019,79,Adult,3,Male,,,0.8285714285714286
Spain,Suspect,2019,80,Adult,3,Female,,,0.05714285714285714
Spain,Suspect,2019,80,Adult,3,Male,,,0.8285714285714286
Spain,Suspect,2019,81,Adult,3,Female,,,0.05714285714285714
Spain,Suspect,2019,81,Adult,3,Male,,,0.8285714285714286
Spain,Suspect,2019,82,Adult,3,Female,,,0.05714285714285714
Spain,Suspect,2019,82,Adult,3,Male,,,0.8285714285714286
Spain,Suspect,2019,83,Adult,3,Female,,,0.05714285714285714
Spain,Suspect,2019,83,Adult,3,Male,,,0.8285714285714286
Spain,Suspect,2019,84,Adult,3,Female,,,0.05714285714285714
Spain,Suspect,2019,84,Adult,3,Male,,,0.8285714285714286
Spain,Suspect,2019,85,Adult,3,Female,,,0.05714285714285714
Spain,Suspect,2019,85,Adult,3,Male,,,0.8285714285714286
Spain,Suspect,2019,86,Adult,3,Female,,,0.05714285714285714
Spain,Suspect,2019,86,Adult,3,Male,,,0.8285714285714286
Spain,Suspect,2019,87,Adult,3,Female,,,0.05714285714285714
Spain,Suspect,2019,87,Adult,3,Male,,,0.8285714285714286
Spain,Suspect,2019,88,Adult,3,Female,,,0.05714285714285714
Spain,Suspect,2019,88,Adult,3,Male,,,0.8285714285714286
Spain,Suspect,2019,89,Adult,3,Female,,,0.05714285714285714
Spain,Suspect,2019,89,Adult,3,Male,,,0.8285714285714286
Spain,Suspect,2019,90,Adult,3,Female,,,0.05714285714285714
Spain,Suspect,2019,90,Adult,3,Male,,,0.8285714285714286
Spain,Suspect,2019,91,Adult,3,Female,,,0.05714285714285714
Spain,Suspect,2019,91,Adult,3,Male,,,0.8285714285714286
Spain,Suspect,2019,92,Adult,3,Female,,,0.05714285714285714
Spain,Suspect,2019,92,Adult,3,Male,,,0.8285714285714286
Spain,Suspect,2019,93,Adult,3,Female,,,0.05714285714285714
Spain,Suspect,2019,93,Adult,3,Male,,,0.8285714285714286
Spain,Suspect,2019,94,Adult,3,Female,,,0.05714285714285714
Spain,Suspect,2019,94,Adult,3,Male,,,0.8285714285714286
Spain,Suspect,2019,95,Adult,3,Female,,,0.05714285714285714
Spain,Suspect,2019,95,Adult,3,Male,,,0.8285714285714286
Spain,Suspect,2019,96,Adult,3,Female,,,0.05714285714285714
Spain,Suspect,2019,96,Adult,3,Male,,,0.8285714285714286
Spain,Suspect,2019,97,Adult,3,Female,,,0.05714285714285714
Spain,Suspect,2019,97,Adult,3,Male,,,0.8285714285714286
Spain,Suspect,2019,98,Adult,3,Female,,,0.05714285714285714
Spain,Suspect,2019,98,Adult,3,Male,,,0.8285714285714286
Spain,Suspect,2019,99,Adult,3,Female,,,0.05714285714285714
Spain,Suspect,2019,99,Adult,3,Male,,,0.8285714285714286
Spain,Suspect,2020,14,Juvenile,2,Female,,,0.5
Spain,Suspect,2020,14,Juvenile,2,Male,,,10.75
Spain,Suspect,2020,15,Juvenile,2,Female,,,0.5
Spain,Suspect,2020,15,Juvenile,2,Male,,,10.75
Spain,Suspect,2020,16,Juvenile,2,Female,,,0.5
Spain,Suspect,2020,16,Juvenile,2,Male,,,10.75
Spain,Suspect,2020,17,Juvenile,2,Female,,,0.5
Spain,Suspect,2020,17,Juvenile,2,Male,,,10.75
Spain,Suspect,2020,18,Adult,3,Female,,,0.23076923076923078
Spain,Suspect,2020,18,Adult,3,Male,,,7.615384615384615
Spain,Suspect,2020,19,Adult,3,Female,,,0.23076923076923078
Spain,Suspect,2020,19,Adult,3,Male,,,7.615384615384615
Spain,Suspect,2020,20,Adult,3,Female,,,0.23076923076923078
Spain,Suspect,2020,20,Adult,3,Male,,,7.615384615384615
Spain,Suspect,2020,21,Adult,3,Female,,,0.23076923076923078
Spain,Suspect,2020,21,Adult,3,Male,,,7.615384615384615
Spain,Suspect,2020,22,Adult,3,Female,,,0.23076923076923078
Spain,Suspect,2020,22,Adult,3,Male,,,7.615384615384615
Spain,Suspect,2020,23,Adult,3,Female,,,0.23076923076923078
Spain,Suspect,2020,23,Adult,3,Male,,,7.615384615384615
Spain,Suspect,2020,24,Adult,3,Female,,,0.23076923076923078
Spain,Suspect,2020,24,Adult,3,Male,,,7.615384615384615
Spain,Suspect,2020,25,Adult,3,Female,,,0.23076923076923078
Spain,Suspect,2020,25,Adult,3,Male,,,7.615384615384615
Spain,Suspect,2020,26,Adult,3,Female,,,0.23076923076923078
Spain,Suspect,2020,26,Adult,3,Male,,,7.615384615384615
Spain,Suspect,2020,27,Adult,3,Female,,,0.23076923076923078
Spain,Suspect,2020,27,Adult,3,Male,,,7.615384615384615
Spain,Suspect,2020,28,Adult,3,Female,,,0.23076923076923078
Spain,Suspect,2020,28,Adult,3,Male,,,7.615384615384615
Spain,Suspect,2020,29,Adult,3,Female,,,0.23076923076923078
Spain,Suspect,2020,29,Adult,3,Male,,,7.615384615384615
Spain,Suspect,2020,30,Adult,3,Female,,,0.23076923076923078
Spain,Suspect,2020,30,Adult,3,Male,,,7.615384615384615
Spain,Suspect,2020,31,Adult,3,Female,,,0.6
Spain,Suspect,2020,31,Adult,3,Male,,,6.8
Spain,Suspect,2020,32,Adult,3,Female,,,0.6
Spain,Suspect,2020,32,Adult,3,Male,,,6.8
Spain,Suspect,2020,33,Adult,3,Female,,,0.6
Spain,Suspect,2020,33,Adult,3,Male,,,6.8
Spain,Suspect,2020,34,Adult,3,Female,,,0.6
Spain,Suspect,2020,34,Adult,3,Male,,,6.8
Spain,Suspect,2020,35,Adult,3,Female,,,0.6
Spain,Suspect,2020,35,Adult,3,Male,,,6.8
Spain,Suspect,2020,36,Adult,3,Female,,,0.6
Spain,Suspect,2020,36,Adult,3,Male,,,6.8
Spain,Suspect,2020,37,Adult,3,Female,,,0.6
Spain,Suspect,2020,37,Adult,3,Male,,,6.8
Spain,Suspect,2020,38,Adult,3,Female,,,0.6
Spain,Suspect,2020,38,Adult,3,Male,,,6.8
Spain,Suspect,2020,39,Adult,3,Female,,,0.6
Spain,Suspect,2020,39,Adult,3,Male,,,6.8
Spain,Suspect,2020,40,Adult,3,Female,,,0.6
Spain,Suspect,2020,40,Adult,3,Male,,,6.8
Spain,Suspect,2020,41,Adult,3,Female,,,0.625
Spain,Suspect,2020,41,Adult,3,Male,,,7.541666666666667
Spain,Suspect,2020,42,Adult,3,Female,,,0.625
Spain,Suspect,2020,42,Adult,3,Male,,,7.541666666666667
Spain,Suspect,2020,43,Adult,3,Female,,,0.625
Spain,Suspect,2020,43,Adult,3,Male,,,7.541666666666667
Spain,Suspect,2020,44,Adult,3,Female,,,0.625
Spain,Suspect,2020,44,Adult,3,Male,,,7.541666666666667
Spain,Suspect,2020,45,Adult,3,Female,,,0.625
Spain,Suspect,2020,45,Adult,3,Male,,,7.541666666666667
Spain,Suspect,2020,46,Adult,3,Female,,,0.625
Spain,Suspect,2020,46,Adult,3,Male,,,7.541666666666667
Spain,Suspect,2020,47,Adult,3,Female,,,0.625
Spain,Suspect,2020,47,Adult,3,Male,,,7.541666666666667
Spain,Suspect,2020,48,Adult,3,Female,,,0.625
Spain,Suspect,2020,48,Adult,3,Male,,,7.541666666666667
Spain,Suspect,2020,49,Adult,3,Female,,,0.625
Spain,Suspect,2020,49,Adult,3,Male,,,7.541666666666667
Spain,Suspect,2020,50,Adult,3,Female,,,0.625
Spain,Suspect,2020,50,Adult,3,Male,,,7.541666666666667
Spain,Suspect,2020,51,Adult,3,Female,,,0.625
Spain,Suspect,2020,51,Adult,3,Male,,,7.541666666666667
Spain,Suspect,2020,52,Adult,3,Female,,,0.625
Spain,Suspect,2020,52,Adult,3,Male,,,7.541666666666667
Spain,Suspect,2020,53,Adult,3,Female,,,0.625
Spain,Suspect,2020,53,Adult,3,Male,,,7.541666666666667
Spain,Suspect,2020,54,Adult,3,Female,,,0.625
Spain,Suspect,2020,54,Adult,3,Male,,,7.541666666666667
Spain,Suspect,2020,55,Adult,3,Female,,,0.625
Spain,Suspect,2020,55,Adult,3,Male,,,7.541666666666667
Spain,Suspect,2020,56,Adult,3,Female,,,0.625
Spain,Suspect,2020,56,Adult,3,Male,,,7.541666666666667
Spain,Suspect,2020,57,Adult,3,Female,,,0.625
Spain,Suspect,2020,57,Adult,3,Male,,,7.541666666666667
Spain,Suspect,2020,58,Adult,3,Female,,,0.625
Spain,Suspect,2020,58,Adult,3,Male,,,7.541666666666667
Spain,Suspect,2020,59,Adult,3,Female,,,0.625
Spain,Suspect,2020,59,Adult,3,Male,,,7.541666666666667
Spain,Suspect,2020,60,Adult,3,Female,,,0.625
Spain,Suspect,2020,60,Adult,3,Male,,,7.541666666666667
Spain,Suspect,2020,61,Adult,3,Female,,,0.625
Spain,Suspect,2020,61,Adult,3,Male,,,7.541666666666667
Spain,Suspect,2020,62,Adult,3,Female,,,0.625
Spain,Suspect,2020,62,Adult,3,Male,,,7.541666666666667
Spain,Suspect,2020,63,Adult,3,Female,,,0.625
Spain,Suspect,2020,63,Adult,3,Male,,,7.541666666666667
Spain,Suspect,2020,64,Adult,3,Female,,,0.625
Spain,Suspect,2020,64,Adult,3,Male,,,7.541666666666667
Spain,Suspect,2020,65,Adult,3,Male,,,0.9428571428571428
Spain,Suspect,2020,66,Adult,3,Male,,,0.9428571428571428
Spain,Suspect,2020,67,Adult,3,Male,,,0.9428571428571428
Spain,Suspect,2020,68,Adult,3,Male,,,0.9428571428571428
Spain,Suspect,2020,69,Adult,3,Male,,,0.9428571428571428
Spain,Suspect,2020,70,Adult,3,Male,,,0.9428571428571428
Spain,Suspect,2020,71,Adult,3,Male,,,0.9428571428571428
Spain,Suspect,2020,72,Adult,3,Male,,,0.9428571428571428
Spain,Suspect,2020,73,Adult,3,Male,,,0.9428571428571428
Spain,Suspect,2020,74,Adult,3,Male,,,0.9428571428571428
Spain,Suspect,2020,75,Adult,3,Male,,,0.9428571428571428
Spain,Suspect,2020,76,Adult,3,Male,,,0.9428571428571428
Spain,Suspect,2020,77,Adult,3,Male,,,0.9428571428571428
Spain,Suspect,2020,78,Adult,3,Male,,,0.9428571428571428
Spain,Suspect,2020,79,Adult,3,Male,,,0.9428571428571428
Spain,Suspect,2020,80,Adult,3,Male,,,0.9428571428571428
Spain,Suspect,2020,81,Adult,3,Male,,,0.9428571428571428
Spain,Suspect,2020,82,Adult,3,Male,,,0.9428571428571428
Spain,Suspect,2020,83,Adult,3,Male,,,0.9428571428571428
Spain,Suspect,2020,84,Adult,3,Male,,,0.9428571428571428
Spain,Suspect,2020,85,Adult,3,Male,,,0.9428571428571428
Spain,Suspect,2020,86,Adult,3,Male,,,0.9428571428571428
Spain,Suspect,2020,87,Adult,3,Male,,,0.9428571428571428
Spain,Suspect,2020,88,Adult,3,Male,,,0.9428571428571428
Spain,Suspect,2020,89,Adult,3,Male,,,0.9428571428571428
Spain,Suspect,2020,90,Adult,3,Male,,,0.9428571428571428
Spain,Suspect,2020,91,Adult,3,Male,,,0.9428571428571428
Spain,Suspect,2020,92,Adult,3,Male,,,0.9428571428571428
Spain,Suspect,2020,93,Adult,3,Male,,,0.9428571428571428
Spain,Suspect,2020,94,Adult,3,Male,,,0.9428571428571428
Spain,Suspect,2020,95,Adult,3,Male,,,0.9428571428571428
Spain,Suspect,2020,96,Adult,3,Male,,,0.9428571428571428
Spain,Suspect,2020,97,Adult,3,Male,,,0.9428571428571428
Spain,Suspect,2020,98,Adult,3,Male,,,0.9428571428571428
Spain,Suspect,2020,99,Adult,3,Male,,,0.9428571428571428
Spain,Suspect,2021,14,Juvenile,2,Male,,,9.75
Spain,Suspect,2021,15,Juvenile,2,Male,,,9.75
Spain,Suspect,2021,16,Juvenile,2,Male,,,9.75
Spain,Suspect,2021,17,Juvenile,2,Male,,,9.75
Spain,Suspect,2021,18,Adult,3,Female,,,0.46153846153846156
Spain,Suspect,2021,18,Adult,3,Male,,,9.23076923076923
Spain,Suspect,2021,19,Adult,3,Female,,,0.46153846153846156
Spain,Suspect,2021,19,Adult,3,Male,,,9.23076923076923
Spain,Suspect,2021,20,Adult,3,Female,,,0.46153846153846156
Spain,Suspect,2021,20,Adult,3,Male,,,9.23076923076923
Spain,Suspect,2021,21,Adult,3,Female,,,0.46153846153846156
Spain,Suspect,2021,21,Adult,3,Male,,,9.23076923076923
Spain,Suspect,2021,22,Adult,3,Female,,,0.46153846153846156
Spain,Suspect,2021,22,Adult,3,Male,,,9.23076923076923
Spain,Suspect,2021,23,Adult,3,Female,,,0.46153846153846156
Spain,Suspect,2021,23,Adult,3,Male,,,9.23076923076923
Spain,Suspect,2021,24,Adult,3,Female,,,0.46153846153846156
Spain,Suspect,2021,24,Adult,3,Male,,,9.23076923076923
Spain,Suspect,2021,25,Adult,3,Female,,,0.46153846153846156
Spain,Suspect,2021,25,Adult,3,Male,,,9.23076923076923
Spain,Suspect,2021,26,Adult,3,Female,,,0.46153846153846156
Spain,Suspect,2021,26,Adult,3,Male,,,9.23076923076923
Spain,Suspect,2021,27,Adult,3,Female,,,0.46153846153846156
Spain,Suspect,2021,27,Adult,3,Male,,,9.23076923076923
Spain,Suspect,2021,28,Adult,3,Female,,,0.46153846153846156
Spain,Suspect,2021,28,Adult,3,Male,,,9.23076923076923
Spain,Suspect,2021,29,Adult,3,Female,,,0.46153846153846156
Spain,Suspect,2021,29,Adult,3,Male,,,9.23076923076923
Spain,Suspect,2021,30,Adult,3,Female,,,0.46153846153846156
Spain,Suspect,2021,30,Adult,3,Male,,,9.23076923076923
Spain,Suspect,2021,31,Adult,3,Female,,,0.3
Spain,Suspect,2021,31,Adult,3,Male,,,7.5
Spain,Suspect,2021,32,Adult,3,Female,,,0.3
Spain,Suspect,2021,32,Adult,3,Male,,,7.5
Spain,Suspect,2021,33,Adult,3,Female,,,0.3
Spain,Suspect,2021,33,Adult,3,Male,,,7.5
Spain,Suspect,2021,34,Adult,3,Female,,,0.3
Spain,Suspect,2021,34,Adult,3,Male,,,7.5
Spain,Suspect,2021,35,Adult,3,Female,,,0.3
Spain,Suspect,2021,35,Adult,3,Male,,,7.5
Spain,Suspect,2021,36,Adult,3,Female,,,0.3
Spain,Suspect,2021,36,Adult,3,Male,,,7.5
Spain,Suspect,2021,37,Adult,3,Female,,,0.3
Spain,Suspect,2021,37,Adult,3,Male,,,7.5
Spain,Suspect,2021,38,Adult,3,Female,,,0.3
Spain,Suspect,2021,38,Adult,3,Male,,,7.5
Spain,Suspect,2021,39,Adult,3,Female,,,0.3
Spain,Suspect,2021,39,Adult,3,Male,,,7.5
Spain,Suspect,2021,40,Adult,3,Female,,,0.3
Spain,Suspect,2021,40,Adult,3,Male,,,7.5
Spain,Suspect,2021,41,Adult,3,Female,,,0.2916666666666667
Spain,Suspect,2021,41,Adult,3,Male,,,8.0
Spain,Suspect,2021,42,Adult,3,Female,,,0.2916666666666667
Spain,Suspect,2021,42,Adult,3,Male,,,8.0
Spain,Suspect,2021,43,Adult,3,Female,,,0.2916666666666667
Spain,Suspect,2021,43,Adult,3,Male,,,8.0
Spain,Suspect,2021,44,Adult,3,Female,,,0.2916666666666667
Spain,Suspect,2021,44,Adult,3,Male,,,8.0
Spain,Suspect,2021,45,Adult,3,Female,,,0.2916666666666667
Spain,Suspect,2021,45,Adult,3,Male,,,8.0
Spain,Suspect,2021,46,Adult,3,Female,,,0.2916666666666667
Spain,Suspect,2021,46,Adult,3,Male,,,8.0
Spain,Suspect,2021,47,Adult,3,Female,,,0.2916666666666667
Spain,Suspect,2021,47,Adult,3,Male,,,8.0
Spain,Suspect,2021,48,Adult,3,Female,,,0.2916666666666667
Spain,Suspect,2021,48,Adult,3,Male,,,8.0
Spain,Suspect,2021,49,Adult,3,Female,,,0.2916666666666667
Spain,Suspect,2021,49,Adult,3,Male,,,8.0
Spain,Suspect,2021,50,Adult,3,Female,,,0.2916666666666667
Spain,Suspect,2021,50,Adult,3,Male,,,8.0
Spain,Suspect,2021,51,Adult,3,Female,,,0.2916666666666667
Spain,Suspect,2021,51,Adult,3,Male,,,8.0
Spain,Suspect,2021,52,Adult,3,Female,,,0.2916666666666667
Spain,Suspect,2021,52,Adult,3,Male,,,8.0
Spain,Suspect,2021,53,Adult,3,Female,,,0.2916666666666667
Spain,Suspect,2021,53,Adult,3,Male,,,8.0
Spain,Suspect,2021,54,Adult,3,Female,,,0.2916666666666667
Spain,Suspect,2021,54,Adult,3,Male,,,8.0
Spain,Suspect,2021,55,Adult,3,Female,,,0.2916666666666667
Spain,Suspect,2021,55,Adult,3,Male,,,8.0
Spain,Suspect,2021,56,Adult,3,Female,,,0.2916666666666667
Spain,Suspect,2021,56,Adult,3,Male,,,8.0
Spain,Suspect,2021,57,Adult,3,Female,,,0.2916666666666667
Spain,Suspect,2021,57,Adult,3,Male,,,8.0
Spain,Suspect,2021,58,Adult,3,Female,,,0.2916666666666667
Spain,Suspect,2021,58,Adult,3,Male,,,8.0
Spain,Suspect,2021,59,Adult,3,Female,,,0.2916666666666667
Spain,Suspect,2021,59,Adult,3,Male,,,8.0
Spain,Suspect,2021,60,Adult,3,Female,,,0.2916666666666667
Spain,Suspect,2021,60,Adult,3,Male,,,8.0
Spain,Suspect,2021,61,Adult,3,Female,,,0.2916666666666667
Spain,Suspect,2021,61,Adult,3,Male,,,8.0
Spain,Suspect,2021,62,Adult,3,Female,,,0.2916666666666667
Spain,Suspect,2021,62,Adult,3,Male,,,8.0
Spain,Suspect,2021,63,Adult,3,Female,,,0.2916666666666667
Spain,Suspect,2021,63,Adult,3,Male,,,8.0
Spain,Suspect,2021,64,Adult,3,Female,,,0.2916666666666667
Spain,Suspect,2021,64,Adult,3,Male,,,8.0
Spain,Suspect,2021,65,Adult,3,Male,,,0.7142857142857143
Spain,Suspect,2021,66,Adult,3,Male,,,0.7142857142857143
Spain,Suspect,2021,67,Adult,3,Male,,,0.7142857142857143
Spain,Suspect,2021,68,Adult,3,Male,,,0.7142857142857143
Spain,Suspect,2021,69,Adult,3,Male,,,0.7142857142857143
Spain,Suspect,2021,70,Adult,3,Male,,,0.7142857142857143
Spain,Suspect,2021,71,Adult,3,Male,,,0.7142857142857143
Spain,Suspect,2021,72,Adult,3,Male,,,0.7142857142857143
Spain,Suspect,2021,73,Adult,3,Male,,,0.7142857142857143
Spain,Suspect,2021,74,Adult,3,Male,,,0.7142857142857143
Spain,Suspect,2021,75,Adult,3,Male,,,0.7142857142857143
Spain,Suspect,2021,76,Adult,3,Male,,,0.7142857142857143
Spain,Suspect,2021,77,Adult,3,Male,,,0.7142857142857143
Spain,Suspect,2021,78,Adult,3,Male,,,0.7142857142857143
Spain,Suspect,2021,79,Adult,3,Male,,,0.7142857142857143
Spain,Suspect,2021,80,Adult,3,Male,,,0.7142857142857143
Spain,Suspect,2021,81,Adult,3,Male,,,0.7142857142857143
Spain,Suspect,2021,82,Adult,3,Male,,,0.7142857142857143
Spain,Suspect,2021,83,Adult,3,Male,,,0.7142857142857143
Spain,Suspect,2021,84,Adult,3,Male,,,0.7142857142857143
Spain,Suspect,2021,85,Adult,3,Male,,,0.7142857142857143
Spain,Suspect,2021,86,Adult,3,Male,,,0.7142857142857143
Spain,Suspect,2021,87,Adult,3,Male,,,0.7142857142857143
Spain,Suspect,2021,88,Adult,3,Male,,,0.7142857142857143
Spain,Suspect,2021,89,Adult,3,Male,,,0.7142857142857143
Spain,Suspect,2021,90,Adult,3,Male,,,0.7142857142857143
Spain,Suspect,2021,91,Adult,3,Male,,,0.7142857142857143
Spain,Suspect,2021,92,Adult,3,Male,,,0.7142857142857143
Spain,Suspect,2021,93,Adult,3,Male,,,0.7142857142857143
Spain,Suspect,2021,94,Adult,3,Male,,,0.7142857142857143
Spain,Suspect,2021,95,Adult,3,Male,,,0.7142857142857143
Spain,Suspect,2021,96,Adult,3,Male,,,0.7142857142857143
Spain,Suspect,2021,97,Adult,3,Male,,,0.7142857142857143
Spain,Suspect,2021,98,Adult,3,Male,,,0.7142857142857143
Spain,Suspect,2021,99,Adult,3,Male,,,0.7142857142857143
Spain,Suspect,2022,14,Juvenile,2,Male,,,12.5
Spain,Suspect,2022,15,Juvenile,2,Male,,,12.5
Spain,Suspect,2022,16,Juvenile,2,Male,,,12.5
Spain,Suspect,2022,17,Juvenile,2,Male,,,12.5
Spain,Suspect,2022,18,Adult,3,Female,,,0.07692307692307693
Spain,Suspect,2022,18,Adult,3,Male,,,9.0
Spain,Suspect,2022,19,Adult,3,Female,,,0.07692307692307693
Spain,Suspect,2022,19,Adult,3,Male,,,9.0
Spain,Suspect,2022,20,Adult,3,Female,,,0.07692307692307693
Spain,Suspect,2022,20,Adult,3,Male,,,9.0
Spain,Suspect,2022,21,Adult,3,Female,,,0.07692307692307693
Spain,Suspect,2022,21,Adult,3,Male,,,9.0
Spain,Suspect,2022,22,Adult,3,Female,,,0.07692307692307693
Spain,Suspect,2022,22,Adult,3,Male,,,9.0
Spain,Suspect,2022,23,Adult,3,Female,,,0.07692307692307693
Spain,Suspect,2022,23,Adult,3,Male,,,9.0
Spain,Suspect,2022,24,Adult,3,Female,,,0.07692307692307693
Spain,Suspect,2022,24,Adult,3,Male,,,9.0
Spain,Suspect,2022,25,Adult,3,Female,,,0.07692307692307693
Spain,Suspect,2022,25,Adult,3,Male,,,9.0
Spain,Suspect,2022,26,Adult,3,Female,,,0.07692307692307693
Spain,Suspect,2022,26,Adult,3,Male,,,9.0
Spain,Suspect,2022,27,Adult,3,Female,,,0.07692307692307693
Spain,Suspect,2022,27,Adult,3,Male,,,9.0
Spain,Suspect,2022,28,Adult,3,Female,,,0.07692307692307693
Spain,Suspect,2022,28,Adult,3,Male,,,9.0
Spain,Suspect,2022,29,Adult,3,Female,,,0.07692307692307693
Spain,Suspect,2022,29,Adult,3,Male,,,9.0
Spain,Suspect,2022,30,Adult,3,Female,,,0.07692307692307693
Spain,Suspect,2022,30,Adult,3,Male,,,9.0
Spain,Suspect,2022,31,Adult,3,Female,,,0.3
Spain,Suspect,2022,31,Adult,3,Male,,,5.9
Spain,Suspect,2022,32,Adult,3,Female,,,0.3
Spain,Suspect,2022,32,Adult,3,Male,,,5.9
Spain,Suspect,2022,33,Adult,3,Female,,,0.3
Spain,Suspect,2022,33,Adult,3,Male,,,5.9
Spain,Suspect,2022,34,Adult,3,Female,,,0.3
Spain,Suspect,2022,34,Adult,3,Male,,,5.9
Spain,Suspect,2022,35,Adult,3,Female,,,0.3
Spain,Suspect,2022,35,Adult,3,Male,,,5.9
Spain,Suspect,2022,36,Adult,3,Female,,,0.3
Spain,Suspect,2022,36,Adult,3,Male,,,5.9
Spain,Suspect,2022,37,Adult,3,Female,,,0.3
Spain,Suspect,2022,37,Adult,3,Male,,,5.9
Spain,Suspect,2022,38,Adult,3,Female,,,0.3
Spain,Suspect,2022,38,Adult,3,Male,,,5.9
Spain,Suspect,2022,39,Adult,3,Female,,,0.3
Spain,Suspect,2022,39,Adult,3,Male,,,5.9
Spain,Suspect,2022,40,Adult,3,Female,,,0.3
Spain,Suspect,2022,40,Adult,3,Male,,,5.9
Spain,Suspect,2022,41,Adult,3,Female,,,0.375
Spain,Suspect,2022,41,Adult,3,Male,,,8.125
Spain,Suspect,2022,42,Adult,3,Female,,,0.375
Spain,Suspect,2022,42,Adult,3,Male,,,8.125
Spain,Suspect,2022,43,Adult,3,Female,,,0.375
Spain,Suspect,2022,43,Adult,3,Male,,,8.125
Spain,Suspect,2022,44,Adult,3,Female,,,0.375
Spain,Suspect,2022,44,Adult,3,Male,,,8.125
Spain,Suspect,2022,45,Adult,3,Female,,,0.375
Spain,Suspect,2022,45,Adult,3,Male,,,8.125
Spain,Suspect,2022,46,Adult,3,Female,,,0.375
Spain,Suspect,2022,46,Adult,3,Male,,,8.125
Spain,Suspect,2022,47,Adult,3,Female,,,0.375
Spain,Suspect,2022,47,Adult,3,Male,,,8.125
Spain,Suspect,2022,48,Adult,3,Female,,,0.375
Spain,Suspect,2022,48,Adult,3,Male,,,8.125
Spain,Suspect,2022,49,Adult,3,Female,,,0.375
Spain,Suspect,2022,49,Adult,3,Male,,,8.125
Spain,Suspect,2022,50,Adult,3,Female,,,0.375
Spain,Suspect,2022,50,Adult,3,Male,,,8.125
Spain,Suspect,2022,51,Adult,3,Female,,,0.375
Spain,Suspect,2022,51,Adult,3,Male,,,8.125
Spain,Suspect,2022,52,Adult,3,Female,,,0.375
Spain,Suspect,2022,52,Adult,3,Male,,,8.125
Spain,Suspect,2022,53,Adult,3,Female,,,0.375
Spain,Suspect,2022,53,Adult,3,Male,,,8.125
Spain,Suspect,2022,54,Adult,3,Female,,,0.375
Spain,Suspect,2022,54,Adult,3,Male,,,8.125
Spain,Suspect,2022,55,Adult,3,Female,,,0.375
Spain,Suspect,2022,55,Adult,3,Male,,,8.125
Spain,Suspect,2022,56,Adult,3,Female,,,0.375
Spain,Suspect,2022,56,Adult,3,Male,,,8.125
Spain,Suspect,2022,57,Adult,3,Female,,,0.375
Spain,Suspect,2022,57,Adult,3,Male,,,8.125
Spain,Suspect,2022,58,Adult,3,Female,,,0.375
Spain,Suspect,2022,58,Adult,3,Male,,,8.125
Spain,Suspect,2022,59,Adult,3,Female,,,0.375
Spain,Suspect,2022,59,Adult,3,Male,,,8.125
Spain,Suspect,2022,60,Adult,3,Female,,,0.375
Spain,Suspect,2022,60,Adult,3,Male,,,8.125
Spain,Suspect,2022,61,Adult,3,Female,,,0.375
Spain,Suspect,2022,61,Adult,3,Male,,,8.125
Spain,Suspect,2022,62,Adult,3,Female,,,0.375
Spain,Suspect,2022,62,Adult,3,Male,,,8.125
Spain,Suspect,2022,63,Adult,3,Female,,,0.375
Spain,Suspect,2022,63,Adult,3,Male,,,8.125
Spain,Suspect,2022,64,Adult,3,Female,,,0.375
Spain,Suspect,2022,64,Adult,3,Male,,,8.125
Spain,Suspect,2022,65,Adult,3,Male,,,0.7142857142857143
Spain,Suspect,2022,66,Adult,3,Male,,,0.7142857142857143
Spain,Suspect,2022,67,Adult,3,Male,,,0.7142857142857143
Spain,Suspect,2022,68,Adult,3,Male,,,0.7142857142857143
Spain,Suspect,2022,69,Adult,3,Male,,,0.7142857142857143
Spain,Suspect,2022,70,Adult,3,Male,,,0.7142857142857143
Spain,Suspect,2022,71,Adult,3,Male,,,0.7142857142857143
Spain,Suspect,2022,72,Adult,3,Male,,,0.7142857142857143
Spain,Suspect,2022,73,Adult,3,Male,,,0.7142857142857143
Spain,Suspect,2022,74,Adult,3,Male,,,0.7142857142857143
Spain,Suspect,2022,75,Adult,3,Male,,,0.7142857142857143
Spain,Suspect,2022,76,Adult,3,Male,,,0.7142857142857143
Spain,Suspect,2022,77,Adult,3,Male,,,0.7142857142857143
Spain,Suspect,2022,78,Adult,3,Male,,,0.7142857142857143
Spain,Suspect,2022,79,Adult,3,Male,,,0.7142857142857143
Spain,Suspect,2022,80,Adult,3,Male,,,0.7142857142857143
Spain,Suspect,2022,81,Adult,3,Male,,,0.7142857142857143
Spain,Suspect,2022,82,Adult,3,Male,,,0.7142857142857143
Spain,Suspect,2022,83,Adult,3,Male,,,0.7142857142857143
Spain,Suspect,2022,84,Adult,3,Male,,,0.7142857142857143
Spain,Suspect,2022,85,Adult,3,Male,,,0.7142857142857143
Spain,Suspect,2022,86,Adult,3,Male,,,0.7142857142857143
Spain,Suspect,2022,87,Adult,3,Male,,,0.7142857142857143
Spain,Suspect,2022,88,Adult,3,Male,,,0.7142857142857143
Spain,Suspect,2022,89,Adult,3,Male,,,0.7142857142857143
Spain,Suspect,2022,90,Adult,3,Male,,,0.7142857142857143
Spain,Suspect,2022,91,Adult,3,Male,,,0.7142857142857143
Spain,Suspect,2022,92,Adult,3,Male,,,0.7142857142857143
Spain,Suspect,2022,93,Adult,3,Male,,,0.7142857142857143
Spain,Suspect,2022,94,Adult,3,Male,,,0.7142857142857143
Spain,Suspect,2022,95,Adult,3,Male,,,0.7142857142857143
Spain,Suspect,2022,96,Adult,3,Male,,,0.7142857142857143
Spain,Suspect,2022,97,Adult,3,Male,,,0.7142857142857143
Spain,Suspect,2022,98,Adult,3,Male,,,0.7142857142857143
Spain,Suspect,2022,99,Adult,3,Male,,,0.7142857142857143
Spain,Suspect,2023,14,Juvenile,2,Female,,,1.5
Spain,Suspect,2023,14,Juvenile,2,Male,,,21.25
Spain,Suspect,2023,15,Juvenile,2,Female,,,1.5
Spain,Suspect,2023,15,Juvenile,2,Male,,,21.25
Spain,Suspect,2023,16,Juvenile,2,Female,,,1.5
Spain,Suspect,2023,16,Juvenile,2,Male,,,21.25
Spain,Suspect,2023,17,Juvenile,2,Female,,,1.5
Spain,Suspect,2023,17,Juvenile,2,Male,,,21.25
Spain,Suspect,2023,18,Adult,3,Female,,,0.46153846153846156
Spain,Suspect,2023,18,Adult,3,Male,,,13.307692307692308
Spain,Suspect,2023,19,Adult,3,Female,,,0.46153846153846156
Spain,Suspect,2023,19,Adult,3,Male,,,13.307692307692308
Spain,Suspect,2023,20,Adult,3,Female,,,0.46153846153846156
Spain,Suspect,2023,20,Adult,3,Male,,,13.307692307692308
Spain,Suspect,2023,21,Adult,3,Female,,,0.46153846153846156
Spain,Suspect,2023,21,Adult,3,Male,,,13.307692307692308
Spain,Suspect,2023,22,Adult,3,Female,,,0.46153846153846156
Spain,Suspect,2023,22,Adult,3,Male,,,13.307692307692308
Spain,Suspect,2023,23,Adult,3,Female,,,0.46153846153846156
Spain,Suspect,2023,23,Adult,3,Male,,,13.307692307692308
Spain,Suspect,2023,24,Adult,3,Female,,,0.46153846153846156
Spain,Suspect,2023,24,Adult,3,Male,,,13.307692307692308
Spain,Suspect,2023,25,Adult,3,Female,,,0.46153846153846156
Spain,Suspect,2023,25,Adult,3,Male,,,13.307692307692308
Spain,Suspect,2023,26,Adult,3,Female,,,0.46153846153846156
Spain,Suspect,2023,26,Adult,3,Male,,,13.307692307692308
Spain,Suspect,2023,27,Adult,3,Female,,,0.46153846153846156
Spain,Suspect,2023,27,Adult,3,Male,,,13.307692307692308
Spain,Suspect,2023,28,Adult,3,Female,,,0.46153846153846156
Spain,Suspect,2023,28,Adult,3,Male,,,13.307692307692308
Spain,Suspect,2023,29,Adult,3,Female,,,0.46153846153846156
Spain,Suspect,2023,29,Adult,3,Male,,,13.307692307692308
Spain,Suspect,2023,30,Adult,3,Female,,,0.46153846153846156
Spain,Suspect,2023,30,Adult,3,Male,,,13.307692307692308
Spain,Suspect,2023,31,Adult,3,Female,,,0.5
Spain,Suspect,2023,31,Adult,3,Male,,,9.9
Spain,Suspect,2023,32,Adult,3,Female,,,0.5
Spain,Suspect,2023,32,Adult,3,Male,,,9.9
Spain,Suspect,2023,33,Adult,3,Female,,,0.5
Spain,Suspect,2023,33,Adult,3,Male,,,9.9
Spain,Suspect,2023,34,Adult,3,Female,,,0.5
Spain,Suspect,2023,34,Adult,3,Male,,,9.9
Spain,Suspect,2023,35,Adult,3,Female,,,0.5
Spain,Suspect,2023,35,Adult,3,Male,,,9.9
Spain,Suspect,2023,36,Adult,3,Female,,,0.5
Spain,Suspect,2023,36,Adult,3,Male,,,9.9
Spain,Suspect,2023,37,Adult,3,Female,,,0.5
Spain,Suspect,2023,37,Adult,3,Male,,,9.9
Spain,Suspect,2023,38,Adult,3,Female,,,0.5
Spain,Suspect,2023,38,Adult,3,Male,,,9.9
Spain,Suspect,2023,39,Adult,3,Female,,,0.5
Spain,Suspect,2023,39,Adult,3,Male,,,9.9
Spain,Suspect,2023,40,Adult,3,Female,,,0.5
Spain,Suspect,2023,40,Adult,3,Male,,,9.9
Spain,Suspect,2023,41,Adult,3,Female,,,0.20833333333333334
Spain,Suspect,2023,41,Adult,3,Male,,,9.5
Spain,Suspect,2023,42,Adult,3,Female,,,0.20833333333333334
Spain,Suspect,2023,42,Adult,3,Male,,,9.5
Spain,Suspect,2023,43,Adult,3,Female,,,0.20833333333333334
Spain,Suspect,2023,43,Adult,3,Male,,,9.5
Spain,Suspect,2023,44,Adult,3,Female,,,0.20833333333333334
Spain,Suspect,2023,44,Adult,3,Male,,,9.5
Spain,Suspect,2023,45,Adult,3,Female,,,0.20833333333333334
Spain,Suspect,2023,45,Adult,3,Male,,,9.5
Spain,Suspect,2023,46,Adult,3,Female,,,0.20833333333333334
Spain,Suspect,2023,46,Adult,3,Male,,,9.5
Spain,Suspect,2023,47,Adult,3,Female,,,0.20833333333333334
Spain,Suspect,2023,47,Adult,3,Male,,,9.5
Spain,Suspect,2023,48,Adult,3,Female,,,0.20833333333333334
Spain,Suspect,2023,48,Adult,3,Male,,,9.5
Spain,Suspect,2023,49,Adult,3,Female,,,0.20833333333333334
Spain,Suspect,2023,49,Adult,3,Male,,,9.5
Spain,Suspect,2023,50,Adult,3,Female,,,0.20833333333333334
Spain,Suspect,2023,50,Adult,3,Male,,,9.5
Spain,Suspect,2023,51,Adult,3,Female,,,0.20833333333333334
Spain,Suspect,2023,51,Adult,3,Male,,,9.5
Spain,Suspect,2023,52,Adult,3,Female,,,0.20833333333333334
Spain,Suspect,2023,52,Adult,3,Male,,,9.5
Spain,Suspect,2023,53,Adult,3,Female,,,0.20833333333333334
Spain,Suspect,2023,53,Adult,3,Male,,,9.5
Spain,Suspect,2023,54,Adult,3,Female,,,0.20833333333333334
Spain,Suspect,2023,54,Adult,3,Male,,,9.5
Spain,Suspect,2023,55,Adult,3,Female,,,0.20833333333333334
Spain,Suspect,2023,55,Adult,3,Male,,,9.5
Spain,Suspect,2023,56,Adult,3,Female,,,0.20833333333333334
Spain,Suspect,2023,56,Adult,3,Male,,,9.5
Spain,Suspect,2023,57,Adult,3,Female,,,0.20833333333333334
Spain,Suspect,2023,57,Adult,3,Male,,,9.5
Spain,Suspect,2023,58,Adult,3,Female,,,0.20833333333333334
Spain,Suspect,2023,58,Adult,3,Male,,,9.5
Spain,Suspect,2023,59,Adult,3,Female,,,0.20833333333333334
Spain,Suspect,2023,59,Adult,3,Male,,,9.5
Spain,Suspect,2023,60,Adult,3,Female,,,0.20833333333333334
Spain,Suspect,2023,60,Adult,3,Male,,,9.5
Spain,Suspect,2023,61,Adult,3,Female,,,0.20833333333333334
Spain,Suspect,2023,61,Adult,3,Male,,,9.5
Spain,Suspect,2023,62,Adult,3,Female,,,0.20833333333333334
Spain,Suspect,2023,62,Adult,3,Male,,,9.5
Spain,Suspect,2023,63,Adult,3,Female,,,0.20833333333333334
Spain,Suspect,2023,63,Adult,3,Male,,,9.5
Spain,Suspect,2023,64,Adult,3,Female,,,0.20833333333333334
Spain,Suspect,2023,64,Adult,3,Male,,,9.5
Spain,Suspect,2023,65,Adult,3,Male,,,1.0571428571428572
Spain,Suspect,2023,66,Adult,3,Male,,,1.0571428571428572
Spain,Suspect,2023,67,Adult,3,Male,,,1.0571428571428572
Spain,Suspect,2023,68,Adult,3,Male,,,1.0571428571428572
Spain,Suspect,2023,69,Adult,3,Male,,,1.0571428571428572
Spain,Suspect,2023,70,Adult,3,Male,,,1.0571428571428572
Spain,Suspect,2023,71,Adult,3,Male,,,1.0571428571428572
Spain,Suspect,2023,72,Adult,3,Male,,,1.0571428571428572
Spain,Suspect,2023,73,Adult,3,Male,,,1.0571428571428572
Spain,Suspect,2023,74,Adult,3,Male,,,1.0571428571428572
Spain,Suspect,2023,75,Adult,3,Male,,,1.0571428571428572
Spain,Suspect,2023,76,Adult,3,Male,,,1.0571428571428572
Spain,Suspect,2023,77,Adult,3,Male,,,1.0571428571428572
Spain,Suspect,2023,78,Adult,3,Male,,,1.0571428571428572
Spain,Suspect,2023,79,Adult,3,Male,,,1.0571428571428572
Spain,Suspect,2023,80,Adult,3,Male,,,1.0571428571428572
Spain,Suspect,2023,81,Adult,3,Male,,,1.0571428571428572
Spain,Suspect,2023,82,Adult,3,Male,,,1.0571428571428572
Spain,Suspect,2023,83,Adult,3,Male,,,1.0571428571428572
Spain,Suspect,2023,84,Adult,3,Male,,,1.0571428571428572
Spain,Suspect,2023,85,Adult,3,Male,,,1.0571428571428572
Spain,Suspect,2023,86,Adult,3,Male,,,1.0571428571428572
Spain,Suspect,2023,87,Adult,3,Male,,,1.0571428571428572
Spain,Suspect,2023,88,Adult,3,Male,,,1.0571428571428572
Spain,Suspect,2023,89,Adult,3,Male,,,1.0571428571428572
Spain,Suspect,2023,90,Adult,3,Male,,,1.0571428571428572
Spain,Suspect,2023,91,Adult,3,Male,,,1.0571428571428572
Spain,Suspect,2023,92,Adult,3,Male,,,1.0571428571428572
Spain,Suspect,2023,93,Adult,3,Male,,,1.0571428571428572
Spain,Suspect,2023,94,Adult,3,Male,,,1.0571428571428572
Spain,Suspect,2023,95,Adult,3,Male,,,1.0571428571428572
Spain,Suspect,2023,96,Adult,3,Male,,,1.0571428571428572
Spain,Suspect,2023,97,Adult,3,Male,,,1.0571428571428572
Spain,Suspect,2023,98,Adult,3,Male,,,1.0571428571428572
Spain,Suspect,2023,99,Adult,3,Male,,,1.0571428571428572
Spain,Suspect,2024,14,Juvenile,2,Female,,,2.0
Spain,Suspect,2024,14,Juvenile,2,Male,,,24.25
Spain,Suspect,2024,15,Juvenile,2,Female,,,2.0
Spain,Suspect,2024,15,Juvenile,2,Male,,,24.25
Spain,Suspect,2024,16,Juvenile,2,Female,,,2.0
Spain,Suspect,2024,16,Juvenile,2,Male,,,24.25
Spain,Suspect,2024,17,Juvenile,2,Female,,,2.0
Spain,Suspect,2024,17,Juvenile,2,Male,,,24.25
Spain,Suspect,2024,18,Adult,3,Female,,,0.46153846153846156
Spain,Suspect,2024,18,Adult,3,Male,,,11.153846153846153
Spain,Suspect,2024,19,Adult,3,Female,,,0.46153846153846156
Spain,Suspect,2024,19,Adult,3,Male,,,11.153846153846153
Spain,Suspect,2024,20,Adult,3,Female,,,0.46153846153846156
Spain,Suspect,2024,20,Adult,3,Male,,,11.153846153846153
Spain,Suspect,2024,21,Adult,3,Female,,,0.46153846153846156
Spain,Suspect,2024,21,Adult,3,Male,,,11.153846153846153
Spain,Suspect,2024,22,Adult,3,Female,,,0.46153846153846156
Spain,Suspect,2024,22,Adult,3,Male,,,11.153846153846153
Spain,Suspect,2024,23,Adult,3,Female,,,0.46153846153846156
Spain,Suspect,2024,23,Adult,3,Male,,,11.153846153846153
Spain,Suspect,2024,24,Adult,3,Female,,,0.46153846153846156
Spain,Suspect,2024,24,Adult,3,Male,,,11.153846153846153
Spain,Suspect,2024,25,Adult,3,Female,,,0.46153846153846156
Spain,Suspect,2024,25,Adult,3,Male,,,11.153846153846153
Spain,Suspect,2024,26,Adult,3,Female,,,0.46153846153846156
Spain,Suspect,2024,26,Adult,3,Male,,,11.153846153846153
Spain,Suspect,2024,27,Adult,3,Female,,,0.46153846153846156
Spain,Suspect,2024,27,Adult,3,Male,,,11.153846153846153
Spain,Suspect,2024,28,Adult,3,Female,,,0.46153846153846156
Spain,Suspect,2024,28,Adult,3,Male,,,11.153846153846153
Spain,Suspect,2024,29,Adult,3,Female,,,0.46153846153846156
Spain,Suspect,2024,29,Adult,3,Male,,,11.153846153846153
Spain,Suspect,2024,30,Adult,3,Female,,,0.46153846153846156
Spain,Suspect,2024,30,Adult,3,Male,,,11.153846153846153
Spain,Suspect,2024,31,Adult,3,Female,,,0.5
Spain,Suspect,2024,31,Adult,3,Male,,,9.4
Spain,Suspect,2024,32,Adult,3,Female,,,0.5
Spain,Suspect,2024,32,Adult,3,Male,,,9.4
Spain,Suspect,2024,33,Adult,3,Female,,,0.5
Spain,Suspect,2024,33,Adult,3,Male,,,9.4
Spain,Suspect,2024,34,Adult,3,Female,,,0.5
Spain,Suspect,2024,34,Adult,3,Male,,,9.4
Spain,Suspect,2024,35,Adult,3,Female,,,0.5
Spain,Suspect,2024,35,Adult,3,Male,,,9.4
Spain,Suspect,2024,36,Adult,3,Female,,,0.5
Spain,Suspect,2024,36,Adult,3,Male,,,9.4
Spain,Suspect,2024,37,Adult,3,Female,,,0.5
Spain,Suspect,2024,37,Adult,3,Male,,,9.4
Spain,Suspect,2024,38,Adult,3,Female,,,0.5
Spain,Suspect,2024,38,Adult,3,Male,,,9.4
Spain,Suspect,2024,39,Adult,3,Female,,,0.5
Spain,Suspect,2024,39,Adult,3,Male,,,9.4
Spain,Suspect,2024,40,Adult,3,Female,,,0.5
Spain,Suspect,2024,40,Adult,3,Male,,,9.4
Spain,Suspect,2024,41,Adult,3,Female,,,0.5
Spain,Suspect,2024,41,Adult,3,Male,,,8.666666666666666
Spain,Suspect,2024,42,Adult,3,Female,,,0.5
Spain,Suspect,2024,42,Adult,3,Male,,,8.666666666666666
Spain,Suspect,2024,43,Adult,3,Female,,,0.5
Spain,Suspect,2024,43,Adult,3,Male,,,8.666666666666666
Spain,Suspect,2024,44,Adult,3,Female,,,0.5
Spain,Suspect,2024,44,Adult,3,Male,,,8.666666666666666
Spain,Suspect,2024,45,Adult,3,Female,,,0.5
Spain,Suspect,2024,45,Adult,3,Male,,,8.666666666666666
Spain,Suspect,2024,46,Adult,3,Female,,,0.5
Spain,Suspect,2024,46,Adult,3,Male,,,8.666666666666666
Spain,Suspect,2024,47,Adult,3,Female,,,0.5
Spain,Suspect,2024,47,Adult,3,Male,,,8.666666666666666
Spain,Suspect,2024,48,Adult,3,Female,,,0.5
Spain,Suspect,2024,48,Adult,3,Male,,,8.666666666666666
Spain,Suspect,2024,49,Adult,3,Female,,,0.5
Spain,Suspect,2024,49,Adult,3,Male,,,8.666666666666666
Spain,Suspect,2024,50,Adult,3,Female,,,0.5
Spain,Suspect,2024,50,Adult,3,Male,,,8.666666666666666
Spain,Suspect,2024,51,Adult,3,Female,,,0.5
Spain,Suspect,2024,51,Adult,3,Male,,,8.666666666666666
Spain,Suspect,2024,52,Adult,3,Female,,,0.5
Spain,Suspect,2024,52,Adult,3,Male,,,8.666666666666666
Spain,Suspect,2024,53,Adult,3,Female,,,0.5
Spain,Suspect,2024,53,Adult,3,Male,,,8.666666666666666
Spain,Suspect,2024,54,Adult,3,Female,,,0.5
Spain,Suspect,2024,54,Adult,3,Male,,,8.666666666666666
Spain,Suspect,2024,55,Adult,3,Female,,,0.5
Spain,Suspect,2024,55,Adult,3,Male,,,8.666666666666666
Spain,Suspect,2024,56,Adult,3,Female,,,0.5
Spain,Suspect,2024,56,Adult,3,Male,,,8.666666666666666
Spain,Suspect,2024,57,Adult,3,Female,,,0.5
Spain,Suspect,2024,57,Adult,3,Male,,,8.666666666666666
Spain,Suspect,2024,58,Adult,3,Female,,,0.5
Spain,Suspect,2024,58,Adult,3,Male,,,8.666666666666666
Spain,Suspect,2024,59,Adult,3,Female,,,0.5
Spain,Suspect,2024,59,Adult,3,Male,,,8.666666666666666
Spain,Suspect,2024,60,Adult,3,Female,,,0.5
Spain,Suspect,2024,60,Adult,3,Male,,,8.666666666666666
Spain,Suspect,2024,61,Adult,3,Female,,,0.5
Spain,Suspect,2024,61,Adult,3,Male,,,8.666666666666666
Spain,Suspect,2024,62,Adult,3,Female,,,0.5
Spain,Suspect,2024,62,Adult,3,Male,,,8.666666666666666
Spain,Suspect,2024,63,Adult,3,Female,,,0.5
Spain,Suspect,2024,63,Adult,3,Male,,,8.666666666666666
Spain,Suspect,2024,64,Adult,3,Female,,,0.5
Spain,Suspect,2024,64,Adult,3,Male,,,8.666666666666666
Spain,Suspect,2024,65,Adult,3,Male,,,1.1714285714285715
Spain,Suspect,2024,66,Adult,3,Male,,,1.1714285714285715
Spain,Suspect,2024,67,Adult,3,Male,,,1.1714285714285715
Spain,Suspect,2024,68,Adult,3,Male,,,1.1714285714285715
Spain,Suspect,2024,69,Adult,3,Male,,,1.1714285714285715
Spain,Suspect,2024,70,Adult,3,Male,,,1.1714285714285715
Spain,Suspect,2024,71,Adult,3,Male,,,1.1714285714285715
Spain,Suspect,2024,72,Adult,3,Male,,,1.1714285714285715
Spain,Suspect,2024,73,Adult,3,Male,,,1.1714285714285715
Spain,Suspect,2024,74,Adult,3,Male,,,1.1714285714285715
Spain,Suspect,2024,75,Adult,3,Male,,,1.1714285714285715
Spain,Suspect,2024,76,Adult,3,Male,,,1.1714285714285715
Spain,Suspect,2024,77,Adult,3,Male,,,1.1714285714285715
Spain,Suspect,2024,78,Adult,3,Male,,,1.1714285714285715
Spain,Suspect,2024,79,Adult,3,Male,,,1.1714285714285715
Spain,Suspect,2024,80,Adult,3,Male,,,1.1714285714285715
Spain,Suspect,2024,81,Adult,3,Male,,,1.1714285714285715
Spain,Suspect,2024,82,Adult,3,Male,,,1.1714285714285715
Spain,Suspect,2024,83,Adult,3,Male,,,1.1714285714285715
Spain,Suspect,2024,84,Adult,3,Male,,,1.1714285714285715
Spain,Suspect,2024,85,Adult,3,Male,,,1.1714285714285715
Spain,Suspect,2024,86,Adult,3,Male,,,1.1714285714285715
Spain,Suspect,2024,87,Adult,3,Male,,,1.1714285714285715
Spain,Suspect,2024,88,Adult,3,Male,,,1.1714285714285715
Spain,Suspect,2024,89,Adult,3,Male,,,1.1714285714285715
Spain,Suspect,2024,90,Adult,3,Male,,,1.1714285714285715
Spain,Suspect,2024,91,Adult,3,Male,,,1.1714285714285715
Spain,Suspect,2024,92,Adult,3,Male,,,1.1714285714285715
Spain,Suspect,2024,93,Adult,3,Male,,,1.1714285714285715
Spain,Suspect,2024,94,Adult,3,Male,,,1.1714285714285715
Spain,Suspect,2024,95,Adult,3,Male,,,1.1714285714285715
Spain,Suspect,2024,96,Adult,3,Male,,,1.1714285714285715
Spain,Suspect,2024,97,Adult,3,Male,,,1.1714285714285715
Spain,Suspect,2024,98,Adult,3,Male,,,1.1714285714285715
Spain,Suspect,2024,99,Adult,3,Male,,,1.1714285714285715
New Zealand,Offender,2014,10,Juvenile,2,Female,Maori,,0.2
New Zealand,Offender,2014,10,Juvenile,2,Male,European,,0.2
New Zealand,Offender,2014,11,Juvenile,2,Female,Maori,,0.2
New Zealand,Offender,2014,11,Juvenile,2,Male,European,,0.2
New Zealand,Offender,2014,12,Juvenile,2,Female,Maori,,0.2
New Zealand,Offender,2014,12,Juvenile,2,Male,European,,0.2
New Zealand,Offender,2014,13,Juvenile,2,Female,Maori,,0.2
New Zealand,Offender,2014,13,Juvenile,2,Male,European,,0.2
New Zealand,Offender,2014,14,Juvenile,2,Female,Maori,,0.2
New Zealand,Offender,2014,14,Juvenile,2,Male,European,,0.2
New Zealand,Offender,2014,25,Adult,3,Male,European,Producer,0.2
New Zealand,Offender,2014,26,Adult,3,Male,European,Producer,0.2
New Zealand,Offender,2014,27,Adult,3,Male,European,Producer,0.2
New Zealand,Offender,2014,28,Adult,3,Male,European,Producer,0.2
New Zealand,Offender,2014,29,Adult,3,Male,European,Producer,0.2
New Zealand,Offender,2014,30,Adult,3,Male,European,Consumer,0.2
New Zealand,Offender,2014,31,Adult,3,Male,European,Consumer,0.2
New Zealand,Offender,2014,32,Adult,3,Male,European,Consumer,0.2
New Zealand,Offender,2014,33,Adult,3,Male,European,Consumer,0.2
New Zealand,Offender,2014,34,Adult,3,Male,European,Consumer,0.2
New Zealand,Offender,2014,35,Adult,3,Male,European,Consumer,0.2
New Zealand,Offender,2014,36,Adult,3,Male,European,Consumer,0.2
New Zealand,Offender,2014,37,Adult,3,Male,European,Consumer,0.2
New Zealand,Offender,2014,38,Adult,3,Male,European,Consumer,0.2
New Zealand,Offender,2014,39,Adult,3,Male,European,Consumer,0.2
New Zealand,Offender,2014,40,Adult,3,Male,European,Consumer,0.4
New Zealand,Offender,2014,41,Adult,3,Male,European,Consumer,0.4
New Zealand,Offender,2014,42,Adult,3,Male,European,Consumer,0.4
New Zealand,Offender,2014,43,Adult,3,Male,European,Consumer,0.4
New Zealand,Offender,2014,44,Adult,3,Male,European,Consumer,0.4
New Zealand,Offender,2014,45,Adult,3,Male,European,Consumer,0.6
New Zealand,Offender,2014,45,Adult,3,Male,European,Producer,1.0
New Zealand,Offender,2014,46,Adult,3,Male,European,Consumer,0.6
New Zealand,Offender,2014,46,Adult,3,Male,European,Producer,1.0
New Zealand,Offender,2014,47,Adult,3,Male,European,Consumer,0.6
New Zealand,Offender,2014,47,Adult,3,Male,European,Producer,1.0
New Zealand,Offender,2014,48,Adult,3,Male,European,Consumer,0.6
New Zealand,Offender,2014,48,Adult,3,Male,European,Producer,1.0
New Zealand,Offender,2014,49,Adult,3,Male,European,Consumer,0.6
New Zealand,Offender,2014,49,Adult,3,Male,European,Producer,1.0
New Zealand,Offender,2014,50,Adult,3,Male,European,Consumer,0.2
New Zealand,Offender,2014,51,Adult,3,Male,European,Consumer,0.2
New Zealand,Offender,2014,52,Adult,3,Male,European,Consumer,0.2
New Zealand,Offender,2014,53,Adult,3,Male,European,Consumer,0.2
New Zealand,Offender,2014,54,Adult,3,Male,European,Consumer,0.2
New Zealand,Offender,2014,55,Adult,3,Male,European,Producer,0.4
New Zealand,Offender,2014,56,Adult,3,Male,European,Producer,0.4
New Zealand,Offender,2014,57,Adult,3,Male,European,Producer,0.4
New Zealand,Offender,2014,58,Adult,3,Male,European,Producer,0.4
New Zealand,Offender,2014,59,Adult,3,Male,European,Producer,0.4
New Zealand,Offender,2014,60,Adult,3,Male,European,Producer,0.2
New Zealand,Offender,2014,61,Adult,3,Male,European,Producer,0.2
New Zealand,Offender,2014,62,Adult,3,Male,European,Producer,0.2
New Zealand,Offender,2014,63,Adult,3,Male,European,Producer,0.2
New Zealand,Offender,2014,64,Adult,3,Male,European,Producer,0.2
New Zealand,Offender,2014,70,Adult,3,Male,European,Consumer,0.2
New Zealand,Offender,2014,71,Adult,3,Male,European,Consumer,0.2
New Zealand,Offender,2014,72,Adult,3,Male,European,Consumer,0.2
New Zealand,Offender,2014,73,Adult,3,Male,European,Consumer,0.2
New Zealand,Offender,2014,74,Adult,3,Male,European,Consumer,0.2
New Zealand,Offender,2015,5,Child,1,Male,European,Producer,0.2
New Zealand,Offender,2015,6,Child,1,Male,European,Producer,0.2
New Zealand,Offender,2015,7,Child,1,Male,European,Producer,0.2
New Zealand,Offender,2015,8,Child,1,Male,European,Producer,0.2
New Zealand,Offender,2015,9,Child,1,Male,European,Producer,0.2
New Zealand,Offender,2015,10,Juvenile,2,Male,European,Consumer,0.2
New Zealand,Offender,2015,10,Juvenile,2,Male,European,Producer,0.2
New Zealand,Offender,2015,11,Juvenile,2,Male,European,Consumer,0.2
New Zealand,Offender,2015,11,Juvenile,2,Male,European,Producer,0.2
New Zealand,Offender,2015,12,Juvenile,2,Male,European,Consumer,0.2
New Zealand,Offender,2015,12,Juvenile,2,Male,European,Producer,0.2
New Zealand,Offender,2015,13,Juvenile,2,Male,European,Consumer,0.2
New Zealand,Offender,2015,13,Juvenile,2,Male,European,Producer,0.2
New Zealand,Offender,2015,14,Juvenile,2,Male,European,Consumer,0.2
New Zealand,Offender,2015,14,Juvenile,2,Male,European,Producer,0.2
New Zealand,Offender,2015,15,Juvenile,2,Male,European,Consumer,0.2
New Zealand,Offender,2015,15,Juvenile,2,Male,Maori,Consumer,0.2
New Zealand,Offender,2015,15,Juvenile,2,Male,European,Producer,0.6
New Zealand,Offender,2015,16,Juvenile,2,Male,Maori,Consumer,0.2
New Zealand,Offender,2015,16,Juvenile,2,Male,European,Consumer,0.2
New Zealand,Offender,2015,16,Juvenile,2,Male,European,Producer,0.6
New Zealand,Offender,2015,17,Juvenile,2,Male,European,Consumer,0.2
New Zealand,Offender,2015,17,Juvenile,2,Male,Maori,Consumer,0.2
New Zealand,Offender,2015,17,Juvenile,2,Male,European,Producer,0.6
New Zealand,Offender,2015,18,Juvenile,2,Male,Maori,Consumer,0.2
New Zealand,Offender,2015,18,Juvenile,2,Male,European,Consumer,0.2
New Zealand,Offender,2015,18,Juvenile,2,Male,European,Producer,0.6
New Zealand,Offender,2015,19,Juvenile,2,Male,European,Consumer,0.2
New Zealand,Offender,2015,19,Juvenile,2,Male,Maori,Consumer,0.2
New Zealand,Offender,2015,19,Juvenile,2,Male,European,Producer,0.6
New Zealand,Offender,2015,20,Adult,3,Male,European,Consumer,0.4
New Zealand,Offender,2015,20,Adult,3,Male,Asian,Producer,0.2
New Zealand,Offender,2015,20,Adult,3,Male,Maori,Producer,0.2
New Zealand,Offender,2015,20,Adult,3,Male,European,Producer,0.4
New Zealand,Offender,2015,21,Adult,3,Male,European,Consumer,0.4
New Zealand,Offender,2015,21,Adult,3,Male,European,Producer,0.4
New Zealand,Offender,2015,21,Adult,3,Male,Asian,Producer,0.2
New Zealand,Offender,2015,21,Adult,3,Male,Maori,Producer,0.2
New Zealand,Offender,2015,22,Adult,3,Male,European,Consumer,0.4
New Zealand,Offender,2015,22,Adult,3,Male,European,Producer,0.4
New Zealand,Offender,2015,22,Adult,3,Male,Asian,Producer,0.2
New Zealand,Offender,2015,22,Adult,3,Male,Maori,Producer,0.2
New Zealand,Offender,2015,23,Adult,3,Male,European,Consumer,0.4
New Zealand,Offender,2015,23,Adult,3,Male,European,Producer,0.4
New Zealand,Offender,2015,23,Adult,3,Male,Asian,Producer,0.2
New Zealand,Offender,2015,23,Adult,3,Male,Maori,Producer,0.2
New Zealand,Offender,2015,24,Adult,3,Male,European,Consumer,0.4
New Zealand,Offender,2015,24,Adult,3,Male,European,Producer,0.4
New Zealand,Offender,2015,24,Adult,3,Male,Asian,Producer,0.2
New Zealand,Offender,2015,24,Adult,3,Male,Maori,Producer,0.2
New Zealand,Offender,2015,25,Adult,3,Male,Maori,Consumer,0.2
New Zealand,Offender,2015,25,Adult,3,Male,European,Consumer,0.2
New Zealand,Offender,2015,25,Adult,3,Male,European,Producer,1.0
New Zealand,Offender,2015,26,Adult,3,Male,European,Consumer,0.2
New Zealand,Offender,2015,26,Adult,3,Male,Maori,Consumer,0.2
New Zealand,Offender,2015,26,Adult,3,Male,European,Producer,1.0
New Zealand,Offender,2015,27,Adult,3,Male,Maori,Consumer,0.2
New Zealand,Offender,2015,27,Adult,3,Male,European,Consumer,0.2
New Zealand,Offender,2015,27,Adult,3,Male,European,Producer,1.0
New Zealand,Offender,2015,28,Adult,3,Male,Maori,Consumer,0.2
New Zealand,Offender,2015,28,Adult,3,Male,European,Consumer,0.2
New Zealand,Offender,2015,28,Adult,3,Male,European,Producer,1.0
New Zealand,Offender,2015,29,Adult,3,Male,Maori,Consumer,0.2
New Zealand,Offender,2015,29,Adult,3,Male,European,Consumer,0.2
New Zealand,Offender,2015,29,Adult,3,Male,European,Producer,1.0
New Zealand,Offender,2015,30,Adult,3,Male,European,,0.2
New Zealand,Offender,2015,31,Adult,3,Male,European,,0.2
New Zealand,Offender,2015,32,Adult,3,Male,European,,0.2
New Zealand,Offender,2015,33,Adult,3,Male,European,,0.2
New Zealand,Offender,2015,34,Adult,3,Male,European,,0.2
New Zealand,Offender,2015,35,Adult,3,Male,European,Consumer,0.2
New Zealand,Offender,2015,35,Adult,3,Male,,Producer,0.2
New Zealand,Offender,2015,35,Adult,3,Male,European,Producer,0.2
New Zealand,Offender,2015,36,Adult,3,Male,European,Consumer,0.2
New Zealand,Offender,2015,36,Adult,3,Male,European,Producer,0.2
New Zealand,Offender,2015,36,Adult,3,Male,,Producer,0.2
New Zealand,Offender,2015,37,Adult,3,Male,European,Consumer,0.2
New Zealand,Offender,2015,37,Adult,3,Male,European,Producer,0.2
New Zealand,Offender,2015,37,Adult,3,Male,,Producer,0.2
New Zealand,Offender,2015,38,Adult,3,Male,European,Consumer,0.2
New Zealand,Offender,2015,38,Adult,3,Male,,Producer,0.2
New Zealand,Offender,2015,38,Adult,3,Male,European,Producer,0.2
New Zealand,Offender,2015,39,Adult,3,Male,European,Consumer,0.2
New Zealand,Offender,2015,39,Adult,3,Male,European,Producer,0.2
New Zealand,Offender,2015,39,Adult,3,Male,,Producer,0.2
New Zealand,Offender,2015,40,Adult,3,Male,Maori,Consumer,0.2
New Zealand,Offender,2015,40,Adult,3,Male,European,Consumer,0.6
New Zealand,Offender,2015,40,Adult,3,Male,European,Producer,0.2
New Zealand,Offender,2015,41,Adult,3,Male,Maori,Consumer,0.2
New Zealand,Offender,2015,41,Adult,3,Male,European,Consumer,0.6
New Zealand,Offender,2015,41,Adult,3,Male,European,Producer,0.2
New Zealand,Offender,2015,42,Adult,3,Male,European,Consumer,0.6
New Zealand,Offender,2015,42,Adult,3,Male,Maori,Consumer,0.2
New Zealand,Offender,2015,42,Adult,3,Male,European,Producer,0.2
New Zealand,Offender,2015,43,Adult,3,Male,European,Consumer,0.6
New Zealand,Offender,2015,43,Adult,3,Male,Maori,Consumer,0.2
New Zealand,Offender,2015,43,Adult,3,Male,European,Producer,0.2
New Zealand,Offender,2015,44,Adult,3,Male,Maori,Consumer,0.2
New Zealand,Offender,2015,44,Adult,3,Male,European,Consumer,0.6
New Zealand,Offender,2015,44,Adult,3,Male,European,Producer,0.2
New Zealand,Offender,2015,45,Adult,3,Male,European,Consumer,0.6
New Zealand,Offender,2015,45,Adult,3,Male,European,Producer,0.4
New Zealand,Offender,2015,46,Adult,3,Male,European,Consumer,0.6
New Zealand,Offender,2015,46,Adult,3,Male,European,Producer,0.4
New Zealand,Offender,2015,47,Adult,3,Male,European,Consumer,0.6
New Zealand,Offender,2015,47,Adult,3,Male,European,Producer,0.4
New Zealand,Offender,2015,48,Adult,3,Male,European,Consumer,0.6
New Zealand,Offender,2015,48,Adult,3,Male,European,Producer,0.4
New Zealand,Offender,2015,49,Adult,3,Male,European,Consumer,0.6
New Zealand,Offender,2015,49,Adult,3,Male,European,Producer,0.4
New Zealand,Offender,2015,50,Adult,3,Male,European,Producer,0.8
New Zealand,Offender,2015,51,Adult,3,Male,European,Producer,0.8
New Zealand,Offender,2015,52,Adult,3,Male,European,Producer,0.8
New Zealand,Offender,2015,53,Adult,3,Male,European,Producer,0.8
New Zealand,Offender,2015,54,Adult,3,Male,European,Producer,0.8
New Zealand,Offender,2015,55,Adult,3,Male,European,Consumer,0.4
New Zealand,Offender,2015,56,Adult,3,Male,European,Consumer,0.4
New Zealand,Offender,2015,57,Adult,3,Male,European,Consumer,0.4
New Zealand,Offender,2015,58,Adult,3,Male,European,Consumer,0.4
New Zealand,Offender,2015,59,Adult,3,Male,European,Consumer,0.4
New Zealand,Offender,2015,60,Adult,3,Male,,Consumer,0.2
New Zealand,Offender,2015,60,Adult,3,Male,European,Consumer,0.2
New Zealand,Offender,2015,60,Adult,3,Male,European,Producer,0.2
New Zealand,Offender,2015,61,Adult,3,Male,,Consumer,0.2
New Zealand,Offender,2015,61,Adult,3,Male,European,Consumer,0.2
New Zealand,Offender,2015,61,Adult,3,Male,European,Producer,0.2
New Zealand,Offender,2015,62,Adult,3,Male,,Consumer,0.2
New Zealand,Offender,2015,62,Adult,3,Male,European,Consumer,0.2
New Zealand,Offender,2015,62,Adult,3,Male,European,Producer,0.2
New Zealand,Offender,2015,63,Adult,3,Male,,Consumer,0.2
New Zealand,Offender,2015,63,Adult,3,Male,European,Consumer,0.2
New Zealand,Offender,2015,63,Adult,3,Male,European,Producer,0.2
New Zealand,Offender,2015,64,Adult,3,Male,,Consumer,0.2
New Zealand,Offender,2015,64,Adult,3,Male,European,Consumer,0.2
New Zealand,Offender,2015,64,Adult,3,Male,European,Producer,0.2
New Zealand,Offender,2016,5,Child,1,Female,European,,0.2
New Zealand,Offender,2016,6,Child,1,Female,European,,0.2
New Zealand,Offender,2016,7,Child,1,Female,European,,0.2
New Zealand,Offender,2016,8,Child,1,Female,European,,0.2
New Zealand,Offender,2016,9,Child,1,Female,European,,0.2
New Zealand,Offender,2016,10,Juvenile,2,Female,,Consumer,0.2
New Zealand,Offender,2016,10,Juvenile,2,Male,European,Producer,0.4
New Zealand,Offender,2016,10,Juvenile,2,Male,Maori,Producer,0.2
New Zealand,Offender,2016,11,Juvenile,2,Female,,Consumer,0.2
New Zealand,Offender,2016,11,Juvenile,2,Male,European,Producer,0.4
New Zealand,Offender,2016,11,Juvenile,2,Male,Maori,Producer,0.2
New Zealand,Offender,2016,12,Juvenile,2,Female,,Consumer,0.2
New Zealand,Offender,2016,12,Juvenile,2,Male,Maori,Producer,0.2
New Zealand,Offender,2016,12,Juvenile,2,Male,European,Producer,0.4
New Zealand,Offender,2016,13,Juvenile,2,Female,,Consumer,0.2
New Zealand,Offender,2016,13,Juvenile,2,Male,European,Producer,0.4
New Zealand,Offender,2016,13,Juvenile,2,Male,Maori,Producer,0.2
New Zealand,Offender,2016,14,Juvenile,2,Female,,Consumer,0.2
New Zealand,Offender,2016,14,Juvenile,2,Male,European,Producer,0.4
New Zealand,Offender,2016,14,Juvenile,2,Male,Maori,Producer,0.2
New Zealand,Offender,2016,15,Juvenile,2,Female,European,Producer,0.2
New Zealand,Offender,2016,15,Juvenile,2,Male,,Consumer,0.2
New Zealand,Offender,2016,15,Juvenile,2,Male,European,Consumer,0.6
New Zealand,Offender,2016,15,Juvenile,2,Male,Pacific Island,Producer,0.4
New Zealand,Offender,2016,15,Juvenile,2,Male,,Producer,0.4
New Zealand,Offender,2016,15,Juvenile,2,Male,European,Producer,1.4
New Zealand,Offender,2016,16,Juvenile,2,Female,European,Producer,0.2
New Zealand,Offender,2016,16,Juvenile,2,Male,European,Consumer,0.6
New Zealand,Offender,2016,16,Juvenile,2,Male,,Consumer,0.2
New Zealand,Offender,2016,16,Juvenile,2,Male,,Producer,0.4
New Zealand,Offender,2016,16,Juvenile,2,Male,European,Producer,1.4
New Zealand,Offender,2016,16,Juvenile,2,Male,Pacific Island,Producer,0.4
New Zealand,Offender,2016,17,Juvenile,2,Female,European,Producer,0.2
New Zealand,Offender,2016,17,Juvenile,2,Male,European,Consumer,0.6
New Zealand,Offender,2016,17,Juvenile,2,Male,,Consumer,0.2
New Zealand,Offender,2016,17,Juvenile,2,Male,European,Producer,1.4
New Zealand,Offender,2016,17,Juvenile,2,Male,Pacific Island,Producer,0.4
New Zealand,Offender,2016,17,Juvenile,2,Male,,Producer,0.4
New Zealand,Offender,2016,18,Juvenile,2,Female,European,Producer,0.2
New Zealand,Offender,2016,18,Juvenile,2,Male,European,Consumer,0.6
New Zealand,Offender,2016,18,Juvenile,2,Male,,Consumer,0.2
New Zealand,Offender,2016,18,Juvenile,2,Male,European,Producer,1.4
New Zealand,Offender,2016,18,Juvenile,2,Male,,Producer,0.4
New Zealand,Offender,2016,18,Juvenile,2,Male,Pacific Island,Producer,0.4
New Zealand,Offender,2016,19,Juvenile,2,Female,European,Producer,0.2
New Zealand,Offender,2016,19,Juvenile,2,Male,European,Consumer,0.6
New Zealand,Offender,2016,19,Juvenile,2,Male,,Consumer,0.2
New Zealand,Offender,2016,19,Juvenile,2,Male,European,Producer,1.4
New Zealand,Offender,2016,19,Juvenile,2,Male,,Producer,0.4
New Zealand,Offender,2016,19,Juvenile,2,Male,Pacific Island,Producer,0.4
New Zealand,Offender,2016,20,Adult,3,Male,European,Consumer,0.2
New Zealand,Offender,2016,20,Adult,3,Male,European,Producer,0.4
New Zealand,Offender,2016,20,Adult,3,Male,Maori,Producer,0.2
New Zealand,Offender,2016,20,Adult,3,Male,Indian,Producer,0.2
New Zealand,Offender,2016,21,Adult,3,Male,European,Consumer,0.2
New Zealand,Offender,2016,21,Adult,3,Male,Maori,Producer,0.2
New Zealand,Offender,2016,21,Adult,3,Male,European,Producer,0.4
New Zealand,Offender,2016,21,Adult,3,Male,Indian,Producer,0.2
New Zealand,Offender,2016,22,Adult,3,Male,European,Consumer,0.2
New Zealand,Offender,2016,22,Adult,3,Male,Maori,Producer,0.2
New Zealand,Offender,2016,22,Adult,3,Male,European,Producer,0.4
New Zealand,Offender,2016,22,Adult,3,Male,Indian,Producer,0.2
New Zealand,Offender,2016,23,Adult,3,Male,European,Consumer,0.2
New Zealand,Offender,2016,23,Adult,3,Male,Maori,Producer,0.2
New Zealand,Offender,2016,23,Adult,3,Male,Indian,Producer,0.2
New Zealand,Offender,2016,23,Adult,3,Male,European,Producer,0.4
New Zealand,Offender,2016,24,Adult,3,Male,European,Consumer,0.2
New Zealand,Offender,2016,24,Adult,3,Male,Indian,Producer,0.2
New Zealand,Offender,2016,24,Adult,3,Male,Maori,Producer,0.2
New Zealand,Offender,2016,24,Adult,3,Male,European,Producer,0.4
New Zealand,Offender,2016,25,Adult,3,Male,European,Consumer,0.8
New Zealand,Offender,2016,25,Adult,3,Male,European,Producer,0.4
New Zealand,Offender,2016,26,Adult,3,Male,European,Consumer,0.8
New Zealand,Offender,2016,26,Adult,3,Male,European,Producer,0.4
New Zealand,Offender,2016,27,Adult,3,Male,European,Consumer,0.8
New Zealand,Offender,2016,27,Adult,3,Male,European,Producer,0.4
New Zealand,Offender,2016,28,Adult,3,Male,European,Consumer,0.8
New Zealand,Offender,2016,28,Adult,3,Male,European,Producer,0.4
New Zealand,Offender,2016,29,Adult,3,Male,European,Consumer,0.8
New Zealand,Offender,2016,29,Adult,3,Male,European,Producer,0.4
New Zealand,Offender,2016,30,Adult,3,Male,Maori,Consumer,0.2
New Zealand,Offender,2016,30,Adult,3,Male,European,Consumer,0.2
New Zealand,Offender,2016,30,Adult,3,Male,European,Producer,0.4
New Zealand,Offender,2016,30,Adult,3,Male,,Producer,0.2
New Zealand,Offender,2016,31,Adult,3,Male,European,Consumer,0.2
New Zealand,Offender,2016,31,Adult,3,Male,Maori,Consumer,0.2
New Zealand,Offender,2016,31,Adult,3,Male,European,Producer,0.4
New Zealand,Offender,2016,31,Adult,3,Male,,Producer,0.2
New Zealand,Offender,2016,32,Adult,3,Male,Maori,Consumer,0.2
New Zealand,Offender,2016,32,Adult,3,Male,European,Consumer,0.2
New Zealand,Offender,2016,32,Adult,3,Male,European,Producer,0.4
New Zealand,Offender,2016,32,Adult,3,Male,,Producer,0.2
New Zealand,Offender,2016,33,Adult,3,Male,Maori,Consumer,0.2
New Zealand,Offender,2016,33,Adult,3,Male,European,Consumer,0.2
New Zealand,Offender,2016,33,Adult,3,Male,European,Producer,0.4
New Zealand,Offender,2016,33,Adult,3,Male,,Producer,0.2
New Zealand,Offender,2016,34,Adult,3,Male,European,Consumer,0.2
New Zealand,Offender,2016,34,Adult,3,Male,Maori,Consumer,0.2
New Zealand,Offender,2016,34,Adult,3,Male,European,Producer,0.4
New Zealand,Offender,2016,34,Adult,3,Male,,Producer,0.2
New Zealand,Offender,2016,35,Adult,3,Male,European,Consumer,0.6
New Zealand,Offender,2016,35,Adult,3,Male,European,Producer,0.2
New Zealand,Offender,2016,36,Adult,3,Male,European,Consumer,0.6
New Zealand,Offender,2016,36,Adult,3,Male,European,Producer,0.2
New Zealand,Offender,2016,37,Adult,3,Male,European,Consumer,0.6
New Zealand,Offender,2016,37,Adult,3,Male,European,Producer,0.2
New Zealand,Offender,2016,38,Adult,3,Male,European,Consumer,0.6
New Zealand,Offender,2016,38,Adult,3,Male,European,Producer,0.2
New Zealand,Offender,2016,39,Adult,3,Male,European,Consumer,0.6
New Zealand,Offender,2016,39,Adult,3,Male,European,Producer,0.2
New Zealand,Offender,2016,40,Adult,3,Male,European,Consumer,0.4
New Zealand,Offender,2016,40,Adult,3,Male,European,Producer,0.8
New Zealand,Offender,2016,41,Adult,3,Male,European,Consumer,0.4
New Zealand,Offender,2016,41,Adult,3,Male,European,Producer,0.8
New Zealand,Offender,2016,42,Adult,3,Male,European,Consumer,0.4
New Zealand,Offender,2016,42,Adult,3,Male,European,Producer,0.8
New Zealand,Offender,2016,43,Adult,3,Male,European,Consumer,0.4
New Zealand,Offender,2016,43,Adult,3,Male,European,Producer,0.8
New Zealand,Offender,2016,44,Adult,3,Male,European,Consumer,0.4
New Zealand,Offender,2016,44,Adult,3,Male,European,Producer,0.8
New Zealand,Offender,2016,45,Adult,3,Male,European,Consumer,0.4
New Zealand,Offender,2016,45,Adult,3,Male,European,Producer,1.0
New Zealand,Offender,2016,45,Adult,3,Male,,Producer,0.2
New Zealand,Offender,2016,46,Adult,3,Male,European,Consumer,0.4
New Zealand,Offender,2016,46,Adult,3,Male,,Producer,0.2
New Zealand,Offender,2016,46,Adult,3,Male,European,Producer,1.0
New Zealand,Offender,2016,47,Adult,3,Male,European,Consumer,0.4
New Zealand,Offender,2016,47,Adult,3,Male,European,Producer,1.0
New Zealand,Offender,2016,47,Adult,3,Male,,Producer,0.2
New Zealand,Offender,2016,48,Adult,3,Male,European,Consumer,0.4
New Zealand,Offender,2016,48,Adult,3,Male,,Producer,0.2
New Zealand,Offender,2016,48,Adult,3,Male,European,Producer,1.0
New Zealand,Offender,2016,49,Adult,3,Male,European,Consumer,0.4
New Zealand,Offender,2016,49,Adult,3,Male,,Producer,0.2
New Zealand,Offender,2016,49,Adult,3,Male,European,Producer,1.0
New Zealand,Offender,2016,50,Adult,3,Male,European,Consumer,0.6
New Zealand,Offender,2016,51,Adult,3,Male,European,Consumer,0.6
New Zealand,Offender,2016,52,Adult,3,Male,European,Consumer,0.6
New Zealand,Offender,2016,53,Adult,3,Male,European,Consumer,0.6
New Zealand,Offender,2016,54,Adult,3,Male,European,Consumer,0.6
New Zealand,Offender,2016,55,Adult,3,Male,European,Consumer,0.4
New Zealand,Offender,2016,56,Adult,3,Male,European,Consumer,0.4
New Zealand,Offender,2016,57,Adult,3,Male,European,Consumer,0.4
New Zealand,Offender,2016,58,Adult,3,Male,European,Consumer,0.4
New Zealand,Offender,2016,59,Adult,3,Male,European,Consumer,0.4
New Zealand,Offender,2016,60,Adult,3,Male,Asian,Producer,0.2
New Zealand,Offender,2016,61,Adult,3,Male,Asian,Producer,0.2
New Zealand,Offender,2016,62,Adult,3,Male,Asian,Producer,0.2
New Zealand,Offender,2016,63,Adult,3,Male,Asian,Producer,0.2
New Zealand,Offender,2016,64,Adult,3,Male,Asian,Producer,0.2
New Zealand,Offender,2016,65,Adult,3,Male,European,Consumer,0.2
New Zealand,Offender,2016,66,Adult,3,Male,European,Consumer,0.2
New Zealand,Offender,2016,67,Adult,3,Male,European,Consumer,0.2
New Zealand,Offender,2016,68,Adult,3,Male,European,Consumer,0.2
New Zealand,Offender,2016,69,Adult,3,Male,European,Consumer,0.2
New Zealand,Offender,2016,70,Adult,3,Male,European,Consumer,0.2
New Zealand,Offender,2016,71,Adult,3,Male,European,Consumer,0.2
New Zealand,Offender,2016,72,Adult,3,Male,European,Consumer,0.2
New Zealand,Offender,2016,73,Adult,3,Male,European,Consumer,0.2
New Zealand,Offender,2016,74,Adult,3,Male,European,Consumer,0.2
New Zealand,Offender,2016,75,Adult,3,Male,European,,0.2
New Zealand,Offender,2016,76,Adult,3,Male,European,,0.2
New Zealand,Offender,2016,77,Adult,3,Male,European,,0.2
New Zealand,Offender,2016,78,Adult,3,Male,European,,0.2
New Zealand,Offender,2016,79,Adult,3,Male,European,,0.2
New Zealand,Offender,2017,10,Juvenile,2,Female,European,Producer,0.4
New Zealand,Offender,2017,10,Juvenile,2,Male,European,Consumer,0.4
New Zealand,Offender,2017,10,Juvenile,2,Male,European,Producer,0.4
New Zealand,Offender,2017,11,Juvenile,2,Female,European,Producer,0.4
New Zealand,Offender,2017,11,Juvenile,2,Male,European,Consumer,0.4
New Zealand,Offender,2017,11,Juvenile,2,Male,European,Producer,0.4
New Zealand,Offender,2017,12,Juvenile,2,Female,European,Producer,0.4
New Zealand,Offender,2017,12,Juvenile,2,Male,European,Consumer,0.4
New Zealand,Offender,2017,12,Juvenile,2,Male,European,Producer,0.4
New Zealand,Offender,2017,13,Juvenile,2,Female,European,Producer,0.4
New Zealand,Offender,2017,13,Juvenile,2,Male,European,Consumer,0.4
New Zealand,Offender,2017,13,Juvenile,2,Male,European,Producer,0.4
New Zealand,Offender,2017,14,Juvenile,2,Female,European,Producer,0.4
New Zealand,Offender,2017,14,Juvenile,2,Male,European,Consumer,0.4
New Zealand,Offender,2017,14,Juvenile,2,Male,European,Producer,0.4
New Zealand,Offender,2017,15,Juvenile,2,Female,European,Producer,0.2
New Zealand,Offender,2017,15,Juvenile,2,Male,Maori,Consumer,0.2
New Zealand,Offender,2017,15,Juvenile,2,Male,European,Consumer,0.4
New Zealand,Offender,2017,15,Juvenile,2,Male,European,Producer,0.2
New Zealand,Offender,2017,15,Juvenile,2,Male,Pacific Island,Producer,0.2
New Zealand,Offender,2017,15,Juvenile,2,Male,Maori,Producer,0.2
New Zealand,Offender,2017,16,Juvenile,2,Female,European,Producer,0.2
New Zealand,Offender,2017,16,Juvenile,2,Male,Maori,Consumer,0.2
New Zealand,Offender,2017,16,Juvenile,2,Male,European,Consumer,0.4
New Zealand,Offender,2017,16,Juvenile,2,Male,Pacific Island,Producer,0.2
New Zealand,Offender,2017,16,Juvenile,2,Male,European,Producer,0.2
New Zealand,Offender,2017,16,Juvenile,2,Male,Maori,Producer,0.2
New Zealand,Offender,2017,17,Juvenile,2,Female,European,Producer,0.2
New Zealand,Offender,2017,17,Juvenile,2,Male,Maori,Consumer,0.2
New Zealand,Offender,2017,17,Juvenile,2,Male,European,Consumer,0.4
New Zealand,Offender,2017,17,Juvenile,2,Male,European,Producer,0.2
New Zealand,Offender,2017,17,Juvenile,2,Male,Pacific Island,Producer,0.2
New Zealand,Offender,2017,17,Juvenile,2,Male,Maori,Producer,0.2
New Zealand,Offender,2017,18,Juvenile,2,Female,European,Producer,0.2
New Zealand,Offender,2017,18,Juvenile,2,Male,Maori,Consumer,0.2
New Zealand,Offender,2017,18,Juvenile,2,Male,European,Consumer,0.4
New Zealand,Offender,2017,18,Juvenile,2,Male,Pacific Island,Producer,0.2
New Zealand,Offender,2017,18,Juvenile,2,Male,Maori,Producer,0.2
New Zealand,Offender,2017,18,Juvenile,2,Male,European,Producer,0.2
New Zealand,Offender,2017,19,Juvenile,2,Female,European,Producer,0.2
New Zealand,Offender,2017,19,Juvenile,2,Male,European,Consumer,0.4
New Zealand,Offender,2017,19,Juvenile,2,Male,Maori,Consumer,0.2
New Zealand,Offender,2017,19,Juvenile,2,Male,Maori,Producer,0.2
New Zealand,Offender,2017,19,Juvenile,2,Male,Pacific Island,Producer,0.2
New Zealand,Offender,2017,19,Juvenile,2,Male,European,Producer,0.2
New Zealand,Offender,2017,20,Adult,3,Male,European,Producer,1.0
New Zealand,Offender,2017,21,Adult,3,Male,European,Producer,1.0
New Zealand,Offender,2017,22,Adult,3,Male,European,Producer,1.0
New Zealand,Offender,2017,23,Adult,3,Male,European,Producer,1.0
New Zealand,Offender,2017,24,Adult,3,Male,European,Producer,1.0
New Zealand,Offender,2017,25,Adult,3,Male,European,Consumer,0.8
New Zealand,Offender,2017,25,Adult,3,Male,,Consumer,0.2
New Zealand,Offender,2017,25,Adult,3,Male,European,Producer,0.2
New Zealand,Offender,2017,26,Adult,3,Male,European,Consumer,0.8
New Zealand,Offender,2017,26,Adult,3,Male,,Consumer,0.2
New Zealand,Offender,2017,26,Adult,3,Male,European,Producer,0.2
New Zealand,Offender,2017,27,Adult,3,Male,,Consumer,0.2
New Zealand,Offender,2017,27,Adult,3,Male,European,Consumer,0.8
New Zealand,Offender,2017,27,Adult,3,Male,European,Producer,0.2
New Zealand,Offender,2017,28,Adult,3,Male,European,Consumer,0.8
New Zealand,Offender,2017,28,Adult,3,Male,,Consumer,0.2
New Zealand,Offender,2017,28,Adult,3,Male,European,Producer,0.2
New Zealand,Offender,2017,29,Adult,3,Male,European,Consumer,0.8
New Zealand,Offender,2017,29,Adult,3,Male,,Consumer,0.2
New Zealand,Offender,2017,29,Adult,3,Male,European,Producer,0.2
New Zealand,Offender,2017,30,Adult,3,Male,European,Consumer,0.4
New Zealand,Offender,2017,31,Adult,3,Male,European,Consumer,0.4
New Zealand,Offender,2017,32,Adult,3,Male,European,Consumer,0.4
New Zealand,Offender,2017,33,Adult,3,Male,European,Consumer,0.4
New Zealand,Offender,2017,34,Adult,3,Male,European,Consumer,0.4
New Zealand,Offender,2017,35,Adult,3,Female,Other,Consumer,0.2
New Zealand,Offender,2017,35,Adult,3,Male,European,Consumer,0.6
New Zealand,Offender,2017,36,Adult,3,Female,Other,Consumer,0.2
New Zealand,Offender,2017,36,Adult,3,Male,European,Consumer,0.6
New Zealand,Offender,2017,37,Adult,3,Female,Other,Consumer,0.2
New Zealand,Offender,2017,37,Adult,3,Male,European,Consumer,0.6
New Zealand,Offender,2017,38,Adult,3,Female,Other,Consumer,0.2
New Zealand,Offender,2017,38,Adult,3,Male,European,Consumer,0.6
New Zealand,Offender,2017,39,Adult,3,Female,Other,Consumer,0.2
New Zealand,Offender,2017,39,Adult,3,Male,European,Consumer,0.6
New Zealand,Offender,2017,40,Adult,3,Male,European,Consumer,1.2
New Zealand,Offender,2017,40,Adult,3,Male,European,Producer,0.4
New Zealand,Offender,2017,40,Adult,3,Male,,Producer,0.2
New Zealand,Offender,2017,41,Adult,3,Male,European,Consumer,1.2
New Zealand,Offender,2017,41,Adult,3,Male,European,Producer,0.4
New Zealand,Offender,2017,41,Adult,3,Male,,Producer,0.2
New Zealand,Offender,2017,42,Adult,3,Male,European,Consumer,1.2
New Zealand,Offender,2017,42,Adult,3,Male,European,Producer,0.4
New Zealand,Offender,2017,42,Adult,3,Male,,Producer,0.2
New Zealand,Offender,2017,43,Adult,3,Male,European,Consumer,1.2
New Zealand,Offender,2017,43,Adult,3,Male,European,Producer,0.4
New Zealand,Offender,2017,43,Adult,3,Male,,Producer,0.2
New Zealand,Offender,2017,44,Adult,3,Male,European,Consumer,1.2
New Zealand,Offender,2017,44,Adult,3,Male,European,Producer,0.4
New Zealand,Offender,2017,44,Adult,3,Male,,Producer,0.2
New Zealand,Offender,2017,45,Adult,3,Male,European,Consumer,0.6
New Zealand,Offender,2017,46,Adult,3,Male,European,Consumer,0.6
New Zealand,Offender,2017,47,Adult,3,Male,European,Consumer,0.6
New Zealand,Offender,2017,48,Adult,3,Male,European,Consumer,0.6
New Zealand,Offender,2017,49,Adult,3,Male,European,Consumer,0.6
New Zealand,Offender,2017,50,Adult,3,Male,European,Consumer,1.0
New Zealand,Offender,2017,50,Adult,3,Male,Pacific Island,Consumer,0.2
New Zealand,Offender,2017,50,Adult,3,Male,Maori,Producer,0.2
New Zealand,Offender,2017,50,Adult,3,Male,European,Producer,0.2
New Zealand,Offender,2017,51,Adult,3,Male,European,Consumer,1.0
New Zealand,Offender,2017,51,Adult,3,Male,Pacific Island,Consumer,0.2
New Zealand,Offender,2017,51,Adult,3,Male,Maori,Producer,0.2
New Zealand,Offender,2017,51,Adult,3,Male,European,Producer,0.2
New Zealand,Offender,2017,52,Adult,3,Male,Pacific Island,Consumer,0.2
New Zealand,Offender,2017,52,Adult,3,Male,European,Consumer,1.0
New Zealand,Offender,2017,52,Adult,3,Male,Maori,Producer,0.2
New Zealand,Offender,2017,52,Adult,3,Male,European,Producer,0.2
New Zealand,Offender,2017,53,Adult,3,Male,Pacific Island,Consumer,0.2
New Zealand,Offender,2017,53,Adult,3,Male,European,Consumer,1.0
New Zealand,Offender,2017,53,Adult,3,Male,Maori,Producer,0.2
New Zealand,Offender,2017,53,Adult,3,Male,European,Producer,0.2
New Zealand,Offender,2017,54,Adult,3,Male,Pacific Island,Consumer,0.2
New Zealand,Offender,2017,54,Adult,3,Male,European,Consumer,1.0
New Zealand,Offender,2017,54,Adult,3,Male,Maori,Producer,0.2
New Zealand,Offender,2017,54,Adult,3,Male,European,Producer,0.2
New Zealand,Offender,2017,55,Adult,3,Male,European,Consumer,0.2
New Zealand,Offender,2017,55,Adult,3,Male,European,Producer,0.6
New Zealand,Offender,2017,56,Adult,3,Male,European,Consumer,0.2
New Zealand,Offender,2017,56,Adult,3,Male,European,Producer,0.6
New Zealand,Offender,2017,57,Adult,3,Male,European,Consumer,0.2
New Zealand,Offender,2017,57,Adult,3,Male,European,Producer,0.6
New Zealand,Offender,2017,58,Adult,3,Male,European,Consumer,0.2
New Zealand,Offender,2017,58,Adult,3,Male,European,Producer,0.6
New Zealand,Offender,2017,59,Adult,3,Male,European,Consumer,0.2
New Zealand,Offender,2017,59,Adult,3,Male,European,Producer,0.6
New Zealand,Offender,2017,60,Adult,3,Male,European,Consumer,0.4
New Zealand,Offender,2017,60,Adult,3,Male,Maori,Producer,0.2
New Zealand,Offender,2017,61,Adult,3,Male,European,Consumer,0.4
New Zealand,Offender,2017,61,Adult,3,Male,Maori,Producer,0.2
New Zealand,Offender,2017,62,Adult,3,Male,European,Consumer,0.4
New Zealand,Offender,2017,62,Adult,3,Male,Maori,Producer,0.2
New Zealand,Offender,2017,63,Adult,3,Male,European,Consumer,0.4
New Zealand,Offender,2017,63,Adult,3,Male,Maori,Producer,0.2
New Zealand,Offender,2017,64,Adult,3,Male,European,Consumer,0.4
New Zealand,Offender,2017,64,Adult,3,Male,Maori,Producer,0.2
New Zealand,Offender,2017,65,Adult,3,Male,European,Consumer,0.2
New Zealand,Offender,2017,66,Adult,3,Male,European,Consumer,0.2
New Zealand,Offender,2017,67,Adult,3,Male,European,Consumer,0.2
New Zealand,Offender,2017,68,Adult,3,Male,European,Consumer,0.2
New Zealand,Offender,2017,69,Adult,3,Male,European,Consumer,0.2
New Zealand,Offender,2017,70,Adult,3,Male,European,Consumer,0.4
New Zealand,Offender,2017,71,Adult,3,Male,European,Consumer,0.4
New Zealand,Offender,2017,72,Adult,3,Male,European,Consumer,0.4
New Zealand,Offender,2017,73,Adult,3,Male,European,Consumer,0.4
New Zealand,Offender,2017,74,Adult,3,Male,European,Consumer,0.4
New Zealand,Offender,2018,10,Juvenile,2,Male,Maori,Consumer,0.2
New Zealand,Offender,2018,10,Juvenile,2,Male,Maori,Producer,0.2
New Zealand,Offender,2018,10,Juvenile,2,Male,,Producer,0.6
New Zealand,Offender,2018,10,Juvenile,2,Male,European,Producer,0.2
New Zealand,Offender,2018,11,Juvenile,2,Male,Maori,Consumer,0.2
New Zealand,Offender,2018,11,Juvenile,2,Male,European,Producer,0.2
New Zealand,Offender,2018,11,Juvenile,2,Male,,Producer,0.6
New Zealand,Offender,2018,11,Juvenile,2,Male,Maori,Producer,0.2
New Zealand,Offender,2018,12,Juvenile,2,Male,Maori,Consumer,0.2
New Zealand,Offender,2018,12,Juvenile,2,Male,European,Producer,0.2
New Zealand,Offender,2018,12,Juvenile,2,Male,,Producer,0.6
New Zealand,Offender,2018,12,Juvenile,2,Male,Maori,Producer,0.2
New Zealand,Offender,2018,13,Juvenile,2,Male,Maori,Consumer,0.2
New Zealand,Offender,2018,13,Juvenile,2,Male,,Producer,0.6
New Zealand,Offender,2018,13,Juvenile,2,Male,Maori,Producer,0.2
New Zealand,Offender,2018,13,Juvenile,2,Male,European,Producer,0.2
New Zealand,Offender,2018,14,Juvenile,2,Male,Maori,Consumer,0.2
New Zealand,Offender,2018,14,Juvenile,2,Male,Maori,Producer,0.2
New Zealand,Offender,2018,14,Juvenile,2,Male,,Producer,0.6
New Zealand,Offender,2018,14,Juvenile,2,Male,European,Producer,0.2
New Zealand,Offender,2018,15,Juvenile,2,Female,,Producer,0.2
New Zealand,Offender,2018,15,Juvenile,2,Female,European,Producer,0.2
New Zealand,Offender,2018,15,Juvenile,2,Female,Maori,Producer,0.4
New Zealand,Offender,2018,15,Juvenile,2,Male,European,Consumer,0.4
New Zealand,Offender,2018,15,Juvenile,2,Male,,Consumer,0.2
New Zealand,Offender,2018,15,Juvenile,2,Male,European,Producer,0.4
New Zealand,Offender,2018,15,Juvenile,2,Male,Maori,Producer,0.4
New Zealand,Offender,2018,15,Juvenile,2,Male,,Producer,0.4
New Zealand,Offender,2018,16,Juvenile,2,Female,Maori,Producer,0.4
New Zealand,Offender,2018,16,Juvenile,2,Female,European,Producer,0.2
New Zealand,Offender,2018,16,Juvenile,2,Female,,Producer,0.2
New Zealand,Offender,2018,16,Juvenile,2,Male,,Consumer,0.2
New Zealand,Offender,2018,16,Juvenile,2,Male,European,Consumer,0.4
New Zealand,Offender,2018,16,Juvenile,2,Male,,Producer,0.4
New Zealand,Offender,2018,16,Juvenile,2,Male,Maori,Producer,0.4
New Zealand,Offender,2018,16,Juvenile,2,Male,European,Producer,0.4
New Zealand,Offender,2018,17,Juvenile,2,Female,,Producer,0.2
New Zealand,Offender,2018,17,Juvenile,2,Female,European,Producer,0.2
New Zealand,Offender,2018,17,Juvenile,2,Female,Maori,Producer,0.4
New Zealand,Offender,2018,17,Juvenile,2,Male,,Consumer,0.2
New Zealand,Offender,2018,17,Juvenile,2,Male,European,Consumer,0.4
New Zealand,Offender,2018,17,Juvenile,2,Male,,Producer,0.4
New Zealand,Offender,2018,17,Juvenile,2,Male,European,Producer,0.4
New Zealand,Offender,2018,17,Juvenile,2,Male,Maori,Producer,0.4
New Zealand,Offender,2018,18,Juvenile,2,Female,,Producer,0.2
New Zealand,Offender,2018,18,Juvenile,2,Female,European,Producer,0.2
New Zealand,Offender,2018,18,Juvenile,2,Female,Maori,Producer,0.4
New Zealand,Offender,2018,18,Juvenile,2,Male,,Consumer,0.2
New Zealand,Offender,2018,18,Juvenile,2,Male,European,Consumer,0.4
New Zealand,Offender,2018,18,Juvenile,2,Male,Maori,Producer,0.4
New Zealand,Offender,2018,18,Juvenile,2,Male,European,Producer,0.4
New Zealand,Offender,2018,18,Juvenile,2,Male,,Producer,0.4
New Zealand,Offender,2018,19,Juvenile,2,Female,,Producer,0.2
New Zealand,Offender,2018,19,Juvenile,2,Female,European,Producer,0.2
New Zealand,Offender,2018,19,Juvenile,2,Female,Maori,Producer,0.4
New Zealand,Offender,2018,19,Juvenile,2,Male,,Consumer,0.2
New Zealand,Offender,2018,19,Juvenile,2,Male,European,Consumer,0.4
New Zealand,Offender,2018,19,Juvenile,2,Male,Maori,Producer,0.4
New Zealand,Offender,2018,19,Juvenile,2,Male,,Producer,0.4
New Zealand,Offender,2018,19,Juvenile,2,Male,European,Producer,0.4
New Zealand,Offender,2018,20,Adult,3,Male,Indian,Consumer,0.2
New Zealand,Offender,2018,20,Adult,3,Male,European,Consumer,0.6
New Zealand,Offender,2018,20,Adult,3,Male,European,Producer,0.4
New Zealand,Offender,2018,21,Adult,3,Male,Indian,Consumer,0.2
New Zealand,Offender,2018,21,Adult,3,Male,European,Consumer,0.6
New Zealand,Offender,2018,21,Adult,3,Male,European,Producer,0.4
New Zealand,Offender,2018,22,Adult,3,Male,Indian,Consumer,0.2
New Zealand,Offender,2018,22,Adult,3,Male,European,Consumer,0.6
New Zealand,Offender,2018,22,Adult,3,Male,European,Producer,0.4
New Zealand,Offender,2018,23,Adult,3,Male,Indian,Consumer,0.2
New Zealand,Offender,2018,23,Adult,3,Male,European,Consumer,0.6
New Zealand,Offender,2018,23,Adult,3,Male,European,Producer,0.4
New Zealand,Offender,2018,24,Adult,3,Male,Indian,Consumer,0.2
New Zealand,Offender,2018,24,Adult,3,Male,European,Consumer,0.6
New Zealand,Offender,2018,24,Adult,3,Male,European,Producer,0.4
New Zealand,Offender,2018,25,Adult,3,Male,European,Consumer,0.8
New Zealand,Offender,2018,25,Adult,3,Male,Maori,Consumer,0.2
New Zealand,Offender,2018,25,Adult,3,Male,,Producer,0.2
New Zealand,Offender,2018,26,Adult,3,Male,Maori,Consumer,0.2
New Zealand,Offender,2018,26,Adult,3,Male,European,Consumer,0.8
New Zealand,Offender,2018,26,Adult,3,Male,,Producer,0.2
New Zealand,Offender,2018,27,Adult,3,Male,European,Consumer,0.8
New Zealand,Offender,2018,27,Adult,3,Male,Maori,Consumer,0.2
New Zealand,Offender,2018,27,Adult,3,Male,,Producer,0.2
New Zealand,Offender,2018,28,Adult,3,Male,European,Consumer,0.8
New Zealand,Offender,2018,28,Adult,3,Male,Maori,Consumer,0.2
New Zealand,Offender,2018,28,Adult,3,Male,,Producer,0.2
New Zealand,Offender,2018,29,Adult,3,Male,European,Consumer,0.8
New Zealand,Offender,2018,29,Adult,3,Male,Maori,Consumer,0.2
New Zealand,Offender,2018,29,Adult,3,Male,,Producer,0.2
New Zealand,Offender,2018,30,Adult,3,Male,European,Consumer,0.4
New Zealand,Offender,2018,30,Adult,3,Male,,Consumer,0.2
New Zealand,Offender,2018,30,Adult,3,Male,European,Producer,0.4
New Zealand,Offender,2018,31,Adult,3,Male,European,Consumer,0.4
New Zealand,Offender,2018,31,Adult,3,Male,,Consumer,0.2
New Zealand,Offender,2018,31,Adult,3,Male,European,Producer,0.4
New Zealand,Offender,2018,32,Adult,3,Male,European,Consumer,0.4
New Zealand,Offender,2018,32,Adult,3,Male,,Consumer,0.2
New Zealand,Offender,2018,32,Adult,3,Male,European,Producer,0.4
New Zealand,Offender,2018,33,Adult,3,Male,European,Consumer,0.4
New Zealand,Offender,2018,33,Adult,3,Male,,Consumer,0.2
New Zealand,Offender,2018,33,Adult,3,Male,European,Producer,0.4
New Zealand,Offender,2018,34,Adult,3,Male,,Consumer,0.2
New Zealand,Offender,2018,34,Adult,3,Male,European,Consumer,0.4
New Zealand,Offender,2018,34,Adult,3,Male,European,Producer,0.4
New Zealand,Offender,2018,35,Adult,3,Male,European,Consumer,1.0
New Zealand,Offender,2018,35,Adult,3,Male,European,Producer,0.4
New Zealand,Offender,2018,36,Adult,3,Male,European,Consumer,1.0
New Zealand,Offender,2018,36,Adult,3,Male,European,Producer,0.4
New Zealand,Offender,2018,37,Adult,3,Male,European,Consumer,1.0
New Zealand,Offender,2018,37,Adult,3,Male,European,Producer,0.4
New Zealand,Offender,2018,38,Adult,3,Male,European,Consumer,1.0
New Zealand,Offender,2018,38,Adult,3,Male,European,Producer,0.4
New Zealand,Offender,2018,39,Adult,3,Male,European,Consumer,1.0
New Zealand,Offender,2018,39,Adult,3,Male,European,Producer,0.4
New Zealand,Offender,2018,40,Adult,3,Female,European,Consumer,0.2
New Zealand,Offender,2018,40,Adult,3,Male,European,Consumer,0.4
New Zealand,Offender,2018,40,Adult,3,Male,European,Producer,1.0
New Zealand,Offender,2018,41,Adult,3,Female,European,Consumer,0.2
New Zealand,Offender,2018,41,Adult,3,Male,European,Consumer,0.4
New Zealand,Offender,2018,41,Adult,3,Male,European,Producer,1.0
New Zealand,Offender,2018,42,Adult,3,Female,European,Consumer,0.2
New Zealand,Offender,2018,42,Adult,3,Male,European,Consumer,0.4
New Zealand,Offender,2018,42,Adult,3,Male,European,Producer,1.0
New Zealand,Offender,2018,43,Adult,3,Female,European,Consumer,0.2
New Zealand,Offender,2018,43,Adult,3,Male,European,Consumer,0.4
New Zealand,Offender,2018,43,Adult,3,Male,European,Producer,1.0
New Zealand,Offender,2018,44,Adult,3,Female,European,Consumer,0.2
New Zealand,Offender,2018,44,Adult,3,Male,European,Consumer,0.4
New Zealand,Offender,2018,44,Adult,3,Male,European,Producer,1.0
New Zealand,Offender,2018,45,Adult,3,Male,,Consumer,0.2
New Zealand,Offender,2018,45,Adult,3,Male,European,Consumer,0.4
New Zealand,Offender,2018,45,Adult,3,Male,European,Producer,0.2
New Zealand,Offender,2018,46,Adult,3,Male,European,Consumer,0.4
New Zealand,Offender,2018,46,Adult,3,Male,,Consumer,0.2
New Zealand,Offender,2018,46,Adult,3,Male,European,Producer,0.2
New Zealand,Offender,2018,47,Adult,3,Male,European,Consumer,0.4
New Zealand,Offender,2018,47,Adult,3,Male,,Consumer,0.2
New Zealand,Offender,2018,47,Adult,3,Male,European,Producer,0.2
New Zealand,Offender,2018,48,Adult,3,Male,,Consumer,0.2
New Zealand,Offender,2018,48,Adult,3,Male,European,Consumer,0.4
New Zealand,Offender,2018,48,Adult,3,Male,European,Producer,0.2
New Zealand,Offender,2018,49,Adult,3,Male,European,Consumer,0.4
New Zealand,Offender,2018,49,Adult,3,Male,,Consumer,0.2
New Zealand,Offender,2018,49,Adult,3,Male,European,Producer,0.2
New Zealand,Offender,2018,50,Adult,3,Male,European,Consumer,0.2
New Zealand,Offender,2018,50,Adult,3,Male,European,Producer,0.8
New Zealand,Offender,2018,51,Adult,3,Male,European,Consumer,0.2
New Zealand,Offender,2018,51,Adult,3,Male,European,Producer,0.8
New Zealand,Offender,2018,52,Adult,3,Male,European,Consumer,0.2
New Zealand,Offender,2018,52,Adult,3,Male,European,Producer,0.8
New Zealand,Offender,2018,53,Adult,3,Male,European,Consumer,0.2
New Zealand,Offender,2018,53,Adult,3,Male,European,Producer,0.8
New Zealand,Offender,2018,54,Adult,3,Male,European,Consumer,0.2
New Zealand,Offender,2018,54,Adult,3,Male,European,Producer,0.8
New Zealand,Offender,2018,55,Adult,3,Male,European,Producer,0.2
New Zealand,Offender,2018,56,Adult,3,Male,European,Producer,0.2
New Zealand,Offender,2018,57,Adult,3,Male,European,Producer,0.2
New Zealand,Offender,2018,58,Adult,3,Male,European,Producer,0.2
New Zealand,Offender,2018,59,Adult,3,Male,European,Producer,0.2
New Zealand,Offender,2018,60,Adult,3,Male,European,Consumer,0.4
New Zealand,Offender,2018,60,Adult,3,Male,European,Producer,0.6
New Zealand,Offender,2018,61,Adult,3,Male,European,Consumer,0.4
New Zealand,Offender,2018,61,Adult,3,Male,European,Producer,0.6
New Zealand,Offender,2018,62,Adult,3,Male,European,Consumer,0.4
New Zealand,Offender,2018,62,Adult,3,Male,European,Producer,0.6
New Zealand,Offender,2018,63,Adult,3,Male,European,Consumer,0.4
New Zealand,Offender,2018,63,Adult,3,Male,European,Producer,0.6
New Zealand,Offender,2018,64,Adult,3,Male,European,Consumer,0.4
New Zealand,Offender,2018,64,Adult,3,Male,European,Producer,0.6
New Zealand,Offender,2018,65,Adult,3,Male,European,Consumer,0.2
New Zealand,Offender,2018,66,Adult,3,Male,European,Consumer,0.2
New Zealand,Offender,2018,67,Adult,3,Male,European,Consumer,0.2
New Zealand,Offender,2018,68,Adult,3,Male,European,Consumer,0.2
New Zealand,Offender,2018,69,Adult,3,Male,European,Consumer,0.2
New Zealand,Offender,2018,70,Adult,3,Male,European,Producer,0.2
New Zealand,Offender,2018,71,Adult,3,Male,European,Producer,0.2
New Zealand,Offender,2018,72,Adult,3,Male,European,Producer,0.2
New Zealand,Offender,2018,73,Adult,3,Male,European,Producer,0.2
New Zealand,Offender,2018,74,Adult,3,Male,European,Producer,0.2
New Zealand,Offender,2019,10,Juvenile,2,Female,Maori,Producer,0.2
New Zealand,Offender,2019,10,Juvenile,2,Female,,Producer,0.4
New Zealand,Offender,2019,10,Juvenile,2,Male,European,Consumer,0.2
New Zealand,Offender,2019,10,Juvenile,2,Male,Maori,Consumer,0.2
New Zealand,Offender,2019,10,Juvenile,2,Male,European,Producer,0.8
New Zealand,Offender,2019,10,Juvenile,2,Male,,Producer,0.6
New Zealand,Offender,2019,11,Juvenile,2,Female,Maori,Producer,0.2
New Zealand,Offender,2019,11,Juvenile,2,Female,,Producer,0.4
New Zealand,Offender,2019,11,Juvenile,2,Male,European,Consumer,0.2
New Zealand,Offender,2019,11,Juvenile,2,Male,Maori,Consumer,0.2
New Zealand,Offender,2019,11,Juvenile,2,Male,,Producer,0.6
New Zealand,Offender,2019,11,Juvenile,2,Male,European,Producer,0.8
New Zealand,Offender,2019,12,Juvenile,2,Female,,Producer,0.4
New Zealand,Offender,2019,12,Juvenile,2,Female,Maori,Producer,0.2
New Zealand,Offender,2019,12,Juvenile,2,Male,Maori,Consumer,0.2
New Zealand,Offender,2019,12,Juvenile,2,Male,European,Consumer,0.2
New Zealand,Offender,2019,12,Juvenile,2,Male,European,Producer,0.8
New Zealand,Offender,2019,12,Juvenile,2,Male,,Producer,0.6
New Zealand,Offender,2019,13,Juvenile,2,Female,,Producer,0.4
New Zealand,Offender,2019,13,Juvenile,2,Female,Maori,Producer,0.2
New Zealand,Offender,2019,13,Juvenile,2,Male,European,Consumer,0.2
New Zealand,Offender,2019,13,Juvenile,2,Male,Maori,Consumer,0.2
New Zealand,Offender,2019,13,Juvenile,2,Male,European,Producer,0.8
New Zealand,Offender,2019,13,Juvenile,2,Male,,Producer,0.6
New Zealand,Offender,2019,14,Juvenile,2,Female,,Producer,0.4
New Zealand,Offender,2019,14,Juvenile,2,Female,Maori,Producer,0.2
New Zealand,Offender,2019,14,Juvenile,2,Male,Maori,Consumer,0.2
New Zealand,Offender,2019,14,Juvenile,2,Male,European,Consumer,0.2
New Zealand,Offender,2019,14,Juvenile,2,Male,European,Producer,0.8
New Zealand,Offender,2019,14,Juvenile,2,Male,,Producer,0.6
New Zealand,Offender,2019,15,Juvenile,2,Female,,Consumer,0.2
New Zealand,Offender,2019,15,Juvenile,2,Female,Maori,Producer,0.2
New Zealand,Offender,2019,15,Juvenile,2,Male,,,0.2
New Zealand,Offender,2019,15,Juvenile,2,Male,European,,0.4
New Zealand,Offender,2019,15,Juvenile,2,Male,European,Consumer,1.0
New Zealand,Offender,2019,15,Juvenile,2,Male,European,Producer,0.8
New Zealand,Offender,2019,15,Juvenile,2,Male,,Producer,0.2
New Zealand,Offender,2019,16,Juvenile,2,Female,,Consumer,0.2
New Zealand,Offender,2019,16,Juvenile,2,Female,Maori,Producer,0.2
New Zealand,Offender,2019,16,Juvenile,2,Male,European,,0.4
New Zealand,Offender,2019,16,Juvenile,2,Male,,,0.2
New Zealand,Offender,2019,16,Juvenile,2,Male,European,Consumer,1.0
New Zealand,Offender,2019,16,Juvenile,2,Male,European,Producer,0.8
New Zealand,Offender,2019,16,Juvenile,2,Male,,Producer,0.2
New Zealand,Offender,2019,17,Juvenile,2,Female,,Consumer,0.2
New Zealand,Offender,2019,17,Juvenile,2,Female,Maori,Producer,0.2
New Zealand,Offender,2019,17,Juvenile,2,Male,,,0.2
New Zealand,Offender,2019,17,Juvenile,2,Male,European,,0.4
New Zealand,Offender,2019,17,Juvenile,2,Male,European,Consumer,1.0
New Zealand,Offender,2019,17,Juvenile,2,Male,,Producer,0.2
New Zealand,Offender,2019,17,Juvenile,2,Male,European,Producer,0.8
New Zealand,Offender,2019,18,Juvenile,2,Female,,Consumer,0.2
New Zealand,Offender,2019,18,Juvenile,2,Female,Maori,Producer,0.2
New Zealand,Offender,2019,18,Juvenile,2,Male,European,,0.4
New Zealand,Offender,2019,18,Juvenile,2,Male,,,0.2
New Zealand,Offender,2019,18,Juvenile,2,Male,European,Consumer,1.0
New Zealand,Offender,2019,18,Juvenile,2,Male,European,Producer,0.8
New Zealand,Offender,2019,18,Juvenile,2,Male,,Producer,0.2
New Zealand,Offender,2019,19,Juvenile,2,Female,,Consumer,0.2
New Zealand,Offender,2019,19,Juvenile,2,Female,Maori,Producer,0.2
New Zealand,Offender,2019,19,Juvenile,2,Male,European,,0.4
New Zealand,Offender,2019,19,Juvenile,2,Male,,,0.2
New Zealand,Offender,2019,19,Juvenile,2,Male,European,Consumer,1.0
New Zealand,Offender,2019,19,Juvenile,2,Male,,Producer,0.2
New Zealand,Offender,2019,19,Juvenile,2,Male,European,Producer,0.8
New Zealand,Offender,2019,20,Adult,3,Female,European,Producer,0.2
New Zealand,Offender,2019,20,Adult,3,Male,Maori,Consumer,0.2
New Zealand,Offender,2019,20,Adult,3,Male,Asian,Consumer,0.2
New Zealand,Offender,2019,20,Adult,3,Male,European,Consumer,0.8
New Zealand,Offender,2019,20,Adult,3,Male,,Consumer,0.2
New Zealand,Offender,2019,20,Adult,3,Male,Pacific Island,Consumer,0.2
New Zealand,Offender,2019,20,Adult,3,Male,European,Producer,0.2
New Zealand,Offender,2019,21,Adult,3,Female,European,Producer,0.2
New Zealand,Offender,2019,21,Adult,3,Male,Maori,Consumer,0.2
New Zealand,Offender,2019,21,Adult,3,Male,European,Consumer,0.8
New Zealand,Offender,2019,21,Adult,3,Male,Asian,Consumer,0.2
New Zealand,Offender,2019,21,Adult,3,Male,Pacific Island,Consumer,0.2
New Zealand,Offender,2019,21,Adult,3,Male,,Consumer,0.2
New Zealand,Offender,2019,21,Adult,3,Male,European,Producer,0.2
New Zealand,Offender,2019,22,Adult,3,Female,European,Producer,0.2
New Zealand,Offender,2019,22,Adult,3,Male,Asian,Consumer,0.2
New Zealand,Offender,2019,22,Adult,3,Male,Maori,Consumer,0.2
New Zealand,Offender,2019,22,Adult,3,Male,European,Consumer,0.8
New Zealand,Offender,2019,22,Adult,3,Male,,Consumer,0.2
New Zealand,Offender,2019,22,Adult,3,Male,Pacific Island,Consumer,0.2
New Zealand,Offender,2019,22,Adult,3,Male,European,Producer,0.2
New Zealand,Offender,2019,23,Adult,3,Female,European,Producer,0.2
New Zealand,Offender,2019,23,Adult,3,Male,Asian,Consumer,0.2
New Zealand,Offender,2019,23,Adult,3,Male,European,Consumer,0.8
New Zealand,Offender,2019,23,Adult,3,Male,Maori,Consumer,0.2
New Zealand,Offender,2019,23,Adult,3,Male,,Consumer,0.2
New Zealand,Offender,2019,23,Adult,3,Male,Pacific Island,Consumer,0.2
New Zealand,Offender,2019,23,Adult,3,Male,European,Producer,0.2
New Zealand,Offender,2019,24,Adult,3,Female,European,Producer,0.2
New Zealand,Offender,2019,24,Adult,3,Male,Asian,Consumer,0.2
New Zealand,Offender,2019,24,Adult,3,Male,Pacific Island,Consumer,0.2
New Zealand,Offender,2019,24,Adult,3,Male,European,Consumer,0.8
New Zealand,Offender,2019,24,Adult,3,Male,Maori,Consumer,0.2
New Zealand,Offender,2019,24,Adult,3,Male,,Consumer,0.2
New Zealand,Offender,2019,24,Adult,3,Male,European,Producer,0.2
New Zealand,Offender,2019,25,Adult,3,Male,European,Consumer,0.8
New Zealand,Offender,2019,25,Adult,3,Male,European,Producer,0.6
New Zealand,Offender,2019,25,Adult,3,Male,,Producer,0.2
New Zealand,Offender,2019,26,Adult,3,Male,European,Consumer,0.8
New Zealand,Offender,2019,26,Adult,3,Male,European,Producer,0.6
New Zealand,Offender,2019,26,Adult,3,Male,,Producer,0.2
New Zealand,Offender,2019,27,Adult,3,Male,European,Consumer,0.8
New Zealand,Offender,2019,27,Adult,3,Male,,Producer,0.2
New Zealand,Offender,2019,27,Adult,3,Male,European,Producer,0.6
New Zealand,Offender,2019,28,Adult,3,Male,European,Consumer,0.8
New Zealand,Offender,2019,28,Adult,3,Male,,Producer,0.2
New Zealand,Offender,2019,28,Adult,3,Male,European,Producer,0.6
New Zealand,Offender,2019,29,Adult,3,Male,European,Consumer,0.8
New Zealand,Offender,2019,29,Adult,3,Male,European,Producer,0.6
New Zealand,Offender,2019,29,Adult,3,Male,,Producer,0.2
New Zealand,Offender,2019,30,Adult,3,Female,European,Consumer,0.2
New Zealand,Offender,2019,30,Adult,3,Male,European,Consumer,0.2
New Zealand,Offender,2019,30,Adult,3,Male,,Consumer,0.2
New Zealand,Offender,2019,30,Adult,3,Male,European,Producer,0.4
New Zealand,Offender,2019,31,Adult,3,Female,European,Consumer,0.2
New Zealand,Offender,2019,31,Adult,3,Male,European,Consumer,0.2
New Zealand,Offender,2019,31,Adult,3,Male,,Consumer,0.2
New Zealand,Offender,2019,31,Adult,3,Male,European,Producer,0.4
New Zealand,Offender,2019,32,Adult,3,Female,European,Consumer,0.2
New Zealand,Offender,2019,32,Adult,3,Male,,Consumer,0.2
New Zealand,Offender,2019,32,Adult,3,Male,European,Consumer,0.2
New Zealand,Offender,2019,32,Adult,3,Male,European,Producer,0.4
New Zealand,Offender,2019,33,Adult,3,Female,European,Consumer,0.2
New Zealand,Offender,2019,33,Adult,3,Male,European,Consumer,0.2
New Zealand,Offender,2019,33,Adult,3,Male,,Consumer,0.2
New Zealand,Offender,2019,33,Adult,3,Male,European,Producer,0.4
New Zealand,Offender,2019,34,Adult,3,Female,European,Consumer,0.2
New Zealand,Offender,2019,34,Adult,3,Male,,Consumer,0.2
New Zealand,Offender,2019,34,Adult,3,Male,European,Consumer,0.2
New Zealand,Offender,2019,34,Adult,3,Male,European,Producer,0.4
New Zealand,Offender,2019,35,Adult,3,Male,European,Consumer,0.4
New Zealand,Offender,2019,35,Adult,3,Male,Maori,Consumer,0.2
New Zealand,Offender,2019,35,Adult,3,Male,European,Producer,0.2
New Zealand,Offender,2019,36,Adult,3,Male,European,Consumer,0.4
New Zealand,Offender,2019,36,Adult,3,Male,Maori,Consumer,0.2
New Zealand,Offender,2019,36,Adult,3,Male,European,Producer,0.2
New Zealand,Offender,2019,37,Adult,3,Male,Maori,Consumer,0.2
New Zealand,Offender,2019,37,Adult,3,Male,European,Consumer,0.4
New Zealand,Offender,2019,37,Adult,3,Male,European,Producer,0.2
New Zealand,Offender,2019,38,Adult,3,Male,European,Consumer,0.4
New Zealand,Offender,2019,38,Adult,3,Male,Maori,Consumer,0.2
New Zealand,Offender,2019,38,Adult,3,Male,European,Producer,0.2
New Zealand,Offender,2019,39,Adult,3,Male,European,Consumer,0.4
New Zealand,Offender,2019,39,Adult,3,Male,Maori,Consumer,0.2
New Zealand,Offender,2019,39,Adult,3,Male,European,Producer,0.2
New Zealand,Offender,2019,40,Adult,3,Male,European,Consumer,1.0
New Zealand,Offender,2019,41,Adult,3,Male,European,Consumer,1.0
New Zealand,Offender,2019,42,Adult,3,Male,European,Consumer,1.0
New Zealand,Offender,2019,43,Adult,3,Male,European,Consumer,1.0
New Zealand,Offender,2019,44,Adult,3,Male,European,Consumer,1.0
New Zealand,Offender,2019,50,Adult,3,Male,European,Consumer,0.6
New Zealand,Offender,2019,50,Adult,3,Male,European,Producer,0.2
New Zealand,Offender,2019,51,Adult,3,Male,European,Consumer,0.6
New Zealand,Offender,2019,51,Adult,3,Male,European,Producer,0.2
New Zealand,Offender,2019,52,Adult,3,Male,European,Consumer,0.6
New Zealand,Offender,2019,52,Adult,3,Male,European,Producer,0.2
New Zealand,Offender,2019,53,Adult,3,Male,European,Consumer,0.6
New Zealand,Offender,2019,53,Adult,3,Male,European,Producer,0.2
New Zealand,Offender,2019,54,Adult,3,Male,European,Consumer,0.6
New Zealand,Offender,2019,54,Adult,3,Male,European,Producer,0.2
New Zealand,Offender,2019,55,Adult,3,Male,European,Producer,0.4
New Zealand,Offender,2019,56,Adult,3,Male,European,Producer,0.4
New Zealand,Offender,2019,57,Adult,3,Male,European,Producer,0.4
New Zealand,Offender,2019,58,Adult,3,Male,European,Producer,0.4
New Zealand,Offender,2019,59,Adult,3,Male,European,Producer,0.4
New Zealand,Offender,2019,60,Adult,3,Male,European,Consumer,0.4
New Zealand,Offender,2019,60,Adult,3,Male,,Consumer,0.2
New Zealand,Offender,2019,60,Adult,3,Male,European,Producer,0.6
New Zealand,Offender,2019,61,Adult,3,Male,European,Consumer,0.4
New Zealand,Offender,2019,61,Adult,3,Male,,Consumer,0.2
New Zealand,Offender,2019,61,Adult,3,Male,European,Producer,0.6
New Zealand,Offender,2019,62,Adult,3,Male,,Consumer,0.2
New Zealand,Offender,2019,62,Adult,3,Male,European,Consumer,0.4
New Zealand,Offender,2019,62,Adult,3,Male,European,Producer,0.6
New Zealand,Offender,2019,63,Adult,3,Male,European,Consumer,0.4
New Zealand,Offender,2019,63,Adult,3,Male,,Consumer,0.2
New Zealand,Offender,2019,63,Adult,3,Male,European,Producer,0.6
New Zealand,Offender,2019,64,Adult,3,Male,European,Consumer,0.4
New Zealand,Offender,2019,64,Adult,3,Male,,Consumer,0.2
New Zealand,Offender,2019,64,Adult,3,Male,European,Producer,0.6
New Zealand,Offender,2019,65,Adult,3,Male,European,Consumer,0.4
New Zealand,Offender,2019,66,Adult,3,Male,European,Consumer,0.4
New Zealand,Offender,2019,67,Adult,3,Male,European,Consumer,0.4
New Zealand,Offender,2019,68,Adult,3,Male,European,Consumer,0.4
New Zealand,Offender,2019,69,Adult,3,Male,European,Consumer,0.4
New Zealand,Offender,2019,70,Adult,3,Male,European,Consumer,0.2
New Zealand,Offender,2019,71,Adult,3,Male,European,Consumer,0.2
New Zealand,Offender,2019,72,Adult,3,Male,European,Consumer,0.2
New Zealand,Offender,2019,73,Adult,3,Male,European,Consumer,0.2
New Zealand,Offender,2019,74,Adult,3,Male,European,Consumer,0.2
New Zealand,Offender,2019,75,Adult,3,Male,European,Consumer,0.4
New Zealand,Offender,2019,76,Adult,3,Male,European,Consumer,0.4
New Zealand,Offender,2019,77,Adult,3,Male,European,Consumer,0.4
New Zealand,Offender,2019,78,Adult,3,Male,European,Consumer,0.4
New Zealand,Offender,2019,79,Adult,3,Male,European,Consumer,0.4
New Zealand,Offender,2020,10,Juvenile,2,Female,,Producer,0.2
New Zealand,Offender,2020,10,Juvenile,2,Male,Maori,Consumer,0.2
New Zealand,Offender,2020,10,Juvenile,2,Male,European,Consumer,0.2
New Zealand,Offender,2020,10,Juvenile,2,Male,,Consumer,0.4
New Zealand,Offender,2020,10,Juvenile,2,Male,,Producer,0.4
New Zealand,Offender,2020,11,Juvenile,2,Female,,Producer,0.2
New Zealand,Offender,2020,11,Juvenile,2,Male,European,Consumer,0.2
New Zealand,Offender,2020,11,Juvenile,2,Male,,Consumer,0.4
New Zealand,Offender,2020,11,Juvenile,2,Male,Maori,Consumer,0.2
New Zealand,Offender,2020,11,Juvenile,2,Male,,Producer,0.4
New Zealand,Offender,2020,12,Juvenile,2,Female,,Producer,0.2
New Zealand,Offender,2020,12,Juvenile,2,Male,,Consumer,0.4
New Zealand,Offender,2020,12,Juvenile,2,Male,Maori,Consumer,0.2
New Zealand,Offender,2020,12,Juvenile,2,Male,European,Consumer,0.2
New Zealand,Offender,2020,12,Juvenile,2,Male,,Producer,0.4
New Zealand,Offender,2020,13,Juvenile,2,Female,,Producer,0.2
New Zealand,Offender,2020,13,Juvenile,2,Male,Maori,Consumer,0.2
New Zealand,Offender,2020,13,Juvenile,2,Male,,Consumer,0.4
New Zealand,Offender,2020,13,Juvenile,2,Male,European,Consumer,0.2
New Zealand,Offender,2020,13,Juvenile,2,Male,,Producer,0.4
New Zealand,Offender,2020,14,Juvenile,2,Female,,Producer,0.2
New Zealand,Offender,2020,14,Juvenile,2,Male,European,Consumer,0.2
New Zealand,Offender,2020,14,Juvenile,2,Male,Maori,Consumer,0.2
New Zealand,Offender,2020,14,Juvenile,2,Male,,Consumer,0.4
New Zealand,Offender,2020,14,Juvenile,2,Male,,Producer,0.4
New Zealand,Offender,2020,15,Juvenile,2,Female,European,Producer,0.2
New Zealand,Offender,2020,15,Juvenile,2,Female,,Producer,0.2
New Zealand,Offender,2020,15,Juvenile,2,Male,,Consumer,0.2
New Zealand,Offender,2020,15,Juvenile,2,Male,Maori,Consumer,0.2
New Zealand,Offender,2020,15,Juvenile,2,Male,European,Consumer,0.2
New Zealand,Offender,2020,15,Juvenile,2,Male,Maori,Producer,0.2
New Zealand,Offender,2020,15,Juvenile,2,Male,,Producer,0.6
New Zealand,Offender,2020,15,Juvenile,2,Male,European,Producer,0.4
New Zealand,Offender,2020,16,Juvenile,2,Female,,Producer,0.2
New Zealand,Offender,2020,16,Juvenile,2,Female,European,Producer,0.2
New Zealand,Offender,2020,16,Juvenile,2,Male,Maori,Consumer,0.2
New Zealand,Offender,2020,16,Juvenile,2,Male,European,Consumer,0.2
New Zealand,Offender,2020,16,Juvenile,2,Male,,Consumer,0.2
New Zealand,Offender,2020,16,Juvenile,2,Male,European,Producer,0.4
New Zealand,Offender,2020,16,Juvenile,2,Male,,Producer,0.6
New Zealand,Offender,2020,16,Juvenile,2,Male,Maori,Producer,0.2
New Zealand,Offender,2020,17,Juvenile,2,Female,,Producer,0.2
New Zealand,Offender,2020,17,Juvenile,2,Female,European,Producer,0.2
New Zealand,Offender,2020,17,Juvenile,2,Male,European,Consumer,0.2
New Zealand,Offender,2020,17,Juvenile,2,Male,,Consumer,0.2
New Zealand,Offender,2020,17,Juvenile,2,Male,Maori,Consumer,0.2
New Zealand,Offender,2020,17,Juvenile,2,Male,Maori,Producer,0.2
New Zealand,Offender,2020,17,Juvenile,2,Male,,Producer,0.6
New Zealand,Offender,2020,17,Juvenile,2,Male,European,Producer,0.4
New Zealand,Offender,2020,18,Juvenile,2,Female,European,Producer,0.2
New Zealand,Offender,2020,18,Juvenile,2,Female,,Producer,0.2
New Zealand,Offender,2020,18,Juvenile,2,Male,European,Consumer,0.2
New Zealand,Offender,2020,18,Juvenile,2,Male,,Consumer,0.2
New Zealand,Offender,2020,18,Juvenile,2,Male,Maori,Consumer,0.2
New Zealand,Offender,2020,18,Juvenile,2,Male,European,Producer,0.4
New Zealand,Offender,2020,18,Juvenile,2,Male,Maori,Producer,0.2
New Zealand,Offender,2020,18,Juvenile,2,Male,,Producer,0.6
New Zealand,Offender,2020,19,Juvenile,2,Female,European,Producer,0.2
New Zealand,Offender,2020,19,Juvenile,2,Female,,Producer,0.2
New Zealand,Offender,2020,19,Juvenile,2,Male,Maori,Consumer,0.2
New Zealand,Offender,2020,19,Juvenile,2,Male,European,Consumer,0.2
New Zealand,Offender,2020,19,Juvenile,2,Male,,Consumer,0.2
New Zealand,Offender,2020,19,Juvenile,2,Male,Maori,Producer,0.2
New Zealand,Offender,2020,19,Juvenile,2,Male,,Producer,0.6
New Zealand,Offender,2020,19,Juvenile,2,Male,European,Producer,0.4
New Zealand,Offender,2020,20,Adult,3,Male,European,Consumer,0.8
New Zealand,Offender,2020,21,Adult,3,Male,European,Consumer,0.8
New Zealand,Offender,2020,22,Adult,3,Male,European,Consumer,0.8
New Zealand,Offender,2020,23,Adult,3,Male,European,Consumer,0.8
New Zealand,Offender,2020,24,Adult,3,Male,European,Consumer,0.8
New Zealand,Offender,2020,25,Adult,3,Male,European,Consumer,1.6
New Zealand,Offender,2020,25,Adult,3,Male,Pacific Island,Consumer,0.2
New Zealand,Offender,2020,25,Adult,3,Male,African,Consumer,0.2
New Zealand,Offender,2020,25,Adult,3,Male,,Consumer,0.4
New Zealand,Offender,2020,25,Adult,3,Male,European,Producer,0.6
New Zealand,Offender,2020,26,Adult,3,Male,Pacific Island,Consumer,0.2
New Zealand,Offender,2020,26,Adult,3,Male,African,Consumer,0.2
New Zealand,Offender,2020,26,Adult,3,Male,,Consumer,0.4
New Zealand,Offender,2020,26,Adult,3,Male,European,Consumer,1.6
New Zealand,Offender,2020,26,Adult,3,Male,European,Producer,0.6
New Zealand,Offender,2020,27,Adult,3,Male,,Consumer,0.4
New Zealand,Offender,2020,27,Adult,3,Male,European,Consumer,1.6
New Zealand,Offender,2020,27,Adult,3,Male,Pacific Island,Consumer,0.2
New Zealand,Offender,2020,27,Adult,3,Male,African,Consumer,0.2
New Zealand,Offender,2020,27,Adult,3,Male,European,Producer,0.6
New Zealand,Offender,2020,28,Adult,3,Male,Pacific Island,Consumer,0.2
New Zealand,Offender,2020,28,Adult,3,Male,European,Consumer,1.6
New Zealand,Offender,2020,28,Adult,3,Male,,Consumer,0.4
New Zealand,Offender,2020,28,Adult,3,Male,African,Consumer,0.2
New Zealand,Offender,2020,28,Adult,3,Male,European,Producer,0.6
New Zealand,Offender,2020,29,Adult,3,Male,European,Consumer,1.6
New Zealand,Offender,2020,29,Adult,3,Male,Pacific Island,Consumer,0.2
New Zealand,Offender,2020,29,Adult,3,Male,,Consumer,0.4
New Zealand,Offender,2020,29,Adult,3,Male,African,Consumer,0.2
New Zealand,Offender,2020,29,Adult,3,Male,European,Producer,0.6
New Zealand,Offender,2020,30,Adult,3,Male,European,Consumer,2.2
New Zealand,Offender,2020,30,Adult,3,Male,Maori,Consumer,0.2
New Zealand,Offender,2020,30,Adult,3,Male,European,Producer,0.2
New Zealand,Offender,2020,30,Adult,3,Male,Maori,Producer,0.2
New Zealand,Offender,2020,31,Adult,3,Male,European,Consumer,2.2
New Zealand,Offender,2020,31,Adult,3,Male,Maori,Consumer,0.2
New Zealand,Offender,2020,31,Adult,3,Male,Maori,Producer,0.2
New Zealand,Offender,2020,31,Adult,3,Male,European,Producer,0.2
New Zealand,Offender,2020,32,Adult,3,Male,Maori,Consumer,0.2
New Zealand,Offender,2020,32,Adult,3,Male,European,Consumer,2.2
New Zealand,Offender,2020,32,Adult,3,Male,Maori,Producer,0.2
New Zealand,Offender,2020,32,Adult,3,Male,European,Producer,0.2
New Zealand,Offender,2020,33,Adult,3,Male,Maori,Consumer,0.2
New Zealand,Offender,2020,33,Adult,3,Male,European,Consumer,2.2
New Zealand,Offender,2020,33,Adult,3,Male,Maori,Producer,0.2
New Zealand,Offender,2020,33,Adult,3,Male,European,Producer,0.2
New Zealand,Offender,2020,34,Adult,3,Male,Maori,Consumer,0.2
New Zealand,Offender,2020,34,Adult,3,Male,European,Consumer,2.2
New Zealand,Offender,2020,34,Adult,3,Male,European,Producer,0.2
New Zealand,Offender,2020,34,Adult,3,Male,Maori,Producer,0.2
New Zealand,Offender,2020,35,Adult,3,Male,European,Consumer,0.8
New Zealand,Offender,2020,35,Adult,3,Male,Indian,Consumer,0.4
New Zealand,Offender,2020,35,Adult,3,Male,European,Producer,0.4
New Zealand,Offender,2020,35,Adult,3,Male,Maori,Producer,0.2
New Zealand,Offender,2020,36,Adult,3,Male,European,Consumer,0.8
New Zealand,Offender,2020,36,Adult,3,Male,Indian,Consumer,0.4
New Zealand,Offender,2020,36,Adult,3,Male,European,Producer,0.4
New Zealand,Offender,2020,36,Adult,3,Male,Maori,Producer,0.2
New Zealand,Offender,2020,37,Adult,3,Male,European,Consumer,0.8
New Zealand,Offender,2020,37,Adult,3,Male,Indian,Consumer,0.4
New Zealand,Offender,2020,37,Adult,3,Male,European,Producer,0.4
New Zealand,Offender,2020,37,Adult,3,Male,Maori,Producer,0.2
New Zealand,Offender,2020,38,Adult,3,Male,European,Consumer,0.8
New Zealand,Offender,2020,38,Adult,3,Male,Indian,Consumer,0.4
New Zealand,Offender,2020,38,Adult,3,Male,European,Producer,0.4
New Zealand,Offender,2020,38,Adult,3,Male,Maori,Producer,0.2
New Zealand,Offender,2020,39,Adult,3,Male,European,Consumer,0.8
New Zealand,Offender,2020,39,Adult,3,Male,Indian,Consumer,0.4
New Zealand,Offender,2020,39,Adult,3,Male,European,Producer,0.4
New Zealand,Offender,2020,39,Adult,3,Male,Maori,Producer,0.2
New Zealand,Offender,2020,40,Adult,3,Male,European,Consumer,0.4
New Zealand,Offender,2020,40,Adult,3,Male,European,Producer,0.8
New Zealand,Offender,2020,40,Adult,3,Male,Maori,Producer,0.2
New Zealand,Offender,2020,41,Adult,3,Male,European,Consumer,0.4
New Zealand,Offender,2020,41,Adult,3,Male,Maori,Producer,0.2
New Zealand,Offender,2020,41,Adult,3,Male,European,Producer,0.8
New Zealand,Offender,2020,42,Adult,3,Male,European,Consumer,0.4
New Zealand,Offender,2020,42,Adult,3,Male,European,Producer,0.8
New Zealand,Offender,2020,42,Adult,3,Male,Maori,Producer,0.2
New Zealand,Offender,2020,43,Adult,3,Male,European,Consumer,0.4
New Zealand,Offender,2020,43,Adult,3,Male,Maori,Producer,0.2
New Zealand,Offender,2020,43,Adult,3,Male,European,Producer,0.8
New Zealand,Offender,2020,44,Adult,3,Male,European,Consumer,0.4
New Zealand,Offender,2020,44,Adult,3,Male,European,Producer,0.8
New Zealand,Offender,2020,44,Adult,3,Male,Maori,Producer,0.2
New Zealand,Offender,2020,45,Adult,3,,Maori,Consumer,0.2
New Zealand,Offender,2020,45,Adult,3,,Maori,Producer,0.2
New Zealand,Offender,2020,45,Adult,3,Male,European,Consumer,0.6
New Zealand,Offender,2020,45,Adult,3,Male,Maori,Consumer,0.2
New Zealand,Offender,2020,45,Adult,3,Male,European,Producer,0.6
New Zealand,Offender,2020,46,Adult,3,,Maori,Consumer,0.2
New Zealand,Offender,2020,46,Adult,3,,Maori,Producer,0.2
New Zealand,Offender,2020,46,Adult,3,Male,European,Consumer,0.6
New Zealand,Offender,2020,46,Adult,3,Male,Maori,Consumer,0.2
New Zealand,Offender,2020,46,Adult,3,Male,European,Producer,0.6
New Zealand,Offender,2020,47,Adult,3,,Maori,Consumer,0.2
New Zealand,Offender,2020,47,Adult,3,,Maori,Producer,0.2
New Zealand,Offender,2020,47,Adult,3,Male,European,Consumer,0.6
New Zealand,Offender,2020,47,Adult,3,Male,Maori,Consumer,0.2
New Zealand,Offender,2020,47,Adult,3,Male,European,Producer,0.6
New Zealand,Offender,2020,48,Adult,3,,Maori,Consumer,0.2
New Zealand,Offender,2020,48,Adult,3,,Maori,Producer,0.2
New Zealand,Offender,2020,48,Adult,3,Male,Maori,Consumer,0.2
New Zealand,Offender,2020,48,Adult,3,Male,European,Consumer,0.6
New Zealand,Offender,2020,48,Adult,3,Male,European,Producer,0.6
New Zealand,Offender,2020,49,Adult,3,,Maori,Consumer,0.2
New Zealand,Offender,2020,49,Adult,3,,Maori,Producer,0.2
New Zealand,Offender,2020,49,Adult,3,Male,European,Consumer,0.6
New Zealand,Offender,2020,49,Adult,3,Male,Maori,Consumer,0.2
New Zealand,Offender,2020,49,Adult,3,Male,European,Producer,0.6
New Zealand,Offender,2020,50,Adult,3,Male,Maori,Consumer,0.2
New Zealand,Offender,2020,50,Adult,3,Male,European,Consumer,0.6
New Zealand,Offender,2020,50,Adult,3,Male,Maori,Producer,0.2
New Zealand,Offender,2020,50,Adult,3,Male,European,Producer,0.2
New Zealand,Offender,2020,51,Adult,3,Male,European,Consumer,0.6
New Zealand,Offender,2020,51,Adult,3,Male,Maori,Consumer,0.2
New Zealand,Offender,2020,51,Adult,3,Male,European,Producer,0.2
New Zealand,Offender,2020,51,Adult,3,Male,Maori,Producer,0.2
New Zealand,Offender,2020,52,Adult,3,Male,European,Consumer,0.6
New Zealand,Offender,2020,52,Adult,3,Male,Maori,Consumer,0.2
New Zealand,Offender,2020,52,Adult,3,Male,Maori,Producer,0.2
New Zealand,Offender,2020,52,Adult,3,Male,European,Producer,0.2
New Zealand,Offender,2020,53,Adult,3,Male,Maori,Consumer,0.2
New Zealand,Offender,2020,53,Adult,3,Male,European,Consumer,0.6
New Zealand,Offender,2020,53,Adult,3,Male,European,Producer,0.2
New Zealand,Offender,2020,53,Adult,3,Male,Maori,Producer,0.2
New Zealand,Offender,2020,54,Adult,3,Male,Maori,Consumer,0.2
New Zealand,Offender,2020,54,Adult,3,Male,European,Consumer,0.6
New Zealand,Offender,2020,54,Adult,3,Male,Maori,Producer,0.2
New Zealand,Offender,2020,54,Adult,3,Male,European,Producer,0.2
New Zealand,Offender,2020,55,Adult,3,Male,European,Consumer,0.4
New Zealand,Offender,2020,56,Adult,3,Male,European,Consumer,0.4
New Zealand,Offender,2020,57,Adult,3,Male,European,Consumer,0.4
New Zealand,Offender,2020,58,Adult,3,Male,European,Consumer,0.4
New Zealand,Offender,2020,59,Adult,3,Male,European,Consumer,0.4
New Zealand,Offender,2020,60,Adult,3,Male,European,Consumer,0.4
New Zealand,Offender,2020,61,Adult,3,Male,European,Consumer,0.4
New Zealand,Offender,2020,62,Adult,3,Male,European,Consumer,0.4
New Zealand,Offender,2020,63,Adult,3,Male,European,Consumer,0.4
New Zealand,Offender,2020,64,Adult,3,Male,European,Consumer,0.4
New Zealand,Offender,2020,65,Adult,3,Male,Maori,Consumer,0.2
New Zealand,Offender,2020,65,Adult,3,Male,European,Producer,0.4
New Zealand,Offender,2020,66,Adult,3,Male,Maori,Consumer,0.2
New Zealand,Offender,2020,66,Adult,3,Male,European,Producer,0.4
New Zealand,Offender,2020,67,Adult,3,Male,Maori,Consumer,0.2
New Zealand,Offender,2020,67,Adult,3,Male,European,Producer,0.4
New Zealand,Offender,2020,68,Adult,3,Male,Maori,Consumer,0.2
New Zealand,Offender,2020,68,Adult,3,Male,European,Producer,0.4
New Zealand,Offender,2020,69,Adult,3,Male,Maori,Consumer,0.2
New Zealand,Offender,2020,69,Adult,3,Male,European,Producer,0.4
New Zealand,Offender,2020,70,Adult,3,Male,European,Consumer,0.2
New Zealand,Offender,2020,70,Adult,3,Male,European,Producer,0.2
New Zealand,Offender,2020,71,Adult,3,Male,European,Consumer,0.2
New Zealand,Offender,2020,71,Adult,3,Male,European,Producer,0.2
New Zealand,Offender,2020,72,Adult,3,Male,European,Consumer,0.2
New Zealand,Offender,2020,72,Adult,3,Male,European,Producer,0.2
New Zealand,Offender,2020,73,Adult,3,Male,European,Consumer,0.2
New Zealand,Offender,2020,73,Adult,3,Male,European,Producer,0.2
New Zealand,Offender,2020,74,Adult,3,Male,European,Consumer,0.2
New Zealand,Offender,2020,74,Adult,3,Male,European,Producer,0.2
New Zealand,Offender,2020,75,Adult,3,Male,European,Consumer,0.2
New Zealand,Offender,2020,76,Adult,3,Male,European,Consumer,0.2
New Zealand,Offender,2020,77,Adult,3,Male,European,Consumer,0.2
New Zealand,Offender,2020,78,Adult,3,Male,European,Consumer,0.2
New Zealand,Offender,2020,79,Adult,3,Male,European,Consumer,0.2
New Zealand,Offender,2020,80,Adult,3,Male,European,Producer,0.05
New Zealand,Offender,2020,81,Adult,3,Male,European,Producer,0.05
New Zealand,Offender,2020,82,Adult,3,Male,European,Producer,0.05
New Zealand,Offender,2020,83,Adult,3,Male,European,Producer,0.05
New Zealand,Offender,2020,84,Adult,3,Male,European,Producer,0.05
New Zealand,Offender,2020,85,Adult,3,Male,European,Producer,0.05
New Zealand,Offender,2020,86,Adult,3,Male,European,Producer,0.05
New Zealand,Offender,2020,87,Adult,3,Male,European,Producer,0.05
New Zealand,Offender,2020,88,Adult,3,Male,European,Producer,0.05
New Zealand,Offender,2020,89,Adult,3,Male,European,Producer,0.05
New Zealand,Offender,2020,90,Adult,3,Male,European,Producer,0.05
New Zealand,Offender,2020,91,Adult,3,Male,European,Producer,0.05
New Zealand,Offender,2020,92,Adult,3,Male,European,Producer,0.05
New Zealand,Offender,2020,93,Adult,3,Male,European,Producer,0.05
New Zealand,Offender,2020,94,Adult,3,Male,European,Producer,0.05
New Zealand,Offender,2020,95,Adult,3,Male,European,Producer,0.05
New Zealand,Offender,2020,96,Adult,3,Male,European,Producer,0.05
New Zealand,Offender,2020,97,Adult,3,Male,European,Producer,0.05
New Zealand,Offender,2020,98,Adult,3,Male,European,Producer,0.05
New Zealand,Offender,2020,99,Adult,3,Male,European,Producer,0.05
New Zealand,Offender,2021,10,Juvenile,2,Female,Latin American/Hispanic,Producer,0.2
New Zealand,Offender,2021,10,Juvenile,2,Male,European,,0.2
New Zealand,Offender,2021,10,Juvenile,2,Male,Maori,Producer,0.4
New Zealand,Offender,2021,10,Juvenile,2,Male,,Producer,0.4
New Zealand,Offender,2021,10,Juvenile,2,Male,European,Producer,0.2
New Zealand,Offender,2021,11,Juvenile,2,Female,Latin American/Hispanic,Producer,0.2
New Zealand,Offender,2021,11,Juvenile,2,Male,European,,0.2
New Zealand,Offender,2021,11,Juvenile,2,Male,Maori,Producer,0.4
New Zealand,Offender,2021,11,Juvenile,2,Male,,Producer,0.4
New Zealand,Offender,2021,11,Juvenile,2,Male,European,Producer,0.2
New Zealand,Offender,2021,12,Juvenile,2,Female,Latin American/Hispanic,Producer,0.2
New Zealand,Offender,2021,12,Juvenile,2,Male,European,,0.2
New Zealand,Offender,2021,12,Juvenile,2,Male,European,Producer,0.2
New Zealand,Offender,2021,12,Juvenile,2,Male,,Producer,0.4
New Zealand,Offender,2021,12,Juvenile,2,Male,Maori,Producer,0.4
New Zealand,Offender,2021,13,Juvenile,2,Female,Latin American/Hispanic,Producer,0.2
New Zealand,Offender,2021,13,Juvenile,2,Male,European,,0.2
New Zealand,Offender,2021,13,Juvenile,2,Male,,Producer,0.4
New Zealand,Offender,2021,13,Juvenile,2,Male,Maori,Producer,0.4
New Zealand,Offender,2021,13,Juvenile,2,Male,European,Producer,0.2
New Zealand,Offender,2021,14,Juvenile,2,Female,Latin American/Hispanic,Producer,0.2
New Zealand,Offender,2021,14,Juvenile,2,Male,European,,0.2
New Zealand,Offender,2021,14,Juvenile,2,Male,Maori,Producer,0.4
New Zealand,Offender,2021,14,Juvenile,2,Male,,Producer,0.4
New Zealand,Offender,2021,14,Juvenile,2,Male,European,Producer,0.2
New Zealand,Offender,2021,15,Juvenile,2,Female,Maori,Producer,0.2
New Zealand,Offender,2021,15,Juvenile,2,Female,,Producer,0.2
New Zealand,Offender,2021,15,Juvenile,2,Male,,Consumer,0.2
New Zealand,Offender,2021,15,Juvenile,2,Male,European,Consumer,1.2
New Zealand,Offender,2021,15,Juvenile,2,Male,Maori,Producer,0.2
New Zealand,Offender,2021,15,Juvenile,2,Male,Pacific Island,Producer,0.2
New Zealand,Offender,2021,15,Juvenile,2,Male,,Producer,0.6
New Zealand,Offender,2021,15,Juvenile,2,Male,European,Producer,0.8
New Zealand,Offender,2021,16,Juvenile,2,Female,Maori,Producer,0.2
New Zealand,Offender,2021,16,Juvenile,2,Female,,Producer,0.2
New Zealand,Offender,2021,16,Juvenile,2,Male,,Consumer,0.2
New Zealand,Offender,2021,16,Juvenile,2,Male,European,Consumer,1.2
New Zealand,Offender,2021,16,Juvenile,2,Male,,Producer,0.6
New Zealand,Offender,2021,16,Juvenile,2,Male,Maori,Producer,0.2
New Zealand,Offender,2021,16,Juvenile,2,Male,European,Producer,0.8
New Zealand,Offender,2021,16,Juvenile,2,Male,Pacific Island,Producer,0.2
New Zealand,Offender,2021,17,Juvenile,2,Female,,Producer,0.2
New Zealand,Offender,2021,17,Juvenile,2,Female,Maori,Producer,0.2
New Zealand,Offender,2021,17,Juvenile,2,Male,European,Consumer,1.2
New Zealand,Offender,2021,17,Juvenile,2,Male,,Consumer,0.2
New Zealand,Offender,2021,17,Juvenile,2,Male,Pacific Island,Producer,0.2
New Zealand,Offender,2021,17,Juvenile,2,Male,,Producer,0.6
New Zealand,Offender,2021,17,Juvenile,2,Male,Maori,Producer,0.2
New Zealand,Offender,2021,17,Juvenile,2,Male,European,Producer,0.8
New Zealand,Offender,2021,18,Juvenile,2,Female,,Producer,0.2
New Zealand,Offender,2021,18,Juvenile,2,Female,Maori,Producer,0.2
New Zealand,Offender,2021,18,Juvenile,2,Male,,Consumer,0.2
New Zealand,Offender,2021,18,Juvenile,2,Male,European,Consumer,1.2
New Zealand,Offender,2021,18,Juvenile,2,Male,,Producer,0.6
New Zealand,Offender,2021,18,Juvenile,2,Male,Pacific Island,Producer,0.2
New Zealand,Offender,2021,18,Juvenile,2,Male,European,Producer,0.8
New Zealand,Offender,2021,18,Juvenile,2,Male,Maori,Producer,0.2
New Zealand,Offender,2021,19,Juvenile,2,Female,Maori,Producer,0.2
New Zealand,Offender,2021,19,Juvenile,2,Female,,Producer,0.2
New Zealand,Offender,2021,19,Juvenile,2,Male,,Consumer,0.2
New Zealand,Offender,2021,19,Juvenile,2,Male,European,Consumer,1.2
New Zealand,Offender,2021,19,Juvenile,2,Male,,Producer,0.6
New Zealand,Offender,2021,19,Juvenile,2,Male,European,Producer,0.8
New Zealand,Offender,2021,19,Juvenile,2,Male,Maori,Producer,0.2
New Zealand,Offender,2021,19,Juvenile,2,Male,Pacific Island,Producer,0.2
New Zealand,Offender,2021,20,Adult,3,Male,,Consumer,0.2
New Zealand,Offender,2021,20,Adult,3,Male,Maori,Consumer,0.2
New Zealand,Offender,2021,20,Adult,3,Male,European,Consumer,1.4
New Zealand,Offender,2021,20,Adult,3,Male,Pacific Island,Producer,0.2
New Zealand,Offender,2021,20,Adult,3,Male,Maori,Producer,0.2
New Zealand,Offender,2021,20,Adult,3,Male,Indian,Producer,0.2
New Zealand,Offender,2021,20,Adult,3,Male,European,Producer,0.4
New Zealand,Offender,2021,21,Adult,3,Male,European,Consumer,1.4
New Zealand,Offender,2021,21,Adult,3,Male,Maori,Consumer,0.2
New Zealand,Offender,2021,21,Adult,3,Male,,Consumer,0.2
New Zealand,Offender,2021,21,Adult,3,Male,Pacific Island,Producer,0.2
New Zealand,Offender,2021,21,Adult,3,Male,Maori,Producer,0.2
New Zealand,Offender,2021,21,Adult,3,Male,European,Producer,0.4
New Zealand,Offender,2021,21,Adult,3,Male,Indian,Producer,0.2
New Zealand,Offender,2021,22,Adult,3,Male,Maori,Consumer,0.2
New Zealand,Offender,2021,22,Adult,3,Male,European,Consumer,1.4
New Zealand,Offender,2021,22,Adult,3,Male,,Consumer,0.2
New Zealand,Offender,2021,22,Adult,3,Male,European,Producer,0.4
New Zealand,Offender,2021,22,Adult,3,Male,Pacific Island,Producer,0.2
New Zealand,Offender,2021,22,Adult,3,Male,Indian,Producer,0.2
New Zealand,Offender,2021,22,Adult,3,Male,Maori,Producer,0.2
New Zealand,Offender,2021,23,Adult,3,Male,European,Consumer,1.4
New Zealand,Offender,2021,23,Adult,3,Male,Maori,Consumer,0.2
New Zealand,Offender,2021,23,Adult,3,Male,,Consumer,0.2
New Zealand,Offender,2021,23,Adult,3,Male,Pacific Island,Producer,0.2
New Zealand,Offender,2021,23,Adult,3,Male,Maori,Producer,0.2
New Zealand,Offender,2021,23,Adult,3,Male,European,Producer,0.4
New Zealand,Offender,2021,23,Adult,3,Male,Indian,Producer,0.2
New Zealand,Offender,2021,24,Adult,3,Male,,Consumer,0.2
New Zealand,Offender,2021,24,Adult,3,Male,European,Consumer,1.4
New Zealand,Offender,2021,24,Adult,3,Male,Maori,Consumer,0.2
New Zealand,Offender,2021,24,Adult,3,Male,Pacific Island,Producer,0.2
New Zealand,Offender,2021,24,Adult,3,Male,Indian,Producer,0.2
New Zealand,Offender,2021,24,Adult,3,Male,Maori,Producer,0.2
New Zealand,Offender,2021,24,Adult,3,Male,European,Producer,0.4
New Zealand,Offender,2021,25,Adult,3,Male,European,Consumer,1.2
New Zealand,Offender,2021,25,Adult,3,Male,African,Consumer,0.2
New Zealand,Offender,2021,25,Adult,3,Male,Asian,Consumer,0.2
New Zealand,Offender,2021,25,Adult,3,Male,Asian,Producer,0.2
New Zealand,Offender,2021,25,Adult,3,Male,European,Producer,0.8
New Zealand,Offender,2021,25,Adult,3,Male,,Producer,0.2
New Zealand,Offender,2021,25,Adult,3,Male,Indian,Producer,0.2
New Zealand,Offender,2021,26,Adult,3,Male,African,Consumer,0.2
New Zealand,Offender,2021,26,Adult,3,Male,European,Consumer,1.2
New Zealand,Offender,2021,26,Adult,3,Male,Asian,Consumer,0.2
New Zealand,Offender,2021,26,Adult,3,Male,European,Producer,0.8
New Zealand,Offender,2021,26,Adult,3,Male,,Producer,0.2
New Zealand,Offender,2021,26,Adult,3,Male,Asian,Producer,0.2
New Zealand,Offender,2021,26,Adult,3,Male,Indian,Producer,0.2
New Zealand,Offender,2021,27,Adult,3,Male,African,Consumer,0.2
New Zealand,Offender,2021,27,Adult,3,Male,Asian,Consumer,0.2
New Zealand,Offender,2021,27,Adult,3,Male,European,Consumer,1.2
New Zealand,Offender,2021,27,Adult,3,Male,,Producer,0.2
New Zealand,Offender,2021,27,Adult,3,Male,European,Producer,0.8
New Zealand,Offender,2021,27,Adult,3,Male,Asian,Producer,0.2
New Zealand,Offender,2021,27,Adult,3,Male,Indian,Producer,0.2
New Zealand,Offender,2021,28,Adult,3,Male,Asian,Consumer,0.2
New Zealand,Offender,2021,28,Adult,3,Male,African,Consumer,0.2
New Zealand,Offender,2021,28,Adult,3,Male,European,Consumer,1.2
New Zealand,Offender,2021,28,Adult,3,Male,European,Producer,0.8
New Zealand,Offender,2021,28,Adult,3,Male,Indian,Producer,0.2
New Zealand,Offender,2021,28,Adult,3,Male,,Producer,0.2
New Zealand,Offender,2021,28,Adult,3,Male,Asian,Producer,0.2
New Zealand,Offender,2021,29,Adult,3,Male,African,Consumer,0.2
New Zealand,Offender,2021,29,Adult,3,Male,Asian,Consumer,0.2
New Zealand,Offender,2021,29,Adult,3,Male,European,Consumer,1.2
New Zealand,Offender,2021,29,Adult,3,Male,Indian,Producer,0.2
New Zealand,Offender,2021,29,Adult,3,Male,European,Producer,0.8
New Zealand,Offender,2021,29,Adult,3,Male,,Producer,0.2
New Zealand,Offender,2021,29,Adult,3,Male,Asian,Producer,0.2
New Zealand,Offender,2021,30,Adult,3,Male,European,Consumer,1.2
New Zealand,Offender,2021,30,Adult,3,Male,Maori,Consumer,0.2
New Zealand,Offender,2021,30,Adult,3,Male,European,Producer,0.2
New Zealand,Offender,2021,30,Adult,3,Male,Pacific Island,Producer,0.2
New Zealand,Offender,2021,30,Adult,3,Male,Maori,Producer,0.2
New Zealand,Offender,2021,31,Adult,3,Male,Maori,Consumer,0.2
New Zealand,Offender,2021,31,Adult,3,Male,European,Consumer,1.2
New Zealand,Offender,2021,31,Adult,3,Male,Pacific Island,Producer,0.2
New Zealand,Offender,2021,31,Adult,3,Male,Maori,Producer,0.2
New Zealand,Offender,2021,31,Adult,3,Male,European,Producer,0.2
New Zealand,Offender,2021,32,Adult,3,Male,European,Consumer,1.2
New Zealand,Offender,2021,32,Adult,3,Male,Maori,Consumer,0.2
New Zealand,Offender,2021,32,Adult,3,Male,European,Producer,0.2
New Zealand,Offender,2021,32,Adult,3,Male,Pacific Island,Producer,0.2
New Zealand,Offender,2021,32,Adult,3,Male,Maori,Producer,0.2
New Zealand,Offender,2021,33,Adult,3,Male,European,Consumer,1.2
New Zealand,Offender,2021,33,Adult,3,Male,Maori,Consumer,0.2
New Zealand,Offender,2021,33,Adult,3,Male,European,Producer,0.2
New Zealand,Offender,2021,33,Adult,3,Male,Pacific Island,Producer,0.2
New Zealand,Offender,2021,33,Adult,3,Male,Maori,Producer,0.2
New Zealand,Offender,2021,34,Adult,3,Male,European,Consumer,1.2
New Zealand,Offender,2021,34,Adult,3,Male,Maori,Consumer,0.2
New Zealand,Offender,2021,34,Adult,3,Male,European,Producer,0.2
New Zealand,Offender,2021,34,Adult,3,Male,Pacific Island,Producer,0.2
New Zealand,Offender,2021,34,Adult,3,Male,Maori,Producer,0.2
New Zealand,Offender,2021,35,Adult,3,Male,European,Consumer,0.4
New Zealand,Offender,2021,35,Adult,3,Male,European,Producer,0.2
New Zealand,Offender,2021,36,Adult,3,Male,European,Consumer,0.4
New Zealand,Offender,2021,36,Adult,3,Male,European,Producer,0.2
New Zealand,Offender,2021,37,Adult,3,Male,European,Consumer,0.4
New Zealand,Offender,2021,37,Adult,3,Male,European,Producer,0.2
New Zealand,Offender,2021,38,Adult,3,Male,European,Consumer,0.4
New Zealand,Offender,2021,38,Adult,3,Male,European,Producer,0.2
New Zealand,Offender,2021,39,Adult,3,Male,European,Consumer,0.4
New Zealand,Offender,2021,39,Adult,3,Male,European,Producer,0.2
New Zealand,Offender,2021,40,Adult,3,Male,European,Consumer,0.8
New Zealand,Offender,2021,40,Adult,3,Male,,Consumer,0.2
New Zealand,Offender,2021,40,Adult,3,Male,,Producer,0.2
New Zealand,Offender,2021,40,Adult,3,Male,European,Producer,0.4
New Zealand,Offender,2021,41,Adult,3,Male,European,Consumer,0.8
New Zealand,Offender,2021,41,Adult,3,Male,,Consumer,0.2
New Zealand,Offender,2021,41,Adult,3,Male,,Producer,0.2
New Zealand,Offender,2021,41,Adult,3,Male,European,Producer,0.4
New Zealand,Offender,2021,42,Adult,3,Male,European,Consumer,0.8
New Zealand,Offender,2021,42,Adult,3,Male,,Consumer,0.2
New Zealand,Offender,2021,42,Adult,3,Male,,Producer,0.2
New Zealand,Offender,2021,42,Adult,3,Male,European,Producer,0.4
New Zealand,Offender,2021,43,Adult,3,Male,,Consumer,0.2
New Zealand,Offender,2021,43,Adult,3,Male,European,Consumer,0.8
New Zealand,Offender,2021,43,Adult,3,Male,,Producer,0.2
New Zealand,Offender,2021,43,Adult,3,Male,European,Producer,0.4
New Zealand,Offender,2021,44,Adult,3,Male,,Consumer,0.2
New Zealand,Offender,2021,44,Adult,3,Male,European,Consumer,0.8
New Zealand,Offender,2021,44,Adult,3,Male,,Producer,0.2
New Zealand,Offender,2021,44,Adult,3,Male,European,Producer,0.4
New Zealand,Offender,2021,45,Adult,3,Male,European,Consumer,0.4
New Zealand,Offender,2021,45,Adult,3,Male,European,Producer,0.8
New Zealand,Offender,2021,46,Adult,3,Male,European,Consumer,0.4
New Zealand,Offender,2021,46,Adult,3,Male,European,Producer,0.8
New Zealand,Offender,2021,47,Adult,3,Male,European,Consumer,0.4
New Zealand,Offender,2021,47,Adult,3,Male,European,Producer,0.8
New Zealand,Offender,2021,48,Adult,3,Male,European,Consumer,0.4
New Zealand,Offender,2021,48,Adult,3,Male,European,Producer,0.8
New Zealand,Offender,2021,49,Adult,3,Male,European,Consumer,0.4
New Zealand,Offender,2021,49,Adult,3,Male,European,Producer,0.8
New Zealand,Offender,2021,50,Adult,3,Male,European,Consumer,1.0
New Zealand,Offender,2021,50,Adult,3,Male,Other,Consumer,0.2
New Zealand,Offender,2021,50,Adult,3,Male,European,Producer,0.2
New Zealand,Offender,2021,51,Adult,3,Male,European,Consumer,1.0
New Zealand,Offender,2021,51,Adult,3,Male,Other,Consumer,0.2
New Zealand,Offender,2021,51,Adult,3,Male,European,Producer,0.2
New Zealand,Offender,2021,52,Adult,3,Male,European,Consumer,1.0
New Zealand,Offender,2021,52,Adult,3,Male,Other,Consumer,0.2
New Zealand,Offender,2021,52,Adult,3,Male,European,Producer,0.2
New Zealand,Offender,2021,53,Adult,3,Male,Other,Consumer,0.2
New Zealand,Offender,2021,53,Adult,3,Male,European,Consumer,1.0
New Zealand,Offender,2021,53,Adult,3,Male,European,Producer,0.2
New Zealand,Offender,2021,54,Adult,3,Male,European,Consumer,1.0
New Zealand,Offender,2021,54,Adult,3,Male,Other,Consumer,0.2
New Zealand,Offender,2021,54,Adult,3,Male,European,Producer,0.2
New Zealand,Offender,2021,55,Adult,3,Male,European,Producer,0.2
New Zealand,Offender,2021,56,Adult,3,Male,European,Producer,0.2
New Zealand,Offender,2021,57,Adult,3,Male,European,Producer,0.2
New Zealand,Offender,2021,58,Adult,3,Male,European,Producer,0.2
New Zealand,Offender,2021,59,Adult,3,Male,European,Producer,0.2
New Zealand,Offender,2021,60,Adult,3,Male,European,Consumer,0.4
New Zealand,Offender,2021,61,Adult,3,Male,European,Consumer,0.4
New Zealand,Offender,2021,62,Adult,3,Male,European,Consumer,0.4
New Zealand,Offender,2021,63,Adult,3,Male,European,Consumer,0.4
New Zealand,Offender,2021,64,Adult,3,Male,European,Consumer,0.4
New Zealand,Offender,2021,65,Adult,3,Male,European,Consumer,0.2
New Zealand,Offender,2021,66,Adult,3,Male,European,Consumer,0.2
New Zealand,Offender,2021,67,Adult,3,Male,European,Consumer,0.2
New Zealand,Offender,2021,68,Adult,3,Male,European,Consumer,0.2
New Zealand,Offender,2021,69,Adult,3,Male,European,Consumer,0.2
New Zealand,Offender,2021,70,Adult,3,Male,European,Consumer,0.4
New Zealand,Offender,2021,71,Adult,3,Male,European,Consumer,0.4
New Zealand,Offender,2021,72,Adult,3,Male,European,Consumer,0.4
New Zealand,Offender,2021,73,Adult,3,Male,European,Consumer,0.4
New Zealand,Offender,2021,74,Adult,3,Male,European,Consumer,0.4
New Zealand,Offender,2022,10,Juvenile,2,Female,European,Consumer,0.2
New Zealand,Offender,2022,10,Juvenile,2,Male,European,Producer,0.2
New Zealand,Offender,2022,10,Juvenile,2,Male,Pacific Island,Producer,0.2
New Zealand,Offender,2022,10,Juvenile,2,Male,,Producer,0.2
New Zealand,Offender,2022,11,Juvenile,2,Female,European,Consumer,0.2
New Zealand,Offender,2022,11,Juvenile,2,Male,European,Producer,0.2
New Zealand,Offender,2022,11,Juvenile,2,Male,Pacific Island,Producer,0.2
New Zealand,Offender,2022,11,Juvenile,2,Male,,Producer,0.2
New Zealand,Offender,2022,12,Juvenile,2,Female,European,Consumer,0.2
New Zealand,Offender,2022,12,Juvenile,2,Male,,Producer,0.2
New Zealand,Offender,2022,12,Juvenile,2,Male,Pacific Island,Producer,0.2
New Zealand,Offender,2022,12,Juvenile,2,Male,European,Producer,0.2
New Zealand,Offender,2022,13,Juvenile,2,Female,European,Consumer,0.2
New Zealand,Offender,2022,13,Juvenile,2,Male,,Producer,0.2
New Zealand,Offender,2022,13,Juvenile,2,Male,European,Producer,0.2
New Zealand,Offender,2022,13,Juvenile,2,Male,Pacific Island,Producer,0.2
New Zealand,Offender,2022,14,Juvenile,2,Female,European,Consumer,0.2
New Zealand,Offender,2022,14,Juvenile,2,Male,,Producer,0.2
New Zealand,Offender,2022,14,Juvenile,2,Male,Pacific Island,Producer,0.2
New Zealand,Offender,2022,14,Juvenile,2,Male,European,Producer,0.2
New Zealand,Offender,2022,15,Juvenile,2,Male,Maori,Consumer,0.4
New Zealand,Offender,2022,15,Juvenile,2,Male,European,Consumer,0.4
New Zealand,Offender,2022,15,Juvenile,2,Male,,Consumer,0.8
New Zealand,Offender,2022,15,Juvenile,2,Male,Other,Consumer,0.2
New Zealand,Offender,2022,15,Juvenile,2,Male,Asian,Consumer,0.2
New Zealand,Offender,2022,15,Juvenile,2,Male,,Producer,0.8
New Zealand,Offender,2022,15,Juvenile,2,Male,Pacific Island,Producer,0.2
New Zealand,Offender,2022,15,Juvenile,2,Male,European,Producer,1.0
New Zealand,Offender,2022,16,Juvenile,2,Male,Other,Consumer,0.2
New Zealand,Offender,2022,16,Juvenile,2,Male,Asian,Consumer,0.2
New Zealand,Offender,2022,16,Juvenile,2,Male,Maori,Consumer,0.4
New Zealand,Offender,2022,16,Juvenile,2,Male,European,Consumer,0.4
New Zealand,Offender,2022,16,Juvenile,2,Male,,Consumer,0.8
New Zealand,Offender,2022,16,Juvenile,2,Male,Pacific Island,Producer,0.2
New Zealand,Offender,2022,16,Juvenile,2,Male,European,Producer,1.0
New Zealand,Offender,2022,16,Juvenile,2,Male,,Producer,0.8
New Zealand,Offender,2022,17,Juvenile,2,Male,European,Consumer,0.4
New Zealand,Offender,2022,17,Juvenile,2,Male,Other,Consumer,0.2
New Zealand,Offender,2022,17,Juvenile,2,Male,Asian,Consumer,0.2
New Zealand,Offender,2022,17,Juvenile,2,Male,Maori,Consumer,0.4
New Zealand,Offender,2022,17,Juvenile,2,Male,,Consumer,0.8
New Zealand,Offender,2022,17,Juvenile,2,Male,Pacific Island,Producer,0.2
New Zealand,Offender,2022,17,Juvenile,2,Male,European,Producer,1.0
New Zealand,Offender,2022,17,Juvenile,2,Male,,Producer,0.8
New Zealand,Offender,2022,18,Juvenile,2,Male,European,Consumer,0.4
New Zealand,Offender,2022,18,Juvenile,2,Male,Other,Consumer,0.2
New Zealand,Offender,2022,18,Juvenile,2,Male,Asian,Consumer,0.2
New Zealand,Offender,2022,18,Juvenile,2,Male,,Consumer,0.8
New Zealand,Offender,2022,18,Juvenile,2,Male,Maori,Consumer,0.4
New Zealand,Offender,2022,18,Juvenile,2,Male,Pacific Island,Producer,0.2
New Zealand,Offender,2022,18,Juvenile,2,Male,,Producer,0.8
New Zealand,Offender,2022,18,Juvenile,2,Male,European,Producer,1.0
New Zealand,Offender,2022,19,Juvenile,2,Male,Maori,Consumer,0.4
New Zealand,Offender,2022,19,Juvenile,2,Male,European,Consumer,0.4
New Zealand,Offender,2022,19,Juvenile,2,Male,,Consumer,0.8
New Zealand,Offender,2022,19,Juvenile,2,Male,Asian,Consumer,0.2
New Zealand,Offender,2022,19,Juvenile,2,Male,Other,Consumer,0.2
New Zealand,Offender,2022,19,Juvenile,2,Male,,Producer,0.8
New Zealand,Offender,2022,19,Juvenile,2,Male,European,Producer,1.0
New Zealand,Offender,2022,19,Juvenile,2,Male,Pacific Island,Producer,0.2
New Zealand,Offender,2022,20,Adult,3,Male,European,Consumer,0.4
New Zealand,Offender,2022,20,Adult,3,Male,Pacific Island,Consumer,0.2
New Zealand,Offender,2022,20,Adult,3,Male,Indian,Producer,0.2
New Zealand,Offender,2022,20,Adult,3,Male,,Producer,0.4
New Zealand,Offender,2022,20,Adult,3,Male,European,Producer,1.2
New Zealand,Offender,2022,21,Adult,3,Male,European,Consumer,0.4
New Zealand,Offender,2022,21,Adult,3,Male,Pacific Island,Consumer,0.2
New Zealand,Offender,2022,21,Adult,3,Male,,Producer,0.4
New Zealand,Offender,2022,21,Adult,3,Male,European,Producer,1.2
New Zealand,Offender,2022,21,Adult,3,Male,Indian,Producer,0.2
New Zealand,Offender,2022,22,Adult,3,Male,Pacific Island,Consumer,0.2
New Zealand,Offender,2022,22,Adult,3,Male,European,Consumer,0.4
New Zealand,Offender,2022,22,Adult,3,Male,,Producer,0.4
New Zealand,Offender,2022,22,Adult,3,Male,European,Producer,1.2
New Zealand,Offender,2022,22,Adult,3,Male,Indian,Producer,0.2
New Zealand,Offender,2022,23,Adult,3,Male,European,Consumer,0.4
New Zealand,Offender,2022,23,Adult,3,Male,Pacific Island,Consumer,0.2
New Zealand,Offender,2022,23,Adult,3,Male,,Producer,0.4
New Zealand,Offender,2022,23,Adult,3,Male,Indian,Producer,0.2
New Zealand,Offender,2022,23,Adult,3,Male,European,Producer,1.2
New Zealand,Offender,2022,24,Adult,3,Male,Pacific Island,Consumer,0.2
New Zealand,Offender,2022,24,Adult,3,Male,European,Consumer,0.4
New Zealand,Offender,2022,24,Adult,3,Male,,Producer,0.4
New Zealand,Offender,2022,24,Adult,3,Male,Indian,Producer,0.2
New Zealand,Offender,2022,24,Adult,3,Male,European,Producer,1.2
New Zealand,Offender,2022,25,Adult,3,Female,European,Consumer,0.2
New Zealand,Offender,2022,25,Adult,3,Male,European,Consumer,0.2
New Zealand,Offender,2022,25,Adult,3,Male,European,Producer,0.2
New Zealand,Offender,2022,25,Adult,3,Male,Maori,Producer,0.2
New Zealand,Offender,2022,26,Adult,3,Female,European,Consumer,0.2
New Zealand,Offender,2022,26,Adult,3,Male,European,Consumer,0.2
New Zealand,Offender,2022,26,Adult,3,Male,European,Producer,0.2
New Zealand,Offender,2022,26,Adult,3,Male,Maori,Producer,0.2
New Zealand,Offender,2022,27,Adult,3,Female,European,Consumer,0.2
New Zealand,Offender,2022,27,Adult,3,Male,European,Consumer,0.2
New Zealand,Offender,2022,27,Adult,3,Male,Maori,Producer,0.2
New Zealand,Offender,2022,27,Adult,3,Male,European,Producer,0.2
New Zealand,Offender,2022,28,Adult,3,Female,European,Consumer,0.2
New Zealand,Offender,2022,28,Adult,3,Male,European,Consumer,0.2
New Zealand,Offender,2022,28,Adult,3,Male,Maori,Producer,0.2
New Zealand,Offender,2022,28,Adult,3,Male,European,Producer,0.2
New Zealand,Offender,2022,29,Adult,3,Female,European,Consumer,0.2
New Zealand,Offender,2022,29,Adult,3,Male,European,Consumer,0.2
New Zealand,Offender,2022,29,Adult,3,Male,Maori,Producer,0.2
New Zealand,Offender,2022,29,Adult,3,Male,European,Producer,0.2
New Zealand,Offender,2022,30,Adult,3,Male,Indian,Consumer,0.2
New Zealand,Offender,2022,30,Adult,3,Male,,Consumer,0.4
New Zealand,Offender,2022,30,Adult,3,Male,European,Consumer,0.2
New Zealand,Offender,2022,30,Adult,3,Male,Maori,Producer,0.2
New Zealand,Offender,2022,30,Adult,3,Male,European,Producer,1.0
New Zealand,Offender,2022,31,Adult,3,Male,,Consumer,0.4
New Zealand,Offender,2022,31,Adult,3,Male,European,Consumer,0.2
New Zealand,Offender,2022,31,Adult,3,Male,Indian,Consumer,0.2
New Zealand,Offender,2022,31,Adult,3,Male,Maori,Producer,0.2
New Zealand,Offender,2022,31,Adult,3,Male,European,Producer,1.0
New Zealand,Offender,2022,32,Adult,3,Male,,Consumer,0.4
New Zealand,Offender,2022,32,Adult,3,Male,European,Consumer,0.2
New Zealand,Offender,2022,32,Adult,3,Male,Indian,Consumer,0.2
New Zealand,Offender,2022,32,Adult,3,Male,Maori,Producer,0.2
New Zealand,Offender,2022,32,Adult,3,Male,European,Producer,1.0
New Zealand,Offender,2022,33,Adult,3,Male,,Consumer,0.4
New Zealand,Offender,2022,33,Adult,3,Male,Indian,Consumer,0.2
New Zealand,Offender,2022,33,Adult,3,Male,European,Consumer,0.2
New Zealand,Offender,2022,33,Adult,3,Male,Maori,Producer,0.2
New Zealand,Offender,2022,33,Adult,3,Male,European,Producer,1.0
New Zealand,Offender,2022,34,Adult,3,Male,Indian,Consumer,0.2
New Zealand,Offender,2022,34,Adult,3,Male,European,Consumer,0.2
New Zealand,Offender,2022,34,Adult,3,Male,,Consumer,0.4
New Zealand,Offender,2022,34,Adult,3,Male,Maori,Producer,0.2
New Zealand,Offender,2022,34,Adult,3,Male,European,Producer,1.0
New Zealand,Offender,2022,35,Adult,3,Male,European,Producer,0.4
New Zealand,Offender,2022,35,Adult,3,Male,Asian,Producer,0.2
New Zealand,Offender,2022,36,Adult,3,Male,Asian,Producer,0.2
New Zealand,Offender,2022,36,Adult,3,Male,European,Producer,0.4
New Zealand,Offender,2022,37,Adult,3,Male,European,Producer,0.4
New Zealand,Offender,2022,37,Adult,3,Male,Asian,Producer,0.2
New Zealand,Offender,2022,38,Adult,3,Male,Asian,Producer,0.2
New Zealand,Offender,2022,38,Adult,3,Male,European,Producer,0.4
New Zealand,Offender,2022,39,Adult,3,Male,European,Producer,0.4
New Zealand,Offender,2022,39,Adult,3,Male,Asian,Producer,0.2
New Zealand,Offender,2022,40,Adult,3,Male,European,Consumer,0.6
New Zealand,Offender,2022,40,Adult,3,Male,Indian,Consumer,0.2
New Zealand,Offender,2022,40,Adult,3,Male,European,Producer,0.2
New Zealand,Offender,2022,40,Adult,3,Male,Maori,Producer,0.2
New Zealand,Offender,2022,41,Adult,3,Male,European,Consumer,0.6
New Zealand,Offender,2022,41,Adult,3,Male,Indian,Consumer,0.2
New Zealand,Offender,2022,41,Adult,3,Male,Maori,Producer,0.2
New Zealand,Offender,2022,41,Adult,3,Male,European,Producer,0.2
New Zealand,Offender,2022,42,Adult,3,Male,European,Consumer,0.6
New Zealand,Offender,2022,42,Adult,3,Male,Indian,Consumer,0.2
New Zealand,Offender,2022,42,Adult,3,Male,European,Producer,0.2
New Zealand,Offender,2022,42,Adult,3,Male,Maori,Producer,0.2
New Zealand,Offender,2022,43,Adult,3,Male,Indian,Consumer,0.2
New Zealand,Offender,2022,43,Adult,3,Male,European,Consumer,0.6
New Zealand,Offender,2022,43,Adult,3,Male,European,Producer,0.2
New Zealand,Offender,2022,43,Adult,3,Male,Maori,Producer,0.2
New Zealand,Offender,2022,44,Adult,3,Male,European,Consumer,0.6
New Zealand,Offender,2022,44,Adult,3,Male,Indian,Consumer,0.2
New Zealand,Offender,2022,44,Adult,3,Male,Maori,Producer,0.2
New Zealand,Offender,2022,44,Adult,3,Male,European,Producer,0.2
New Zealand,Offender,2022,45,Adult,3,Male,Pacific Island,Consumer,0.2
New Zealand,Offender,2022,45,Adult,3,Male,European,Consumer,0.2
New Zealand,Offender,2022,45,Adult,3,Male,European,Producer,0.6
New Zealand,Offender,2022,46,Adult,3,Male,Pacific Island,Consumer,0.2
New Zealand,Offender,2022,46,Adult,3,Male,European,Consumer,0.2
New Zealand,Offender,2022,46,Adult,3,Male,European,Producer,0.6
New Zealand,Offender,2022,47,Adult,3,Male,European,Consumer,0.2
New Zealand,Offender,2022,47,Adult,3,Male,Pacific Island,Consumer,0.2
New Zealand,Offender,2022,47,Adult,3,Male,European,Producer,0.6
New Zealand,Offender,2022,48,Adult,3,Male,Pacific Island,Consumer,0.2
New Zealand,Offender,2022,48,Adult,3,Male,European,Consumer,0.2
New Zealand,Offender,2022,48,Adult,3,Male,European,Producer,0.6
New Zealand,Offender,2022,49,Adult,3,Male,Pacific Island,Consumer,0.2
New Zealand,Offender,2022,49,Adult,3,Male,European,Consumer,0.2
New Zealand,Offender,2022,49,Adult,3,Male,European,Producer,0.6
New Zealand,Offender,2022,50,Adult,3,Male,European,Consumer,0.4
New Zealand,Offender,2022,50,Adult,3,Male,,Consumer,0.2
New Zealand,Offender,2022,50,Adult,3,Male,European,Producer,0.2
New Zealand,Offender,2022,51,Adult,3,Male,,Consumer,0.2
New Zealand,Offender,2022,51,Adult,3,Male,European,Consumer,0.4
New Zealand,Offender,2022,51,Adult,3,Male,European,Producer,0.2
New Zealand,Offender,2022,52,Adult,3,Male,,Consumer,0.2
New Zealand,Offender,2022,52,Adult,3,Male,European,Consumer,0.4
New Zealand,Offender,2022,52,Adult,3,Male,European,Producer,0.2
New Zealand,Offender,2022,53,Adult,3,Male,,Consumer,0.2
New Zealand,Offender,2022,53,Adult,3,Male,European,Consumer,0.4
New Zealand,Offender,2022,53,Adult,3,Male,European,Producer,0.2
New Zealand,Offender,2022,54,Adult,3,Male,,Consumer,0.2
New Zealand,Offender,2022,54,Adult,3,Male,European,Consumer,0.4
New Zealand,Offender,2022,54,Adult,3,Male,European,Producer,0.2
New Zealand,Offender,2022,55,Adult,3,Male,European,Consumer,0.4
New Zealand,Offender,2022,55,Adult,3,Male,European,Producer,0.6
New Zealand,Offender,2022,55,Adult,3,Male,Maori,Producer,0.2
New Zealand,Offender,2022,56,Adult,3,Male,European,Consumer,0.4
New Zealand,Offender,2022,56,Adult,3,Male,European,Producer,0.6
New Zealand,Offender,2022,56,Adult,3,Male,Maori,Producer,0.2
New Zealand,Offender,2022,57,Adult,3,Male,European,Consumer,0.4
New Zealand,Offender,2022,57,Adult,3,Male,European,Producer,0.6
New Zealand,Offender,2022,57,Adult,3,Male,Maori,Producer,0.2
New Zealand,Offender,2022,58,Adult,3,Male,European,Consumer,0.4
New Zealand,Offender,2022,58,Adult,3,Male,European,Producer,0.6
New Zealand,Offender,2022,58,Adult,3,Male,Maori,Producer,0.2
New Zealand,Offender,2022,59,Adult,3,Male,European,Consumer,0.4
New Zealand,Offender,2022,59,Adult,3,Male,European,Producer,0.6
New Zealand,Offender,2022,59,Adult,3,Male,Maori,Producer,0.2
New Zealand,Offender,2022,60,Adult,3,Male,European,Consumer,0.4
New Zealand,Offender,2022,60,Adult,3,Male,,Consumer,0.2
New Zealand,Offender,2022,61,Adult,3,Male,European,Consumer,0.4
New Zealand,Offender,2022,61,Adult,3,Male,,Consumer,0.2
New Zealand,Offender,2022,62,Adult,3,Male,European,Consumer,0.4
New Zealand,Offender,2022,62,Adult,3,Male,,Consumer,0.2
New Zealand,Offender,2022,63,Adult,3,Male,European,Consumer,0.4
New Zealand,Offender,2022,63,Adult,3,Male,,Consumer,0.2
New Zealand,Offender,2022,64,Adult,3,Male,,Consumer,0.2
New Zealand,Offender,2022,64,Adult,3,Male,European,Consumer,0.4
New Zealand,Offender,2022,65,Adult,3,Male,European,Consumer,0.2
New Zealand,Offender,2022,65,Adult,3,Male,Maori,Producer,0.2
New Zealand,Offender,2022,66,Adult,3,Male,European,Consumer,0.2
New Zealand,Offender,2022,66,Adult,3,Male,Maori,Producer,0.2
New Zealand,Offender,2022,67,Adult,3,Male,European,Consumer,0.2
New Zealand,Offender,2022,67,Adult,3,Male,Maori,Producer,0.2
New Zealand,Offender,2022,68,Adult,3,Male,European,Consumer,0.2
New Zealand,Offender,2022,68,Adult,3,Male,Maori,Producer,0.2
New Zealand,Offender,2022,69,Adult,3,Male,European,Consumer,0.2
New Zealand,Offender,2022,69,Adult,3,Male,Maori,Producer,0.2
New Zealand,Offender,2022,75,Adult,3,Male,European,Producer,0.2
New Zealand,Offender,2022,76,Adult,3,Male,European,Producer,0.2
New Zealand,Offender,2022,77,Adult,3,Male,European,Producer,0.2
New Zealand,Offender,2022,78,Adult,3,Male,European,Producer,0.2
New Zealand,Offender,2022,79,Adult,3,Male,European,Producer,0.2
New Zealand,Offender,2022,80,Adult,3,Male,European,Consumer,0.05
New Zealand,Offender,2022,81,Adult,3,Male,European,Consumer,0.05
New Zealand,Offender,2022,82,Adult,3,Male,European,Consumer,0.05
New Zealand,Offender,2022,83,Adult,3,Male,European,Consumer,0.05
New Zealand,Offender,2022,84,Adult,3,Male,European,Consumer,0.05
New Zealand,Offender,2022,85,Adult,3,Male,European,Consumer,0.05
New Zealand,Offender,2022,86,Adult,3,Male,European,Consumer,0.05
New Zealand,Offender,2022,87,Adult,3,Male,European,Consumer,0.05
New Zealand,Offender,2022,88,Adult,3,Male,European,Consumer,0.05
New Zealand,Offender,2022,89,Adult,3,Male,European,Consumer,0.05
New Zealand,Offender,2022,90,Adult,3,Male,European,Consumer,0.05
New Zealand,Offender,2022,91,Adult,3,Male,European,Consumer,0.05
New Zealand,Offender,2022,92,Adult,3,Male,European,Consumer,0.05
New Zealand,Offender,2022,93,Adult,3,Male,European,Consumer,0.05
New Zealand,Offender,2022,94,Adult,3,Male,European,Consumer,0.05
New Zealand,Offender,2022,95,Adult,3,Male,European,Consumer,0.05
New Zealand,Offender,2022,96,Adult,3,Male,European,Consumer,0.05
New Zealand,Offender,2022,97,Adult,3,Male,European,Consumer,0.05
New Zealand,Offender,2022,98,Adult,3,Male,European,Consumer,0.05
New Zealand,Offender,2022,99,Adult,3,Male,European,Consumer,0.05
New Zealand,Offender,2023,10,Juvenile,2,Female,,Producer,0.2
New Zealand,Offender,2023,10,Juvenile,2,Female,Maori,Producer,0.4
New Zealand,Offender,2023,10,Juvenile,2,Male,Maori,Consumer,0.2
New Zealand,Offender,2023,10,Juvenile,2,Male,European,Consumer,0.2
New Zealand,Offender,2023,10,Juvenile,2,Male,,Consumer,0.8
New Zealand,Offender,2023,10,Juvenile,2,Male,,Producer,0.4
New Zealand,Offender,2023,11,Juvenile,2,Female,Maori,Producer,0.4
New Zealand,Offender,2023,11,Juvenile,2,Female,,Producer,0.2
New Zealand,Offender,2023,11,Juvenile,2,Male,Maori,Consumer,0.2
New Zealand,Offender,2023,11,Juvenile,2,Male,European,Consumer,0.2
New Zealand,Offender,2023,11,Juvenile,2,Male,,Consumer,0.8
New Zealand,Offender,2023,11,Juvenile,2,Male,,Producer,0.4
New Zealand,Offender,2023,12,Juvenile,2,Female,,Producer,0.2
New Zealand,Offender,2023,12,Juvenile,2,Female,Maori,Producer,0.4
New Zealand,Offender,2023,12,Juvenile,2,Male,,Consumer,0.8
New Zealand,Offender,2023,12,Juvenile,2,Male,Maori,Consumer,0.2
New Zealand,Offender,2023,12,Juvenile,2,Male,European,Consumer,0.2
New Zealand,Offender,2023,12,Juvenile,2,Male,,Producer,0.4
New Zealand,Offender,2023,13,Juvenile,2,Female,Maori,Producer,0.4
New Zealand,Offender,2023,13,Juvenile,2,Female,,Producer,0.2
New Zealand,Offender,2023,13,Juvenile,2,Male,,Consumer,0.8
New Zealand,Offender,2023,13,Juvenile,2,Male,Maori,Consumer,0.2
New Zealand,Offender,2023,13,Juvenile,2,Male,European,Consumer,0.2
New Zealand,Offender,2023,13,Juvenile,2,Male,,Producer,0.4
New Zealand,Offender,2023,14,Juvenile,2,Female,Maori,Producer,0.4
New Zealand,Offender,2023,14,Juvenile,2,Female,,Producer,0.2
New Zealand,Offender,2023,14,Juvenile,2,Male,,Consumer,0.8
New Zealand,Offender,2023,14,Juvenile,2,Male,European,Consumer,0.2
New Zealand,Offender,2023,14,Juvenile,2,Male,Maori,Consumer,0.2
New Zealand,Offender,2023,14,Juvenile,2,Male,,Producer,0.4
New Zealand,Offender,2023,15,Juvenile,2,Female,European,Producer,0.4
New Zealand,Offender,2023,15,Juvenile,2,Male,Maori,Consumer,0.2
New Zealand,Offender,2023,15,Juvenile,2,Male,European,Consumer,0.4
New Zealand,Offender,2023,15,Juvenile,2,Male,,Consumer,0.2
New Zealand,Offender,2023,15,Juvenile,2,Male,Asian,Producer,0.4
New Zealand,Offender,2023,15,Juvenile,2,Male,Maori,Producer,0.6
New Zealand,Offender,2023,15,Juvenile,2,Male,European,Producer,0.8
New Zealand,Offender,2023,15,Juvenile,2,Male,,Producer,1.6
New Zealand,Offender,2023,15,Juvenile,2,Male,Pacific Island,Producer,0.2
New Zealand,Offender,2023,16,Juvenile,2,Female,European,Producer,0.4
New Zealand,Offender,2023,16,Juvenile,2,Male,Maori,Consumer,0.2
New Zealand,Offender,2023,16,Juvenile,2,Male,European,Consumer,0.4
New Zealand,Offender,2023,16,Juvenile,2,Male,,Consumer,0.2
New Zealand,Offender,2023,16,Juvenile,2,Male,Asian,Producer,0.4
New Zealand,Offender,2023,16,Juvenile,2,Male,Maori,Producer,0.6
New Zealand,Offender,2023,16,Juvenile,2,Male,Pacific Island,Producer,0.2
New Zealand,Offender,2023,16,Juvenile,2,Male,,Producer,1.6
New Zealand,Offender,2023,16,Juvenile,2,Male,European,Producer,0.8
New Zealand,Offender,2023,17,Juvenile,2,Female,European,Producer,0.4
New Zealand,Offender,2023,17,Juvenile,2,Male,Maori,Consumer,0.2
New Zealand,Offender,2023,17,Juvenile,2,Male,,Consumer,0.2
New Zealand,Offender,2023,17,Juvenile,2,Male,European,Consumer,0.4
New Zealand,Offender,2023,17,Juvenile,2,Male,,Producer,1.6
New Zealand,Offender,2023,17,Juvenile,2,Male,Asian,Producer,0.4
New Zealand,Offender,2023,17,Juvenile,2,Male,Maori,Producer,0.6
New Zealand,Offender,2023,17,Juvenile,2,Male,European,Producer,0.8
New Zealand,Offender,2023,17,Juvenile,2,Male,Pacific Island,Producer,0.2
New Zealand,Offender,2023,18,Juvenile,2,Female,European,Producer,0.4
New Zealand,Offender,2023,18,Juvenile,2,Male,Maori,Consumer,0.2
New Zealand,Offender,2023,18,Juvenile,2,Male,,Consumer,0.2
New Zealand,Offender,2023,18,Juvenile,2,Male,European,Consumer,0.4
New Zealand,Offender,2023,18,Juvenile,2,Male,European,Producer,0.8
New Zealand,Offender,2023,18,Juvenile,2,Male,,Producer,1.6
New Zealand,Offender,2023,18,Juvenile,2,Male,Asian,Producer,0.4
New Zealand,Offender,2023,18,Juvenile,2,Male,Pacific Island,Producer,0.2
New Zealand,Offender,2023,18,Juvenile,2,Male,Maori,Producer,0.6
New Zealand,Offender,2023,19,Juvenile,2,Female,European,Producer,0.4
New Zealand,Offender,2023,19,Juvenile,2,Male,European,Consumer,0.4
New Zealand,Offender,2023,19,Juvenile,2,Male,,Consumer,0.2
New Zealand,Offender,2023,19,Juvenile,2,Male,Maori,Consumer,0.2
New Zealand,Offender,2023,19,Juvenile,2,Male,Pacific Island,Producer,0.2
New Zealand,Offender,2023,19,Juvenile,2,Male,,Producer,1.6
New Zealand,Offender,2023,19,Juvenile,2,Male,Maori,Producer,0.6
New Zealand,Offender,2023,19,Juvenile,2,Male,European,Producer,0.8
New Zealand,Offender,2023,19,Juvenile,2,Male,Asian,Producer,0.4
New Zealand,Offender,2023,20,Adult,3,Male,Pacific Island,Consumer,0.4
New Zealand,Offender,2023,20,Adult,3,Male,European,Consumer,0.6
New Zealand,Offender,2023,20,Adult,3,Male,European,Producer,1.2
New Zealand,Offender,2023,21,Adult,3,Male,European,Consumer,0.6
New Zealand,Offender,2023,21,Adult,3,Male,Pacific Island,Consumer,0.4
New Zealand,Offender,2023,21,Adult,3,Male,European,Producer,1.2
New Zealand,Offender,2023,22,Adult,3,Male,European,Consumer,0.6
New Zealand,Offender,2023,22,Adult,3,Male,Pacific Island,Consumer,0.4
New Zealand,Offender,2023,22,Adult,3,Male,European,Producer,1.2
New Zealand,Offender,2023,23,Adult,3,Male,European,Consumer,0.6
New Zealand,Offender,2023,23,Adult,3,Male,Pacific Island,Consumer,0.4
New Zealand,Offender,2023,23,Adult,3,Male,European,Producer,1.2
New Zealand,Offender,2023,24,Adult,3,Male,Pacific Island,Consumer,0.4
New Zealand,Offender,2023,24,Adult,3,Male,European,Consumer,0.6
New Zealand,Offender,2023,24,Adult,3,Male,European,Producer,1.2
New Zealand,Offender,2023,25,Adult,3,Male,Pacific Island,Consumer,0.6
New Zealand,Offender,2023,25,Adult,3,Male,Maori,Consumer,0.2
New Zealand,Offender,2023,25,Adult,3,Male,Asian,Consumer,0.2
New Zealand,Offender,2023,25,Adult,3,Male,Indian,Consumer,0.2
New Zealand,Offender,2023,25,Adult,3,Male,European,Consumer,0.2
New Zealand,Offender,2023,25,Adult,3,Male,,Producer,0.2
New Zealand,Offender,2023,25,Adult,3,Male,European,Producer,0.2
New Zealand,Offender,2023,25,Adult,3,Male,Maori,Producer,0.4
New Zealand,Offender,2023,25,Adult,3,Male,Indian,Producer,0.2
New Zealand,Offender,2023,26,Adult,3,Male,Pacific Island,Consumer,0.6
New Zealand,Offender,2023,26,Adult,3,Male,European,Consumer,0.2
New Zealand,Offender,2023,26,Adult,3,Male,Maori,Consumer,0.2
New Zealand,Offender,2023,26,Adult,3,Male,Asian,Consumer,0.2
New Zealand,Offender,2023,26,Adult,3,Male,Indian,Consumer,0.2
New Zealand,Offender,2023,26,Adult,3,Male,Maori,Producer,0.4
New Zealand,Offender,2023,26,Adult,3,Male,European,Producer,0.2
New Zealand,Offender,2023,26,Adult,3,Male,,Producer,0.2
New Zealand,Offender,2023,26,Adult,3,Male,Indian,Producer,0.2
New Zealand,Offender,2023,27,Adult,3,Male,Indian,Consumer,0.2
New Zealand,Offender,2023,27,Adult,3,Male,Maori,Consumer,0.2
New Zealand,Offender,2023,27,Adult,3,Male,European,Consumer,0.2
New Zealand,Offender,2023,27,Adult,3,Male,Pacific Island,Consumer,0.6
New Zealand,Offender,2023,27,Adult,3,Male,Asian,Consumer,0.2
New Zealand,Offender,2023,27,Adult,3,Male,,Producer,0.2
New Zealand,Offender,2023,27,Adult,3,Male,European,Producer,0.2
New Zealand,Offender,2023,27,Adult,3,Male,Maori,Producer,0.4
New Zealand,Offender,2023,27,Adult,3,Male,Indian,Producer,0.2
New Zealand,Offender,2023,28,Adult,3,Male,Asian,Consumer,0.2
New Zealand,Offender,2023,28,Adult,3,Male,Pacific Island,Consumer,0.6
New Zealand,Offender,2023,28,Adult,3,Male,Indian,Consumer,0.2
New Zealand,Offender,2023,28,Adult,3,Male,Maori,Consumer,0.2
New Zealand,Offender,2023,28,Adult,3,Male,European,Consumer,0.2
New Zealand,Offender,2023,28,Adult,3,Male,,Producer,0.2
New Zealand,Offender,2023,28,Adult,3,Male,Indian,Producer,0.2
New Zealand,Offender,2023,28,Adult,3,Male,European,Producer,0.2
New Zealand,Offender,2023,28,Adult,3,Male,Maori,Producer,0.4
New Zealand,Offender,2023,29,Adult,3,Male,European,Consumer,0.2
New Zealand,Offender,2023,29,Adult,3,Male,Asian,Consumer,0.2
New Zealand,Offender,2023,29,Adult,3,Male,Pacific Island,Consumer,0.6
New Zealand,Offender,2023,29,Adult,3,Male,Indian,Consumer,0.2
New Zealand,Offender,2023,29,Adult,3,Male,Maori,Consumer,0.2
New Zealand,Offender,2023,29,Adult,3,Male,Indian,Producer,0.2
New Zealand,Offender,2023,29,Adult,3,Male,European,Producer,0.2
New Zealand,Offender,2023,29,Adult,3,Male,Maori,Producer,0.4
New Zealand,Offender,2023,29,Adult,3,Male,,Producer,0.2
New Zealand,Offender,2023,30,Adult,3,Male,European,Consumer,0.4
New Zealand,Offender,2023,30,Adult,3,Male,Maori,Consumer,0.4
New Zealand,Offender,2023,30,Adult,3,Male,,Consumer,0.2
New Zealand,Offender,2023,30,Adult,3,Male,Pacific Island,Consumer,0.2
New Zealand,Offender,2023,30,Adult,3,Male,Asian,Consumer,0.2
New Zealand,Offender,2023,30,Adult,3,Male,Maori,Producer,0.2
New Zealand,Offender,2023,30,Adult,3,Male,Asian,Producer,0.2
New Zealand,Offender,2023,30,Adult,3,Male,European,Producer,0.6
New Zealand,Offender,2023,30,Adult,3,Male,Pacific Island,Producer,0.2
New Zealand,Offender,2023,31,Adult,3,Male,Pacific Island,Consumer,0.2
New Zealand,Offender,2023,31,Adult,3,Male,European,Consumer,0.4
New Zealand,Offender,2023,31,Adult,3,Male,Maori,Consumer,0.4
New Zealand,Offender,2023,31,Adult,3,Male,,Consumer,0.2
New Zealand,Offender,2023,31,Adult,3,Male,Asian,Consumer,0.2
New Zealand,Offender,2023,31,Adult,3,Male,Asian,Producer,0.2
New Zealand,Offender,2023,31,Adult,3,Male,European,Producer,0.6
New Zealand,Offender,2023,31,Adult,3,Male,Maori,Producer,0.2
New Zealand,Offender,2023,31,Adult,3,Male,Pacific Island,Producer,0.2
New Zealand,Offender,2023,32,Adult,3,Male,Maori,Consumer,0.4
New Zealand,Offender,2023,32,Adult,3,Male,European,Consumer,0.4
New Zealand,Offender,2023,32,Adult,3,Male,Pacific Island,Consumer,0.2
New Zealand,Offender,2023,32,Adult,3,Male,,Consumer,0.2
New Zealand,Offender,2023,32,Adult,3,Male,Asian,Consumer,0.2
New Zealand,Offender,2023,32,Adult,3,Male,Asian,Producer,0.2
New Zealand,Offender,2023,32,Adult,3,Male,Maori,Producer,0.2
New Zealand,Offender,2023,32,Adult,3,Male,European,Producer,0.6
New Zealand,Offender,2023,32,Adult,3,Male,Pacific Island,Producer,0.2
New Zealand,Offender,2023,33,Adult,3,Male,,Consumer,0.2
New Zealand,Offender,2023,33,Adult,3,Male,Maori,Consumer,0.4
New Zealand,Offender,2023,33,Adult,3,Male,European,Consumer,0.4
New Zealand,Offender,2023,33,Adult,3,Male,Asian,Consumer,0.2
New Zealand,Offender,2023,33,Adult,3,Male,Pacific Island,Consumer,0.2
New Zealand,Offender,2023,33,Adult,3,Male,Pacific Island,Producer,0.2
New Zealand,Offender,2023,33,Adult,3,Male,Maori,Producer,0.2
New Zealand,Offender,2023,33,Adult,3,Male,European,Producer,0.6
New Zealand,Offender,2023,33,Adult,3,Male,Asian,Producer,0.2
New Zealand,Offender,2023,34,Adult,3,Male,Maori,Consumer,0.4
New Zealand,Offender,2023,34,Adult,3,Male,Pacific Island,Consumer,0.2
New Zealand,Offender,2023,34,Adult,3,Male,Asian,Consumer,0.2
New Zealand,Offender,2023,34,Adult,3,Male,,Consumer,0.2
New Zealand,Offender,2023,34,Adult,3,Male,European,Consumer,0.4
New Zealand,Offender,2023,34,Adult,3,Male,Asian,Producer,0.2
New Zealand,Offender,2023,34,Adult,3,Male,European,Producer,0.6
New Zealand,Offender,2023,34,Adult,3,Male,Maori,Producer,0.2
New Zealand,Offender,2023,34,Adult,3,Male,Pacific Island,Producer,0.2
New Zealand,Offender,2023,35,Adult,3,Female,Asian,Producer,0.2
New Zealand,Offender,2023,35,Adult,3,Male,Pacific Island,Consumer,0.2
New Zealand,Offender,2023,35,Adult,3,Male,European,Consumer,0.8
New Zealand,Offender,2023,35,Adult,3,Male,Maori,Consumer,0.2
New Zealand,Offender,2023,35,Adult,3,Male,Maori,Producer,0.4
New Zealand,Offender,2023,35,Adult,3,Male,European,Producer,0.4
New Zealand,Offender,2023,36,Adult,3,Female,Asian,Producer,0.2
New Zealand,Offender,2023,36,Adult,3,Male,European,Consumer,0.8
New Zealand,Offender,2023,36,Adult,3,Male,Maori,Consumer,0.2
New Zealand,Offender,2023,36,Adult,3,Male,Pacific Island,Consumer,0.2
New Zealand,Offender,2023,36,Adult,3,Male,European,Producer,0.4
New Zealand,Offender,2023,36,Adult,3,Male,Maori,Producer,0.4
New Zealand,Offender,2023,37,Adult,3,Female,Asian,Producer,0.2
New Zealand,Offender,2023,37,Adult,3,Male,Pacific Island,Consumer,0.2
New Zealand,Offender,2023,37,Adult,3,Male,European,Consumer,0.8
New Zealand,Offender,2023,37,Adult,3,Male,Maori,Consumer,0.2
New Zealand,Offender,2023,37,Adult,3,Male,European,Producer,0.4
New Zealand,Offender,2023,37,Adult,3,Male,Maori,Producer,0.4
New Zealand,Offender,2023,38,Adult,3,Female,Asian,Producer,0.2
New Zealand,Offender,2023,38,Adult,3,Male,Maori,Consumer,0.2
New Zealand,Offender,2023,38,Adult,3,Male,European,Consumer,0.8
New Zealand,Offender,2023,38,Adult,3,Male,Pacific Island,Consumer,0.2
New Zealand,Offender,2023,38,Adult,3,Male,Maori,Producer,0.4
New Zealand,Offender,2023,38,Adult,3,Male,European,Producer,0.4
New Zealand,Offender,2023,39,Adult,3,Female,Asian,Producer,0.2
New Zealand,Offender,2023,39,Adult,3,Male,European,Consumer,0.8
New Zealand,Offender,2023,39,Adult,3,Male,Maori,Consumer,0.2
New Zealand,Offender,2023,39,Adult,3,Male,Pacific Island,Consumer,0.2
New Zealand,Offender,2023,39,Adult,3,Male,Maori,Producer,0.4
New Zealand,Offender,2023,39,Adult,3,Male,European,Producer,0.4
New Zealand,Offender,2023,40,Adult,3,Male,European,Consumer,0.4
New Zealand,Offender,2023,40,Adult,3,Male,European,Producer,0.2
New Zealand,Offender,2023,41,Adult,3,Male,European,Consumer,0.4
New Zealand,Offender,2023,41,Adult,3,Male,European,Producer,0.2
New Zealand,Offender,2023,42,Adult,3,Male,European,Consumer,0.4
New Zealand,Offender,2023,42,Adult,3,Male,European,Producer,0.2
New Zealand,Offender,2023,43,Adult,3,Male,European,Consumer,0.4
New Zealand,Offender,2023,43,Adult,3,Male,European,Producer,0.2
New Zealand,Offender,2023,44,Adult,3,Male,European,Consumer,0.4
New Zealand,Offender,2023,44,Adult,3,Male,European,Producer,0.2
New Zealand,Offender,2023,45,Adult,3,Male,European,Consumer,0.6
New Zealand,Offender,2023,45,Adult,3,Male,European,Producer,1.2
New Zealand,Offender,2023,45,Adult,3,Male,Asian,Producer,0.2
New Zealand,Offender,2023,46,Adult,3,Male,European,Consumer,0.6
New Zealand,Offender,2023,46,Adult,3,Male,European,Producer,1.2
New Zealand,Offender,2023,46,Adult,3,Male,Asian,Producer,0.2
New Zealand,Offender,2023,47,Adult,3,Male,European,Consumer,0.6
New Zealand,Offender,2023,47,Adult,3,Male,Asian,Producer,0.2
New Zealand,Offender,2023,47,Adult,3,Male,European,Producer,1.2
New Zealand,Offender,2023,48,Adult,3,Male,European,Consumer,0.6
New Zealand,Offender,2023,48,Adult,3,Male,European,Producer,1.2
New Zealand,Offender,2023,48,Adult,3,Male,Asian,Producer,0.2
New Zealand,Offender,2023,49,Adult,3,Male,European,Consumer,0.6
New Zealand,Offender,2023,49,Adult,3,Male,European,Producer,1.2
New Zealand,Offender,2023,49,Adult,3,Male,Asian,Producer,0.2
New Zealand,Offender,2023,50,Adult,3,Male,European,Consumer,0.4
New Zealand,Offender,2023,50,Adult,3,Male,European,Producer,0.6
New Zealand,Offender,2023,51,Adult,3,Male,European,Consumer,0.4
New Zealand,Offender,2023,51,Adult,3,Male,European,Producer,0.6
New Zealand,Offender,2023,52,Adult,3,Male,European,Consumer,0.4
New Zealand,Offender,2023,52,Adult,3,Male,European,Producer,0.6
New Zealand,Offender,2023,53,Adult,3,Male,European,Consumer,0.4
New Zealand,Offender,2023,53,Adult,3,Male,European,Producer,0.6
New Zealand,Offender,2023,54,Adult,3,Male,European,Consumer,0.4
New Zealand,Offender,2023,54,Adult,3,Male,European,Producer,0.6
New Zealand,Offender,2023,55,Adult,3,Male,Maori,Consumer,0.2
New Zealand,Offender,2023,55,Adult,3,Male,,Consumer,0.2
New Zealand,Offender,2023,55,Adult,3,Male,European,Consumer,1.0
New Zealand,Offender,2023,55,Adult,3,Male,European,Producer,0.2
New Zealand,Offender,2023,56,Adult,3,Male,Maori,Consumer,0.2
New Zealand,Offender,2023,56,Adult,3,Male,,Consumer,0.2
New Zealand,Offender,2023,56,Adult,3,Male,European,Consumer,1.0
New Zealand,Offender,2023,56,Adult,3,Male,European,Producer,0.2
New Zealand,Offender,2023,57,Adult,3,Male,Maori,Consumer,0.2
New Zealand,Offender,2023,57,Adult,3,Male,European,Consumer,1.0
New Zealand,Offender,2023,57,Adult,3,Male,,Consumer,0.2
New Zealand,Offender,2023,57,Adult,3,Male,European,Producer,0.2
New Zealand,Offender,2023,58,Adult,3,Male,Maori,Consumer,0.2
New Zealand,Offender,2023,58,Adult,3,Male,European,Consumer,1.0
New Zealand,Offender,2023,58,Adult,3,Male,,Consumer,0.2
New Zealand,Offender,2023,58,Adult,3,Male,European,Producer,0.2
New Zealand,Offender,2023,59,Adult,3,Male,European,Consumer,1.0
New Zealand,Offender,2023,59,Adult,3,Male,Maori,Consumer,0.2
New Zealand,Offender,2023,59,Adult,3,Male,,Consumer,0.2
New Zealand,Offender,2023,59,Adult,3,Male,European,Producer,0.2
New Zealand,Offender,2023,60,Adult,3,Male,European,Consumer,0.8
New Zealand,Offender,2023,60,Adult,3,Male,Maori,Producer,0.2
New Zealand,Offender,2023,61,Adult,3,Male,European,Consumer,0.8
New Zealand,Offender,2023,61,Adult,3,Male,Maori,Producer,0.2
New Zealand,Offender,2023,62,Adult,3,Male,European,Consumer,0.8
New Zealand,Offender,2023,62,Adult,3,Male,Maori,Producer,0.2
New Zealand,Offender,2023,63,Adult,3,Male,European,Consumer,0.8
New Zealand,Offender,2023,63,Adult,3,Male,Maori,Producer,0.2
New Zealand,Offender,2023,64,Adult,3,Male,European,Consumer,0.8
New Zealand,Offender,2023,64,Adult,3,Male,Maori,Producer,0.2
New Zealand,Offender,2023,65,Adult,3,Male,European,Consumer,0.6
New Zealand,Offender,2023,65,Adult,3,Male,European,Producer,0.2
New Zealand,Offender,2023,66,Adult,3,Male,European,Consumer,0.6
New Zealand,Offender,2023,66,Adult,3,Male,European,Producer,0.2
New Zealand,Offender,2023,67,Adult,3,Male,European,Consumer,0.6
New Zealand,Offender,2023,67,Adult,3,Male,European,Producer,0.2
New Zealand,Offender,2023,68,Adult,3,Male,European,Consumer,0.6
New Zealand,Offender,2023,68,Adult,3,Male,European,Producer,0.2
New Zealand,Offender,2023,69,Adult,3,Male,European,Consumer,0.6
New Zealand,Offender,2023,69,Adult,3,Male,European,Producer,0.2
New Zealand,Offender,2023,70,Adult,3,Male,European,Consumer,0.6
New Zealand,Offender,2023,71,Adult,3,Male,European,Consumer,0.6
New Zealand,Offender,2023,72,Adult,3,Male,European,Consumer,0.6
New Zealand,Offender,2023,73,Adult,3,Male,European,Consumer,0.6
New Zealand,Offender,2023,74,Adult,3,Male,European,Consumer,0.6
New Zealand,Offender,2024,10,Juvenile,2,Female,Maori,Producer,0.2
New Zealand,Offender,2024,10,Juvenile,2,Female,Indian,Producer,0.4
New Zealand,Offender,2024,10,Juvenile,2,Male,European,Consumer,0.2
New Zealand,Offender,2024,10,Juvenile,2,Male,Maori,Producer,0.2
New Zealand,Offender,2024,10,Juvenile,2,Male,,Producer,1.4
New Zealand,Offender,2024,10,Juvenile,2,Male,European,Producer,0.4
New Zealand,Offender,2024,11,Juvenile,2,Female,Indian,Producer,0.4
New Zealand,Offender,2024,11,Juvenile,2,Female,Maori,Producer,0.2
New Zealand,Offender,2024,11,Juvenile,2,Male,European,Consumer,0.2
New Zealand,Offender,2024,11,Juvenile,2,Male,,Producer,1.4
New Zealand,Offender,2024,11,Juvenile,2,Male,Maori,Producer,0.2
New Zealand,Offender,2024,11,Juvenile,2,Male,European,Producer,0.4
New Zealand,Offender,2024,12,Juvenile,2,Female,Maori,Producer,0.2
New Zealand,Offender,2024,12,Juvenile,2,Female,Indian,Producer,0.4
New Zealand,Offender,2024,12,Juvenile,2,Male,European,Consumer,0.2
New Zealand,Offender,2024,12,Juvenile,2,Male,,Producer,1.4
New Zealand,Offender,2024,12,Juvenile,2,Male,European,Producer,0.4
New Zealand,Offender,2024,12,Juvenile,2,Male,Maori,Producer,0.2
New Zealand,Offender,2024,13,Juvenile,2,Female,Indian,Producer,0.4
New Zealand,Offender,2024,13,Juvenile,2,Female,Maori,Producer,0.2
New Zealand,Offender,2024,13,Juvenile,2,Male,European,Consumer,0.2
New Zealand,Offender,2024,13,Juvenile,2,Male,,Producer,1.4
New Zealand,Offender,2024,13,Juvenile,2,Male,European,Producer,0.4
New Zealand,Offender,2024,13,Juvenile,2,Male,Maori,Producer,0.2
New Zealand,Offender,2024,14,Juvenile,2,Female,Indian,Producer,0.4
New Zealand,Offender,2024,14,Juvenile,2,Female,Maori,Producer,0.2
New Zealand,Offender,2024,14,Juvenile,2,Male,European,Consumer,0.2
New Zealand,Offender,2024,14,Juvenile,2,Male,Maori,Producer,0.2
New Zealand,Offender,2024,14,Juvenile,2,Male,European,Producer,0.4
New Zealand,Offender,2024,14,Juvenile,2,Male,,Producer,1.4
New Zealand,Offender,2024,15,Juvenile,2,,,Producer,0.2
New Zealand,Offender,2024,15,Juvenile,2,Female,European,Producer,0.2
New Zealand,Offender,2024,15,Juvenile,2,Female,,Producer,0.2
New Zealand,Offender,2024,15,Juvenile,2,Male,European,Consumer,0.6
New Zealand,Offender,2024,15,Juvenile,2,Male,Asian,Producer,0.2
New Zealand,Offender,2024,15,Juvenile,2,Male,,Producer,1.0
New Zealand,Offender,2024,15,Juvenile,2,Male,European,Producer,0.8
New Zealand,Offender,2024,15,Juvenile,2,Male,Maori,Producer,0.4
New Zealand,Offender,2024,16,Juvenile,2,,,Producer,0.2
New Zealand,Offender,2024,16,Juvenile,2,Female,,Producer,0.2
New Zealand,Offender,2024,16,Juvenile,2,Female,European,Producer,0.2
New Zealand,Offender,2024,16,Juvenile,2,Male,European,Consumer,0.6
New Zealand,Offender,2024,16,Juvenile,2,Male,Asian,Producer,0.2
New Zealand,Offender,2024,16,Juvenile,2,Male,,Producer,1.0
New Zealand,Offender,2024,16,Juvenile,2,Male,European,Producer,0.8
New Zealand,Offender,2024,16,Juvenile,2,Male,Maori,Producer,0.4
New Zealand,Offender,2024,17,Juvenile,2,,,Producer,0.2
New Zealand,Offender,2024,17,Juvenile,2,Female,European,Producer,0.2
New Zealand,Offender,2024,17,Juvenile,2,Female,,Producer,0.2
New Zealand,Offender,2024,17,Juvenile,2,Male,European,Consumer,0.6
New Zealand,Offender,2024,17,Juvenile,2,Male,Asian,Producer,0.2
New Zealand,Offender,2024,17,Juvenile,2,Male,,Producer,1.0
New Zealand,Offender,2024,17,Juvenile,2,Male,European,Producer,0.8
New Zealand,Offender,2024,17,Juvenile,2,Male,Maori,Producer,0.4
New Zealand,Offender,2024,18,Juvenile,2,,,Producer,0.2
New Zealand,Offender,2024,18,Juvenile,2,Female,,Producer,0.2
New Zealand,Offender,2024,18,Juvenile,2,Female,European,Producer,0.2
New Zealand,Offender,2024,18,Juvenile,2,Male,European,Consumer,0.6
New Zealand,Offender,2024,18,Juvenile,2,Male,,Producer,1.0
New Zealand,Offender,2024,18,Juvenile,2,Male,European,Producer,0.8
New Zealand,Offender,2024,18,Juvenile,2,Male,Maori,Producer,0.4
New Zealand,Offender,2024,18,Juvenile,2,Male,Asian,Producer,0.2
New Zealand,Offender,2024,19,Juvenile,2,,,Producer,0.2
New Zealand,Offender,2024,19,Juvenile,2,Female,European,Producer,0.2
New Zealand,Offender,2024,19,Juvenile,2,Female,,Producer,0.2
New Zealand,Offender,2024,19,Juvenile,2,Male,European,Consumer,0.6
New Zealand,Offender,2024,19,Juvenile,2,Male,European,Producer,0.8
New Zealand,Offender,2024,19,Juvenile,2,Male,Asian,Producer,0.2
New Zealand,Offender,2024,19,Juvenile,2,Male,,Producer,1.0
New Zealand,Offender,2024,19,Juvenile,2,Male,Maori,Producer,0.4
New Zealand,Offender,2024,20,Adult,3,Female,European,Producer,0.2
New Zealand,Offender,2024,20,Adult,3,Male,,Consumer,0.2
New Zealand,Offender,2024,20,Adult,3,Male,European,Consumer,0.8
New Zealand,Offender,2024,20,Adult,3,Male,Maori,Consumer,0.2
New Zealand,Offender,2024,20,Adult,3,Male,Maori,Producer,0.6
New Zealand,Offender,2024,20,Adult,3,Male,European,Producer,0.8
New Zealand,Offender,2024,21,Adult,3,Female,European,Producer,0.2
New Zealand,Offender,2024,21,Adult,3,Male,,Consumer,0.2
New Zealand,Offender,2024,21,Adult,3,Male,Maori,Consumer,0.2
New Zealand,Offender,2024,21,Adult,3,Male,European,Consumer,0.8
New Zealand,Offender,2024,21,Adult,3,Male,European,Producer,0.8
New Zealand,Offender,2024,21,Adult,3,Male,Maori,Producer,0.6
New Zealand,Offender,2024,22,Adult,3,Female,European,Producer,0.2
New Zealand,Offender,2024,22,Adult,3,Male,Maori,Consumer,0.2
New Zealand,Offender,2024,22,Adult,3,Male,,Consumer,0.2
New Zealand,Offender,2024,22,Adult,3,Male,European,Consumer,0.8
New Zealand,Offender,2024,22,Adult,3,Male,Maori,Producer,0.6
New Zealand,Offender,2024,22,Adult,3,Male,European,Producer,0.8
New Zealand,Offender,2024,23,Adult,3,Female,European,Producer,0.2
New Zealand,Offender,2024,23,Adult,3,Male,,Consumer,0.2
New Zealand,Offender,2024,23,Adult,3,Male,European,Consumer,0.8
New Zealand,Offender,2024,23,Adult,3,Male,Maori,Consumer,0.2
New Zealand,Offender,2024,23,Adult,3,Male,European,Producer,0.8
New Zealand,Offender,2024,23,Adult,3,Male,Maori,Producer,0.6
New Zealand,Offender,2024,24,Adult,3,Female,European,Producer,0.2
New Zealand,Offender,2024,24,Adult,3,Male,,Consumer,0.2
New Zealand,Offender,2024,24,Adult,3,Male,European,Consumer,0.8
New Zealand,Offender,2024,24,Adult,3,Male,Maori,Consumer,0.2
New Zealand,Offender,2024,24,Adult,3,Male,European,Producer,0.8
New Zealand,Offender,2024,24,Adult,3,Male,Maori,Producer,0.6
New Zealand,Offender,2024,25,Adult,3,Male,Other,Consumer,0.2
New Zealand,Offender,2024,25,Adult,3,Male,Asian,Consumer,0.2
New Zealand,Offender,2024,25,Adult,3,Male,Indian,Consumer,0.2
New Zealand,Offender,2024,25,Adult,3,Male,European,Consumer,0.6
New Zealand,Offender,2024,25,Adult,3,Male,Maori,Producer,0.2
New Zealand,Offender,2024,26,Adult,3,Male,Asian,Consumer,0.2
New Zealand,Offender,2024,26,Adult,3,Male,European,Consumer,0.6
New Zealand,Offender,2024,26,Adult,3,Male,Other,Consumer,0.2
New Zealand,Offender,2024,26,Adult,3,Male,Indian,Consumer,0.2
New Zealand,Offender,2024,26,Adult,3,Male,Maori,Producer,0.2
New Zealand,Offender,2024,27,Adult,3,Male,Other,Consumer,0.2
New Zealand,Offender,2024,27,Adult,3,Male,Indian,Consumer,0.2
New Zealand,Offender,2024,27,Adult,3,Male,European,Consumer,0.6
New Zealand,Offender,2024,27,Adult,3,Male,Asian,Consumer,0.2
New Zealand,Offender,2024,27,Adult,3,Male,Maori,Producer,0.2
New Zealand,Offender,2024,28,Adult,3,Male,Other,Consumer,0.2
New Zealand,Offender,2024,28,Adult,3,Male,Indian,Consumer,0.2
New Zealand,Offender,2024,28,Adult,3,Male,European,Consumer,0.6
New Zealand,Offender,2024,28,Adult,3,Male,Asian,Consumer,0.2
New Zealand,Offender,2024,28,Adult,3,Male,Maori,Producer,0.2
New Zealand,Offender,2024,29,Adult,3,Male,European,Consumer,0.6
New Zealand,Offender,2024,29,Adult,3,Male,Indian,Consumer,0.2
New Zealand,Offender,2024,29,Adult,3,Male,Other,Consumer,0.2
New Zealand,Offender,2024,29,Adult,3,Male,Asian,Consumer,0.2
New Zealand,Offender,2024,29,Adult,3,Male,Maori,Producer,0.2
New Zealand,Offender,2024,30,Adult,3,Male,European,Consumer,0.8
New Zealand,Offender,2024,30,Adult,3,Male,Pacific Island,Consumer,0.2
New Zealand,Offender,2024,30,Adult,3,Male,Asian,Consumer,0.4
New Zealand,Offender,2024,30,Adult,3,Male,European,Producer,0.6
New Zealand,Offender,2024,30,Adult,3,Male,Pacific Island,Producer,0.2
New Zealand,Offender,2024,31,Adult,3,Male,European,Consumer,0.8
New Zealand,Offender,2024,31,Adult,3,Male,Asian,Consumer,0.4
New Zealand,Offender,2024,31,Adult,3,Male,Pacific Island,Consumer,0.2
New Zealand,Offender,2024,31,Adult,3,Male,European,Producer,0.6
New Zealand,Offender,2024,31,Adult,3,Male,Pacific Island,Producer,0.2
New Zealand,Offender,2024,32,Adult,3,Male,European,Consumer,0.8
New Zealand,Offender,2024,32,Adult,3,Male,Pacific Island,Consumer,0.2
New Zealand,Offender,2024,32,Adult,3,Male,Asian,Consumer,0.4
New Zealand,Offender,2024,32,Adult,3,Male,Pacific Island,Producer,0.2
New Zealand,Offender,2024,32,Adult,3,Male,European,Producer,0.6
New Zealand,Offender,2024,33,Adult,3,Male,Asian,Consumer,0.4
New Zealand,Offender,2024,33,Adult,3,Male,European,Consumer,0.8
New Zealand,Offender,2024,33,Adult,3,Male,Pacific Island,Consumer,0.2
New Zealand,Offender,2024,33,Adult,3,Male,European,Producer,0.6
New Zealand,Offender,2024,33,Adult,3,Male,Pacific Island,Producer,0.2
New Zealand,Offender,2024,34,Adult,3,Male,European,Consumer,0.8
New Zealand,Offender,2024,34,Adult,3,Male,Asian,Consumer,0.4
New Zealand,Offender,2024,34,Adult,3,Male,Pacific Island,Consumer,0.2
New Zealand,Offender,2024,34,Adult,3,Male,European,Producer,0.6
New Zealand,Offender,2024,34,Adult,3,Male,Pacific Island,Producer,0.2
New Zealand,Offender,2024,35,Adult,3,Male,Maori,Consumer,0.2
New Zealand,Offender,2024,35,Adult,3,Male,European,Consumer,0.6
New Zealand,Offender,2024,35,Adult,3,Male,Asian,Consumer,0.2
New Zealand,Offender,2024,35,Adult,3,Male,European,Producer,0.8
New Zealand,Offender,2024,35,Adult,3,Male,,Producer,0.2
New Zealand,Offender,2024,35,Adult,3,Male,Maori,Producer,0.4
New Zealand,Offender,2024,36,Adult,3,Male,Maori,Consumer,0.2
New Zealand,Offender,2024,36,Adult,3,Male,European,Consumer,0.6
New Zealand,Offender,2024,36,Adult,3,Male,Asian,Consumer,0.2
New Zealand,Offender,2024,36,Adult,3,Male,European,Producer,0.8
New Zealand,Offender,2024,36,Adult,3,Male,,Producer,0.2
New Zealand,Offender,2024,36,Adult,3,Male,Maori,Producer,0.4
New Zealand,Offender,2024,37,Adult,3,Male,Asian,Consumer,0.2
New Zealand,Offender,2024,37,Adult,3,Male,Maori,Consumer,0.2
New Zealand,Offender,2024,37,Adult,3,Male,European,Consumer,0.6
New Zealand,Offender,2024,37,Adult,3,Male,Maori,Producer,0.4
New Zealand,Offender,2024,37,Adult,3,Male,,Producer,0.2
New Zealand,Offender,2024,37,Adult,3,Male,European,Producer,0.8
New Zealand,Offender,2024,38,Adult,3,Male,Asian,Consumer,0.2
New Zealand,Offender,2024,38,Adult,3,Male,Maori,Consumer,0.2
New Zealand,Offender,2024,38,Adult,3,Male,European,Consumer,0.6
New Zealand,Offender,2024,38,Adult,3,Male,Maori,Producer,0.4
New Zealand,Offender,2024,38,Adult,3,Male,,Producer,0.2
New Zealand,Offender,2024,38,Adult,3,Male,European,Producer,0.8
New Zealand,Offender,2024,39,Adult,3,Male,Maori,Consumer,0.2
New Zealand,Offender,2024,39,Adult,3,Male,European,Consumer,0.6
New Zealand,Offender,2024,39,Adult,3,Male,Asian,Consumer,0.2
New Zealand,Offender,2024,39,Adult,3,Male,Maori,Producer,0.4
New Zealand,Offender,2024,39,Adult,3,Male,European,Producer,0.8
New Zealand,Offender,2024,39,Adult,3,Male,,Producer,0.2
New Zealand,Offender,2024,40,Adult,3,Male,Asian,Consumer,0.2
New Zealand,Offender,2024,40,Adult,3,Male,European,Consumer,1.2
New Zealand,Offender,2024,40,Adult,3,Male,Maori,Consumer,0.2
New Zealand,Offender,2024,40,Adult,3,Male,Indian,Producer,0.2
New Zealand,Offender,2024,40,Adult,3,Male,European,Producer,0.4
New Zealand,Offender,2024,40,Adult,3,Male,Pacific Island,Producer,0.2
New Zealand,Offender,2024,41,Adult,3,Male,Maori,Consumer,0.2
New Zealand,Offender,2024,41,Adult,3,Male,Asian,Consumer,0.2
New Zealand,Offender,2024,41,Adult,3,Male,European,Consumer,1.2
New Zealand,Offender,2024,41,Adult,3,Male,Indian,Producer,0.2
New Zealand,Offender,2024,41,Adult,3,Male,European,Producer,0.4
New Zealand,Offender,2024,41,Adult,3,Male,Pacific Island,Producer,0.2
New Zealand,Offender,2024,42,Adult,3,Male,Asian,Consumer,0.2
New Zealand,Offender,2024,42,Adult,3,Male,European,Consumer,1.2
New Zealand,Offender,2024,42,Adult,3,Male,Maori,Consumer,0.2
New Zealand,Offender,2024,42,Adult,3,Male,Indian,Producer,0.2
New Zealand,Offender,2024,42,Adult,3,Male,Pacific Island,Producer,0.2
New Zealand,Offender,2024,42,Adult,3,Male,European,Producer,0.4
New Zealand,Offender,2024,43,Adult,3,Male,Maori,Consumer,0.2
New Zealand,Offender,2024,43,Adult,3,Male,Asian,Consumer,0.2
New Zealand,Offender,2024,43,Adult,3,Male,European,Consumer,1.2
New Zealand,Offender,2024,43,Adult,3,Male,Pacific Island,Producer,0.2
New Zealand,Offender,2024,43,Adult,3,Male,Indian,Producer,0.2
New Zealand,Offender,2024,43,Adult,3,Male,European,Producer,0.4
New Zealand,Offender,2024,44,Adult,3,Male,Asian,Consumer,0.2
New Zealand,Offender,2024,44,Adult,3,Male,European,Consumer,1.2
New Zealand,Offender,2024,44,Adult,3,Male,Maori,Consumer,0.2
New Zealand,Offender,2024,44,Adult,3,Male,European,Producer,0.4
New Zealand,Offender,2024,44,Adult,3,Male,Pacific Island,Producer,0.2
New Zealand,Offender,2024,44,Adult,3,Male,Indian,Producer,0.2
New Zealand,Offender,2024,45,Adult,3,Male,European,Consumer,1.2
New Zealand,Offender,2024,45,Adult,3,Male,Maori,Consumer,0.4
New Zealand,Offender,2024,45,Adult,3,Male,Indian,Producer,0.2
New Zealand,Offender,2024,45,Adult,3,Male,European,Producer,0.2
New Zealand,Offender,2024,45,Adult,3,Male,Maori,Producer,0.2
New Zealand,Offender,2024,46,Adult,3,Male,Maori,Consumer,0.4
New Zealand,Offender,2024,46,Adult,3,Male,European,Consumer,1.2
New Zealand,Offender,2024,46,Adult,3,Male,European,Producer,0.2
New Zealand,Offender,2024,46,Adult,3,Male,Maori,Producer,0.2
New Zealand,Offender,2024,46,Adult,3,Male,Indian,Producer,0.2
New Zealand,Offender,2024,47,Adult,3,Male,Maori,Consumer,0.4
New Zealand,Offender,2024,47,Adult,3,Male,European,Consumer,1.2
New Zealand,Offender,2024,47,Adult,3,Male,European,Producer,0.2
New Zealand,Offender,2024,47,Adult,3,Male,Maori,Producer,0.2
New Zealand,Offender,2024,47,Adult,3,Male,Indian,Producer,0.2
New Zealand,Offender,2024,48,Adult,3,Male,European,Consumer,1.2
New Zealand,Offender,2024,48,Adult,3,Male,Maori,Consumer,0.4
New Zealand,Offender,2024,48,Adult,3,Male,Indian,Producer,0.2
New Zealand,Offender,2024,48,Adult,3,Male,Maori,Producer,0.2
New Zealand,Offender,2024,48,Adult,3,Male,European,Producer,0.2
New Zealand,Offender,2024,49,Adult,3,Male,Maori,Consumer,0.4
New Zealand,Offender,2024,49,Adult,3,Male,European,Consumer,1.2
New Zealand,Offender,2024,49,Adult,3,Male,European,Producer,0.2
New Zealand,Offender,2024,49,Adult,3,Male,Indian,Producer,0.2
New Zealand,Offender,2024,49,Adult,3,Male,Maori,Producer,0.2
New Zealand,Offender,2024,50,Adult,3,Male,European,Consumer,0.8
New Zealand,Offender,2024,50,Adult,3,Male,,Consumer,0.2
New Zealand,Offender,2024,50,Adult,3,Male,,Producer,0.2
New Zealand,Offender,2024,50,Adult,3,Male,Maori,Producer,0.2
New Zealand,Offender,2024,50,Adult,3,Male,European,Producer,0.8
New Zealand,Offender,2024,51,Adult,3,Male,European,Consumer,0.8
New Zealand,Offender,2024,51,Adult,3,Male,,Consumer,0.2
New Zealand,Offender,2024,51,Adult,3,Male,Maori,Producer,0.2
New Zealand,Offender,2024,51,Adult,3,Male,European,Producer,0.8
New Zealand,Offender,2024,51,Adult,3,Male,,Producer,0.2
New Zealand,Offender,2024,52,Adult,3,Male,European,Consumer,0.8
New Zealand,Offender,2024,52,Adult,3,Male,,Consumer,0.2
New Zealand,Offender,2024,52,Adult,3,Male,European,Producer,0.8
New Zealand,Offender,2024,52,Adult,3,Male,Maori,Producer,0.2
New Zealand,Offender,2024,52,Adult,3,Male,,Producer,0.2
New Zealand,Offender,2024,53,Adult,3,Male,European,Consumer,0.8
New Zealand,Offender,2024,53,Adult,3,Male,,Consumer,0.2
New Zealand,Offender,2024,53,Adult,3,Male,European,Producer,0.8
New Zealand,Offender,2024,53,Adult,3,Male,Maori,Producer,0.2
New Zealand,Offender,2024,53,Adult,3,Male,,Producer,0.2
New Zealand,Offender,2024,54,Adult,3,Male,European,Consumer,0.8
New Zealand,Offender,2024,54,Adult,3,Male,,Consumer,0.2
New Zealand,Offender,2024,54,Adult,3,Male,Maori,Producer,0.2
New Zealand,Offender,2024,54,Adult,3,Male,,Producer,0.2
New Zealand,Offender,2024,54,Adult,3,Male,European,Producer,0.8
New Zealand,Offender,2024,55,Adult,3,Male,,Consumer,0.2
New Zealand,Offender,2024,55,Adult,3,Male,Maori,Consumer,0.4
New Zealand,Offender,2024,55,Adult,3,Male,European,Consumer,1.2
New Zealand,Offender,2024,55,Adult,3,Male,European,Producer,0.6
New Zealand,Offender,2024,56,Adult,3,Male,European,Consumer,1.2
New Zealand,Offender,2024,56,Adult,3,Male,,Consumer,0.2
New Zealand,Offender,2024,56,Adult,3,Male,Maori,Consumer,0.4
New Zealand,Offender,2024,56,Adult,3,Male,European,Producer,0.6
New Zealand,Offender,2024,57,Adult,3,Male,,Consumer,0.2
New Zealand,Offender,2024,57,Adult,3,Male,European,Consumer,1.2
New Zealand,Offender,2024,57,Adult,3,Male,Maori,Consumer,0.4
New Zealand,Offender,2024,57,Adult,3,Male,European,Producer,0.6
New Zealand,Offender,2024,58,Adult,3,Male,,Consumer,0.2
New Zealand,Offender,2024,58,Adult,3,Male,Maori,Consumer,0.4
New Zealand,Offender,2024,58,Adult,3,Male,European,Consumer,1.2
New Zealand,Offender,2024,58,Adult,3,Male,European,Producer,0.6
New Zealand,Offender,2024,59,Adult,3,Male,Maori,Consumer,0.4
New Zealand,Offender,2024,59,Adult,3,Male,European,Consumer,1.2
New Zealand,Offender,2024,59,Adult,3,Male,,Consumer,0.2
New Zealand,Offender,2024,59,Adult,3,Male,European,Producer,0.6
New Zealand,Offender,2024,60,Adult,3,Male,Maori,Consumer,0.4
New Zealand,Offender,2024,60,Adult,3,Male,European,Producer,0.6
New Zealand,Offender,2024,61,Adult,3,Male,Maori,Consumer,0.4
New Zealand,Offender,2024,61,Adult,3,Male,European,Producer,0.6
New Zealand,Offender,2024,62,Adult,3,Male,Maori,Consumer,0.4
New Zealand,Offender,2024,62,Adult,3,Male,European,Producer,0.6
New Zealand,Offender,2024,63,Adult,3,Male,Maori,Consumer,0.4
New Zealand,Offender,2024,63,Adult,3,Male,European,Producer,0.6
New Zealand,Offender,2024,64,Adult,3,Male,Maori,Consumer,0.4
New Zealand,Offender,2024,64,Adult,3,Male,European,Producer,0.6
New Zealand,Offender,2024,65,Adult,3,Male,,Consumer,0.2
New Zealand,Offender,2024,65,Adult,3,Male,European,Producer,0.2
New Zealand,Offender,2024,66,Adult,3,Male,,Consumer,0.2
New Zealand,Offender,2024,66,Adult,3,Male,European,Producer,0.2
New Zealand,Offender,2024,67,Adult,3,Male,,Consumer,0.2
New Zealand,Offender,2024,67,Adult,3,Male,European,Producer,0.2
New Zealand,Offender,2024,68,Adult,3,Male,,Consumer,0.2
New Zealand,Offender,2024,68,Adult,3,Male,European,Producer,0.2
New Zealand,Offender,2024,69,Adult,3,Male,,Consumer,0.2
New Zealand,Offender,2024,69,Adult,3,Male,European,Producer,0.2
New Zealand,Offender,2024,70,Adult,3,Male,European,Consumer,0.2
New Zealand,Offender,2024,70,Adult,3,Male,European,Producer,0.2
New Zealand,Offender,2024,71,Adult,3,Male,European,Consumer,0.2
New Zealand,Offender,2024,71,Adult,3,Male,European,Producer,0.2
New Zealand,Offender,2024,72,Adult,3,Male,European,Consumer,0.2
New Zealand,Offender,2024,72,Adult,3,Male,European,Producer,0.2
New Zealand,Offender,2024,73,Adult,3,Male,European,Consumer,0.2
New Zealand,Offender,2024,73,Adult,3,Male,European,Producer,0.2
New Zealand,Offender,2024,74,Adult,3,Male,European,Consumer,0.2
New Zealand,Offender,2024,74,Adult,3,Male,European,Producer,0.2
New Zealand,Offender,2025,10,Juvenile,2,Female,European,Producer,0.2
New Zealand,Offender,2025,10,Juvenile,2,Male,European,Consumer,0.2
New Zealand,Offender,2025,11,Juvenile,2,Female,European,Producer,0.2
New Zealand,Offender,2025,11,Juvenile,2,Male,European,Consumer,0.2
New Zealand,Offender,2025,12,Juvenile,2,Female,European,Producer,0.2
New Zealand,Offender,2025,12,Juvenile,2,Male,European,Consumer,0.2
New Zealand,Offender,2025,13,Juvenile,2,Female,European,Producer,0.2
New Zealand,Offender,2025,13,Juvenile,2,Male,European,Consumer,0.2
New Zealand,Offender,2025,14,Juvenile,2,Female,European,Producer,0.2
New Zealand,Offender,2025,14,Juvenile,2,Male,European,Consumer,0.2
New Zealand,Offender,2025,15,Juvenile,2,Female,European,Consumer,0.2
New Zealand,Offender,2025,15,Juvenile,2,Male,European,Consumer,1.0
New Zealand,Offender,2025,15,Juvenile,2,Male,,Consumer,0.4
New Zealand,Offender,2025,15,Juvenile,2,Male,European,Producer,0.8
New Zealand,Offender,2025,15,Juvenile,2,Male,,Producer,1.2
New Zealand,Offender,2025,15,Juvenile,2,Male,Pacific Island,Producer,0.2
New Zealand,Offender,2025,15,Juvenile,2,Male,Maori,Producer,0.2
New Zealand,Offender,2025,16,Juvenile,2,Female,European,Consumer,0.2
New Zealand,Offender,2025,16,Juvenile,2,Male,European,Consumer,1.0
New Zealand,Offender,2025,16,Juvenile,2,Male,,Consumer,0.4
New Zealand,Offender,2025,16,Juvenile,2,Male,Maori,Producer,0.2
New Zealand,Offender,2025,16,Juvenile,2,Male,Pacific Island,Producer,0.2
New Zealand,Offender,2025,16,Juvenile,2,Male,European,Producer,0.8
New Zealand,Offender,2025,16,Juvenile,2,Male,,Producer,1.2
New Zealand,Offender,2025,17,Juvenile,2,Female,European,Consumer,0.2
New Zealand,Offender,2025,17,Juvenile,2,Male,,Consumer,0.4
New Zealand,Offender,2025,17,Juvenile,2,Male,European,Consumer,1.0
New Zealand,Offender,2025,17,Juvenile,2,Male,Pacific Island,Producer,0.2
New Zealand,Offender,2025,17,Juvenile,2,Male,European,Producer,0.8
New Zealand,Offender,2025,17,Juvenile,2,Male,Maori,Producer,0.2
New Zealand,Offender,2025,17,Juvenile,2,Male,,Producer,1.2
New Zealand,Offender,2025,18,Juvenile,2,Female,European,Consumer,0.2
New Zealand,Offender,2025,18,Juvenile,2,Male,European,Consumer,1.0
New Zealand,Offender,2025,18,Juvenile,2,Male,,Consumer,0.4
New Zealand,Offender,2025,18,Juvenile,2,Male,Maori,Producer,0.2
New Zealand,Offender,2025,18,Juvenile,2,Male,,Producer,1.2
New Zealand,Offender,2025,18,Juvenile,2,Male,Pacific Island,Producer,0.2
New Zealand,Offender,2025,18,Juvenile,2,Male,European,Producer,0.8
New Zealand,Offender,2025,19,Juvenile,2,Female,European,Consumer,0.2
New Zealand,Offender,2025,19,Juvenile,2,Male,,Consumer,0.4
New Zealand,Offender,2025,19,Juvenile,2,Male,European,Consumer,1.0
New Zealand,Offender,2025,19,Juvenile,2,Male,Maori,Producer,0.2
New Zealand,Offender,2025,19,Juvenile,2,Male,,Producer,1.2
New Zealand,Offender,2025,19,Juvenile,2,Male,Pacific Island,Producer,0.2
New Zealand,Offender,2025,19,Juvenile,2,Male,European,Producer,0.8
New Zealand,Offender,2025,20,Adult,3,Male,Latin American/Hispanic,Consumer,0.2
New Zealand,Offender,2025,20,Adult,3,Male,European,Consumer,0.6
New Zealand,Offender,2025,20,Adult,3,Male,Maori,Consumer,0.2
New Zealand,Offender,2025,20,Adult,3,Male,European,Producer,0.4
New Zealand,Offender,2025,20,Adult,3,Male,Maori,Producer,0.2
New Zealand,Offender,2025,21,Adult,3,Male,European,Consumer,0.6
New Zealand,Offender,2025,21,Adult,3,Male,Maori,Consumer,0.2
New Zealand,Offender,2025,21,Adult,3,Male,Latin American/Hispanic,Consumer,0.2
New Zealand,Offender,2025,21,Adult,3,Male,European,Producer,0.4
New Zealand,Offender,2025,21,Adult,3,Male,Maori,Producer,0.2
New Zealand,Offender,2025,22,Adult,3,Male,European,Consumer,0.6
New Zealand,Offender,2025,22,Adult,3,Male,Latin American/Hispanic,Consumer,0.2
New Zealand,Offender,2025,22,Adult,3,Male,Maori,Consumer,0.2
New Zealand,Offender,2025,22,Adult,3,Male,European,Producer,0.4
New Zealand,Offender,2025,22,Adult,3,Male,Maori,Producer,0.2
New Zealand,Offender,2025,23,Adult,3,Male,European,Consumer,0.6
New Zealand,Offender,2025,23,Adult,3,Male,Maori,Consumer,0.2
New Zealand,Offender,2025,23,Adult,3,Male,Latin American/Hispanic,Consumer,0.2
New Zealand,Offender,2025,23,Adult,3,Male,European,Producer,0.4
New Zealand,Offender,2025,23,Adult,3,Male,Maori,Producer,0.2
New Zealand,Offender,2025,24,Adult,3,Male,Latin American/Hispanic,Consumer,0.2
New Zealand,Offender,2025,24,Adult,3,Male,European,Consumer,0.6
New Zealand,Offender,2025,24,Adult,3,Male,Maori,Consumer,0.2
New Zealand,Offender,2025,24,Adult,3,Male,European,Producer,0.4
New Zealand,Offender,2025,24,Adult,3,Male,Maori,Producer,0.2
New Zealand,Offender,2025,25,Adult,3,Male,,Consumer,0.2
New Zealand,Offender,2025,25,Adult,3,Male,European,Consumer,0.2
New Zealand,Offender,2025,25,Adult,3,Male,European,Producer,0.6
New Zealand,Offender,2025,26,Adult,3,Male,,Consumer,0.2
New Zealand,Offender,2025,26,Adult,3,Male,European,Consumer,0.2
New Zealand,Offender,2025,26,Adult,3,Male,European,Producer,0.6
New Zealand,Offender,2025,27,Adult,3,Male,,Consumer,0.2
New Zealand,Offender,2025,27,Adult,3,Male,European,Consumer,0.2
New Zealand,Offender,2025,27,Adult,3,Male,European,Producer,0.6
New Zealand,Offender,2025,28,Adult,3,Male,European,Consumer,0.2
New Zealand,Offender,2025,28,Adult,3,Male,,Consumer,0.2
New Zealand,Offender,2025,28,Adult,3,Male,European,Producer,0.6
New Zealand,Offender,2025,29,Adult,3,Male,European,Consumer,0.2
New Zealand,Offender,2025,29,Adult,3,Male,,Consumer,0.2
New Zealand,Offender,2025,29,Adult,3,Male,European,Producer,0.6
New Zealand,Offender,2025,30,Adult,3,Male,Asian,Consumer,0.2
New Zealand,Offender,2025,30,Adult,3,Male,European,Consumer,1.0
New Zealand,Offender,2025,30,Adult,3,Male,Maori,Consumer,0.2
New Zealand,Offender,2025,30,Adult,3,Male,European,Producer,0.4
New Zealand,Offender,2025,30,Adult,3,Male,,Producer,0.2
New Zealand,Offender,2025,31,Adult,3,Male,Asian,Consumer,0.2
New Zealand,Offender,2025,31,Adult,3,Male,Maori,Consumer,0.2
New Zealand,Offender,2025,31,Adult,3,Male,European,Consumer,1.0
New Zealand,Offender,2025,31,Adult,3,Male,,Producer,0.2
New Zealand,Offender,2025,31,Adult,3,Male,European,Producer,0.4
New Zealand,Offender,2025,32,Adult,3,Male,European,Consumer,1.0
New Zealand,Offender,2025,32,Adult,3,Male,Asian,Consumer,0.2
New Zealand,Offender,2025,32,Adult,3,Male,Maori,Consumer,0.2
New Zealand,Offender,2025,32,Adult,3,Male,,Producer,0.2
New Zealand,Offender,2025,32,Adult,3,Male,European,Producer,0.4
New Zealand,Offender,2025,33,Adult,3,Male,European,Consumer,1.0
New Zealand,Offender,2025,33,Adult,3,Male,Asian,Consumer,0.2
New Zealand,Offender,2025,33,Adult,3,Male,Maori,Consumer,0.2
New Zealand,Offender,2025,33,Adult,3,Male,European,Producer,0.4
New Zealand,Offender,2025,33,Adult,3,Male,,Producer,0.2
New Zealand,Offender,2025,34,Adult,3,Male,European,Consumer,1.0
New Zealand,Offender,2025,34,Adult,3,Male,Asian,Consumer,0.2
New Zealand,Offender,2025,34,Adult,3,Male,Maori,Consumer,0.2
New Zealand,Offender,2025,34,Adult,3,Male,,Producer,0.2
New Zealand,Offender,2025,34,Adult,3,Male,European,Producer,0.4
New Zealand,Offender,2025,35,Adult,3,Male,,Consumer,0.2
New Zealand,Offender,2025,35,Adult,3,Male,Maori,Consumer,0.4
New Zealand,Offender,2025,35,Adult,3,Male,European,Consumer,0.4
New Zealand,Offender,2025,35,Adult,3,Male,European,Producer,0.4
New Zealand,Offender,2025,36,Adult,3,Male,European,Consumer,0.4
New Zealand,Offender,2025,36,Adult,3,Male,,Consumer,0.2
New Zealand,Offender,2025,36,Adult,3,Male,Maori,Consumer,0.4
New Zealand,Offender,2025,36,Adult,3,Male,European,Producer,0.4
New Zealand,Offender,2025,37,Adult,3,Male,Maori,Consumer,0.4
New Zealand,Offender,2025,37,Adult,3,Male,,Consumer,0.2
New Zealand,Offender,2025,37,Adult,3,Male,European,Consumer,0.4
New Zealand,Offender,2025,37,Adult,3,Male,European,Producer,0.4
New Zealand,Offender,2025,38,Adult,3,Male,European,Consumer,0.4
New Zealand,Offender,2025,38,Adult,3,Male,,Consumer,0.2
New Zealand,Offender,2025,38,Adult,3,Male,Maori,Consumer,0.4
New Zealand,Offender,2025,38,Adult,3,Male,European,Producer,0.4
New Zealand,Offender,2025,39,Adult,3,Male,European,Consumer,0.4
New Zealand,Offender,2025,39,Adult,3,Male,Maori,Consumer,0.4
New Zealand,Offender,2025,39,Adult,3,Male,,Consumer,0.2
New Zealand,Offender,2025,39,Adult,3,Male,European,Producer,0.4
New Zealand,Offender,2025,40,Adult,3,Male,European,Consumer,1.0
New Zealand,Offender,2025,40,Adult,3,Male,Maori,Consumer,0.2
New Zealand,Offender,2025,40,Adult,3,Male,European,Producer,0.6
New Zealand,Offender,2025,40,Adult,3,Male,Maori,Producer,0.6
New Zealand,Offender,2025,41,Adult,3,Male,European,Consumer,1.0
New Zealand,Offender,2025,41,Adult,3,Male,Maori,Consumer,0.2
New Zealand,Offender,2025,41,Adult,3,Male,Maori,Producer,0.6
New Zealand,Offender,2025,41,Adult,3,Male,European,Producer,0.6
New Zealand,Offender,2025,42,Adult,3,Male,Maori,Consumer,0.2
New Zealand,Offender,2025,42,Adult,3,Male,European,Consumer,1.0
New Zealand,Offender,2025,42,Adult,3,Male,European,Producer,0.6
New Zealand,Offender,2025,42,Adult,3,Male,Maori,Producer,0.6
New Zealand,Offender,2025,43,Adult,3,Male,Maori,Consumer,0.2
New Zealand,Offender,2025,43,Adult,3,Male,European,Consumer,1.0
New Zealand,Offender,2025,43,Adult,3,Male,Maori,Producer,0.6
New Zealand,Offender,2025,43,Adult,3,Male,European,Producer,0.6
New Zealand,Offender,2025,44,Adult,3,Male,Maori,Consumer,0.2
New Zealand,Offender,2025,44,Adult,3,Male,European,Consumer,1.0
New Zealand,Offender,2025,44,Adult,3,Male,European,Producer,0.6
New Zealand,Offender,2025,44,Adult,3,Male,Maori,Producer,0.6
New Zealand,Offender,2025,45,Adult,3,Male,Maori,Consumer,0.2
New Zealand,Offender,2025,45,Adult,3,Male,European,Consumer,0.6
New Zealand,Offender,2025,45,Adult,3,Male,European,Producer,0.4
New Zealand,Offender,2025,46,Adult,3,Male,Maori,Consumer,0.2
New Zealand,Offender,2025,46,Adult,3,Male,European,Consumer,0.6
New Zealand,Offender,2025,46,Adult,3,Male,European,Producer,0.4
New Zealand,Offender,2025,47,Adult,3,Male,Maori,Consumer,0.2
New Zealand,Offender,2025,47,Adult,3,Male,European,Consumer,0.6
New Zealand,Offender,2025,47,Adult,3,Male,European,Producer,0.4
New Zealand,Offender,2025,48,Adult,3,Male,Maori,Consumer,0.2
New Zealand,Offender,2025,48,Adult,3,Male,European,Consumer,0.6
New Zealand,Offender,2025,48,Adult,3,Male,European,Producer,0.4
New Zealand,Offender,2025,49,Adult,3,Male,Maori,Consumer,0.2
New Zealand,Offender,2025,49,Adult,3,Male,European,Consumer,0.6
New Zealand,Offender,2025,49,Adult,3,Male,European,Producer,0.4
New Zealand,Offender,2025,50,Adult,3,Male,European,Consumer,0.4
New Zealand,Offender,2025,50,Adult,3,Male,European,Producer,0.4
New Zealand,Offender,2025,51,Adult,3,Male,European,Consumer,0.4
New Zealand,Offender,2025,51,Adult,3,Male,European,Producer,0.4
New Zealand,Offender,2025,52,Adult,3,Male,European,Consumer,0.4
New Zealand,Offender,2025,52,Adult,3,Male,European,Producer,0.4
New Zealand,Offender,2025,53,Adult,3,Male,European,Consumer,0.4
New Zealand,Offender,2025,53,Adult,3,Male,European,Producer,0.4
New Zealand,Offender,2025,54,Adult,3,Male,European,Consumer,0.4
New Zealand,Offender,2025,54,Adult,3,Male,European,Producer,0.4
New Zealand,Offender,2025,55,Adult,3,Male,European,Consumer,0.4
New Zealand,Offender,2025,55,Adult,3,Male,European,Producer,0.4
New Zealand,Offender,2025,56,Adult,3,Male,European,Consumer,0.4
New Zealand,Offender,2025,56,Adult,3,Male,European,Producer,0.4
New Zealand,Offender,2025,57,Adult,3,Male,European,Consumer,0.4
New Zealand,Offender,2025,57,Adult,3,Male,European,Producer,0.4
New Zealand,Offender,2025,58,Adult,3,Male,European,Consumer,0.4
New Zealand,Offender,2025,58,Adult,3,Male,European,Producer,0.4
New Zealand,Offender,2025,59,Adult,3,Male,European,Consumer,0.4
New Zealand,Offender,2025,59,Adult,3,Male,European,Producer,0.4
New Zealand,Offender,2025,60,Adult,3,Male,European,Consumer,0.6
New Zealand,Offender,2025,60,Adult,3,Male,Maori,Consumer,0.2
New Zealand,Offender,2025,60,Adult,3,Male,European,Producer,0.2
New Zealand,Offender,2025,61,Adult,3,Male,Maori,Consumer,0.2
New Zealand,Offender,2025,61,Adult,3,Male,European,Consumer,0.6
New Zealand,Offender,2025,61,Adult,3,Male,European,Producer,0.2
New Zealand,Offender,2025,62,Adult,3,Male,European,Consumer,0.6
New Zealand,Offender,2025,62,Adult,3,Male,Maori,Consumer,0.2
New Zealand,Offender,2025,62,Adult,3,Male,European,Producer,0.2
New Zealand,Offender,2025,63,Adult,3,Male,European,Consumer,0.6
New Zealand,Offender,2025,63,Adult,3,Male,Maori,Consumer,0.2
New Zealand,Offender,2025,63,Adult,3,Male,European,Producer,0.2
New Zealand,Offender,2025,64,Adult,3,Male,Maori,Consumer,0.2
New Zealand,Offender,2025,64,Adult,3,Male,European,Consumer,0.6
New Zealand,Offender,2025,64,Adult,3,Male,European,Producer,0.2
New Zealand,Offender,2025,70,Adult,3,Male,,Consumer,0.2
New Zealand,Offender,2025,71,Adult,3,Male,,Consumer,0.2
New Zealand,Offender,2025,72,Adult,3,Male,,Consumer,0.2
New Zealand,Offender,2025,73,Adult,3,Male,,Consumer,0.2
New Zealand,Offender,2025,74,Adult,3,Male,,Consumer,0.2
New Zealand,Offender,2025,75,Adult,3,Male,European,Consumer,0.2
New Zealand,Offender,2025,76,Adult,3,Male,European,Consumer,0.2
New Zealand,Offender,2025,77,Adult,3,Male,European,Consumer,0.2
New Zealand,Offender,2025,78,Adult,3,Male,European,Consumer,0.2
New Zealand,Offender,2025,79,Adult,3,Male,European,Consumer,0.2
New Zealand,Offender,2025,80,Adult,3,Male,,Consumer,0.05
New Zealand,Offender,2025,81,Adult,3,Male,,Consumer,0.05
New Zealand,Offender,2025,82,Adult,3,Male,,Consumer,0.05
New Zealand,Offender,2025,83,Adult,3,Male,,Consumer,0.05
New Zealand,Offender,2025,84,Adult,3,Male,,Consumer,0.05
New Zealand,Offender,2025,85,Adult,3,Male,,Consumer,0.05
New Zealand,Offender,2025,86,Adult,3,Male,,Consumer,0.05
New Zealand,Offender,2025,87,Adult,3,Male,,Consumer,0.05
New Zealand,Offender,2025,88,Adult,3,Male,,Consumer,0.05
New Zealand,Offender,2025,89,Adult,3,Male,,Consumer,0.05
New Zealand,Offender,2025,90,Adult,3,Male,,Consumer,0.05
New Zealand,Offender,2025,91,Adult,3,Male,,Consumer,0.05
New Zealand,Offender,2025,92,Adult,3,Male,,Consumer,0.05
New Zealand,Offender,2025,93,Adult,3,Male,,Consumer,0.05
New Zealand,Offender,2025,94,Adult,3,Male,,Consumer,0.05
New Zealand,Offender,2025,95,Adult,3,Male,,Consumer,0.05
New Zealand,Offender,2025,96,Adult,3,Male,,Consumer,0.05
New Zealand,Offender,2025,97,Adult,3,Male,,Consumer,0.05
New Zealand,Offender,2025,98,Adult,3,Male,,Consumer,0.05
New Zealand,Offender,2025,99,Adult,3,Male,,Consumer,0.05
United States,Arrestee,2023,,Adult,3,Female,White,Consumer,1.0
United States,Arrestee,2023,10,Child,1,Female,Hispanic,Consumer,1.0
United States,Arrestee,2023,10,Child,1,Male,Black,Consumer,1.0
United States,Arrestee,2023,11,Juvenile,2,Female,White,Consumer,1.0
United States,Arrestee,2023,11,Juvenile,2,Female,Black,Consumer,4.0
United States,Arrestee,2023,11,Juvenile,2,Female,Hispanic,Consumer,3.0
United States,Arrestee,2023,11,Juvenile,2,Male,White,Consumer,3.0
United States,Arrestee,2023,11,Juvenile,2,Male,Black,Consumer,3.0
United States,Arrestee,2023,12,Juvenile,2,Female,White,Consumer,5.0
United States,Arrestee,2023,12,Juvenile,2,Female,Black,Consumer,5.0
United States,Arrestee,2023,12,Juvenile,2,Female,Hispanic,Consumer,2.0
United States,Arrestee,2023,12,Juvenile,2,Male,White,Consumer,6.0
United States,Arrestee,2023,12,Juvenile,2,Male,Black,Consumer,8.0
United States,Arrestee,2023,12,Juvenile,2,Male,Black,Producer,1.0
United States,Arrestee,2023,12,Juvenile,2,Male,Other,Consumer,1.0
United States,Arrestee,2023,12,Juvenile,2,Male,Hispanic,Consumer,4.0
United States,Arrestee,2023,13,Juvenile,2,Female,,Consumer,2.0
United States,Arrestee,2023,13,Juvenile,2,Female,White,Consumer,16.0
United States,Arrestee,2023,13,Juvenile,2,Female,White,Producer,1.0
United States,Arrestee,2023,13,Juvenile,2,Female,Black,Consumer,5.0
United States,Arrestee,2023,13,Juvenile,2,Female,Black,Producer,1.0
United States,Arrestee,2023,13,Juvenile,2,Female,Other,Consumer,1.0
United States,Arrestee,2023,13,Juvenile,2,Female,Hispanic,Consumer,2.0
United States,Arrestee,2023,13,Juvenile,2,Male,,Consumer,2.0
United States,Arrestee,2023,13,Juvenile,2,Male,White,Consumer,20.0
United States,Arrestee,2023,13,Juvenile,2,Male,White,Producer,2.0
United States,Arrestee,2023,13,Juvenile,2,Male,Black,Consumer,11.0
United States,Arrestee,2023,13,Juvenile,2,Male,Black,Producer,4.0
United States,Arrestee,2023,13,Juvenile,2,Male,Hispanic,Consumer,4.0
United States,Arrestee,2023,14,Juvenile,2,Female,,Consumer,2.0
United States,Arrestee,2023,14,Juvenile,2,Female,,Producer,1.0
United States,Arrestee,2023,14,Juvenile,2,Female,White,Consumer,13.0
United States,Arrestee,2023,14,Juvenile,2,Female,White,Producer,1.0
United States,Arrestee,2023,14,Juvenile,2,Female,Black,Consumer,4.0
United States,Arrestee,2023,14,Juvenile,2,Female,Other,Producer,1.0
United States,Arrestee,2023,14,Juvenile,2,Female,Hispanic,Consumer,3.0
United States,Arrestee,2023,14,Juvenile,2,Male,,Consumer,1.0
United States,Arrestee,2023,14,Juvenile,2,Male,,Producer,1.0
United States,Arrestee,2023,14,Juvenile,2,Male,White,Consumer,36.0
United States,Arrestee,2023,14,Juvenile,2,Male,White,Producer,4.0
United States,Arrestee,2023,14,Juvenile,2,Male,Black,Consumer,10.0
United States,Arrestee,2023,14,Juvenile,2,Male,Black,Producer,1.0
United States,Arrestee,2023,14,Juvenile,2,Male,Other,Consumer,1.0
United States,Arrestee,2023,14,Juvenile,2,Male,Hispanic,Consumer,4.0
United States,Arrestee,2023,15,Juvenile,2,Female,,Consumer,1.0
United States,Arrestee,2023,15,Juvenile,2,Female,White,Consumer,10.0
United States,Arrestee,2023,15,Juvenile,2,Female,White,Producer,2.0
United States,Arrestee,2023,15,Juvenile,2,Female,Black,Consumer,4.0
United States,Arrestee,2023,15,Juvenile,2,Female,Black,Producer,1.0
United States,Arrestee,2023,15,Juvenile,2,Male,,Producer,1.0
United States,Arrestee,2023,15,Juvenile,2,Male,White,Consumer,31.0
United States,Arrestee,2023,15,Juvenile,2,Male,White,Producer,4.0
United States,Arrestee,2023,15,Juvenile,2,Male,Black,Consumer,15.0
United States,Arrestee,2023,15,Juvenile,2,Male,Black,Producer,3.0
United States,Arrestee,2023,15,Juvenile,2,Male,Other,Producer,1.0
United States,Arrestee,2023,15,Juvenile,2,Male,Hispanic,Consumer,5.0
United States,Arrestee,2023,15,Juvenile,2,Male,Hispanic,Producer,3.0
United States,Arrestee,2023,16,Juvenile,2,Female,,Consumer,1.0
United States,Arrestee,2023,16,Juvenile,2,Female,White,Consumer,7.0
United States,Arrestee,2023,16,Juvenile,2,Female,White,Producer,2.0
United States,Arrestee,2023,16,Juvenile,2,Female,Black,Consumer,3.0
United States,Arrestee,2023,16,Juvenile,2,Female,Hispanic,Consumer,1.0
United States,Arrestee,2023,16,Juvenile,2,Male,White,Consumer,25.0
United States,Arrestee,2023,16,Juvenile,2,Male,White,Producer,3.0
United States,Arrestee,2023,16,Juvenile,2,Male,Black,Consumer,19.0
United States,Arrestee,2023,16,Juvenile,2,Male,Black,Producer,3.0
United States,Arrestee,2023,16,Juvenile,2,Male,Other,Consumer,1.0
United States,Arrestee,2023,16,Juvenile,2,Male,Other,Producer,1.0
United States,Arrestee,2023,16,Juvenile,2,Male,Hispanic,Consumer,10.0
United States,Arrestee,2023,16,Juvenile,2,Male,Hispanic,Producer,1.0
United States,Arrestee,2023,17,Juvenile,2,Female,White,Consumer,2.0
United States,Arrestee,2023,17,Juvenile,2,Female,White,Producer,1.0
United States,Arrestee,2023,17,Juvenile,2,Male,White,Consumer,28.0
United States,Arrestee,2023,17,Juvenile,2,Male,White,Producer,1.0
United States,Arrestee,2023,17,Juvenile,2,Male,Black,Consumer,12.0
United States,Arrestee,2023,17,Juvenile,2,Male,Black,Producer,1.0
United States,Arrestee,2023,17,Juvenile,2,Male,Other,Consumer,4.0
United States,Arrestee,2023,17,Juvenile,2,Male,Hispanic,Consumer,12.0
United States,Arrestee,2023,17,Juvenile,2,Male,Hispanic,Producer,1.0
United States,Arrestee,2023,18,Adult,3,Female,White,Consumer,5.0
United States,Arrestee,2023,18,Adult,3,Female,White,Producer,1.0
United States,Arrestee,2023,18,Adult,3,Female,Black,Producer,2.0
United States,Arrestee,2023,18,Adult,3,Male,,Consumer,2.0
United States,Arrestee,2023,18,Adult,3,Male,White,Consumer,37.0
United States,Arrestee,2023,18,Adult,3,Male,Black,Consumer,12.0
United States,Arrestee,2023,18,Adult,3,Male,Other,Consumer,4.0
United States,Arrestee,2023,18,Adult,3,Male,Hispanic,Consumer,15.0
United States,Arrestee,2023,18,Adult,3,Male,Hispanic,Producer,1.0
United States,Arrestee,2023,19,Adult,3,Female,White,Consumer,2.0
United States,Arrestee,2023,19,Adult,3,Female,Black,Consumer,3.0
United States,Arrestee,2023,19,Adult,3,Male,,Consumer,2.0
United States,Arrestee,2023,19,Adult,3,Male,,Producer,1.0
United States,Arrestee,2023,19,Adult,3,Male,White,Consumer,42.0
United States,Arrestee,2023,19,Adult,3,Male,White,Producer,4.0
United States,Arrestee,2023,19,Adult,3,Male,Black,Consumer,12.0
United States,Arrestee,2023,19,Adult,3,Male,Black,Producer,2.0
United States,Arrestee,2023,19,Adult,3,Male,Other,Consumer,1.0
United States,Arrestee,2023,19,Adult,3,Male,Hispanic,Consumer,18.0
United States,Arrestee,2023,19,Adult,3,Male,Hispanic,Producer,1.0
United States,Arrestee,2023,20,Adult,3,Female,Black,Consumer,2.0
United States,Arrestee,2023,20,Adult,3,Male,,Consumer,5.0
United States,Arrestee,2023,20,Adult,3,Male,,Producer,1.0
United States,Arrestee,2023,20,Adult,3,Male,White,Consumer,35.0
United States,Arrestee,2023,20,Adult,3,Male,White,Producer,5.0
United States,Arrestee,2023,20,Adult,3,Male,Black,Consumer,12.0
United States,Arrestee,2023,20,Adult,3,Male,Black,Producer,1.0
United States,Arrestee,2023,20,Adult,3,Male,Other,Consumer,1.0
United States,Arrestee,2023,20,Adult,3,Male,Hispanic,Consumer,13.0
United States,Arrestee,2023,20,Adult,3,Male,Hispanic,Producer,1.0
United States,Arrestee,2023,21,Adult,3,Female,White,Consumer,3.0
United States,Arrestee,2023,21,Adult,3,Female,Hispanic,Consumer,1.0
United States,Arrestee,2023,21,Adult,3,Male,,Consumer,2.0
United States,Arrestee,2023,21,Adult,3,Male,White,Consumer,30.0
United States,Arrestee,2023,21,Adult,3,Male,White,Producer,1.0
United States,Arrestee,2023,21,Adult,3,Male,Black,Consumer,10.0
United States,Arrestee,2023,21,Adult,3,Male,Black,Producer,2.0
United States,Arrestee,2023,21,Adult,3,Male,Other,Consumer,2.0
United States,Arrestee,2023,21,Adult,3,Male,Hispanic,Consumer,11.0
United States,Arrestee,2023,21,Adult,3,Male,Hispanic,Producer,1.0
United States,Arrestee,2023,22,Adult,3,Female,,Consumer,2.0
United States,Arrestee,2023,22,Adult,3,Female,White,Consumer,2.0
United States,Arrestee,2023,22,Adult,3,Female,Other,Consumer,1.0
United States,Arrestee,2023,22,Adult,3,Male,,Consumer,5.0
United States,Arrestee,2023,22,Adult,3,Male,White,Consumer,26.0
United States,Arrestee,2023,22,Adult,3,Male,White,Producer,1.0
United States,Arrestee,2023,22,Adult,3,Male,Black,Consumer,10.0
United States,Arrestee,2023,22,Adult,3,Male,Black,Producer,3.0
United States,Arrestee,2023,22,Adult,3,Male,Other,Consumer,1.0
United States,Arrestee,2023,22,Adult,3,Male,Hispanic,Consumer,13.0
United States,Arrestee,2023,22,Adult,3,Male,Hispanic,Producer,1.0
United States,Arrestee,2023,23,Adult,3,Male,,Consumer,2.0
United States,Arrestee,2023,23,Adult,3,Male,White,Consumer,33.0
United States,Arrestee,2023,23,Adult,3,Male,White,Producer,4.0
United States,Arrestee,2023,23,Adult,3,Male,Black,Consumer,6.0
United States,Arrestee,2023,23,Adult,3,Male,Other,Consumer,3.0
United States,Arrestee,2023,23,Adult,3,Male,Hispanic,Consumer,17.0
United States,Arrestee,2023,24,Adult,3,Female,White,Consumer,1.0
United States,Arrestee,2023,24,Adult,3,Male,,Consumer,3.0
United States,Arrestee,2023,24,Adult,3,Male,White,Consumer,45.0
United States,Arrestee,2023,24,Adult,3,Male,White,Producer,2.0
United States,Arrestee,2023,24,Adult,3,Male,Black,Consumer,8.0
United States,Arrestee,2023,24,Adult,3,Male,Black,Producer,1.0
United States,Arrestee,2023,24,Adult,3,Male,Hispanic,Consumer,9.0
United States,Arrestee,2023,25,Adult,3,Female,White,Consumer,2.0
United States,Arrestee,2023,25,Adult,3,Female,Black,Consumer,1.0
United States,Arrestee,2023,25,Adult,3,Female,Hispanic,Consumer,1.0
United States,Arrestee,2023,25,Adult,3,Male,,Consumer,1.0
United States,Arrestee,2023,25,Adult,3,Male,White,Consumer,30.0
United States,Arrestee,2023,25,Adult,3,Male,White,Producer,5.0
United States,Arrestee,2023,25,Adult,3,Male,Black,Consumer,12.0
United States,Arrestee,2023,25,Adult,3,Male,Black,Producer,1.0
United States,Arrestee,2023,25,Adult,3,Male,Other,Consumer,1.0
United States,Arrestee,2023,25,Adult,3,Male,Hispanic,Consumer,9.0
United States,Arrestee,2023,26,Adult,3,Female,,Consumer,1.0
United States,Arrestee,2023,26,Adult,3,Male,,Consumer,2.0
United States,Arrestee,2023,26,Adult,3,Male,White,Consumer,26.0
United States,Arrestee,2023,26,Adult,3,Male,White,Producer,4.0
United States,Arrestee,2023,26,Adult,3,Male,Black,Consumer,5.0
United States,Arrestee,2023,26,Adult,3,Male,Hispanic,Consumer,5.0
United States,Arrestee,2023,26,Adult,3,Male,Hispanic,Producer,2.0
United States,Arrestee,2023,27,Adult,3,Female,White,Consumer,4.0
United States,Arrestee,2023,27,Adult,3,Female,Hispanic,Consumer,2.0
United States,Arrestee,2023,27,Adult,3,Male,,Consumer,1.0
United States,Arrestee,2023,27,Adult,3,Male,White,Consumer,25.0
United States,Arrestee,2023,27,Adult,3,Male,White,Producer,7.0
United States,Arrestee,2023,27,Adult,3,Male,Black,Consumer,3.0
United States,Arrestee,2023,27,Adult,3,Male,Black,Producer,1.0
United States,Arrestee,2023,27,Adult,3,Male,Other,Consumer,1.0
United States,Arrestee,2023,27,Adult,3,Male,Hispanic,Consumer,14.0
United States,Arrestee,2023,28,Adult,3,Female,White,Consumer,2.0
United States,Arrestee,2023,28,Adult,3,Male,,Consumer,4.0
United States,Arrestee,2023,28,Adult,3,Male,White,Consumer,32.0
United States,Arrestee,2023,28,Adult,3,Male,White,Producer,4.0
United States,Arrestee,2023,28,Adult,3,Male,Black,Consumer,10.0
United States,Arrestee,2023,28,Adult,3,Male,Other,Consumer,2.0
United States,Arrestee,2023,28,Adult,3,Male,Hispanic,Consumer,9.0
United States,Arrestee,2023,29,Adult,3,Female,White,Consumer,1.0
United States,Arrestee,2023,29,Adult,3,Male,,Consumer,1.0
United States,Arrestee,2023,29,Adult,3,Male,White,Consumer,35.0
United States,Arrestee,2023,29,Adult,3,Male,White,Producer,4.0
United States,Arrestee,2023,29,Adult,3,Male,Black,Consumer,10.0
United States,Arrestee,2023,29,Adult,3,Male,Black,Producer,2.0
United States,Arrestee,2023,29,Adult,3,Male,Other,Consumer,2.0
United States,Arrestee,2023,29,Adult,3,Male,Other,Producer,1.0
United States,Arrestee,2023,29,Adult,3,Male,Hispanic,Consumer,6.0
United States,Arrestee,2023,30,Adult,3,Female,Hispanic,Consumer,1.0
United States,Arrestee,2023,30,Adult,3,Male,,Consumer,2.0
United States,Arrestee,2023,30,Adult,3,Male,White,Consumer,30.0
United States,Arrestee,2023,30,Adult,3,Male,White,Producer,3.0
United States,Arrestee,2023,30,Adult,3,Male,Black,Consumer,9.0
United States,Arrestee,2023,30,Adult,3,Male,Black,Producer,1.0
United States,Arrestee,2023,30,Adult,3,Male,Other,Consumer,1.0
United States,Arrestee,2023,30,Adult,3,Male,Hispanic,Consumer,11.0
United States,Arrestee,2023,30,Adult,3,Male,Hispanic,Producer,2.0
United States,Arrestee,2023,31,Adult,3,Female,White,Consumer,1.0
United States,Arrestee,2023,31,Adult,3,Male,,Consumer,2.0
United States,Arrestee,2023,31,Adult,3,Male,White,Consumer,43.0
United States,Arrestee,2023,31,Adult,3,Male,White,Producer,5.0
United States,Arrestee,2023,31,Adult,3,Male,Black,Consumer,6.0
United States,Arrestee,2023,31,Adult,3,Male,Black,Producer,1.0
United States,Arrestee,2023,31,Adult,3,Male,Other,Consumer,2.0
United States,Arrestee,2023,31,Adult,3,Male,Hispanic,Consumer,5.0
United States,Arrestee,2023,31,Adult,3,Male,Hispanic,Producer,1.0
United States,Arrestee,2023,32,Adult,3,Female,White,Consumer,2.0
United States,Arrestee,2023,32,Adult,3,Female,White,Producer,1.0
United States,Arrestee,2023,32,Adult,3,Male,,Consumer,2.0
United States,Arrestee,2023,32,Adult,3,Male,White,Consumer,40.0
United States,Arrestee,2023,32,Adult,3,Male,White,Producer,4.0
United States,Arrestee,2023,32,Adult,3,Male,Black,Consumer,4.0
United States,Arrestee,2023,32,Adult,3,Male,Hispanic,Consumer,11.0
United States,Arrestee,2023,33,Adult,3,Female,White,Consumer,2.0
United States,Arrestee,2023,33,Adult,3,Male,,Consumer,4.0
United States,Arrestee,2023,33,Adult,3,Male,,Producer,1.0
United States,Arrestee,2023,33,Adult,3,Male,White,Consumer,47.0
United States,Arrestee,2023,33,Adult,3,Male,White,Producer,2.0
United States,Arrestee,2023,33,Adult,3,Male,Black,Consumer,8.0
United States,Arrestee,2023,33,Adult,3,Male,Black,Producer,1.0
United States,Arrestee,2023,33,Adult,3,Male,Other,Consumer,3.0
United States,Arrestee,2023,33,Adult,3,Male,Hispanic,Consumer,8.0
United States,Arrestee,2023,34,Adult,3,Female,White,Consumer,3.0
United States,Arrestee,2023,34,Adult,3,Male,,Consumer,2.0
United States,Arrestee,2023,34,Adult,3,Male,White,Consumer,42.0
United States,Arrestee,2023,34,Adult,3,Male,White,Producer,3.0
United States,Arrestee,2023,34,Adult,3,Male,Black,Consumer,12.0
United States,Arrestee,2023,34,Adult,3,Male,Black,Producer,1.0
United States,Arrestee,2023,34,Adult,3,Male,Other,Consumer,2.0
United States,Arrestee,2023,34,Adult,3,Male,Hispanic,Consumer,8.0
United States,Arrestee,2023,34,Adult,3,Male,Hispanic,Producer,1.0
United States,Arrestee,2023,35,Adult,3,Female,White,Consumer,4.0
United States,Arrestee,2023,35,Adult,3,Male,,Consumer,4.0
United States,Arrestee,2023,35,Adult,3,Male,White,Consumer,46.0
United States,Arrestee,2023,35,Adult,3,Male,White,Producer,15.0
United States,Arrestee,2023,35,Adult,3,Male,Black,Consumer,8.0
United States,Arrestee,2023,35,Adult,3,Male,Other,Consumer,1.0
United States,Arrestee,2023,35,Adult,3,Male,Hispanic,Consumer,4.0
United States,Arrestee,2023,36,Adult,3,Female,White,Consumer,2.0
United States,Arrestee,2023,36,Adult,3,Female,Black,Consumer,1.0
United States,Arrestee,2023,36,Adult,3,Male,,Consumer,2.0
United States,Arrestee,2023,36,Adult,3,Male,White,Consumer,38.0
United States,Arrestee,2023,36,Adult,3,Male,White,Producer,4.0
United States,Arrestee,2023,36,Adult,3,Male,Black,Consumer,3.0
United States,Arrestee,2023,36,Adult,3,Male,Black,Producer,1.0
United States,Arrestee,2023,36,Adult,3,Male,Other,Consumer,1.0
United States,Arrestee,2023,36,Adult,3,Male,Hispanic,Consumer,4.0
United States,Arrestee,2023,36,Adult,3,Male,Hispanic,Producer,1.0
United States,Arrestee,2023,37,Adult,3,Female,White,Consumer,2.0
United States,Arrestee,2023,37,Adult,3,Female,Black,Consumer,1.0
United States,Arrestee,2023,37,Adult,3,Female,Other,Producer,1.0
United States,Arrestee,2023,37,Adult,3,Male,,Consumer,4.0
United States,Arrestee,2023,37,Adult,3,Male,White,Consumer,36.0
United States,Arrestee,2023,37,Adult,3,Male,White,Producer,6.0
United States,Arrestee,2023,37,Adult,3,Male,Black,Consumer,5.0
United States,Arrestee,2023,37,Adult,3,Male,Other,Consumer,4.0
United States,Arrestee,2023,37,Adult,3,Male,Hispanic,Consumer,11.0
United States,Arrestee,2023,38,Adult,3,Female,White,Consumer,2.0
United States,Arrestee,2023,38,Adult,3,Male,,Consumer,1.0
United States,Arrestee,2023,38,Adult,3,Male,White,Consumer,39.0
United States,Arrestee,2023,38,Adult,3,Male,White,Producer,5.0
United States,Arrestee,2023,38,Adult,3,Male,Black,Consumer,4.0
United States,Arrestee,2023,38,Adult,3,Male,Other,Consumer,2.0
United States,Arrestee,2023,38,Adult,3,Male,Hispanic,Consumer,5.0
United States,Arrestee,2023,38,Adult,3,Male,Hispanic,Producer,1.0
United States,Arrestee,2023,39,Adult,3,Female,White,Consumer,2.0
United States,Arrestee,2023,39,Adult,3,Male,,Consumer,3.0
United States,Arrestee,2023,39,Adult,3,Male,White,Consumer,34.0
United States,Arrestee,2023,39,Adult,3,Male,White,Producer,8.0
United States,Arrestee,2023,39,Adult,3,Male,Black,Consumer,1.0
United States,Arrestee,2023,39,Adult,3,Male,Black,Producer,1.0
United States,Arrestee,2023,39,Adult,3,Male,Other,Consumer,3.0
United States,Arrestee,2023,39,Adult,3,Male,Hispanic,Consumer,4.0
United States,Arrestee,2023,39,Adult,3,Male,Hispanic,Producer,1.0
United States,Arrestee,2023,40,Adult,3,Female,White,Consumer,2.0
United States,Arrestee,2023,40,Adult,3,Male,White,Consumer,33.0
United States,Arrestee,2023,40,Adult,3,Male,White,Producer,7.0
United States,Arrestee,2023,40,Adult,3,Male,Black,Consumer,6.0
United States,Arrestee,2023,40,Adult,3,Male,Black,Producer,1.0
United States,Arrestee,2023,40,Adult,3,Male,Other,Consumer,3.0
United States,Arrestee,2023,40,Adult,3,Male,Hispanic,Consumer,4.0
United States,Arrestee,2023,41,Adult,3,Female,White,Consumer,4.0
United States,Arrestee,2023,41,Adult,3,Male,,Consumer,2.0
United States,Arrestee,2023,41,Adult,3,Male,White,Consumer,32.0
United States,Arrestee,2023,41,Adult,3,Male,White,Producer,5.0
United States,Arrestee,2023,41,Adult,3,Male,Black,Consumer,3.0
United States,Arrestee,2023,41,Adult,3,Male,Other,Consumer,1.0
United States,Arrestee,2023,41,Adult,3,Male,Hispanic,Consumer,4.0
United States,Arrestee,2023,42,Adult,3,Female,White,Consumer,2.0
United States,Arrestee,2023,42,Adult,3,Female,White,Producer,1.0
United States,Arrestee,2023,42,Adult,3,Male,White,Consumer,47.0
United States,Arrestee,2023,42,Adult,3,Male,White,Producer,4.0
United States,Arrestee,2023,42,Adult,3,Male,Black,Producer,1.0
United States,Arrestee,2023,42,Adult,3,Male,Other,Consumer,1.0
United States,Arrestee,2023,42,Adult,3,Male,Hispanic,Consumer,6.0
United States,Arrestee,2023,43,Adult,3,Female,Other,Consumer,1.0
United States,Arrestee,2023,43,Adult,3,Male,,Consumer,2.0
United States,Arrestee,2023,43,Adult,3,Male,White,Consumer,22.0
United States,Arrestee,2023,43,Adult,3,Male,White,Producer,1.0
United States,Arrestee,2023,43,Adult,3,Male,Black,Consumer,2.0
United States,Arrestee,2023,43,Adult,3,Male,Hispanic,Consumer,4.0
United States,Arrestee,2023,44,Adult,3,Female,,Consumer,1.0
United States,Arrestee,2023,44,Adult,3,Female,White,Consumer,1.0
United States,Arrestee,2023,44,Adult,3,Male,,Consumer,2.0
United States,Arrestee,2023,44,Adult,3,Male,,Producer,1.0
United States,Arrestee,2023,44,Adult,3,Male,White,Consumer,32.0
United States,Arrestee,2023,44,Adult,3,Male,White,Producer,3.0
United States,Arrestee,2023,44,Adult,3,Male,Hispanic,Consumer,2.0
United States,Arrestee,2023,45,Adult,3,Female,White,Consumer,1.0
United States,Arrestee,2023,45,Adult,3,Male,,Consumer,2.0
United States,Arrestee,2023,45,Adult,3,Male,White,Consumer,26.0
United States,Arrestee,2023,45,Adult,3,Male,White,Producer,1.0
United States,Arrestee,2023,45,Adult,3,Male,Black,Consumer,2.0
United States,Arrestee,2023,46,Adult,3,Female,Other,Consumer,1.0
United States,Arrestee,2023,46,Adult,3,Male,,Consumer,1.0
United States,Arrestee,2023,46,Adult,3,Male,White,Consumer,15.0
United States,Arrestee,2023,46,Adult,3,Male,White,Producer,2.0
United States,Arrestee,2023,46,Adult,3,Male,Black,Consumer,3.0
United States,Arrestee,2023,46,Adult,3,Male,Other,Consumer,2.0
United States,Arrestee,2023,46,Adult,3,Male,Hispanic,Consumer,3.0
United States,Arrestee,2023,47,Adult,3,Female,Hispanic,Consumer,1.0
United States,Arrestee,2023,47,Adult,3,Male,White,Consumer,31.0
United States,Arrestee,2023,47,Adult,3,Male,White,Producer,1.0
United States,Arrestee,2023,47,Adult,3,Male,Other,Consumer,1.0
United States,Arrestee,2023,47,Adult,3,Male,Hispanic,Consumer,2.0
United States,Arrestee,2023,48,Adult,3,Female,White,Consumer,1.0
United States,Arrestee,2023,48,Adult,3,Male,,Consumer,1.0
United States,Arrestee,2023,48,Adult,3,Male,White,Consumer,21.0
United States,Arrestee,2023,48,Adult,3,Male,Black,Consumer,4.0
United States,Arrestee,2023,48,Adult,3,Male,Hispanic,Consumer,2.0
United States,Arrestee,2023,49,Adult,3,Male,,Consumer,1.0
United States,Arrestee,2023,49,Adult,3,Male,White,Consumer,17.0
United States,Arrestee,2023,49,Adult,3,Male,White,Producer,1.0
United States,Arrestee,2023,49,Adult,3,Male,Black,Consumer,1.0
United States,Arrestee,2023,49,Adult,3,Male,Hispanic,Consumer,2.0
United States,Arrestee,2023,50,Adult,3,Male,White,Consumer,24.0
United States,Arrestee,2023,50,Adult,3,Male,White,Producer,1.0
United States,Arrestee,2023,50,Adult,3,Male,Black,Consumer,1.0
United States,Arrestee,2023,50,Adult,3,Male,Other,Consumer,2.0
United States,Arrestee,2023,50,Adult,3,Male,Other,Producer,1.0
United States,Arrestee,2023,50,Adult,3,Male,Hispanic,Consumer,1.0
United States,Arrestee,2023,51,Adult,3,Male,White,Consumer,26.0
United States,Arrestee,2023,51,Adult,3,Male,White,Producer,1.0
United States,Arrestee,2023,51,Adult,3,Male,Hispanic,Consumer,3.0
United States,Arrestee,2023,52,Adult,3,Male,White,Consumer,26.0
United States,Arrestee,2023,52,Adult,3,Male,White,Producer,2.0
United States,Arrestee,2023,52,Adult,3,Male,Black,Consumer,2.0
United States,Arrestee,2023,52,Adult,3,Male,Hispanic,Consumer,2.0
United States,Arrestee,2023,53,Adult,3,Female,White,Consumer,1.0
United States,Arrestee,2023,53,Adult,3,Male,,Consumer,1.0
United States,Arrestee,2023,53,Adult,3,Male,White,Consumer,18.0
United States,Arrestee,2023,53,Adult,3,Male,White,Producer,1.0
United States,Arrestee,2023,53,Adult,3,Male,Black,Consumer,1.0
United States,Arrestee,2023,53,Adult,3,Male,Other,Consumer,1.0
United States,Arrestee,2023,53,Adult,3,Male,Hispanic,Consumer,2.0
United States,Arrestee,2023,54,Adult,3,Female,White,Consumer,2.0
United States,Arrestee,2023,54,Adult,3,Male,White,Consumer,23.0
United States,Arrestee,2023,54,Adult,3,Male,White,Producer,1.0
United States,Arrestee,2023,54,Adult,3,Male,Black,Consumer,3.0
United States,Arrestee,2023,55,Adult,3,Female,White,Consumer,1.0
United States,Arrestee,2023,55,Adult,3,Male,,Consumer,2.0
United States,Arrestee,2023,55,Adult,3,Male,White,Consumer,15.0
United States,Arrestee,2023,55,Adult,3,Male,Black,Consumer,2.0
United States,Arrestee,2023,55,Adult,3,Male,Other,Consumer,1.0
United States,Arrestee,2023,55,Adult,3,Male,Hispanic,Consumer,1.0
United States,Arrestee,2023,56,Adult,3,Female,White,Consumer,1.0
United States,Arrestee,2023,56,Adult,3,Male,White,Consumer,16.0
United States,Arrestee,2023,56,Adult,3,Male,White,Producer,1.0
United States,Arrestee,2023,56,Adult,3,Male,Black,Consumer,1.0
United States,Arrestee,2023,57,Adult,3,Male,White,Consumer,21.0
United States,Arrestee,2023,57,Adult,3,Male,White,Producer,2.0
United States,Arrestee,2023,57,Adult,3,Male,Other,Consumer,1.0
United States,Arrestee,2023,57,Adult,3,Male,Hispanic,Consumer,2.0
United States,Arrestee,2023,58,Adult,3,Female,,Consumer,1.0
United States,Arrestee,2023,58,Adult,3,Male,White,Consumer,22.0
United States,Arrestee,2023,58,Adult,3,Male,Black,Consumer,2.0
United States,Arrestee,2023,59,Adult,3,Male,White,Consumer,18.0
United States,Arrestee,2023,59,Adult,3,Male,White,Producer,2.0
United States,Arrestee,2023,59,Adult,3,Male,Hispanic,Consumer,1.0
United States,Arrestee,2023,60,Adult,3,Male,,Consumer,1.0
United States,Arrestee,2023,60,Adult,3,Male,White,Consumer,12.0
United States,Arrestee,2023,60,Adult,3,Male,White,Producer,1.0
United States,Arrestee,2023,60,Adult,3,Male,Hispanic,Consumer,2.0
United States,Arrestee,2023,61,Adult,3,Male,,Consumer,1.0
United States,Arrestee,2023,61,Adult,3,Male,White,Consumer,12.0
United States,Arrestee,2023,61,Adult,3,Male,Black,Consumer,1.0
United States,Arrestee,2023,62,Adult,3,Male,White,Consumer,13.0
United States,Arrestee,2023,62,Adult,3,Male,Black,Consumer,1.0
United States,Arrestee,2023,62,Adult,3,Male,Other,Consumer,1.0
United States,Arrestee,2023,63,Adult,3,Female,White,Consumer,1.0
United States,Arrestee,2023,63,Adult,3,Male,White,Consumer,6.0
United States,Arrestee,2023,63,Adult,3,Male,Hispanic,Consumer,2.0
United States,Arrestee,2023,64,Adult,3,Female,White,Consumer,1.0
United States,Arrestee,2023,64,Adult,3,Male,,Consumer,1.0
United States,Arrestee,2023,64,Adult,3,Male,White,Consumer,12.0
United States,Arrestee,2023,64,Adult,3,Male,Black,Consumer,1.0
United States,Arrestee,2023,65,Adult,3,Male,,Consumer,1.0
United States,Arrestee,2023,65,Adult,3,Male,White,Consumer,11.0
United States,Arrestee,2023,65,Adult,3,Male,White,Producer,1.0
United States,Arrestee,2023,66,Adult,3,Male,White,Consumer,11.0
United States,Arrestee,2023,66,Adult,3,Male,Hispanic,Consumer,1.0
United States,Arrestee,2023,67,Adult,3,Male,White,Consumer,9.0
United States,Arrestee,2023,68,Adult,3,Male,White,Consumer,4.0
United States,Arrestee,2023,68,Adult,3,Male,Black,Consumer,1.0
United States,Arrestee,2023,68,Adult,3,Male,Hispanic,Consumer,1.0
United States,Arrestee,2023,69,Adult,3,Male,White,Consumer,3.0
United States,Arrestee,2023,70,Adult,3,Male,White,Consumer,4.0
United States,Arrestee,2023,70,Adult,3,Male,White,Producer,1.0
United States,Arrestee,2023,71,Adult,3,Male,White,Consumer,4.0
United States,Arrestee,2023,71,Adult,3,Male,White,Producer,2.0
United States,Arrestee,2023,72,Adult,3,Male,White,Consumer,6.0
United States,Arrestee,2023,73,Adult,3,Male,White,Consumer,6.0
United States,Arrestee,2023,74,Adult,3,Male,White,Consumer,8.0
United States,Arrestee,2023,75,Adult,3,Male,,Consumer,1.0
United States,Arrestee,2023,75,Adult,3,Male,White,Consumer,6.0
United States,Arrestee,2023,76,Adult,3,Male,White,Consumer,3.0
United States,Arrestee,2023,77,Adult,3,Male,White,Consumer,3.0
United States,Arrestee,2023,78,Adult,3,Male,White,Consumer,1.0
United States,Arrestee,2023,78,Adult,3,Male,White,Producer,1.0
United States,Arrestee,2023,79,Adult,3,Male,White,Consumer,1.0
United States,Arrestee,2023,80,Adult,3,Male,,Consumer,1.0
United States,Arrestee,2023,80,Adult,3,Male,White,Consumer,3.0
United States,Arrestee,2023,82,Adult,3,Male,White,Consumer,1.0
United States,Arrestee,2023,83,Adult,3,Male,White,Consumer,2.0
United States,Arrestee,2023,86,Adult,3,Male,White,Consumer,3.0
United States,Arrestee,2023,88,Adult,3,Male,White,Consumer,1.0
United States,Arrestee,2023,90,Adult,3,Male,White,Consumer,1.0
United States,Arrestee,2024,,Adult,3,Female,,Consumer,1.0
United States,Arrestee,2024,,Adult,3,Male,,Consumer,1.0
United States,Arrestee,2024,10,Child,1,Male,White,Consumer,1.0
United States,Arrestee,2024,11,Juvenile,2,Female,,Consumer,1.0
United States,Arrestee,2024,11,Juvenile,2,Female,White,Consumer,6.0
United States,Arrestee,2024,11,Juvenile,2,Female,Black,Consumer,4.0
United States,Arrestee,2024,11,Juvenile,2,Male,White,Consumer,2.0
United States,Arrestee,2024,11,Juvenile,2,Male,Black,Consumer,2.0
United States,Arrestee,2024,11,Juvenile,2,Male,Black,Producer,1.0
United States,Arrestee,2024,11,Juvenile,2,Male,Other,Consumer,1.0
United States,Arrestee,2024,11,Juvenile,2,Male,Hispanic,Consumer,2.0
United States,Arrestee,2024,12,Juvenile,2,Female,,Consumer,1.0
United States,Arrestee,2024,12,Juvenile,2,Female,White,Consumer,16.0
United States,Arrestee,2024,12,Juvenile,2,Female,White,Producer,1.0
United States,Arrestee,2024,12,Juvenile,2,Female,Black,Consumer,5.0
United States,Arrestee,2024,12,Juvenile,2,Female,Hispanic,Consumer,1.0
United States,Arrestee,2024,12,Juvenile,2,Male,White,Consumer,6.0
United States,Arrestee,2024,12,Juvenile,2,Male,White,Producer,4.0
United States,Arrestee,2024,12,Juvenile,2,Male,Black,Consumer,9.0
United States,Arrestee,2024,12,Juvenile,2,Male,Black,Producer,1.0
United States,Arrestee,2024,12,Juvenile,2,Male,Other,Consumer,1.0
United States,Arrestee,2024,12,Juvenile,2,Male,Hispanic,Consumer,2.0
United States,Arrestee,2024,13,Juvenile,2,Female,,Consumer,1.0
United States,Arrestee,2024,13,Juvenile,2,Female,White,Consumer,12.0
United States,Arrestee,2024,13,Juvenile,2,Female,White,Producer,3.0
United States,Arrestee,2024,13,Juvenile,2,Female,Black,Consumer,9.0
United States,Arrestee,2024,13,Juvenile,2,Female,Black,Producer,1.0
United States,Arrestee,2024,13,Juvenile,2,Female,Hispanic,Consumer,5.0
United States,Arrestee,2024,13,Juvenile,2,Female,Hispanic,Producer,1.0
United States,Arrestee,2024,13,Juvenile,2,Male,,Consumer,2.0
United States,Arrestee,2024,13,Juvenile,2,Male,White,Consumer,37.0
United States,Arrestee,2024,13,Juvenile,2,Male,White,Producer,5.0
United States,Arrestee,2024,13,Juvenile,2,Male,Black,Consumer,13.0
United States,Arrestee,2024,13,Juvenile,2,Male,Black,Producer,2.0
United States,Arrestee,2024,13,Juvenile,2,Male,Other,Consumer,1.0
United States,Arrestee,2024,13,Juvenile,2,Male,Other,Producer,2.0
United States,Arrestee,2024,13,Juvenile,2,Male,Hispanic,Consumer,14.0
United States,Arrestee,2024,13,Juvenile,2,Male,Hispanic,Producer,1.0
United States,Arrestee,2024,14,Juvenile,2,Female,,Consumer,2.0
United States,Arrestee,2024,14,Juvenile,2,Female,White,Consumer,7.0
United States,Arrestee,2024,14,Juvenile,2,Female,White,Producer,2.0
United States,Arrestee,2024,14,Juvenile,2,Female,Black,Consumer,8.0
United States,Arrestee,2024,14,Juvenile,2,Female,Black,Producer,2.0
United States,Arrestee,2024,14,Juvenile,2,Female,Other,Consumer,2.0
United States,Arrestee,2024,14,Juvenile,2,Female,Other,Producer,1.0
United States,Arrestee,2024,14,Juvenile,2,Male,,Consumer,2.0
United States,Arrestee,2024,14,Juvenile,2,Male,White,Consumer,36.0
United States,Arrestee,2024,14,Juvenile,2,Male,White,Producer,4.0
United States,Arrestee,2024,14,Juvenile,2,Male,Black,Consumer,17.0
United States,Arrestee,2024,14,Juvenile,2,Male,Black,Producer,5.0
United States,Arrestee,2024,14,Juvenile,2,Male,Other,Consumer,1.0
United States,Arrestee,2024,14,Juvenile,2,Male,Hispanic,Consumer,18.0
United States,Arrestee,2024,14,Juvenile,2,Male,Hispanic,Producer,1.0
United States,Arrestee,2024,15,Juvenile,2,Female,White,Consumer,11.0
United States,Arrestee,2024,15,Juvenile,2,Female,Black,Consumer,3.0
United States,Arrestee,2024,15,Juvenile,2,Female,Hispanic,Consumer,1.0
United States,Arrestee,2024,15,Juvenile,2,Male,White,Consumer,38.0
United States,Arrestee,2024,15,Juvenile,2,Male,White,Producer,5.0
United States,Arrestee,2024,15,Juvenile,2,Male,Black,Consumer,12.0
United States,Arrestee,2024,15,Juvenile,2,Male,Black,Producer,2.0
United States,Arrestee,2024,15,Juvenile,2,Male,Hispanic,Consumer,8.0
United States,Arrestee,2024,16,Juvenile,2,Female,White,Consumer,7.0
United States,Arrestee,2024,16,Juvenile,2,Female,White,Producer,3.0
United States,Arrestee,2024,16,Juvenile,2,Female,Black,Consumer,3.0
United States,Arrestee,2024,16,Juvenile,2,Female,Hispanic,Consumer,2.0
United States,Arrestee,2024,16,Juvenile,2,Male,,Consumer,2.0
United States,Arrestee,2024,16,Juvenile,2,Male,,Producer,1.0
United States,Arrestee,2024,16,Juvenile,2,Male,White,Consumer,35.0
United States,Arrestee,2024,16,Juvenile,2,Male,White,Producer,9.0
United States,Arrestee,2024,16,Juvenile,2,Male,Black,Consumer,11.0
United States,Arrestee,2024,16,Juvenile,2,Male,Hispanic,Consumer,8.0
United States,Arrestee,2024,17,Juvenile,2,Female,White,Consumer,8.0
United States,Arrestee,2024,17,Juvenile,2,Female,Black,Consumer,1.0
United States,Arrestee,2024,17,Juvenile,2,Female,Black,Producer,1.0
United States,Arrestee,2024,17,Juvenile,2,Male,,Consumer,2.0
United States,Arrestee,2024,17,Juvenile,2,Male,White,Consumer,32.0
United States,Arrestee,2024,17,Juvenile,2,Male,White,Producer,4.0
United States,Arrestee,2024,17,Juvenile,2,Male,Black,Consumer,7.0
United States,Arrestee,2024,17,Juvenile,2,Male,Black,Producer,2.0
United States,Arrestee,2024,17,Juvenile,2,Male,Other,Consumer,3.0
United States,Arrestee,2024,17,Juvenile,2,Male,Hispanic,Consumer,10.0
United States,Arrestee,2024,17,Juvenile,2,Male,Hispanic,Producer,2.0
United States,Arrestee,2024,18,Adult,3,Female,White,Consumer,1.0
United States,Arrestee,2024,18,Adult,3,Female,Black,Consumer,1.0
United States,Arrestee,2024,18,Adult,3,Female,Hispanic,Producer,1.0
United States,Arrestee,2024,18,Adult,3,Male,,Consumer,1.0
United States,Arrestee,2024,18,Adult,3,Male,White,Consumer,45.0
United States,Arrestee,2024,18,Adult,3,Male,White,Producer,5.0
United States,Arrestee,2024,18,Adult,3,Male,Black,Consumer,14.0
United States,Arrestee,2024,18,Adult,3,Male,Black,Producer,1.0
United States,Arrestee,2024,18,Adult,3,Male,Other,Consumer,2.0
United States,Arrestee,2024,18,Adult,3,Male,Hispanic,Consumer,13.0
United States,Arrestee,2024,18,Adult,3,Male,Hispanic,Producer,1.0
United States,Arrestee,2024,19,Adult,3,Female,,Consumer,1.0
United States,Arrestee,2024,19,Adult,3,Female,White,Consumer,1.0
United States,Arrestee,2024,19,Adult,3,Female,Black,Consumer,2.0
United States,Arrestee,2024,19,Adult,3,Female,Black,Producer,2.0
United States,Arrestee,2024,19,Adult,3,Female,Other,Consumer,1.0
United States,Arrestee,2024,19,Adult,3,Male,,Consumer,2.0
United States,Arrestee,2024,19,Adult,3,Male,,Producer,1.0
United States,Arrestee,2024,19,Adult,3,Male,White,Consumer,42.0
United States,Arrestee,2024,19,Adult,3,Male,White,Producer,5.0
United States,Arrestee,2024,19,Adult,3,Male,Black,Consumer,9.0
United States,Arrestee,2024,19,Adult,3,Male,Other,Consumer,2.0
United States,Arrestee,2024,19,Adult,3,Male,Hispanic,Consumer,19.0
United States,Arrestee,2024,19,Adult,3,Male,Hispanic,Producer,4.0
United States,Arrestee,2024,20,Adult,3,Female,White,Consumer,2.0
United States,Arrestee,2024,20,Adult,3,Female,White,Producer,1.0
United States,Arrestee,2024,20,Adult,3,Female,Black,Producer,1.0
United States,Arrestee,2024,20,Adult,3,Female,Hispanic,Consumer,1.0
United States,Arrestee,2024,20,Adult,3,Male,,Consumer,4.0
United States,Arrestee,2024,20,Adult,3,Male,White,Consumer,32.0
United States,Arrestee,2024,20,Adult,3,Male,White,Producer,4.0
United States,Arrestee,2024,20,Adult,3,Male,Black,Consumer,16.0
United States,Arrestee,2024,20,Adult,3,Male,Black,Producer,3.0
United States,Arrestee,2024,20,Adult,3,Male,Other,Consumer,2.0
United States,Arrestee,2024,20,Adult,3,Male,Other,Producer,1.0
United States,Arrestee,2024,20,Adult,3,Male,Hispanic,Consumer,16.0
United States,Arrestee,2024,20,Adult,3,Male,Hispanic,Producer,1.0
United States,Arrestee,2024,21,Adult,3,Female,White,Consumer,2.0
United States,Arrestee,2024,21,Adult,3,Female,Hispanic,Consumer,1.0
United States,Arrestee,2024,21,Adult,3,Male,,Consumer,2.0
United States,Arrestee,2024,21,Adult,3,Male,White,Consumer,50.0
United States,Arrestee,2024,21,Adult,3,Male,White,Producer,5.0
United States,Arrestee,2024,21,Adult,3,Male,Black,Consumer,9.0
United States,Arrestee,2024,21,Adult,3,Male,Black,Producer,1.0
United States,Arrestee,2024,21,Adult,3,Male,Other,Consumer,4.0
United States,Arrestee,2024,21,Adult,3,Male,Other,Producer,1.0
United States,Arrestee,2024,21,Adult,3,Male,Hispanic,Consumer,14.0
United States,Arrestee,2024,22,Adult,3,Female,White,Consumer,1.0
United States,Arrestee,2024,22,Adult,3,Male,White,Consumer,45.0
United States,Arrestee,2024,22,Adult,3,Male,White,Producer,3.0
United States,Arrestee,2024,22,Adult,3,Male,Black,Consumer,6.0
United States,Arrestee,2024,22,Adult,3,Male,Black,Producer,2.0
United States,Arrestee,2024,22,Adult,3,Male,Other,Consumer,3.0
United States,Arrestee,2024,22,Adult,3,Male,Hispanic,Consumer,11.0
United States,Arrestee,2024,23,Adult,3,Female,White,Consumer,1.0
United States,Arrestee,2024,23,Adult,3,Female,Black,Consumer,1.0
United States,Arrestee,2024,23,Adult,3,Female,Black,Producer,1.0
United States,Arrestee,2024,23,Adult,3,Male,White,Consumer,49.0
United States,Arrestee,2024,23,Adult,3,Male,White,Producer,2.0
United States,Arrestee,2024,23,Adult,3,Male,Black,Consumer,8.0
United States,Arrestee,2024,23,Adult,3,Male,Other,Consumer,2.0
United States,Arrestee,2024,23,Adult,3,Male,Hispanic,Consumer,13.0
United States,Arrestee,2024,23,Adult,3,Male,Hispanic,Producer,1.0
United States,Arrestee,2024,24,Adult,3,Female,,Consumer,1.0
United States,Arrestee,2024,24,Adult,3,Female,White,Consumer,1.0
United States,Arrestee,2024,24,Adult,3,Female,Black,Consumer,1.0
United States,Arrestee,2024,24,Adult,3,Female,Hispanic,Consumer,1.0
United States,Arrestee,2024,24,Adult,3,Male,,Consumer,3.0
United States,Arrestee,2024,24,Adult,3,Male,,Producer,1.0
United States,Arrestee,2024,24,Adult,3,Male,White,Consumer,34.0
United States,Arrestee,2024,24,Adult,3,Male,White,Producer,7.0
United States,Arrestee,2024,24,Adult,3,Male,Black,Consumer,12.0
United States,Arrestee,2024,24,Adult,3,Male,Black,Producer,2.0
United States,Arrestee,2024,24,Adult,3,Male,Other,Consumer,3.0
United States,Arrestee,2024,24,Adult,3,Male,Other,Producer,1.0
United States,Arrestee,2024,24,Adult,3,Male,Hispanic,Consumer,10.0
United States,Arrestee,2024,25,Adult,3,Female,White,Consumer,1.0
United States,Arrestee,2024,25,Adult,3,Female,White,Producer,1.0
United States,Arrestee,2024,25,Adult,3,Male,,Consumer,1.0
United States,Arrestee,2024,25,Adult,3,Male,White,Consumer,43.0
United States,Arrestee,2024,25,Adult,3,Male,White,Producer,5.0
United States,Arrestee,2024,25,Adult,3,Male,Black,Consumer,11.0
United States,Arrestee,2024,25,Adult,3,Male,Black,Producer,2.0
United States,Arrestee,2024,25,Adult,3,Male,Other,Consumer,2.0
United States,Arrestee,2024,25,Adult,3,Male,Hispanic,Consumer,16.0
United States,Arrestee,2024,25,Adult,3,Male,Hispanic,Producer,1.0
United States,Arrestee,2024,26,Adult,3,Female,White,Consumer,2.0
United States,Arrestee,2024,26,Adult,3,Female,White,Producer,1.0
United States,Arrestee,2024,26,Adult,3,Female,Black,Consumer,1.0
United States,Arrestee,2024,26,Adult,3,Male,,Consumer,2.0
United States,Arrestee,2024,26,Adult,3,Male,White,Consumer,41.0
United States,Arrestee,2024,26,Adult,3,Male,White,Producer,2.0
United States,Arrestee,2024,26,Adult,3,Male,Black,Consumer,10.0
United States,Arrestee,2024,26,Adult,3,Male,Black,Producer,3.0
United States,Arrestee,2024,26,Adult,3,Male,Other,Consumer,6.0
United States,Arrestee,2024,26,Adult,3,Male,Other,Producer,2.0
United States,Arrestee,2024,26,Adult,3,Male,Hispanic,Consumer,16.0
United States,Arrestee,2024,26,Adult,3,Male,Hispanic,Producer,1.0
United States,Arrestee,2024,27,Adult,3,Female,White,Consumer,1.0
United States,Arrestee,2024,27,Adult,3,Female,White,Producer,1.0
United States,Arrestee,2024,27,Adult,3,Male,,Consumer,1.0
United States,Arrestee,2024,27,Adult,3,Male,White,Consumer,45.0
United States,Arrestee,2024,27,Adult,3,Male,White,Producer,4.0
United States,Arrestee,2024,27,Adult,3,Male,Black,Consumer,7.0
United States,Arrestee,2024,27,Adult,3,Male,Black,Producer,2.0
United States,Arrestee,2024,27,Adult,3,Male,Other,Consumer,3.0
United States,Arrestee,2024,27,Adult,3,Male,Hispanic,Consumer,12.0
United States,Arrestee,2024,28,Adult,3,Female,White,Consumer,2.0
United States,Arrestee,2024,28,Adult,3,Female,Black,Consumer,1.0
United States,Arrestee,2024,28,Adult,3,Male,,Consumer,3.0
United States,Arrestee,2024,28,Adult,3,Male,White,Consumer,43.0
United States,Arrestee,2024,28,Adult,3,Male,White,Producer,2.0
United States,Arrestee,2024,28,Adult,3,Male,Black,Consumer,11.0
United States,Arrestee,2024,28,Adult,3,Male,Other,Consumer,5.0
United States,Arrestee,2024,28,Adult,3,Male,Hispanic,Consumer,7.0
United States,Arrestee,2024,28,Adult,3,Male,Hispanic,Producer,1.0
United States,Arrestee,2024,29,Adult,3,Female,White,Consumer,2.0
United States,Arrestee,2024,29,Adult,3,Female,White,Producer,1.0
United States,Arrestee,2024,29,Adult,3,Male,,Consumer,4.0
United States,Arrestee,2024,29,Adult,3,Male,White,Consumer,55.0
United States,Arrestee,2024,29,Adult,3,Male,White,Producer,3.0
United States,Arrestee,2024,29,Adult,3,Male,Black,Consumer,5.0
United States,Arrestee,2024,29,Adult,3,Male,Other,Consumer,3.0
United States,Arrestee,2024,29,Adult,3,Male,Hispanic,Consumer,13.0
United States,Arrestee,2024,29,Adult,3,Male,Hispanic,Producer,2.0
United States,Arrestee,2024,30,Adult,3,Female,White,Consumer,3.0
United States,Arrestee,2024,30,Adult,3,Male,,Consumer,4.0
United States,Arrestee,2024,30,Adult,3,Male,White,Consumer,46.0
United States,Arrestee,2024,30,Adult,3,Male,White,Producer,7.0
United States,Arrestee,2024,30,Adult,3,Male,Black,Consumer,16.0
United States,Arrestee,2024,30,Adult,3,Male,Other,Consumer,1.0
United States,Arrestee,2024,30,Adult,3,Male,Hispanic,Consumer,12.0
United States,Arrestee,2024,30,Adult,3,Male,Hispanic,Producer,1.0
United States,Arrestee,2024,31,Adult,3,Female,White,Consumer,1.0
United States,Arrestee,2024,31,Adult,3,Female,Hispanic,Consumer,1.0
United States,Arrestee,2024,31,Adult,3,Male,,Consumer,1.0
United States,Arrestee,2024,31,Adult,3,Male,White,Consumer,52.0
United States,Arrestee,2024,31,Adult,3,Male,White,Producer,3.0
United States,Arrestee,2024,31,Adult,3,Male,Black,Consumer,8.0
United States,Arrestee,2024,31,Adult,3,Male,Black,Producer,1.0
United States,Arrestee,2024,31,Adult,3,Male,Other,Consumer,3.0
United States,Arrestee,2024,31,Adult,3,Male,Hispanic,Consumer,15.0
United States,Arrestee,2024,32,Adult,3,Female,White,Consumer,3.0
United States,Arrestee,2024,32,Adult,3,Female,White,Producer,2.0
United States,Arrestee,2024,32,Adult,3,Female,Hispanic,Consumer,1.0
United States,Arrestee,2024,32,Adult,3,Male,,Consumer,3.0
United States,Arrestee,2024,32,Adult,3,Male,,Producer,1.0
United States,Arrestee,2024,32,Adult,3,Male,White,Consumer,45.0
United States,Arrestee,2024,32,Adult,3,Male,White,Producer,4.0
United States,Arrestee,2024,32,Adult,3,Male,Black,Consumer,6.0
United States,Arrestee,2024,32,Adult,3,Male,Black,Producer,2.0
United States,Arrestee,2024,32,Adult,3,Male,Other,Consumer,3.0
United States,Arrestee,2024,32,Adult,3,Male,Hispanic,Consumer,11.0
United States,Arrestee,2024,33,Adult,3,Female,White,Consumer,3.0
United States,Arrestee,2024,33,Adult,3,Female,Black,Consumer,1.0
United States,Arrestee,2024,33,Adult,3,Female,Hispanic,Consumer,1.0
United States,Arrestee,2024,33,Adult,3,Male,,Consumer,7.0
United States,Arrestee,2024,33,Adult,3,Male,White,Consumer,45.0
United States,Arrestee,2024,33,Adult,3,Male,White,Producer,4.0
United States,Arrestee,2024,33,Adult,3,Male,Black,Consumer,4.0
United States,Arrestee,2024,33,Adult,3,Male,Black,Producer,1.0
United States,Arrestee,2024,33,Adult,3,Male,Other,Consumer,2.0
United States,Arrestee,2024,33,Adult,3,Male,Hispanic,Consumer,7.0
United States,Arrestee,2024,34,Adult,3,Female,White,Consumer,2.0
United States,Arrestee,2024,34,Adult,3,Female,Black,Producer,1.0
United States,Arrestee,2024,34,Adult,3,Female,Hispanic,Consumer,1.0
United States,Arrestee,2024,34,Adult,3,Male,,Consumer,2.0
United States,Arrestee,2024,34,Adult,3,Male,White,Consumer,55.0
United States,Arrestee,2024,34,Adult,3,Male,White,Producer,3.0
United States,Arrestee,2024,34,Adult,3,Male,Black,Consumer,8.0
United States,Arrestee,2024,34,Adult,3,Male,Hispanic,Consumer,13.0
United States,Arrestee,2024,35,Adult,3,Female,White,Consumer,3.0
United States,Arrestee,2024,35,Adult,3,Female,Black,Consumer,1.0
United States,Arrestee,2024,35,Adult,3,Female,Hispanic,Consumer,1.0
United States,Arrestee,2024,35,Adult,3,Male,,Consumer,2.0
United States,Arrestee,2024,35,Adult,3,Male,White,Consumer,50.0
United States,Arrestee,2024,35,Adult,3,Male,White,Producer,4.0
United States,Arrestee,2024,35,Adult,3,Male,Black,Consumer,6.0
United States,Arrestee,2024,35,Adult,3,Male,Other,Consumer,1.0
United States,Arrestee,2024,35,Adult,3,Male,Hispanic,Consumer,10.0
United States,Arrestee,2024,35,Adult,3,Male,Hispanic,Producer,1.0
United States,Arrestee,2024,36,Adult,3,Female,,Consumer,1.0
United States,Arrestee,2024,36,Adult,3,Female,White,Consumer,1.0
United States,Arrestee,2024,36,Adult,3,Female,Black,Consumer,1.0
United States,Arrestee,2024,36,Adult,3,Male,,Consumer,1.0
United States,Arrestee,2024,36,Adult,3,Male,White,Consumer,51.0
United States,Arrestee,2024,36,Adult,3,Male,White,Producer,4.0
United States,Arrestee,2024,36,Adult,3,Male,Black,Consumer,3.0
United States,Arrestee,2024,36,Adult,3,Male,Black,Producer,1.0
United States,Arrestee,2024,36,Adult,3,Male,Other,Consumer,3.0
United States,Arrestee,2024,36,Adult,3,Male,Hispanic,Consumer,12.0
United States,Arrestee,2024,37,Adult,3,Female,White,Consumer,3.0
United States,Arrestee,2024,37,Adult,3,Male,,Consumer,3.0
United States,Arrestee,2024,37,Adult,3,Male,White,Consumer,48.0
United States,Arrestee,2024,37,Adult,3,Male,White,Producer,1.0
United States,Arrestee,2024,37,Adult,3,Male,Black,Consumer,3.0
United States,Arrestee,2024,37,Adult,3,Male,Other,Consumer,8.0
United States,Arrestee,2024,37,Adult,3,Male,Hispanic,Consumer,9.0
United States,Arrestee,2024,37,Adult,3,Male,Hispanic,Producer,1.0
United States,Arrestee,2024,38,Adult,3,Female,White,Consumer,2.0
United States,Arrestee,2024,38,Adult,3,Male,White,Consumer,61.0
United States,Arrestee,2024,38,Adult,3,Male,White,Producer,3.0
United States,Arrestee,2024,38,Adult,3,Male,Black,Consumer,7.0
United States,Arrestee,2024,38,Adult,3,Male,Black,Producer,3.0
United States,Arrestee,2024,38,Adult,3,Male,Other,Consumer,4.0
United States,Arrestee,2024,38,Adult,3,Male,Other,Producer,1.0
United States,Arrestee,2024,38,Adult,3,Male,Hispanic,Consumer,8.0
United States,Arrestee,2024,39,Adult,3,Female,White,Consumer,2.0
United States,Arrestee,2024,39,Adult,3,Female,White,Producer,2.0
United States,Arrestee,2024,39,Adult,3,Male,,Consumer,3.0
United States,Arrestee,2024,39,Adult,3,Male,White,Consumer,46.0
United States,Arrestee,2024,39,Adult,3,Male,White,Producer,6.0
United States,Arrestee,2024,39,Adult,3,Male,Black,Consumer,5.0
United States,Arrestee,2024,39,Adult,3,Male,Other,Consumer,3.0
United States,Arrestee,2024,39,Adult,3,Male,Hispanic,Consumer,10.0
United States,Arrestee,2024,39,Adult,3,Male,Hispanic,Producer,1.0
United States,Arrestee,2024,40,Adult,3,Female,White,Consumer,2.0
United States,Arrestee,2024,40,Adult,3,Male,White,Consumer,44.0
United States,Arrestee,2024,40,Adult,3,Male,White,Producer,4.0
United States,Arrestee,2024,40,Adult,3,Male,Black,Consumer,5.0
United States,Arrestee,2024,40,Adult,3,Male,Other,Consumer,2.0
United States,Arrestee,2024,40,Adult,3,Male,Other,Producer,1.0
United States,Arrestee,2024,40,Adult,3,Male,Hispanic,Consumer,4.0
United States,Arrestee,2024,41,Adult,3,Female,Black,Consumer,1.0
United States,Arrestee,2024,41,Adult,3,Male,,Consumer,1.0
United States,Arrestee,2024,41,Adult,3,Male,White,Consumer,32.0
United States,Arrestee,2024,41,Adult,3,Male,White,Producer,1.0
United States,Arrestee,2024,41,Adult,3,Male,Black,Consumer,6.0
United States,Arrestee,2024,41,Adult,3,Male,Other,Consumer,1.0
United States,Arrestee,2024,41,Adult,3,Male,Hispanic,Consumer,7.0
United States,Arrestee,2024,42,Adult,3,Female,White,Consumer,1.0
United States,Arrestee,2024,42,Adult,3,Male,White,Consumer,30.0
United States,Arrestee,2024,42,Adult,3,Male,White,Producer,5.0
United States,Arrestee,2024,42,Adult,3,Male,Black,Consumer,1.0
United States,Arrestee,2024,42,Adult,3,Male,Other,Consumer,4.0
United States,Arrestee,2024,42,Adult,3,Male,Hispanic,Consumer,11.0
United States,Arrestee,2024,43,Adult,3,Male,,Consumer,2.0
United States,Arrestee,2024,43,Adult,3,Male,White,Consumer,37.0
United States,Arrestee,2024,43,Adult,3,Male,White,Producer,2.0
United States,Arrestee,2024,43,Adult,3,Male,Black,Consumer,1.0
United States,Arrestee,2024,43,Adult,3,Male,Other,Consumer,1.0
United States,Arrestee,2024,43,Adult,3,Male,Hispanic,Consumer,7.0
United States,Arrestee,2024,44,Adult,3,Female,Black,Producer,1.0
United States,Arrestee,2024,44,Adult,3,Male,,Consumer,2.0
United States,Arrestee,2024,44,Adult,3,Male,White,Consumer,37.0
United States,Arrestee,2024,44,Adult,3,Male,White,Producer,2.0
United States,Arrestee,2024,44,Adult,3,Male,Black,Consumer,1.0
United States,Arrestee,2024,44,Adult,3,Male,Other,Consumer,3.0
United States,Arrestee,2024,44,Adult,3,Male,Hispanic,Consumer,6.0
United States,Arrestee,2024,45,Adult,3,Female,White,Consumer,1.0
United States,Arrestee,2024,45,Adult,3,Female,Black,Consumer,2.0
United States,Arrestee,2024,45,Adult,3,Male,,Consumer,4.0
United States,Arrestee,2024,45,Adult,3,Male,White,Consumer,46.0
United States,Arrestee,2024,45,Adult,3,Male,White,Producer,4.0
United States,Arrestee,2024,45,Adult,3,Male,Black,Consumer,1.0
United States,Arrestee,2024,45,Adult,3,Male,Other,Consumer,1.0
United States,Arrestee,2024,45,Adult,3,Male,Hispanic,Consumer,2.0
United States,Arrestee,2024,46,Adult,3,Female,White,Consumer,1.0
United States,Arrestee,2024,46,Adult,3,Male,,Consumer,3.0
United States,Arrestee,2024,46,Adult,3,Male,White,Consumer,23.0
United States,Arrestee,2024,46,Adult,3,Male,White,Producer,3.0
United States,Arrestee,2024,46,Adult,3,Male,Black,Consumer,2.0
United States,Arrestee,2024,46,Adult,3,Male,Hispanic,Consumer,7.0
United States,Arrestee,2024,47,Adult,3,Female,Hispanic,Consumer,1.0
United States,Arrestee,2024,47,Adult,3,Male,,Consumer,1.0
United States,Arrestee,2024,47,Adult,3,Male,White,Consumer,23.0
United States,Arrestee,2024,47,Adult,3,Male,White,Producer,1.0
United States,Arrestee,2024,47,Adult,3,Male,Black,Consumer,1.0
United States,Arrestee,2024,47,Adult,3,Male,Hispanic,Consumer,8.0
United States,Arrestee,2024,48,Adult,3,Male,White,Consumer,18.0
United States,Arrestee,2024,48,Adult,3,Male,White,Producer,2.0
United States,Arrestee,2024,48,Adult,3,Male,Black,Consumer,1.0
United States,Arrestee,2024,48,Adult,3,Male,Black,Producer,1.0
United States,Arrestee,2024,48,Adult,3,Male,Other,Consumer,1.0
United States,Arrestee,2024,48,Adult,3,Male,Other,Producer,1.0
United States,Arrestee,2024,48,Adult,3,Male,Hispanic,Consumer,2.0
United States,Arrestee,2024,48,Adult,3,Male,Hispanic,Producer,1.0
United States,Arrestee,2024,49,Adult,3,Female,White,Consumer,2.0
United States,Arrestee,2024,49,Adult,3,Male,White,Consumer,27.0
United States,Arrestee,2024,49,Adult,3,Male,White,Producer,4.0
United States,Arrestee,2024,49,Adult,3,Male,Black,Consumer,6.0
United States,Arrestee,2024,49,Adult,3,Male,Hispanic,Consumer,4.0
United States,Arrestee,2024,50,Adult,3,Male,White,Consumer,18.0
United States,Arrestee,2024,50,Adult,3,Male,Black,Consumer,6.0
United States,Arrestee,2024,50,Adult,3,Male,Black,Producer,1.0
United States,Arrestee,2024,50,Adult,3,Male,Hispanic,Consumer,1.0
United States,Arrestee,2024,51,Adult,3,Male,White,Consumer,26.0
United States,Arrestee,2024,51,Adult,3,Male,White,Producer,2.0
United States,Arrestee,2024,51,Adult,3,Male,Black,Consumer,1.0
United States,Arrestee,2024,51,Adult,3,Male,Hispanic,Consumer,3.0
United States,Arrestee,2024,52,Adult,3,Male,White,Consumer,19.0
United States,Arrestee,2024,52,Adult,3,Male,White,Producer,4.0
United States,Arrestee,2024,52,Adult,3,Male,Black,Consumer,5.0
United States,Arrestee,2024,52,Adult,3,Male,Hispanic,Consumer,2.0
United States,Arrestee,2024,53,Adult,3,Male,White,Consumer,33.0
United States,Arrestee,2024,53,Adult,3,Male,Black,Consumer,2.0
United States,Arrestee,2024,53,Adult,3,Male,Other,Consumer,1.0
United States,Arrestee,2024,53,Adult,3,Male,Hispanic,Consumer,1.0
United States,Arrestee,2024,53,Adult,3,Male,Hispanic,Producer,1.0
United States,Arrestee,2024,54,Adult,3,Female,White,Consumer,1.0
United States,Arrestee,2024,54,Adult,3,Male,,Consumer,2.0
United States,Arrestee,2024,54,Adult,3,Male,White,Consumer,10.0
United States,Arrestee,2024,54,Adult,3,Male,White,Producer,1.0
United States,Arrestee,2024,54,Adult,3,Male,Black,Consumer,2.0
United States,Arrestee,2024,54,Adult,3,Male,Other,Consumer,1.0
United States,Arrestee,2024,54,Adult,3,Male,Hispanic,Consumer,3.0
United States,Arrestee,2024,55,Adult,3,Female,White,Producer,1.0
United States,Arrestee,2024,55,Adult,3,Female,Black,Consumer,1.0
United States,Arrestee,2024,55,Adult,3,Male,,Consumer,1.0
United States,Arrestee,2024,55,Adult,3,Male,White,Consumer,19.0
United States,Arrestee,2024,55,Adult,3,Male,Black,Consumer,2.0
United States,Arrestee,2024,55,Adult,3,Male,Hispanic,Consumer,1.0
United States,Arrestee,2024,56,Adult,3,Male,,Consumer,1.0
United States,Arrestee,2024,56,Adult,3,Male,White,Consumer,20.0
United States,Arrestee,2024,56,Adult,3,Male,White,Producer,1.0
United States,Arrestee,2024,56,Adult,3,Male,Other,Consumer,2.0
United States,Arrestee,2024,56,Adult,3,Male,Hispanic,Consumer,3.0
United States,Arrestee,2024,57,Adult,3,Male,White,Consumer,16.0
United States,Arrestee,2024,57,Adult,3,Male,White,Producer,1.0
United States,Arrestee,2024,58,Adult,3,Male,White,Consumer,22.0
United States,Arrestee,2024,58,Adult,3,Male,White,Producer,1.0
United States,Arrestee,2024,58,Adult,3,Male,Hispanic,Consumer,1.0
United States,Arrestee,2024,59,Adult,3,Female,White,Producer,1.0
United States,Arrestee,2024,59,Adult,3,Male,White,Consumer,13.0
United States,Arrestee,2024,59,Adult,3,Male,White,Producer,1.0
United States,Arrestee,2024,60,Adult,3,Male,White,Consumer,20.0
United States,Arrestee,2024,60,Adult,3,Male,White,Producer,1.0
United States,Arrestee,2024,60,Adult,3,Male,Black,Consumer,2.0
United States,Arrestee,2024,60,Adult,3,Male,Other,Consumer,1.0
United States,Arrestee,2024,60,Adult,3,Male,Hispanic,Consumer,4.0
United States,Arrestee,2024,61,Adult,3,Female,White,Consumer,1.0
United States,Arrestee,2024,61,Adult,3,Male,,Consumer,1.0
United States,Arrestee,2024,61,Adult,3,Male,White,Consumer,15.0
United States,Arrestee,2024,61,Adult,3,Male,Hispanic,Consumer,3.0
United States,Arrestee,2024,62,Adult,3,Female,White,Consumer,2.0
United States,Arrestee,2024,62,Adult,3,Male,,Consumer,1.0
United States,Arrestee,2024,62,Adult,3,Male,White,Consumer,14.0
United States,Arrestee,2024,62,Adult,3,Male,White,Producer,3.0
United States,Arrestee,2024,62,Adult,3,Male,Black,Consumer,2.0
United States,Arrestee,2024,62,Adult,3,Male,Other,Consumer,1.0
United States,Arrestee,2024,62,Adult,3,Male,Hispanic,Consumer,3.0
United States,Arrestee,2024,63,Adult,3,Female,White,Consumer,1.0
United States,Arrestee,2024,63,Adult,3,Male,White,Consumer,15.0
United States,Arrestee,2024,63,Adult,3,Male,White,Producer,2.0
United States,Arrestee,2024,63,Adult,3,Male,Other,Consumer,2.0
United States,Arrestee,2024,63,Adult,3,Male,Hispanic,Consumer,1.0
United States,Arrestee,2024,64,Adult,3,Male,,Consumer,2.0
United States,Arrestee,2024,64,Adult,3,Male,White,Consumer,19.0
United States,Arrestee,2024,64,Adult,3,Male,White,Producer,1.0
United States,Arrestee,2024,64,Adult,3,Male,Black,Consumer,1.0
United States,Arrestee,2024,65,Adult,3,Female,White,Producer,1.0
United States,Arrestee,2024,65,Adult,3,Male,White,Consumer,14.0
United States,Arrestee,2024,65,Adult,3,Male,White,Producer,1.0
United States,Arrestee,2024,66,Adult,3,Male,White,Consumer,15.0
United States,Arrestee,2024,66,Adult,3,Male,Hispanic,Consumer,2.0
United States,Arrestee,2024,67,Adult,3,Male,White,Consumer,10.0
United States,Arrestee,2024,67,Adult,3,Male,White,Producer,2.0
United States,Arrestee,2024,67,Adult,3,Male,Hispanic,Consumer,1.0
United States,Arrestee,2024,68,Adult,3,Male,White,Consumer,11.0
United States,Arrestee,2024,68,Adult,3,Male,White,Producer,1.0
United States,Arrestee,2024,68,Adult,3,Male,Black,Producer,1.0
United States,Arrestee,2024,69,Adult,3,Male,White,Consumer,7.0
United States,Arrestee,2024,69,Adult,3,Male,White,Producer,1.0
United States,Arrestee,2024,69,Adult,3,Male,Hispanic,Consumer,1.0
United States,Arrestee,2024,70,Adult,3,Male,White,Consumer,4.0
United States,Arrestee,2024,70,Adult,3,Male,White,Producer,1.0
United States,Arrestee,2024,71,Adult,3,Male,White,Consumer,3.0
United States,Arrestee,2024,71,Adult,3,Male,White,Producer,1.0
United States,Arrestee,2024,72,Adult,3,Male,White,Consumer,9.0
United States,Arrestee,2024,72,Adult,3,Male,White,Producer,2.0
United States,Arrestee,2024,72,Adult,3,Male,Black,Consumer,1.0
United States,Arrestee,2024,73,Adult,3,Male,White,Consumer,3.0
United States,Arrestee,2024,74,Adult,3,Male,White,Consumer,6.0
United States,Arrestee,2024,75,Adult,3,Male,White,Consumer,1.0
United States,Arrestee,2024,76,Adult,3,Male,White,Consumer,2.0
United States,Arrestee,2024,77,Adult,3,Male,White,Consumer,3.0
United States,Arrestee,2024,78,Adult,3,Male,White,Consumer,2.0
United States,Arrestee,2024,79,Adult,3,Male,White,Consumer,4.0
United States,Arrestee,2024,80,Adult,3,Male,White,Consumer,1.0
United States,Arrestee,2024,81,Adult,3,Male,White,Consumer,3.0
United States,Arrestee,2024,81,Adult,3,Male,White,Producer,1.0
United States,Arrestee,2024,82,Adult,3,Male,,Consumer,1.0
United States,Arrestee,2024,82,Adult,3,Male,White,Consumer,1.0
United States,Arrestee,2024,83,Adult,3,Male,White,Producer,1.0
United States,Arrestee,2024,85,Adult,3,Male,White,Consumer,1.0
United States,Offender,2023,,Adult,3,,,Consumer,6116.0
United States,Offender,2023,,Adult,3,,,Producer,464.0
United States,Offender,2023,,Adult,3,,White,Consumer,9.0
United States,Offender,2023,,Adult,3,,White,Producer,1.0
United States,Offender,2023,,Adult,3,,Other,Consumer,2.0
United States,Offender,2023,,Adult,3,,Hispanic,Consumer,1.0
United States,Offender,2023,,Adult,3,Female,,Consumer,55.0
United States,Offender,2023,,Adult,3,Female,,Producer,6.0
United States,Offender,2023,,Adult,3,Female,White,Consumer,19.0
United States,Offender,2023,,Adult,3,Female,White,Producer,2.0
United States,Offender,2023,,Adult,3,Female,Black,Consumer,10.0
United States,Offender,2023,,Adult,3,Female,Black,Producer,2.0
United States,Offender,2023,,Adult,3,Female,Other,Producer,1.0
United States,Offender,2023,,Adult,3,Female,Hispanic,Consumer,4.0
United States,Offender,2023,,Adult,3,Male,,Consumer,230.0
United States,Offender,2023,,Adult,3,Male,,Producer,28.0
United States,Offender,2023,,Adult,3,Male,White,Consumer,94.0
United States,Offender,2023,,Adult,3,Male,White,Producer,9.0
United States,Offender,2023,,Adult,3,Male,Black,Consumer,49.0
United States,Offender,2023,,Adult,3,Male,Black,Producer,5.0
United States,Offender,2023,,Adult,3,Male,Other,Consumer,7.0
United States,Offender,2023,,Adult,3,Male,Hispanic,Consumer,28.0
United States,Offender,2023,,Adult,3,Male,Hispanic,Producer,3.0
United States,Offender,2023,1,Child,1,,,Consumer,1.0
United States,Offender,2023,4,Child,1,Male,White,Consumer,1.0
United States,Offender,2023,4,Child,1,Male,Black,Consumer,1.0
United States,Offender,2023,4,Child,1,Male,Black,Producer,1.0
United States,Offender,2023,4,Child,1,Male,Hispanic,Consumer,1.0
United States,Offender,2023,5,Child,1,,,Consumer,1.0
United States,Offender,2023,5,Child,1,Female,White,Consumer,1.0
United States,Offender,2023,5,Child,1,Female,Black,Consumer,1.0
United States,Offender,2023,5,Child,1,Female,Hispanic,Consumer,2.0
United States,Offender,2023,5,Child,1,Male,White,Consumer,2.0
United States,Offender,2023,5,Child,1,Male,Black,Consumer,2.0
United States,Offender,2023,5,Child,1,Male,Other,Consumer,1.0
United States,Offender,2023,5,Child,1,Male,Hispanic,Consumer,1.0
United States,Offender,2023,6,Child,1,Female,White,Consumer,6.0
United States,Offender,2023,6,Child,1,Female,Black,Consumer,3.0
United States,Offender,2023,6,Child,1,Female,Hispanic,Consumer,3.0
United States,Offender,2023,6,Child,1,Male,White,Consumer,4.0
United States,Offender,2023,7,Child,1,Female,,Consumer,1.0
United States,Offender,2023,7,Child,1,Female,White,Consumer,8.0
United States,Offender,2023,7,Child,1,Female,White,Producer,1.0
United States,Offender,2023,7,Child,1,Female,Black,Consumer,2.0
United States,Offender,2023,7,Child,1,Female,Hispanic,Consumer,2.0
United States,Offender,2023,7,Child,1,Male,White,Consumer,9.0
United States,Offender,2023,7,Child,1,Male,White,Producer,1.0
United States,Offender,2023,7,Child,1,Male,Black,Consumer,3.0
United States,Offender,2023,7,Child,1,Male,Other,Consumer,1.0
United States,Offender,2023,7,Child,1,Male,Hispanic,Consumer,2.0
United States,Offender,2023,8,Child,1,,,Consumer,1.0
United States,Offender,2023,8,Child,1,Female,White,Consumer,5.0
United States,Offender,2023,8,Child,1,Female,Black,Consumer,1.0
United States,Offender,2023,8,Child,1,Male,,Consumer,1.0
United States,Offender,2023,8,Child,1,Male,White,Consumer,12.0
United States,Offender,2023,8,Child,1,Male,White,Producer,2.0
United States,Offender,2023,8,Child,1,Male,Black,Consumer,3.0
United States,Offender,2023,8,Child,1,Male,Hispanic,Consumer,1.0
United States,Offender,2023,9,Child,1,Female,White,Consumer,7.0
United States,Offender,2023,9,Child,1,Female,White,Producer,1.0
United States,Offender,2023,9,Child,1,Female,Black,Consumer,2.0
United States,Offender,2023,9,Child,1,Female,Hispanic,Consumer,1.0
United States,Offender,2023,9,Child,1,Male,White,Consumer,10.0
United States,Offender,2023,9,Child,1,Male,White,Producer,2.0
United States,Offender,2023,9,Child,1,Male,Black,Consumer,5.0
United States,Offender,2023,9,Child,1,Male,Black,Producer,2.0
United States,Offender,2023,9,Child,1,Male,Hispanic,Consumer,3.0
United States,Offender,2023,10,Child,1,Female,,Consumer,2.0
United States,Offender,2023,10,Child,1,Female,White,Consumer,13.0
United States,Offender,2023,10,Child,1,Female,Black,Consumer,13.0
United States,Offender,2023,10,Child,1,Female,Black,Producer,2.0
United States,Offender,2023,10,Child,1,Female,Hispanic,Consumer,3.0
United States,Offender,2023,10,Child,1,Female,Hispanic,Producer,1.0
United States,Offender,2023,10,Child,1,Male,,Consumer,1.0
United States,Offender,2023,10,Child,1,Male,White,Consumer,15.0
United States,Offender,2023,10,Child,1,Male,White,Producer,2.0
United States,Offender,2023,10,Child,1,Male,Black,Consumer,11.0
United States,Offender,2023,10,Child,1,Male,Hispanic,Consumer,1.0
United States,Offender,2023,11,Juvenile,2,Female,,Consumer,7.0
United States,Offender,2023,11,Juvenile,2,Female,White,Consumer,22.0
United States,Offender,2023,11,Juvenile,2,Female,White,Producer,3.0
United States,Offender,2023,11,Juvenile,2,Female,Black,Consumer,21.0
United States,Offender,2023,11,Juvenile,2,Female,Black,Producer,2.0
United States,Offender,2023,11,Juvenile,2,Female,Other,Consumer,1.0
United States,Offender,2023,11,Juvenile,2,Female,Other,Producer,1.0
United States,Offender,2023,11,Juvenile,2,Female,Hispanic,Consumer,14.0
United States,Offender,2023,11,Juvenile,2,Female,Hispanic,Producer,2.0
United States,Offender,2023,11,Juvenile,2,Male,,Consumer,1.0
United States,Offender,2023,11,Juvenile,2,Male,White,Consumer,27.0
United States,Offender,2023,11,Juvenile,2,Male,White,Producer,1.0
United States,Offender,2023,11,Juvenile,2,Male,Black,Consumer,27.0
United States,Offender,2023,11,Juvenile,2,Male,Other,Consumer,2.0
United States,Offender,2023,11,Juvenile,2,Male,Hispanic,Consumer,5.0
United States,Offender,2023,11,Juvenile,2,Male,Hispanic,Producer,2.0
United States,Offender,2023,12,Juvenile,2,,,Consumer,2.0
United States,Offender,2023,12,Juvenile,2,,White,Consumer,1.0
United States,Offender,2023,12,Juvenile,2,Female,,Consumer,7.0
United States,Offender,2023,12,Juvenile,2,Female,White,Consumer,57.0
United States,Offender,2023,12,Juvenile,2,Female,White,Producer,13.0
United States,Offender,2023,12,Juvenile,2,Female,Black,Consumer,28.0
United States,Offender,2023,12,Juvenile,2,Female,Black,Producer,3.0
United States,Offender,2023,12,Juvenile,2,Female,Other,Producer,1.0
United States,Offender,2023,12,Juvenile,2,Female,Hispanic,Consumer,16.0
United States,Offender,2023,12,Juvenile,2,Female,Hispanic,Producer,1.0
United States,Offender,2023,12,Juvenile,2,Male,,Consumer,5.0
United States,Offender,2023,12,Juvenile,2,Male,,Producer,2.0
United States,Offender,2023,12,Juvenile,2,Male,White,Consumer,52.0
United States,Offender,2023,12,Juvenile,2,Male,White,Producer,8.0
United States,Offender,2023,12,Juvenile,2,Male,Black,Consumer,48.0
United States,Offender,2023,12,Juvenile,2,Male,Black,Producer,3.0
United States,Offender,2023,12,Juvenile,2,Male,Other,Consumer,2.0
United States,Offender,2023,12,Juvenile,2,Male,Other,Producer,1.0
United States,Offender,2023,12,Juvenile,2,Male,Hispanic,Consumer,22.0
United States,Offender,2023,12,Juvenile,2,Male,Hispanic,Producer,6.0
United States,Offender,2023,13,Juvenile,2,,,Consumer,1.0
United States,Offender,2023,13,Juvenile,2,Female,,Consumer,13.0
United States,Offender,2023,13,Juvenile,2,Female,,Producer,5.0
United States,Offender,2023,13,Juvenile,2,Female,White,Consumer,106.0
United States,Offender,2023,13,Juvenile,2,Female,White,Producer,17.0
United States,Offender,2023,13,Juvenile,2,Female,Black,Consumer,38.0
United States,Offender,2023,13,Juvenile,2,Female,Black,Producer,2.0
United States,Offender,2023,13,Juvenile,2,Female,Other,Consumer,3.0
United States,Offender,2023,13,Juvenile,2,Female,Other,Producer,1.0
United States,Offender,2023,13,Juvenile,2,Female,Hispanic,Consumer,10.0
United States,Offender,2023,13,Juvenile,2,Female,Hispanic,Producer,2.0
United States,Offender,2023,13,Juvenile,2,Male,,Consumer,11.0
United States,Offender,2023,13,Juvenile,2,Male,,Producer,6.0
United States,Offender,2023,13,Juvenile,2,Male,White,Consumer,166.0
United States,Offender,2023,13,Juvenile,2,Male,White,Producer,27.0
United States,Offender,2023,13,Juvenile,2,Male,Black,Consumer,67.0
United States,Offender,2023,13,Juvenile,2,Male,Black,Producer,9.0
United States,Offender,2023,13,Juvenile,2,Male,Other,Consumer,3.0
United States,Offender,2023,13,Juvenile,2,Male,Other,Producer,2.0
United States,Offender,2023,13,Juvenile,2,Male,Hispanic,Consumer,23.0
United States,Offender,2023,13,Juvenile,2,Male,Hispanic,Producer,3.0
United States,Offender,2023,14,Juvenile,2,,,Consumer,3.0
United States,Offender,2023,14,Juvenile,2,Female,,Consumer,10.0
United States,Offender,2023,14,Juvenile,2,Female,,Producer,5.0
United States,Offender,2023,14,Juvenile,2,Female,White,Consumer,87.0
United States,Offender,2023,14,Juvenile,2,Female,White,Producer,15.0
United States,Offender,2023,14,Juvenile,2,Female,Black,Consumer,36.0
United States,Offender,2023,14,Juvenile,2,Female,Black,Producer,6.0
United States,Offender,2023,14,Juvenile,2,Female,Other,Consumer,4.0
United States,Offender,2023,14,Juvenile,2,Female,Other,Producer,4.0
United States,Offender,2023,14,Juvenile,2,Female,Hispanic,Consumer,22.0
United States,Offender,2023,14,Juvenile,2,Male,,Consumer,28.0
United States,Offender,2023,14,Juvenile,2,Male,,Producer,2.0
United States,Offender,2023,14,Juvenile,2,Male,White,Consumer,187.0
United States,Offender,2023,14,Juvenile,2,Male,White,Producer,35.0
United States,Offender,2023,14,Juvenile,2,Male,Black,Consumer,68.0
United States,Offender,2023,14,Juvenile,2,Male,Black,Producer,10.0
United States,Offender,2023,14,Juvenile,2,Male,Other,Consumer,13.0
United States,Offender,2023,14,Juvenile,2,Male,Other,Producer,1.0
United States,Offender,2023,14,Juvenile,2,Male,Hispanic,Consumer,50.0
United States,Offender,2023,14,Juvenile,2,Male,Hispanic,Producer,1.0
United States,Offender,2023,15,Juvenile,2,,,Consumer,12.0
United States,Offender,2023,15,Juvenile,2,,,Producer,1.0
United States,Offender,2023,15,Juvenile,2,Female,,Consumer,10.0
United States,Offender,2023,15,Juvenile,2,Female,,Producer,1.0
United States,Offender,2023,15,Juvenile,2,Female,White,Consumer,76.0
United States,Offender,2023,15,Juvenile,2,Female,White,Producer,14.0
United States,Offender,2023,15,Juvenile,2,Female,Black,Consumer,26.0
United States,Offender,2023,15,Juvenile,2,Female,Black,Producer,4.0
United States,Offender,2023,15,Juvenile,2,Female,Other,Consumer,4.0
United States,Offender,2023,15,Juvenile,2,Female,Other,Producer,1.0
United States,Offender,2023,15,Juvenile,2,Female,Hispanic,Consumer,12.0
United States,Offender,2023,15,Juvenile,2,Female,Hispanic,Producer,3.0
United States,Offender,2023,15,Juvenile,2,Male,,Consumer,24.0
United States,Offender,2023,15,Juvenile,2,Male,,Producer,3.0
United States,Offender,2023,15,Juvenile,2,Male,White,Consumer,206.0
United States,Offender,2023,15,Juvenile,2,Male,White,Producer,25.0
United States,Offender,2023,15,Juvenile,2,Male,Black,Consumer,74.0
United States,Offender,2023,15,Juvenile,2,Male,Black,Producer,10.0
United States,Offender,2023,15,Juvenile,2,Male,Other,Consumer,6.0
United States,Offender,2023,15,Juvenile,2,Male,Other,Producer,1.0
United States,Offender,2023,15,Juvenile,2,Male,Hispanic,Consumer,54.0
United States,Offender,2023,15,Juvenile,2,Male,Hispanic,Producer,6.0
United States,Offender,2023,16,Juvenile,2,,,Consumer,9.0
United States,Offender,2023,16,Juvenile,2,,,Producer,1.0
United States,Offender,2023,16,Juvenile,2,,White,Consumer,1.0
United States,Offender,2023,16,Juvenile,2,,White,Producer,1.0
United States,Offender,2023,16,Juvenile,2,Female,,Consumer,4.0
United States,Offender,2023,16,Juvenile,2,Female,,Producer,1.0
United States,Offender,2023,16,Juvenile,2,Female,White,Consumer,52.0
United States,Offender,2023,16,Juvenile,2,Female,White,Producer,4.0
United States,Offender,2023,16,Juvenile,2,Female,Black,Consumer,25.0
United States,Offender,2023,16,Juvenile,2,Female,Black,Producer,1.0
United States,Offender,2023,16,Juvenile,2,Female,Other,Consumer,3.0
United States,Offender,2023,16,Juvenile,2,Female,Other,Producer,1.0
United States,Offender,2023,16,Juvenile,2,Female,Hispanic,Consumer,12.0
United States,Offender,2023,16,Juvenile,2,Female,Hispanic,Producer,1.0
United States,Offender,2023,16,Juvenile,2,Male,,Consumer,16.0
United States,Offender,2023,16,Juvenile,2,Male,,Producer,4.0
United States,Offender,2023,16,Juvenile,2,Male,White,Consumer,150.0
United States,Offender,2023,16,Juvenile,2,Male,White,Producer,24.0
United States,Offender,2023,16,Juvenile,2,Male,Black,Consumer,64.0
United States,Offender,2023,16,Juvenile,2,Male,Black,Producer,12.0
United States,Offender,2023,16,Juvenile,2,Male,Other,Consumer,6.0
United States,Offender,2023,16,Juvenile,2,Male,Other,Producer,4.0
United States,Offender,2023,16,Juvenile,2,Male,Hispanic,Consumer,39.0
United States,Offender,2023,16,Juvenile,2,Male,Hispanic,Producer,6.0
United States,Offender,2023,17,Juvenile,2,,,Consumer,1.0
United States,Offender,2023,17,Juvenile,2,Female,,Consumer,3.0
United States,Offender,2023,17,Juvenile,2,Female,White,Consumer,15.0
United States,Offender,2023,17,Juvenile,2,Female,White,Producer,7.0
United States,Offender,2023,17,Juvenile,2,Female,Black,Consumer,12.0
United States,Offender,2023,17,Juvenile,2,Female,Black,Producer,1.0
United States,Offender,2023,17,Juvenile,2,Female,Other,Consumer,1.0
United States,Offender,2023,17,Juvenile,2,Female,Hispanic,Consumer,5.0
United States,Offender,2023,17,Juvenile,2,Female,Hispanic,Producer,1.0
United States,Offender,2023,17,Juvenile,2,Male,,Consumer,14.0
United States,Offender,2023,17,Juvenile,2,Male,,Producer,4.0
United States,Offender,2023,17,Juvenile,2,Male,White,Consumer,139.0
United States,Offender,2023,17,Juvenile,2,Male,White,Producer,19.0
United States,Offender,2023,17,Juvenile,2,Male,Black,Consumer,49.0
United States,Offender,2023,17,Juvenile,2,Male,Black,Producer,5.0
United States,Offender,2023,17,Juvenile,2,Male,Other,Consumer,11.0
United States,Offender,2023,17,Juvenile,2,Male,Hispanic,Consumer,31.0
United States,Offender,2023,17,Juvenile,2,Male,Hispanic,Producer,3.0
United States,Offender,2023,18,Adult,3,,,Consumer,10.0
United States,Offender,2023,18,Adult,3,Female,,Consumer,2.0
United States,Offender,2023,18,Adult,3,Female,White,Consumer,18.0
United States,Offender,2023,18,Adult,3,Female,White,Producer,2.0
United States,Offender,2023,18,Adult,3,Female,Black,Consumer,9.0
United States,Offender,2023,18,Adult,3,Female,Black,Producer,2.0
United States,Offender,2023,18,Adult,3,Female,Hispanic,Consumer,7.0
United States,Offender,2023,18,Adult,3,Female,Hispanic,Producer,1.0
United States,Offender,2023,18,Adult,3,Male,,Consumer,15.0
United States,Offender,2023,18,Adult,3,Male,,Producer,2.0
United States,Offender,2023,18,Adult,3,Male,White,Consumer,149.0
United States,Offender,2023,18,Adult,3,Male,White,Producer,16.0
United States,Offender,2023,18,Adult,3,Male,Black,Consumer,48.0
United States,Offender,2023,18,Adult,3,Male,Black,Producer,5.0
United States,Offender,2023,18,Adult,3,Male,Other,Consumer,9.0
United States,Offender,2023,18,Adult,3,Male,Other,Producer,1.0
United States,Offender,2023,18,Adult,3,Male,Hispanic,Consumer,49.0
United States,Offender,2023,18,Adult,3,Male,Hispanic,Producer,2.0
United States,Offender,2023,19,Adult,3,,,Consumer,4.0
United States,Offender,2023,19,Adult,3,Female,,Consumer,2.0
United States,Offender,2023,19,Adult,3,Female,White,Consumer,10.0
United States,Offender,2023,19,Adult,3,Female,White,Producer,2.0
United States,Offender,2023,19,Adult,3,Female,Black,Consumer,8.0
United States,Offender,2023,19,Adult,3,Female,Other,Consumer,2.0
United States,Offender,2023,19,Adult,3,Female,Hispanic,Consumer,2.0
United States,Offender,2023,19,Adult,3,Male,,Consumer,17.0
United States,Offender,2023,19,Adult,3,Male,,Producer,1.0
United States,Offender,2023,19,Adult,3,Male,White,Consumer,125.0
United States,Offender,2023,19,Adult,3,Male,White,Producer,7.0
United States,Offender,2023,19,Adult,3,Male,Black,Consumer,35.0
United States,Offender,2023,19,Adult,3,Male,Black,Producer,5.0
United States,Offender,2023,19,Adult,3,Male,Other,Consumer,9.0
United States,Offender,2023,19,Adult,3,Male,Other,Producer,1.0
United States,Offender,2023,19,Adult,3,Male,Hispanic,Consumer,34.0
United States,Offender,2023,19,Adult,3,Male,Hispanic,Producer,4.0
United States,Offender,2023,20,Adult,3,,,Consumer,4.0
United States,Offender,2023,20,Adult,3,Female,,Consumer,4.0
United States,Offender,2023,20,Adult,3,Female,White,Consumer,6.0
United States,Offender,2023,20,Adult,3,Female,White,Producer,3.0
United States,Offender,2023,20,Adult,3,Female,Black,Consumer,7.0
United States,Offender,2023,20,Adult,3,Female,Black,Producer,1.0
United States,Offender,2023,20,Adult,3,Female,Other,Consumer,1.0
United States,Offender,2023,20,Adult,3,Male,,Consumer,18.0
United States,Offender,2023,20,Adult,3,Male,,Producer,1.0
United States,Offender,2023,20,Adult,3,Male,White,Consumer,127.0
United States,Offender,2023,20,Adult,3,Male,White,Producer,10.0
United States,Offender,2023,20,Adult,3,Male,Black,Consumer,32.0
United States,Offender,2023,20,Adult,3,Male,Black,Producer,3.0
United States,Offender,2023,20,Adult,3,Male,Other,Consumer,4.0
United States,Offender,2023,20,Adult,3,Male,Hispanic,Consumer,24.0
United States,Offender,2023,20,Adult,3,Male,Hispanic,Producer,1.0
United States,Offender,2023,21,Adult,3,,,Consumer,2.0
United States,Offender,2023,21,Adult,3,Female,,Consumer,3.0
United States,Offender,2023,21,Adult,3,Female,White,Consumer,15.0
United States,Offender,2023,21,Adult,3,Female,White,Producer,3.0
United States,Offender,2023,21,Adult,3,Female,Black,Producer,1.0
United States,Offender,2023,21,Adult,3,Female,Other,Consumer,1.0
United States,Offender,2023,21,Adult,3,Male,,Consumer,11.0
United States,Offender,2023,21,Adult,3,Male,White,Consumer,102.0
United States,Offender,2023,21,Adult,3,Male,White,Producer,7.0
United States,Offender,2023,21,Adult,3,Male,Black,Consumer,26.0
United States,Offender,2023,21,Adult,3,Male,Black,Producer,4.0
United States,Offender,2023,21,Adult,3,Male,Other,Consumer,3.0
United States,Offender,2023,21,Adult,3,Male,Hispanic,Consumer,20.0
United States,Offender,2023,21,Adult,3,Male,Hispanic,Producer,2.0
United States,Offender,2023,22,Adult,3,,,Consumer,6.0
United States,Offender,2023,22,Adult,3,Female,,Consumer,4.0
United States,Offender,2023,22,Adult,3,Female,White,Consumer,8.0
United States,Offender,2023,22,Adult,3,Female,White,Producer,1.0
United States,Offender,2023,22,Adult,3,Female,Black,Consumer,1.0
United States,Offender,2023,22,Adult,3,Female,Black,Producer,1.0
United States,Offender,2023,22,Adult,3,Female,Other,Consumer,1.0
United States,Offender,2023,22,Adult,3,Male,,Consumer,16.0
United States,Offender,2023,22,Adult,3,Male,White,Consumer,94.0
United States,Offender,2023,22,Adult,3,Male,White,Producer,6.0
United States,Offender,2023,22,Adult,3,Male,Black,Consumer,24.0
United States,Offender,2023,22,Adult,3,Male,Black,Producer,3.0
United States,Offender,2023,22,Adult,3,Male,Other,Consumer,8.0
United States,Offender,2023,22,Adult,3,Male,Hispanic,Consumer,26.0
United States,Offender,2023,22,Adult,3,Male,Hispanic,Producer,1.0
United States,Offender,2023,23,Adult,3,,,Consumer,21.0
United States,Offender,2023,23,Adult,3,,,Producer,2.0
United States,Offender,2023,23,Adult,3,,White,Consumer,1.0
United States,Offender,2023,23,Adult,3,Female,,Consumer,3.0
United States,Offender,2023,23,Adult,3,Female,White,Consumer,5.0
United States,Offender,2023,23,Adult,3,Male,,Consumer,8.0
United States,Offender,2023,23,Adult,3,Male,,Producer,1.0
United States,Offender,2023,23,Adult,3,Male,White,Consumer,100.0
United States,Offender,2023,23,Adult,3,Male,White,Producer,5.0
United States,Offender,2023,23,Adult,3,Male,Black,Consumer,22.0
United States,Offender,2023,23,Adult,3,Male,Other,Consumer,5.0
United States,Offender,2023,23,Adult,3,Male,Hispanic,Consumer,29.0
United States,Offender,2023,23,Adult,3,Male,Hispanic,Producer,1.0
United States,Offender,2023,24,Adult,3,,,Consumer,7.0
United States,Offender,2023,24,Adult,3,,White,Consumer,1.0
United States,Offender,2023,24,Adult,3,Female,White,Consumer,8.0
United States,Offender,2023,24,Adult,3,Female,White,Producer,1.0
United States,Offender,2023,24,Adult,3,Female,Black,Consumer,2.0
United States,Offender,2023,24,Adult,3,Male,,Consumer,13.0
United States,Offender,2023,24,Adult,3,Male,,Producer,1.0
United States,Offender,2023,24,Adult,3,Male,White,Consumer,102.0
United States,Offender,2023,24,Adult,3,Male,White,Producer,6.0
United States,Offender,2023,24,Adult,3,Male,Black,Consumer,18.0
United States,Offender,2023,24,Adult,3,Male,Black,Producer,2.0
United States,Offender,2023,24,Adult,3,Male,Other,Consumer,3.0
United States,Offender,2023,24,Adult,3,Male,Hispanic,Consumer,19.0
United States,Offender,2023,24,Adult,3,Male,Hispanic,Producer,1.0
United States,Offender,2023,25,Adult,3,,,Consumer,4.0
United States,Offender,2023,25,Adult,3,Female,White,Consumer,8.0
United States,Offender,2023,25,Adult,3,Female,White,Producer,1.0
United States,Offender,2023,25,Adult,3,Female,Black,Consumer,3.0
United States,Offender,2023,25,Adult,3,Female,Hispanic,Consumer,3.0
United States,Offender,2023,25,Adult,3,Male,,Consumer,19.0
United States,Offender,2023,25,Adult,3,Male,,Producer,2.0
United States,Offender,2023,25,Adult,3,Male,White,Consumer,89.0
United States,Offender,2023,25,Adult,3,Male,White,Producer,10.0
United States,Offender,2023,25,Adult,3,Male,Black,Consumer,22.0
United States,Offender,2023,25,Adult,3,Male,Black,Producer,5.0
United States,Offender,2023,25,Adult,3,Male,Other,Consumer,10.0
United States,Offender,2023,25,Adult,3,Male,Other,Producer,1.0
United States,Offender,2023,25,Adult,3,Male,Hispanic,Consumer,22.0
United States,Offender,2023,25,Adult,3,Male,Hispanic,Producer,3.0
United States,Offender,2023,26,Adult,3,,,Consumer,6.0
United States,Offender,2023,26,Adult,3,Female,White,Consumer,4.0
United States,Offender,2023,26,Adult,3,Female,White,Producer,1.0
United States,Offender,2023,26,Adult,3,Female,Black,Consumer,1.0
United States,Offender,2023,26,Adult,3,Female,Hispanic,Consumer,2.0
United States,Offender,2023,26,Adult,3,Male,,Consumer,5.0
United States,Offender,2023,26,Adult,3,Male,,Producer,1.0
United States,Offender,2023,26,Adult,3,Male,White,Consumer,87.0
United States,Offender,2023,26,Adult,3,Male,White,Producer,9.0
United States,Offender,2023,26,Adult,3,Male,Black,Consumer,15.0
United States,Offender,2023,26,Adult,3,Male,Other,Consumer,2.0
United States,Offender,2023,26,Adult,3,Male,Hispanic,Consumer,18.0
United States,Offender,2023,27,Adult,3,,,Consumer,3.0
United States,Offender,2023,27,Adult,3,,Other,Consumer,1.0
United States,Offender,2023,27,Adult,3,Female,,Consumer,2.0
United States,Offender,2023,27,Adult,3,Female,White,Consumer,8.0
United States,Offender,2023,27,Adult,3,Female,White,Producer,1.0
United States,Offender,2023,27,Adult,3,Female,Black,Consumer,3.0
United States,Offender,2023,27,Adult,3,Female,Hispanic,Consumer,5.0
United States,Offender,2023,27,Adult,3,Female,Hispanic,Producer,1.0
United States,Offender,2023,27,Adult,3,Male,,Consumer,9.0
United States,Offender,2023,27,Adult,3,Male,,Producer,1.0
United States,Offender,2023,27,Adult,3,Male,White,Consumer,75.0
United States,Offender,2023,27,Adult,3,Male,White,Producer,8.0
United States,Offender,2023,27,Adult,3,Male,Black,Consumer,15.0
United States,Offender,2023,27,Adult,3,Male,Black,Producer,2.0
United States,Offender,2023,27,Adult,3,Male,Other,Consumer,2.0
United States,Offender,2023,27,Adult,3,Male,Hispanic,Consumer,22.0
United States,Offender,2023,28,Adult,3,,,Consumer,2.0
United States,Offender,2023,28,Adult,3,Female,White,Consumer,5.0
United States,Offender,2023,28,Adult,3,Female,Black,Consumer,2.0
United States,Offender,2023,28,Adult,3,Female,Hispanic,Consumer,1.0
United States,Offender,2023,28,Adult,3,Male,,Consumer,7.0
United States,Offender,2023,28,Adult,3,Male,,Producer,1.0
United States,Offender,2023,28,Adult,3,Male,White,Consumer,95.0
United States,Offender,2023,28,Adult,3,Male,White,Producer,7.0
United States,Offender,2023,28,Adult,3,Male,Black,Consumer,23.0
United States,Offender,2023,28,Adult,3,Male,Other,Consumer,4.0
United States,Offender,2023,28,Adult,3,Male,Hispanic,Consumer,24.0
United States,Offender,2023,28,Adult,3,Male,Hispanic,Producer,1.0
United States,Offender,2023,29,Adult,3,,,Consumer,1.0
United States,Offender,2023,29,Adult,3,Female,,Consumer,1.0
United States,Offender,2023,29,Adult,3,Female,White,Consumer,6.0
United States,Offender,2023,29,Adult,3,Female,White,Producer,1.0
United States,Offender,2023,29,Adult,3,Male,,Consumer,5.0
United States,Offender,2023,29,Adult,3,Male,White,Consumer,87.0
United States,Offender,2023,29,Adult,3,Male,White,Producer,7.0
United States,Offender,2023,29,Adult,3,Male,Black,Consumer,19.0
United States,Offender,2023,29,Adult,3,Male,Black,Producer,3.0
United States,Offender,2023,29,Adult,3,Male,Other,Consumer,5.0
United States,Offender,2023,29,Adult,3,Male,Other,Producer,1.0
United States,Offender,2023,29,Adult,3,Male,Hispanic,Consumer,18.0
United States,Offender,2023,30,Adult,3,,,Consumer,2.0
United States,Offender,2023,30,Adult,3,,,Producer,1.0
United States,Offender,2023,30,Adult,3,,White,Consumer,1.0
United States,Offender,2023,30,Adult,3,,Hispanic,Consumer,1.0
United States,Offender,2023,30,Adult,3,Female,,Producer,1.0
United States,Offender,2023,30,Adult,3,Female,White,Consumer,10.0
United States,Offender,2023,30,Adult,3,Female,Black,Consumer,1.0
United States,Offender,2023,30,Adult,3,Female,Black,Producer,1.0
United States,Offender,2023,30,Adult,3,Female,Hispanic,Consumer,4.0
United States,Offender,2023,30,Adult,3,Male,,Consumer,7.0
United States,Offender,2023,30,Adult,3,Male,,Producer,1.0
United States,Offender,2023,30,Adult,3,Male,White,Consumer,76.0
United States,Offender,2023,30,Adult,3,Male,White,Producer,7.0
United States,Offender,2023,30,Adult,3,Male,Black,Consumer,24.0
United States,Offender,2023,30,Adult,3,Male,Other,Consumer,4.0
United States,Offender,2023,30,Adult,3,Male,Hispanic,Consumer,20.0
United States,Offender,2023,30,Adult,3,Male,Hispanic,Producer,2.0
United States,Offender,2023,31,Adult,3,Female,,Consumer,3.0
United States,Offender,2023,31,Adult,3,Female,White,Consumer,7.0
United States,Offender,2023,31,Adult,3,Female,White,Producer,2.0
United States,Offender,2023,31,Adult,3,Female,Black,Consumer,3.0
United States,Offender,2023,31,Adult,3,Female,Hispanic,Producer,1.0
United States,Offender,2023,31,Adult,3,Male,,Consumer,7.0
United States,Offender,2023,31,Adult,3,Male,White,Consumer,92.0
United States,Offender,2023,31,Adult,3,Male,White,Producer,9.0
United States,Offender,2023,31,Adult,3,Male,Black,Consumer,10.0
United States,Offender,2023,31,Adult,3,Male,Black,Producer,1.0
United States,Offender,2023,31,Adult,3,Male,Other,Consumer,5.0
United States,Offender,2023,31,Adult,3,Male,Hispanic,Consumer,13.0
United States,Offender,2023,31,Adult,3,Male,Hispanic,Producer,3.0
United States,Offender,2023,32,Adult,3,,,Consumer,1.0
United States,Offender,2023,32,Adult,3,Female,,Consumer,1.0
United States,Offender,2023,32,Adult,3,Female,White,Consumer,8.0
United States,Offender,2023,32,Adult,3,Female,White,Producer,1.0
United States,Offender,2023,32,Adult,3,Female,Hispanic,Consumer,1.0
United States,Offender,2023,32,Adult,3,Male,,Consumer,9.0
United States,Offender,2023,32,Adult,3,Male,,Producer,1.0
United States,Offender,2023,32,Adult,3,Male,White,Consumer,92.0
United States,Offender,2023,32,Adult,3,Male,White,Producer,11.0
United States,Offender,2023,32,Adult,3,Male,Black,Consumer,17.0
United States,Offender,2023,32,Adult,3,Male,Black,Producer,1.0
United States,Offender,2023,32,Adult,3,Male,Other,Consumer,2.0
United States,Offender,2023,32,Adult,3,Male,Hispanic,Consumer,19.0
United States,Offender,2023,33,Adult,3,,,Consumer,1.0
United States,Offender,2023,33,Adult,3,Female,White,Consumer,9.0
United States,Offender,2023,33,Adult,3,Female,Black,Consumer,1.0
United States,Offender,2023,33,Adult,3,Female,Hispanic,Consumer,1.0
United States,Offender,2023,33,Adult,3,Male,,Consumer,7.0
United States,Offender,2023,33,Adult,3,Male,White,Consumer,96.0
United States,Offender,2023,33,Adult,3,Male,White,Producer,5.0
United States,Offender,2023,33,Adult,3,Male,Black,Consumer,11.0
United States,Offender,2023,33,Adult,3,Male,Black,Producer,2.0
United States,Offender,2023,33,Adult,3,Male,Other,Consumer,8.0
United States,Offender,2023,33,Adult,3,Male,Hispanic,Consumer,16.0
United States,Offender,2023,34,Adult,3,Female,,Consumer,3.0
United States,Offender,2023,34,Adult,3,Female,White,Consumer,10.0
United States,Offender,2023,34,Adult,3,Female,White,Producer,1.0
United States,Offender,2023,34,Adult,3,Female,Black,Consumer,2.0
United States,Offender,2023,34,Adult,3,Female,Hispanic,Consumer,1.0
United States,Offender,2023,34,Adult,3,Male,,Consumer,11.0
United States,Offender,2023,34,Adult,3,Male,White,Consumer,93.0
United States,Offender,2023,34,Adult,3,Male,White,Producer,9.0
United States,Offender,2023,34,Adult,3,Male,Black,Consumer,14.0
United States,Offender,2023,34,Adult,3,Male,Black,Producer,1.0
United States,Offender,2023,34,Adult,3,Male,Other,Consumer,4.0
United States,Offender,2023,34,Adult,3,Male,Hispanic,Consumer,17.0
United States,Offender,2023,34,Adult,3,Male,Hispanic,Producer,1.0
United States,Offender,2023,35,Adult,3,,,Producer,2.0
United States,Offender,2023,35,Adult,3,Female,White,Consumer,19.0
United States,Offender,2023,35,Adult,3,Female,Black,Consumer,2.0
United States,Offender,2023,35,Adult,3,Female,Hispanic,Consumer,3.0
United States,Offender,2023,35,Adult,3,Male,,Consumer,10.0
United States,Offender,2023,35,Adult,3,Male,White,Consumer,109.0
United States,Offender,2023,35,Adult,3,Male,White,Producer,18.0
United States,Offender,2023,35,Adult,3,Male,Black,Consumer,18.0
United States,Offender,2023,35,Adult,3,Male,Black,Producer,2.0
United States,Offender,2023,35,Adult,3,Male,Other,Consumer,4.0
United States,Offender,2023,35,Adult,3,Male,Other,Producer,1.0
United States,Offender,2023,35,Adult,3,Male,Hispanic,Consumer,12.0
United States,Offender,2023,35,Adult,3,Male,Hispanic,Producer,1.0
United States,Offender,2023,36,Adult,3,,,Consumer,5.0
United States,Offender,2023,36,Adult,3,Female,White,Consumer,8.0
United States,Offender,2023,36,Adult,3,Female,White,Producer,1.0
United States,Offender,2023,36,Adult,3,Female,Black,Consumer,3.0
United States,Offender,2023,36,Adult,3,Female,Black,Producer,1.0
United States,Offender,2023,36,Adult,3,Female,Other,Consumer,1.0
United States,Offender,2023,36,Adult,3,Male,,Consumer,7.0
United States,Offender,2023,36,Adult,3,Male,White,Consumer,101.0
United States,Offender,2023,36,Adult,3,Male,White,Producer,4.0
United States,Offender,2023,36,Adult,3,Male,Black,Consumer,9.0
United States,Offender,2023,36,Adult,3,Male,Black,Producer,1.0
United States,Offender,2023,36,Adult,3,Male,Other,Consumer,4.0
United States,Offender,2023,36,Adult,3,Male,Hispanic,Consumer,8.0
United States,Offender,2023,36,Adult,3,Male,Hispanic,Producer,1.0
United States,Offender,2023,37,Adult,3,Female,White,Consumer,10.0
United States,Offender,2023,37,Adult,3,Female,White,Producer,1.0
United States,Offender,2023,37,Adult,3,Female,Black,Consumer,2.0
United States,Offender,2023,37,Adult,3,Female,Black,Producer,1.0
United States,Offender,2023,37,Adult,3,Female,Other,Producer,1.0
United States,Offender,2023,37,Adult,3,Female,Hispanic,Consumer,1.0
United States,Offender,2023,37,Adult,3,Female,Hispanic,Producer,1.0
United States,Offender,2023,37,Adult,3,Male,,Consumer,6.0
United States,Offender,2023,37,Adult,3,Male,White,Consumer,91.0
United States,Offender,2023,37,Adult,3,Male,White,Producer,9.0
United States,Offender,2023,37,Adult,3,Male,Black,Consumer,13.0
United States,Offender,2023,37,Adult,3,Male,Black,Producer,1.0
United States,Offender,2023,37,Adult,3,Male,Other,Consumer,8.0
United States,Offender,2023,37,Adult,3,Male,Hispanic,Consumer,20.0
United States,Offender,2023,37,Adult,3,Male,Hispanic,Producer,1.0
United States,Offender,2023,38,Adult,3,,,Consumer,4.0
United States,Offender,2023,38,Adult,3,,Other,Consumer,1.0
United States,Offender,2023,38,Adult,3,Female,White,Consumer,8.0
United States,Offender,2023,38,Adult,3,Female,Black,Consumer,1.0
United States,Offender,2023,38,Adult,3,Male,,Consumer,4.0
United States,Offender,2023,38,Adult,3,Male,White,Consumer,95.0
United States,Offender,2023,38,Adult,3,Male,White,Producer,10.0
United States,Offender,2023,38,Adult,3,Male,Black,Consumer,11.0
United States,Offender,2023,38,Adult,3,Male,Black,Producer,1.0
United States,Offender,2023,38,Adult,3,Male,Other,Consumer,6.0
United States,Offender,2023,38,Adult,3,Male,Hispanic,Consumer,9.0
United States,Offender,2023,38,Adult,3,Male,Hispanic,Producer,1.0
United States,Offender,2023,39,Adult,3,,,Consumer,3.0
United States,Offender,2023,39,Adult,3,Female,,Consumer,1.0
United States,Offender,2023,39,Adult,3,Female,White,Consumer,7.0
United States,Offender,2023,39,Adult,3,Female,Black,Consumer,2.0
United States,Offender,2023,39,Adult,3,Male,,Consumer,10.0
United States,Offender,2023,39,Adult,3,Male,,Producer,1.0
United States,Offender,2023,39,Adult,3,Male,White,Consumer,85.0
United States,Offender,2023,39,Adult,3,Male,White,Producer,18.0
United States,Offender,2023,39,Adult,3,Male,Black,Consumer,10.0
United States,Offender,2023,39,Adult,3,Male,Black,Producer,1.0
United States,Offender,2023,39,Adult,3,Male,Other,Consumer,6.0
United States,Offender,2023,39,Adult,3,Male,Hispanic,Consumer,10.0
United States,Offender,2023,39,Adult,3,Male,Hispanic,Producer,1.0
United States,Offender,2023,40,Adult,3,Female,,Consumer,1.0
United States,Offender,2023,40,Adult,3,Female,White,Consumer,6.0
United States,Offender,2023,40,Adult,3,Female,Black,Consumer,1.0
United States,Offender,2023,40,Adult,3,Female,Other,Consumer,1.0
United States,Offender,2023,40,Adult,3,Female,Hispanic,Consumer,1.0
United States,Offender,2023,40,Adult,3,Male,,Consumer,9.0
United States,Offender,2023,40,Adult,3,Male,White,Consumer,77.0
United States,Offender,2023,40,Adult,3,Male,White,Producer,12.0
United States,Offender,2023,40,Adult,3,Male,Black,Consumer,11.0
United States,Offender,2023,40,Adult,3,Male,Black,Producer,2.0
United States,Offender,2023,40,Adult,3,Male,Other,Consumer,3.0
United States,Offender,2023,40,Adult,3,Male,Hispanic,Consumer,12.0
United States,Offender,2023,41,Adult,3,,,Consumer,1.0
United States,Offender,2023,41,Adult,3,Female,,Producer,1.0
United States,Offender,2023,41,Adult,3,Female,White,Consumer,7.0
United States,Offender,2023,41,Adult,3,Female,White,Producer,1.0
United States,Offender,2023,41,Adult,3,Male,,Consumer,7.0
United States,Offender,2023,41,Adult,3,Male,White,Consumer,77.0
United States,Offender,2023,41,Adult,3,Male,White,Producer,7.0
United States,Offender,2023,41,Adult,3,Male,Black,Consumer,10.0
United States,Offender,2023,41,Adult,3,Male,Other,Consumer,1.0
United States,Offender,2023,41,Adult,3,Male,Hispanic,Consumer,11.0
United States,Offender,2023,42,Adult,3,Female,,Consumer,1.0
United States,Offender,2023,42,Adult,3,Female,White,Consumer,9.0
United States,Offender,2023,42,Adult,3,Female,White,Producer,1.0
United States,Offender,2023,42,Adult,3,Female,Black,Consumer,1.0
United States,Offender,2023,42,Adult,3,Male,,Consumer,5.0
United States,Offender,2023,42,Adult,3,Male,White,Consumer,93.0
United States,Offender,2023,42,Adult,3,Male,White,Producer,7.0
United States,Offender,2023,42,Adult,3,Male,Black,Consumer,5.0
United States,Offender,2023,42,Adult,3,Male,Black,Producer,1.0
United States,Offender,2023,42,Adult,3,Male,Other,Consumer,3.0
United States,Offender,2023,42,Adult,3,Male,Other,Producer,1.0
United States,Offender,2023,42,Adult,3,Male,Hispanic,Consumer,16.0
United States,Offender,2023,43,Adult,3,Female,White,Consumer,3.0
United States,Offender,2023,43,Adult,3,Female,Black,Consumer,1.0
United States,Offender,2023,43,Adult,3,Female,Other,Consumer,1.0
United States,Offender,2023,43,Adult,3,Female,Hispanic,Consumer,1.0
United States,Offender,2023,43,Adult,3,Male,,Consumer,7.0
United States,Offender,2023,43,Adult,3,Male,,Producer,1.0
United States,Offender,2023,43,Adult,3,Male,White,Consumer,63.0
United States,Offender,2023,43,Adult,3,Male,White,Producer,5.0
United States,Offender,2023,43,Adult,3,Male,Black,Consumer,6.0
United States,Offender,2023,43,Adult,3,Male,Hispanic,Consumer,7.0
United States,Offender,2023,44,Adult,3,Female,,Consumer,2.0
United States,Offender,2023,44,Adult,3,Female,White,Consumer,1.0
United States,Offender,2023,44,Adult,3,Female,White,Producer,1.0
United States,Offender,2023,44,Adult,3,Female,Hispanic,Consumer,1.0
United States,Offender,2023,44,Adult,3,Male,,Consumer,4.0
United States,Offender,2023,44,Adult,3,Male,White,Consumer,80.0
United States,Offender,2023,44,Adult,3,Male,White,Producer,9.0
United States,Offender,2023,44,Adult,3,Male,Black,Consumer,6.0
United States,Offender,2023,44,Adult,3,Male,Hispanic,Consumer,4.0
United States,Offender,2023,45,Adult,3,,,Consumer,1.0
United States,Offender,2023,45,Adult,3,Female,,Consumer,2.0
United States,Offender,2023,45,Adult,3,Female,White,Consumer,4.0
United States,Offender,2023,45,Adult,3,Female,Black,Consumer,1.0
United States,Offender,2023,45,Adult,3,Male,,Consumer,5.0
United States,Offender,2023,45,Adult,3,Male,White,Consumer,64.0
United States,Offender,2023,45,Adult,3,Male,White,Producer,3.0
United States,Offender,2023,45,Adult,3,Male,Black,Consumer,5.0
United States,Offender,2023,45,Adult,3,Male,Hispanic,Consumer,2.0
United States,Offender,2023,46,Adult,3,Female,,Consumer,1.0
United States,Offender,2023,46,Adult,3,Female,White,Consumer,3.0
United States,Offender,2023,46,Adult,3,Female,Other,Consumer,1.0
United States,Offender,2023,46,Adult,3,Male,,Consumer,1.0
United States,Offender,2023,46,Adult,3,Male,White,Consumer,42.0
United States,Offender,2023,46,Adult,3,Male,White,Producer,2.0
United States,Offender,2023,46,Adult,3,Male,Black,Consumer,6.0
United States,Offender,2023,46,Adult,3,Male,Other,Consumer,2.0
United States,Offender,2023,46,Adult,3,Male,Hispanic,Consumer,7.0
United States,Offender,2023,47,Adult,3,,,Consumer,1.0
United States,Offender,2023,47,Adult,3,Female,,Consumer,1.0
United States,Offender,2023,47,Adult,3,Female,White,Consumer,4.0
United States,Offender,2023,47,Adult,3,Female,Black,Consumer,1.0
United States,Offender,2023,47,Adult,3,Female,Hispanic,Consumer,2.0
United States,Offender,2023,47,Adult,3,Male,,Consumer,4.0
United States,Offender,2023,47,Adult,3,Male,White,Consumer,63.0
United States,Offender,2023,47,Adult,3,Male,White,Producer,5.0
United States,Offender,2023,47,Adult,3,Male,Black,Consumer,2.0
United States,Offender,2023,47,Adult,3,Male,Other,Consumer,1.0
United States,Offender,2023,47,Adult,3,Male,Hispanic,Consumer,6.0
United States,Offender,2023,47,Adult,3,Male,Hispanic,Producer,1.0
United States,Offender,2023,48,Adult,3,,White,Consumer,1.0
United States,Offender,2023,48,Adult,3,Female,White,Consumer,1.0
United States,Offender,2023,48,Adult,3,Female,Other,Consumer,1.0
United States,Offender,2023,48,Adult,3,Male,,Consumer,3.0
United States,Offender,2023,48,Adult,3,Male,White,Consumer,57.0
United States,Offender,2023,48,Adult,3,Male,White,Producer,2.0
United States,Offender,2023,48,Adult,3,Male,Black,Consumer,7.0
United States,Offender,2023,48,Adult,3,Male,Other,Consumer,1.0
United States,Offender,2023,48,Adult,3,Male,Hispanic,Consumer,2.0
United States,Offender,2023,49,Adult,3,,,Consumer,11.0
United States,Offender,2023,49,Adult,3,,,Producer,2.0
United States,Offender,2023,49,Adult,3,Female,White,Consumer,6.0
United States,Offender,2023,49,Adult,3,Male,,Consumer,6.0
United States,Offender,2023,49,Adult,3,Male,White,Consumer,43.0
United States,Offender,2023,49,Adult,3,Male,White,Producer,4.0
United States,Offender,2023,49,Adult,3,Male,Black,Consumer,2.0
United States,Offender,2023,49,Adult,3,Male,Black,Producer,1.0
United States,Offender,2023,49,Adult,3,Male,Hispanic,Consumer,12.0
United States,Offender,2023,49,Adult,3,Male,Hispanic,Producer,3.0
United States,Offender,2023,50,Adult,3,,,Consumer,14.0
United States,Offender,2023,50,Adult,3,,,Producer,2.0
United States,Offender,2023,50,Adult,3,Female,,Consumer,1.0
United States,Offender,2023,50,Adult,3,Female,Other,Producer,1.0
United States,Offender,2023,50,Adult,3,Male,,Consumer,6.0
United States,Offender,2023,50,Adult,3,Male,White,Consumer,60.0
United States,Offender,2023,50,Adult,3,Male,White,Producer,1.0
United States,Offender,2023,50,Adult,3,Male,Black,Consumer,5.0
United States,Offender,2023,50,Adult,3,Male,Black,Producer,1.0
United States,Offender,2023,50,Adult,3,Male,Other,Consumer,2.0
United States,Offender,2023,50,Adult,3,Male,Other,Producer,1.0
United States,Offender,2023,50,Adult,3,Male,Hispanic,Consumer,8.0
United States,Offender,2023,51,Adult,3,,,Consumer,7.0
United States,Offender,2023,51,Adult,3,Female,White,Consumer,3.0
United States,Offender,2023,51,Adult,3,Female,White,Producer,1.0
United States,Offender,2023,51,Adult,3,Female,Black,Consumer,2.0
United States,Offender,2023,51,Adult,3,Male,,Consumer,1.0
United States,Offender,2023,51,Adult,3,Male,White,Consumer,60.0
United States,Offender,2023,51,Adult,3,Male,White,Producer,4.0
United States,Offender,2023,51,Adult,3,Male,Black,Consumer,4.0
United States,Offender,2023,51,Adult,3,Male,Hispanic,Consumer,3.0
United States,Offender,2023,52,Adult,3,,,Consumer,1.0
United States,Offender,2023,52,Adult,3,Female,White,Consumer,2.0
United States,Offender,2023,52,Adult,3,Female,Black,Consumer,2.0
United States,Offender,2023,52,Adult,3,Male,White,Consumer,50.0
United States,Offender,2023,52,Adult,3,Male,White,Producer,2.0
United States,Offender,2023,52,Adult,3,Male,Black,Consumer,5.0
United States,Offender,2023,52,Adult,3,Male,Other,Consumer,3.0
United States,Offender,2023,52,Adult,3,Male,Hispanic,Consumer,6.0
United States,Offender,2023,52,Adult,3,Male,Hispanic,Producer,1.0
United States,Offender,2023,53,Adult,3,,White,Consumer,1.0
United States,Offender,2023,53,Adult,3,Female,,Consumer,2.0
United States,Offender,2023,53,Adult,3,Female,White,Consumer,3.0
United States,Offender,2023,53,Adult,3,Female,White,Producer,1.0
United States,Offender,2023,53,Adult,3,Male,,Consumer,2.0
United States,Offender,2023,53,Adult,3,Male,White,Consumer,45.0
United States,Offender,2023,53,Adult,3,Male,White,Producer,4.0
United States,Offender,2023,53,Adult,3,Male,Black,Consumer,5.0
United States,Offender,2023,53,Adult,3,Male,Black,Producer,1.0
United States,Offender,2023,53,Adult,3,Male,Other,Consumer,3.0
United States,Offender,2023,53,Adult,3,Male,Hispanic,Consumer,2.0
United States,Offender,2023,54,Adult,3,,,Consumer,3.0
United States,Offender,2023,54,Adult,3,,,Producer,1.0
United States,Offender,2023,54,Adult,3,Female,,Producer,1.0
United States,Offender,2023,54,Adult,3,Female,White,Consumer,3.0
United States,Offender,2023,54,Adult,3,Male,,Consumer,2.0
United States,Offender,2023,54,Adult,3,Male,,Producer,2.0
United States,Offender,2023,54,Adult,3,Male,White,Consumer,47.0
United States,Offender,2023,54,Adult,3,Male,White,Producer,2.0
United States,Offender,2023,54,Adult,3,Male,Black,Consumer,6.0
United States,Offender,2023,54,Adult,3,Male,Hispanic,Consumer,2.0
United States,Offender,2023,55,Adult,3,,,Consumer,3.0
United States,Offender,2023,55,Adult,3,,,Producer,1.0
United States,Offender,2023,55,Adult,3,Female,White,Consumer,2.0
United States,Offender,2023,55,Adult,3,Female,White,Producer,1.0
United States,Offender,2023,55,Adult,3,Male,,Consumer,6.0
United States,Offender,2023,55,Adult,3,Male,,Producer,1.0
United States,Offender,2023,55,Adult,3,Male,White,Consumer,39.0
United States,Offender,2023,55,Adult,3,Male,White,Producer,2.0
United States,Offender,2023,55,Adult,3,Male,Black,Consumer,3.0
United States,Offender,2023,55,Adult,3,Male,Other,Consumer,2.0
United States,Offender,2023,55,Adult,3,Male,Hispanic,Consumer,6.0
United States,Offender,2023,56,Adult,3,Female,,Consumer,1.0
United States,Offender,2023,56,Adult,3,Female,White,Consumer,6.0
United States,Offender,2023,56,Adult,3,Female,Hispanic,Producer,1.0
United States,Offender,2023,56,Adult,3,Male,,Consumer,1.0
United States,Offender,2023,56,Adult,3,Male,,Producer,1.0
United States,Offender,2023,56,Adult,3,Male,White,Consumer,37.0
United States,Offender,2023,56,Adult,3,Male,White,Producer,3.0
United States,Offender,2023,56,Adult,3,Male,Black,Consumer,2.0
United States,Offender,2023,56,Adult,3,Male,Hispanic,Consumer,2.0
United States,Offender,2023,57,Adult,3,,,Consumer,1.0
United States,Offender,2023,57,Adult,3,Female,White,Consumer,1.0
United States,Offender,2023,57,Adult,3,Female,Black,Consumer,1.0
United States,Offender,2023,57,Adult,3,Male,,Consumer,1.0
United States,Offender,2023,57,Adult,3,Male,White,Consumer,34.0
United States,Offender,2023,57,Adult,3,Male,White,Producer,2.0
United States,Offender,2023,57,Adult,3,Male,Black,Consumer,1.0
United States,Offender,2023,57,Adult,3,Male,Other,Consumer,2.0
United States,Offender,2023,57,Adult,3,Male,Hispanic,Consumer,2.0
United States,Offender,2023,58,Adult,3,,,Consumer,53.0
United States,Offender,2023,58,Adult,3,,,Producer,1.0
United States,Offender,2023,58,Adult,3,,White,Consumer,1.0
United States,Offender,2023,58,Adult,3,Female,,Consumer,3.0
United States,Offender,2023,58,Adult,3,Female,White,Consumer,1.0
United States,Offender,2023,58,Adult,3,Female,Black,Consumer,1.0
United States,Offender,2023,58,Adult,3,Male,,Consumer,9.0
United States,Offender,2023,58,Adult,3,Male,White,Consumer,44.0
United States,Offender,2023,58,Adult,3,Male,White,Producer,2.0
United States,Offender,2023,58,Adult,3,Male,Black,Consumer,4.0
United States,Offender,2023,58,Adult,3,Male,Other,Consumer,1.0
United States,Offender,2023,58,Adult,3,Male,Hispanic,Consumer,1.0
United States,Offender,2023,58,Adult,3,Male,Hispanic,Producer,1.0
United States,Offender,2023,59,Adult,3,,,Consumer,1.0
United States,Offender,2023,59,Adult,3,Female,White,Consumer,2.0
United States,Offender,2023,59,Adult,3,Male,,Consumer,2.0
United States,Offender,2023,59,Adult,3,Male,White,Consumer,36.0
United States,Offender,2023,59,Adult,3,Male,White,Producer,4.0
United States,Offender,2023,59,Adult,3,Male,Black,Consumer,1.0
United States,Offender,2023,59,Adult,3,Male,Hispanic,Consumer,4.0
United States,Offender,2023,60,Adult,3,Female,Black,Producer,1.0
United States,Offender,2023,60,Adult,3,Male,,Consumer,2.0
United States,Offender,2023,60,Adult,3,Male,White,Consumer,27.0
United States,Offender,2023,60,Adult,3,Male,White,Producer,1.0
United States,Offender,2023,60,Adult,3,Male,Black,Consumer,2.0
United States,Offender,2023,60,Adult,3,Male,Hispanic,Consumer,2.0
United States,Offender,2023,61,Adult,3,Female,White,Consumer,1.0
United States,Offender,2023,61,Adult,3,Female,White,Producer,1.0
United States,Offender,2023,61,Adult,3,Male,,Consumer,3.0
United States,Offender,2023,61,Adult,3,Male,White,Consumer,33.0
United States,Offender,2023,61,Adult,3,Male,White,Producer,5.0
United States,Offender,2023,61,Adult,3,Male,Black,Consumer,2.0
United States,Offender,2023,61,Adult,3,Male,Hispanic,Consumer,1.0
United States,Offender,2023,62,Adult,3,,,Consumer,1.0
United States,Offender,2023,62,Adult,3,Male,,Consumer,1.0
United States,Offender,2023,62,Adult,3,Male,White,Consumer,31.0
United States,Offender,2023,62,Adult,3,Male,Black,Consumer,2.0
United States,Offender,2023,62,Adult,3,Male,Other,Consumer,1.0
United States,Offender,2023,62,Adult,3,Male,Hispanic,Consumer,1.0
United States,Offender,2023,63,Adult,3,Female,White,Consumer,2.0
United States,Offender,2023,63,Adult,3,Female,Black,Consumer,1.0
United States,Offender,2023,63,Adult,3,Male,,Consumer,2.0
United States,Offender,2023,63,Adult,3,Male,White,Consumer,27.0
United States,Offender,2023,63,Adult,3,Male,Black,Consumer,2.0
United States,Offender,2023,63,Adult,3,Male,Other,Consumer,1.0
United States,Offender,2023,63,Adult,3,Male,Hispanic,Consumer,3.0
United States,Offender,2023,63,Adult,3,Male,Hispanic,Producer,1.0
United States,Offender,2023,64,Adult,3,,,Consumer,1.0
United States,Offender,2023,64,Adult,3,Female,White,Consumer,3.0
United States,Offender,2023,64,Adult,3,Female,Hispanic,Consumer,1.0
United States,Offender,2023,64,Adult,3,Male,,Consumer,1.0
United States,Offender,2023,64,Adult,3,Male,White,Consumer,25.0
United States,Offender,2023,64,Adult,3,Male,White,Producer,3.0
United States,Offender,2023,64,Adult,3,Male,Black,Consumer,3.0
United States,Offender,2023,64,Adult,3,Male,Black,Producer,1.0
United States,Offender,2023,64,Adult,3,Male,Other,Consumer,1.0
United States,Offender,2023,64,Adult,3,Male,Hispanic,Consumer,1.0
United States,Offender,2023,65,Adult,3,Male,,Consumer,3.0
United States,Offender,2023,65,Adult,3,Male,White,Consumer,28.0
United States,Offender,2023,65,Adult,3,Male,Black,Consumer,1.0
United States,Offender,2023,65,Adult,3,Male,Other,Consumer,1.0
United States,Offender,2023,65,Adult,3,Male,Hispanic,Consumer,1.0
United States,Offender,2023,66,Adult,3,Female,White,Consumer,2.0
United States,Offender,2023,66,Adult,3,Male,,Consumer,2.0
United States,Offender,2023,66,Adult,3,Male,White,Consumer,24.0
United States,Offender,2023,66,Adult,3,Male,Hispanic,Consumer,1.0
United States,Offender,2023,67,Adult,3,Female,White,Consumer,1.0
United States,Offender,2023,67,Adult,3,Male,White,Consumer,22.0
United States,Offender,2023,67,Adult,3,Male,Other,Consumer,1.0
United States,Offender,2023,67,Adult,3,Male,Hispanic,Consumer,2.0
United States,Offender,2023,68,Adult,3,Male,,Consumer,2.0
United States,Offender,2023,68,Adult,3,Male,White,Consumer,10.0
United States,Offender,2023,68,Adult,3,Male,White,Producer,2.0
United States,Offender,2023,68,Adult,3,Male,Black,Consumer,1.0
United States,Offender,2023,68,Adult,3,Male,Other,Consumer,1.0
United States,Offender,2023,68,Adult,3,Male,Hispanic,Consumer,1.0
United States,Offender,2023,69,Adult,3,Female,,Consumer,1.0
United States,Offender,2023,69,Adult,3,Male,White,Consumer,16.0
United States,Offender,2023,69,Adult,3,Male,White,Producer,2.0
United States,Offender,2023,69,Adult,3,Male,Hispanic,Consumer,1.0
United States,Offender,2023,70,Adult,3,Female,White,Consumer,2.0
United States,Offender,2023,70,Adult,3,Male,White,Consumer,13.0
United States,Offender,2023,70,Adult,3,Male,White,Producer,1.0
United States,Offender,2023,70,Adult,3,Male,Other,Consumer,1.0
United States,Offender,2023,71,Adult,3,Male,White,Consumer,7.0
United States,Offender,2023,71,Adult,3,Male,White,Producer,3.0
United States,Offender,2023,72,Adult,3,Male,,Consumer,2.0
United States,Offender,2023,72,Adult,3,Male,White,Consumer,25.0
United States,Offender,2023,72,Adult,3,Male,White,Producer,1.0
United States,Offender,2023,73,Adult,3,,,Consumer,1.0
United States,Offender,2023,73,Adult,3,Female,White,Consumer,1.0
United States,Offender,2023,73,Adult,3,Female,Other,Producer,1.0
United States,Offender,2023,73,Adult,3,Male,White,Consumer,17.0
United States,Offender,2023,73,Adult,3,Male,Other,Consumer,2.0
United States,Offender,2023,73,Adult,3,Male,Hispanic,Consumer,1.0
United States,Offender,2023,74,Adult,3,Male,,Consumer,1.0
United States,Offender,2023,74,Adult,3,Male,White,Consumer,17.0
United States,Offender,2023,75,Adult,3,Female,White,Consumer,1.0
United States,Offender,2023,75,Adult,3,Male,,Consumer,1.0
United States,Offender,2023,75,Adult,3,Male,White,Consumer,12.0
United States,Offender,2023,76,Adult,3,Female,White,Consumer,2.0
United States,Offender,2023,76,Adult,3,Male,White,Consumer,13.0
United States,Offender,2023,77,Adult,3,Male,,Consumer,1.0
United States,Offender,2023,77,Adult,3,Male,White,Consumer,7.0
United States,Offender,2023,78,Adult,3,Male,White,Consumer,11.0
United States,Offender,2023,78,Adult,3,Male,White,Producer,1.0
United States,Offender,2023,79,Adult,3,Female,,Consumer,1.0
United States,Offender,2023,79,Adult,3,Male,,Consumer,1.0
United States,Offender,2023,79,Adult,3,Male,White,Consumer,5.0
United States,Offender,2023,80,Adult,3,Female,White,Consumer,1.0
United States,Offender,2023,80,Adult,3,Male,,Consumer,1.0
United States,Offender,2023,80,Adult,3,Male,White,Consumer,4.0
United States,Offender,2023,80,Adult,3,Male,White,Producer,1.0
United States,Offender,2023,80,Adult,3,Male,Other,Consumer,1.0
United States,Offender,2023,81,Adult,3,Male,White,Consumer,2.0
United States,Offender,2023,82,Adult,3,Male,,Consumer,1.0
United States,Offender,2023,82,Adult,3,Male,White,Consumer,2.0
United States,Offender,2023,83,Adult,3,Male,White,Consumer,2.0
United States,Offender,2023,84,Adult,3,Male,White,Consumer,1.0
United States,Offender,2023,85,Adult,3,Male,Black,Consumer,1.0
United States,Offender,2023,86,Adult,3,Female,Black,Consumer,1.0
United States,Offender,2023,86,Adult,3,Male,White,Consumer,4.0
United States,Offender,2023,88,Adult,3,Male,White,Consumer,1.0
United States,Offender,2023,89,Adult,3,Male,Hispanic,Consumer,1.0
United States,Offender,2023,90,Adult,3,Male,White,Consumer,2.0
United States,Offender,2023,98,Adult,3,,,Consumer,1.0
United States,Offender,2023,99,Adult,3,,,Consumer,8.0
United States,Offender,2023,99,Adult,3,,Other,Consumer,1.0
United States,Offender,2023,99,Adult,3,Female,Other,Consumer,1.0
United States,Offender,2023,99,Adult,3,Female,Hispanic,Consumer,1.0
United States,Offender,2023,99,Adult,3,Male,,Consumer,3.0
United States,Offender,2024,,Adult,3,,,Consumer,6419.0
United States,Offender,2024,,Adult,3,,,Producer,377.0
United States,Offender,2024,,Adult,3,,White,Consumer,4.0
United States,Offender,2024,,Adult,3,,White,Producer,1.0
United States,Offender,2024,,Adult,3,,Other,Consumer,4.0
United States,Offender,2024,,Adult,3,,Hispanic,Consumer,1.0
United States,Offender,2024,,Adult,3,Female,,Consumer,31.0
United States,Offender,2024,,Adult,3,Female,,Producer,9.0
United States,Offender,2024,,Adult,3,Female,White,Consumer,36.0
United States,Offender,2024,,Adult,3,Female,White,Producer,5.0
United States,Offender,2024,,Adult,3,Female,Black,Consumer,9.0
United States,Offender,2024,,Adult,3,Female,Black,Producer,3.0
United States,Offender,2024,,Adult,3,Female,Other,Consumer,2.0
United States,Offender,2024,,Adult,3,Female,Hispanic,Consumer,3.0
United States,Offender,2024,,Adult,3,Female,Hispanic,Producer,3.0
United States,Offender,2024,,Adult,3,Male,,Consumer,205.0
United States,Offender,2024,,Adult,3,Male,,Producer,25.0
United States,Offender,2024,,Adult,3,Male,White,Consumer,110.0
United States,Offender,2024,,Adult,3,Male,White,Producer,13.0
United States,Offender,2024,,Adult,3,Male,Black,Consumer,45.0
United States,Offender,2024,,Adult,3,Male,Black,Producer,7.0
United States,Offender,2024,,Adult,3,Male,Other,Consumer,3.0
United States,Offender,2024,,Adult,3,Male,Other,Producer,1.0
United States,Offender,2024,,Adult,3,Male,Hispanic,Consumer,26.0
United States,Offender,2024,,Adult,3,Male,Hispanic,Producer,1.0
United States,Offender,2024,1,Child,1,,,Consumer,2.0
United States,Offender,2024,1,Child,1,Female,,Consumer,1.0
United States,Offender,2024,2,Child,1,,,Consumer,1.0
United States,Offender,2024,4,Child,1,Male,Hispanic,Consumer,1.0
United States,Offender,2024,5,Child,1,Female,White,Consumer,4.0
United States,Offender,2024,5,Child,1,Female,Black,Consumer,1.0
United States,Offender,2024,5,Child,1,Female,Hispanic,Consumer,1.0
United States,Offender,2024,5,Child,1,Male,,Consumer,1.0
United States,Offender,2024,5,Child,1,Male,White,Consumer,3.0
United States,Offender,2024,5,Child,1,Male,Black,Consumer,1.0
United States,Offender,2024,5,Child,1,Male,Black,Producer,1.0
United States,Offender,2024,5,Child,1,Male,Hispanic,Consumer,1.0
United States,Offender,2024,6,Child,1,Female,White,Consumer,5.0
United States,Offender,2024,6,Child,1,Female,Black,Consumer,7.0
United States,Offender,2024,6,Child,1,Male,,Consumer,1.0
United States,Offender,2024,6,Child,1,Male,White,Consumer,6.0
United States,Offender,2024,6,Child,1,Male,Black,Consumer,3.0
United States,Offender,2024,6,Child,1,Male,Other,Consumer,1.0
United States,Offender,2024,6,Child,1,Male,Hispanic,Consumer,1.0
United States,Offender,2024,7,Child,1,Female,White,Consumer,8.0
United States,Offender,2024,7,Child,1,Female,White,Producer,1.0
United States,Offender,2024,7,Child,1,Female,Hispanic,Consumer,1.0
United States,Offender,2024,7,Child,1,Male,,Consumer,2.0
United States,Offender,2024,7,Child,1,Male,White,Consumer,10.0
United States,Offender,2024,7,Child,1,Male,White,Producer,1.0
United States,Offender,2024,7,Child,1,Male,Black,Consumer,4.0
United States,Offender,2024,7,Child,1,Male,Hispanic,Consumer,1.0
United States,Offender,2024,7,Child,1,Male,Hispanic,Producer,1.0
United States,Offender,2024,8,Child,1,,,Producer,1.0
United States,Offender,2024,8,Child,1,Female,White,Consumer,10.0
United States,Offender,2024,8,Child,1,Female,White,Producer,2.0
United States,Offender,2024,8,Child,1,Female,Black,Consumer,1.0
United States,Offender,2024,8,Child,1,Male,White,Consumer,13.0
United States,Offender,2024,8,Child,1,Male,White,Producer,2.0
United States,Offender,2024,8,Child,1,Male,Black,Consumer,6.0
United States,Offender,2024,8,Child,1,Male,Other,Producer,1.0
United States,Offender,2024,8,Child,1,Male,Hispanic,Consumer,2.0
United States,Offender,2024,9,Child,1,,,Consumer,6.0
United States,Offender,2024,9,Child,1,Female,,Consumer,1.0
United States,Offender,2024,9,Child,1,Female,White,Consumer,9.0
United States,Offender,2024,9,Child,1,Female,White,Producer,1.0
United States,Offender,2024,9,Child,1,Female,Black,Consumer,6.0
United States,Offender,2024,9,Child,1,Female,Black,Producer,3.0
United States,Offender,2024,9,Child,1,Female,Other,Consumer,1.0
United States,Offender,2024,9,Child,1,Female,Hispanic,Consumer,1.0
United States,Offender,2024,9,Child,1,Male,,Consumer,1.0
United States,Offender,2024,9,Child,1,Male,White,Consumer,5.0
United States,Offender,2024,9,Child,1,Male,White,Producer,1.0
United States,Offender,2024,9,Child,1,Male,Black,Consumer,9.0
United States,Offender,2024,9,Child,1,Male,Black,Producer,3.0
United States,Offender,2024,9,Child,1,Male,Hispanic,Consumer,1.0
United States,Offender,2024,10,Child,1,Female,,Consumer,1.0
United States,Offender,2024,10,Child,1,Female,White,Consumer,7.0
United States,Offender,2024,10,Child,1,Female,White,Producer,3.0
United States,Offender,2024,10,Child,1,Female,Black,Consumer,11.0
United States,Offender,2024,10,Child,1,Female,Other,Consumer,1.0
United States,Offender,2024,10,Child,1,Female,Hispanic,Consumer,3.0
United States,Offender,2024,10,Child,1,Male,,Consumer,1.0
United States,Offender,2024,10,Child,1,Male,White,Consumer,18.0
United States,Offender,2024,10,Child,1,Male,White,Producer,3.0
United States,Offender,2024,10,Child,1,Male,Black,Consumer,8.0
United States,Offender,2024,10,Child,1,Male,Black,Producer,2.0
United States,Offender,2024,10,Child,1,Male,Hispanic,Consumer,2.0
United States,Offender,2024,11,Juvenile,2,,,Consumer,1.0
United States,Offender,2024,11,Juvenile,2,Female,,Consumer,4.0
United States,Offender,2024,11,Juvenile,2,Female,White,Consumer,28.0
United States,Offender,2024,11,Juvenile,2,Female,White,Producer,7.0
United States,Offender,2024,11,Juvenile,2,Female,Black,Consumer,33.0
United States,Offender,2024,11,Juvenile,2,Female,Black,Producer,1.0
United States,Offender,2024,11,Juvenile,2,Female,Other,Producer,1.0
United States,Offender,2024,11,Juvenile,2,Female,Hispanic,Consumer,4.0
United States,Offender,2024,11,Juvenile,2,Male,,Consumer,3.0
United States,Offender,2024,11,Juvenile,2,Male,White,Consumer,40.0
United States,Offender,2024,11,Juvenile,2,Male,White,Producer,7.0
United States,Offender,2024,11,Juvenile,2,Male,Black,Consumer,19.0
United States,Offender,2024,11,Juvenile,2,Male,Black,Producer,4.0
United States,Offender,2024,11,Juvenile,2,Male,Other,Consumer,5.0
United States,Offender,2024,11,Juvenile,2,Male,Hispanic,Consumer,10.0
United States,Offender,2024,11,Juvenile,2,Male,Hispanic,Producer,2.0
United States,Offender,2024,12,Juvenile,2,,,Consumer,1.0
United States,Offender,2024,12,Juvenile,2,,,Producer,3.0
United States,Offender,2024,12,Juvenile,2,Female,,Consumer,7.0
United States,Offender,2024,12,Juvenile,2,Female,White,Consumer,84.0
United States,Offender,2024,12,Juvenile,2,Female,White,Producer,15.0
United States,Offender,2024,12,Juvenile,2,Female,Black,Consumer,45.0
United States,Offender,2024,12,Juvenile,2,Female,Black,Producer,9.0
United States,Offender,2024,12,Juvenile,2,Female,Other,Consumer,5.0
United States,Offender,2024,12,Juvenile,2,Female,Hispanic,Consumer,15.0
United States,Offender,2024,12,Juvenile,2,Female,Hispanic,Producer,3.0
United States,Offender,2024,12,Juvenile,2,Male,,Consumer,14.0
United States,Offender,2024,12,Juvenile,2,Male,,Producer,5.0
United States,Offender,2024,12,Juvenile,2,Male,White,Consumer,94.0
United States,Offender,2024,12,Juvenile,2,Male,White,Producer,22.0
United States,Offender,2024,12,Juvenile,2,Male,Black,Consumer,63.0
United States,Offender,2024,12,Juvenile,2,Male,Black,Producer,2.0
United States,Offender,2024,12,Juvenile,2,Male,Other,Consumer,10.0
United States,Offender,2024,12,Juvenile,2,Male,Other,Producer,2.0
United States,Offender,2024,12,Juvenile,2,Male,Hispanic,Consumer,25.0
United States,Offender,2024,12,Juvenile,2,Male,Hispanic,Producer,5.0
United States,Offender,2024,13,Juvenile,2,,,Consumer,3.0
United States,Offender,2024,13,Juvenile,2,,White,Consumer,1.0
United States,Offender,2024,13,Juvenile,2,Female,,Consumer,8.0
United States,Offender,2024,13,Juvenile,2,Female,,Producer,2.0
United States,Offender,2024,13,Juvenile,2,Female,White,Consumer,92.0
United States,Offender,2024,13,Juvenile,2,Female,White,Producer,16.0
United States,Offender,2024,13,Juvenile,2,Female,Black,Consumer,42.0
United States,Offender,2024,13,Juvenile,2,Female,Black,Producer,6.0
United States,Offender,2024,13,Juvenile,2,Female,Other,Consumer,2.0
United States,Offender,2024,13,Juvenile,2,Female,Other,Producer,1.0
United States,Offender,2024,13,Juvenile,2,Female,Hispanic,Consumer,15.0
United States,Offender,2024,13,Juvenile,2,Female,Hispanic,Producer,3.0
United States,Offender,2024,13,Juvenile,2,Male,,Consumer,16.0
United States,Offender,2024,13,Juvenile,2,Male,,Producer,1.0
United States,Offender,2024,13,Juvenile,2,Male,White,Consumer,167.0
United States,Offender,2024,13,Juvenile,2,Male,White,Producer,26.0
United States,Offender,2024,13,Juvenile,2,Male,Black,Consumer,87.0
United States,Offender,2024,13,Juvenile,2,Male,Black,Producer,11.0
United States,Offender,2024,13,Juvenile,2,Male,Other,Consumer,5.0
United States,Offender,2024,13,Juvenile,2,Male,Other,Producer,4.0
United States,Offender,2024,13,Juvenile,2,Male,Hispanic,Consumer,43.0
United States,Offender,2024,13,Juvenile,2,Male,Hispanic,Producer,8.0
United States,Offender,2024,14,Juvenile,2,,,Producer,1.0
United States,Offender,2024,14,Juvenile,2,Female,,Consumer,7.0
United States,Offender,2024,14,Juvenile,2,Female,,Producer,2.0
United States,Offender,2024,14,Juvenile,2,Female,White,Consumer,85.0
United States,Offender,2024,14,Juvenile,2,Female,White,Producer,15.0
United States,Offender,2024,14,Juvenile,2,Female,Black,Consumer,35.0
United States,Offender,2024,14,Juvenile,2,Female,Black,Producer,9.0
United States,Offender,2024,14,Juvenile,2,Female,Other,Consumer,6.0
United States,Offender,2024,14,Juvenile,2,Female,Other,Producer,1.0
United States,Offender,2024,14,Juvenile,2,Female,Hispanic,Consumer,14.0
United States,Offender,2024,14,Juvenile,2,Female,Hispanic,Producer,1.0
United States,Offender,2024,14,Juvenile,2,Male,,Consumer,19.0
United States,Offender,2024,14,Juvenile,2,Male,,Producer,2.0
United States,Offender,2024,14,Juvenile,2,Male,White,Consumer,209.0
United States,Offender,2024,14,Juvenile,2,Male,White,Producer,30.0
United States,Offender,2024,14,Juvenile,2,Male,Black,Consumer,64.0
United States,Offender,2024,14,Juvenile,2,Male,Black,Producer,16.0
United States,Offender,2024,14,Juvenile,2,Male,Other,Consumer,4.0
United States,Offender,2024,14,Juvenile,2,Male,Other,Producer,3.0
United States,Offender,2024,14,Juvenile,2,Male,Hispanic,Consumer,56.0
United States,Offender,2024,14,Juvenile,2,Male,Hispanic,Producer,7.0
United States,Offender,2024,15,Juvenile,2,,,Consumer,1.0
United States,Offender,2024,15,Juvenile,2,,,Producer,2.0
United States,Offender,2024,15,Juvenile,2,Female,,Consumer,11.0
United States,Offender,2024,15,Juvenile,2,Female,,Producer,2.0
United States,Offender,2024,15,Juvenile,2,Female,White,Consumer,81.0
United States,Offender,2024,15,Juvenile,2,Female,White,Producer,12.0
United States,Offender,2024,15,Juvenile,2,Female,Black,Consumer,30.0
United States,Offender,2024,15,Juvenile,2,Female,Black,Producer,6.0
United States,Offender,2024,15,Juvenile,2,Female,Hispanic,Consumer,15.0
United States,Offender,2024,15,Juvenile,2,Female,Hispanic,Producer,3.0
United States,Offender,2024,15,Juvenile,2,Male,,Consumer,19.0
United States,Offender,2024,15,Juvenile,2,Male,,Producer,1.0
United States,Offender,2024,15,Juvenile,2,Male,White,Consumer,173.0
United States,Offender,2024,15,Juvenile,2,Male,White,Producer,29.0
United States,Offender,2024,15,Juvenile,2,Male,Black,Consumer,53.0
United States,Offender,2024,15,Juvenile,2,Male,Black,Producer,11.0
United States,Offender,2024,15,Juvenile,2,Male,Other,Consumer,8.0
United States,Offender,2024,15,Juvenile,2,Male,Other,Producer,5.0
United States,Offender,2024,15,Juvenile,2,Male,Hispanic,Consumer,42.0
United States,Offender,2024,15,Juvenile,2,Male,Hispanic,Producer,6.0
United States,Offender,2024,16,Juvenile,2,,,Consumer,1.0
United States,Offender,2024,16,Juvenile,2,Female,,Consumer,4.0
United States,Offender,2024,16,Juvenile,2,Female,,Producer,2.0
United States,Offender,2024,16,Juvenile,2,Female,White,Consumer,57.0
United States,Offender,2024,16,Juvenile,2,Female,White,Producer,15.0
United States,Offender,2024,16,Juvenile,2,Female,Black,Consumer,21.0
United States,Offender,2024,16,Juvenile,2,Female,Black,Producer,5.0
United States,Offender,2024,16,Juvenile,2,Female,Other,Consumer,1.0
United States,Offender,2024,16,Juvenile,2,Female,Other,Producer,1.0
United States,Offender,2024,16,Juvenile,2,Female,Hispanic,Consumer,4.0
United States,Offender,2024,16,Juvenile,2,Female,Hispanic,Producer,2.0
United States,Offender,2024,16,Juvenile,2,Male,,Consumer,16.0
United States,Offender,2024,16,Juvenile,2,Male,,Producer,7.0
United States,Offender,2024,16,Juvenile,2,Male,White,Consumer,182.0
United States,Offender,2024,16,Juvenile,2,Male,White,Producer,25.0
United States,Offender,2024,16,Juvenile,2,Male,Black,Consumer,48.0
United States,Offender,2024,16,Juvenile,2,Male,Black,Producer,7.0
United States,Offender,2024,16,Juvenile,2,Male,Other,Consumer,10.0
United States,Offender,2024,16,Juvenile,2,Male,Other,Producer,1.0
United States,Offender,2024,16,Juvenile,2,Male,Hispanic,Consumer,47.0
United States,Offender,2024,16,Juvenile,2,Male,Hispanic,Producer,4.0
United States,Offender,2024,17,Juvenile,2,,,Consumer,2.0
United States,Offender,2024,17,Juvenile,2,,,Producer,1.0
United States,Offender,2024,17,Juvenile,2,,White,Consumer,1.0
United States,Offender,2024,17,Juvenile,2,Female,,Consumer,2.0
United States,Offender,2024,17,Juvenile,2,Female,,Producer,2.0
United States,Offender,2024,17,Juvenile,2,Female,White,Consumer,44.0
United States,Offender,2024,17,Juvenile,2,Female,White,Producer,6.0
United States,Offender,2024,17,Juvenile,2,Female,Black,Consumer,11.0
United States,Offender,2024,17,Juvenile,2,Female,Black,Producer,4.0
United States,Offender,2024,17,Juvenile,2,Female,Other,Consumer,2.0
United States,Offender,2024,17,Juvenile,2,Female,Other,Producer,1.0
United States,Offender,2024,17,Juvenile,2,Female,Hispanic,Consumer,6.0
United States,Offender,2024,17,Juvenile,2,Female,Hispanic,Producer,1.0
United States,Offender,2024,17,Juvenile,2,Male,,Consumer,19.0
United States,Offender,2024,17,Juvenile,2,Male,,Producer,2.0
United States,Offender,2024,17,Juvenile,2,Male,White,Consumer,150.0
United States,Offender,2024,17,Juvenile,2,Male,White,Producer,19.0
United States,Offender,2024,17,Juvenile,2,Male,Black,Consumer,54.0
United States,Offender,2024,17,Juvenile,2,Male,Black,Producer,15.0
United States,Offender,2024,17,Juvenile,2,Male,Other,Consumer,11.0
United States,Offender,2024,17,Juvenile,2,Male,Hispanic,Consumer,39.0
United States,Offender,2024,17,Juvenile,2,Male,Hispanic,Producer,2.0
United States,Offender,2024,18,Adult,3,,,Consumer,9.0
United States,Offender,2024,18,Adult,3,,White,Consumer,2.0
United States,Offender,2024,18,Adult,3,Female,,Consumer,6.0
United States,Offender,2024,18,Adult,3,Female,,Producer,1.0
United States,Offender,2024,18,Adult,3,Female,White,Consumer,14.0
United States,Offender,2024,18,Adult,3,Female,White,Producer,3.0
United States,Offender,2024,18,Adult,3,Female,Black,Consumer,9.0
United States,Offender,2024,18,Adult,3,Female,Black,Producer,4.0
United States,Offender,2024,18,Adult,3,Female,Other,Producer,1.0
United States,Offender,2024,18,Adult,3,Female,Hispanic,Producer,3.0
United States,Offender,2024,18,Adult,3,Male,,Consumer,22.0
United States,Offender,2024,18,Adult,3,Male,,Producer,2.0
United States,Offender,2024,18,Adult,3,Male,White,Consumer,172.0
United States,Offender,2024,18,Adult,3,Male,White,Producer,19.0
United States,Offender,2024,18,Adult,3,Male,Black,Consumer,43.0
United States,Offender,2024,18,Adult,3,Male,Black,Producer,10.0
United States,Offender,2024,18,Adult,3,Male,Other,Consumer,9.0
United States,Offender,2024,18,Adult,3,Male,Other,Producer,1.0
United States,Offender,2024,18,Adult,3,Male,Hispanic,Consumer,39.0
United States,Offender,2024,18,Adult,3,Male,Hispanic,Producer,8.0
United States,Offender,2024,19,Adult,3,,,Consumer,3.0
United States,Offender,2024,19,Adult,3,Female,,Consumer,4.0
United States,Offender,2024,19,Adult,3,Female,White,Consumer,12.0
United States,Offender,2024,19,Adult,3,Female,White,Producer,3.0
United States,Offender,2024,19,Adult,3,Female,Black,Consumer,6.0
United States,Offender,2024,19,Adult,3,Female,Black,Producer,1.0
United States,Offender,2024,19,Adult,3,Female,Other,Consumer,4.0
United States,Offender,2024,19,Adult,3,Female,Hispanic,Consumer,4.0
United States,Offender,2024,19,Adult,3,Female,Hispanic,Producer,1.0
United States,Offender,2024,19,Adult,3,Male,,Consumer,24.0
United States,Offender,2024,19,Adult,3,Male,,Producer,2.0
United States,Offender,2024,19,Adult,3,Male,White,Consumer,148.0
United States,Offender,2024,19,Adult,3,Male,White,Producer,19.0
United States,Offender,2024,19,Adult,3,Male,Black,Consumer,32.0
United States,Offender,2024,19,Adult,3,Male,Black,Producer,7.0
United States,Offender,2024,19,Adult,3,Male,Other,Consumer,10.0
United States,Offender,2024,19,Adult,3,Male,Hispanic,Consumer,40.0
United States,Offender,2024,19,Adult,3,Male,Hispanic,Producer,6.0
United States,Offender,2024,20,Adult,3,,,Consumer,6.0
United States,Offender,2024,20,Adult,3,,,Producer,1.0
United States,Offender,2024,20,Adult,3,Female,,Consumer,2.0
United States,Offender,2024,20,Adult,3,Female,White,Consumer,9.0
United States,Offender,2024,20,Adult,3,Female,White,Producer,1.0
United States,Offender,2024,20,Adult,3,Female,Black,Consumer,2.0
United States,Offender,2024,20,Adult,3,Female,Black,Producer,2.0
United States,Offender,2024,20,Adult,3,Female,Hispanic,Consumer,5.0
United States,Offender,2024,20,Adult,3,Male,,Consumer,22.0
United States,Offender,2024,20,Adult,3,Male,White,Consumer,107.0
United States,Offender,2024,20,Adult,3,Male,White,Producer,10.0
United States,Offender,2024,20,Adult,3,Male,Black,Consumer,38.0
United States,Offender,2024,20,Adult,3,Male,Black,Producer,6.0
United States,Offender,2024,20,Adult,3,Male,Other,Consumer,7.0
United States,Offender,2024,20,Adult,3,Male,Other,Producer,2.0
United States,Offender,2024,20,Adult,3,Male,Hispanic,Consumer,38.0
United States,Offender,2024,20,Adult,3,Male,Hispanic,Producer,2.0
United States,Offender,2024,21,Adult,3,,,Consumer,4.0
United States,Offender,2024,21,Adult,3,Female,,Consumer,3.0
United States,Offender,2024,21,Adult,3,Female,White,Consumer,8.0
United States,Offender,2024,21,Adult,3,Female,Black,Consumer,1.0
United States,Offender,2024,21,Adult,3,Female,Other,Consumer,1.0
United States,Offender,2024,21,Adult,3,Female,Hispanic,Consumer,1.0
United States,Offender,2024,21,Adult,3,Male,,Consumer,14.0
United States,Offender,2024,21,Adult,3,Male,White,Consumer,114.0
United States,Offender,2024,21,Adult,3,Male,White,Producer,8.0
United States,Offender,2024,21,Adult,3,Male,Black,Consumer,31.0
United States,Offender,2024,21,Adult,3,Male,Black,Producer,3.0
United States,Offender,2024,21,Adult,3,Male,Other,Consumer,9.0
United States,Offender,2024,21,Adult,3,Male,Other,Producer,2.0
United States,Offender,2024,21,Adult,3,Male,Hispanic,Consumer,34.0
United States,Offender,2024,21,Adult,3,Male,Hispanic,Producer,3.0
United States,Offender,2024,22,Adult,3,,,Consumer,3.0
United States,Offender,2024,22,Adult,3,,White,Consumer,2.0
United States,Offender,2024,22,Adult,3,Female,White,Consumer,7.0
United States,Offender,2024,22,Adult,3,Female,White,Producer,3.0
United States,Offender,2024,22,Adult,3,Female,Black,Consumer,6.0
United States,Offender,2024,22,Adult,3,Female,Other,Consumer,1.0
United States,Offender,2024,22,Adult,3,Female,Hispanic,Consumer,2.0
United States,Offender,2024,22,Adult,3,Male,,Consumer,10.0
United States,Offender,2024,22,Adult,3,Male,White,Consumer,114.0
United States,Offender,2024,22,Adult,3,Male,White,Producer,9.0
United States,Offender,2024,22,Adult,3,Male,Black,Consumer,20.0
United States,Offender,2024,22,Adult,3,Male,Black,Producer,3.0
United States,Offender,2024,22,Adult,3,Male,Other,Consumer,6.0
United States,Offender,2024,22,Adult,3,Male,Other,Producer,1.0
United States,Offender,2024,22,Adult,3,Male,Hispanic,Consumer,29.0
United States,Offender,2024,22,Adult,3,Male,Hispanic,Producer,1.0
United States,Offender,2024,23,Adult,3,,,Consumer,1.0
United States,Offender,2024,23,Adult,3,,White,Consumer,1.0
United States,Offender,2024,23,Adult,3,Female,,Consumer,1.0
United States,Offender,2024,23,Adult,3,Female,White,Consumer,3.0
United States,Offender,2024,23,Adult,3,Female,White,Producer,1.0
United States,Offender,2024,23,Adult,3,Female,Black,Consumer,2.0
United States,Offender,2024,23,Adult,3,Female,Black,Producer,1.0
United States,Offender,2024,23,Adult,3,Female,Hispanic,Consumer,1.0
United States,Offender,2024,23,Adult,3,Male,,Consumer,7.0
United States,Offender,2024,23,Adult,3,Male,White,Consumer,115.0
United States,Offender,2024,23,Adult,3,Male,White,Producer,11.0
United States,Offender,2024,23,Adult,3,Male,Black,Consumer,28.0
United States,Offender,2024,23,Adult,3,Male,Other,Consumer,6.0
United States,Offender,2024,23,Adult,3,Male,Other,Producer,2.0
United States,Offender,2024,23,Adult,3,Male,Hispanic,Consumer,36.0
United States,Offender,2024,23,Adult,3,Male,Hispanic,Producer,1.0
United States,Offender,2024,24,Adult,3,,,Consumer,15.0
United States,Offender,2024,24,Adult,3,,,Producer,1.0
United States,Offender,2024,24,Adult,3,,White,Consumer,1.0
United States,Offender,2024,24,Adult,3,Female,,Producer,1.0
United States,Offender,2024,24,Adult,3,Female,White,Consumer,6.0
United States,Offender,2024,24,Adult,3,Female,Black,Consumer,3.0
United States,Offender,2024,24,Adult,3,Female,Black,Producer,2.0
United States,Offender,2024,24,Adult,3,Female,Other,Consumer,1.0
United States,Offender,2024,24,Adult,3,Male,,Consumer,17.0
United States,Offender,2024,24,Adult,3,Male,,Producer,1.0
United States,Offender,2024,24,Adult,3,Male,White,Consumer,104.0
United States,Offender,2024,24,Adult,3,Male,White,Producer,13.0
United States,Offender,2024,24,Adult,3,Male,Black,Consumer,26.0
United States,Offender,2024,24,Adult,3,Male,Black,Producer,3.0
United States,Offender,2024,24,Adult,3,Male,Other,Consumer,11.0
United States,Offender,2024,24,Adult,3,Male,Other,Producer,1.0
United States,Offender,2024,24,Adult,3,Male,Hispanic,Consumer,28.0
United States,Offender,2024,24,Adult,3,Male,Hispanic,Producer,2.0
United States,Offender,2024,25,Adult,3,,,Consumer,2.0
United States,Offender,2024,25,Adult,3,,,Producer,1.0
United States,Offender,2024,25,Adult,3,,Hispanic,Producer,1.0
United States,Offender,2024,25,Adult,3,Female,,Consumer,2.0
United States,Offender,2024,25,Adult,3,Female,White,Consumer,5.0
United States,Offender,2024,25,Adult,3,Female,White,Producer,3.0
United States,Offender,2024,25,Adult,3,Female,Black,Consumer,3.0
United States,Offender,2024,25,Adult,3,Female,Hispanic,Consumer,1.0
United States,Offender,2024,25,Adult,3,Male,,Consumer,20.0
United States,Offender,2024,25,Adult,3,Male,,Producer,2.0
United States,Offender,2024,25,Adult,3,Male,White,Consumer,128.0
United States,Offender,2024,25,Adult,3,Male,White,Producer,10.0
United States,Offender,2024,25,Adult,3,Male,Black,Consumer,29.0
United States,Offender,2024,25,Adult,3,Male,Black,Producer,2.0
United States,Offender,2024,25,Adult,3,Male,Other,Consumer,6.0
United States,Offender,2024,25,Adult,3,Male,Other,Producer,1.0
United States,Offender,2024,25,Adult,3,Male,Hispanic,Consumer,29.0
United States,Offender,2024,25,Adult,3,Male,Hispanic,Producer,1.0
United States,Offender,2024,26,Adult,3,,,Consumer,3.0
United States,Offender,2024,26,Adult,3,Female,,Consumer,2.0
United States,Offender,2024,26,Adult,3,Female,White,Consumer,9.0
United States,Offender,2024,26,Adult,3,Female,White,Producer,1.0
United States,Offender,2024,26,Adult,3,Female,Black,Consumer,3.0
United States,Offender,2024,26,Adult,3,Female,Hispanic,Consumer,2.0
United States,Offender,2024,26,Adult,3,Female,Hispanic,Producer,2.0
United States,Offender,2024,26,Adult,3,Male,,Consumer,14.0
United States,Offender,2024,26,Adult,3,Male,White,Consumer,96.0
United States,Offender,2024,26,Adult,3,Male,White,Producer,7.0
United States,Offender,2024,26,Adult,3,Male,Black,Consumer,24.0
United States,Offender,2024,26,Adult,3,Male,Black,Producer,5.0
United States,Offender,2024,26,Adult,3,Male,Other,Consumer,8.0
United States,Offender,2024,26,Adult,3,Male,Other,Producer,2.0
United States,Offender,2024,26,Adult,3,Male,Hispanic,Consumer,19.0
United States,Offender,2024,26,Adult,3,Male,Hispanic,Producer,3.0
United States,Offender,2024,27,Adult,3,Female,White,Consumer,12.0
United States,Offender,2024,27,Adult,3,Female,White,Producer,1.0
United States,Offender,2024,27,Adult,3,Female,Black,Consumer,5.0
United States,Offender,2024,27,Adult,3,Male,,Consumer,5.0
United States,Offender,2024,27,Adult,3,Male,White,Consumer,108.0
United States,Offender,2024,27,Adult,3,Male,White,Producer,6.0
United States,Offender,2024,27,Adult,3,Male,Black,Consumer,24.0
United States,Offender,2024,27,Adult,3,Male,Black,Producer,2.0
United States,Offender,2024,27,Adult,3,Male,Other,Consumer,10.0
United States,Offender,2024,27,Adult,3,Male,Hispanic,Consumer,33.0
United States,Offender,2024,27,Adult,3,Male,Hispanic,Producer,1.0
United States,Offender,2024,28,Adult,3,,White,Consumer,1.0
United States,Offender,2024,28,Adult,3,Female,,Consumer,1.0
United States,Offender,2024,28,Adult,3,Female,White,Consumer,16.0
United States,Offender,2024,28,Adult,3,Female,White,Producer,2.0
United States,Offender,2024,28,Adult,3,Female,Black,Consumer,3.0
United States,Offender,2024,28,Adult,3,Male,,Consumer,16.0
United States,Offender,2024,28,Adult,3,Male,,Producer,1.0
United States,Offender,2024,28,Adult,3,Male,White,Consumer,103.0
United States,Offender,2024,28,Adult,3,Male,White,Producer,5.0
United States,Offender,2024,28,Adult,3,Male,Black,Consumer,26.0
United States,Offender,2024,28,Adult,3,Male,Black,Producer,3.0
United States,Offender,2024,28,Adult,3,Male,Other,Consumer,8.0
United States,Offender,2024,28,Adult,3,Male,Hispanic,Consumer,14.0
United States,Offender,2024,28,Adult,3,Male,Hispanic,Producer,1.0
United States,Offender,2024,29,Adult,3,,,Consumer,4.0
United States,Offender,2024,29,Adult,3,,,Producer,1.0
United States,Offender,2024,29,Adult,3,,Other,Consumer,1.0
United States,Offender,2024,29,Adult,3,Female,White,Consumer,6.0
United States,Offender,2024,29,Adult,3,Female,White,Producer,1.0
United States,Offender,2024,29,Adult,3,Female,Other,Consumer,1.0
United States,Offender,2024,29,Adult,3,Male,,Consumer,8.0
United States,Offender,2024,29,Adult,3,Male,White,Consumer,110.0
United States,Offender,2024,29,Adult,3,Male,White,Producer,10.0
United States,Offender,2024,29,Adult,3,Male,Black,Consumer,24.0
United States,Offender,2024,29,Adult,3,Male,Black,Producer,1.0
United States,Offender,2024,29,Adult,3,Male,Other,Consumer,7.0
United States,Offender,2024,29,Adult,3,Male,Hispanic,Consumer,27.0
United States,Offender,2024,29,Adult,3,Male,Hispanic,Producer,3.0
United States,Offender,2024,30,Adult,3,,White,Consumer,1.0
United States,Offender,2024,30,Adult,3,Female,White,Consumer,10.0
United States,Offender,2024,30,Adult,3,Female,Black,Consumer,3.0
United States,Offender,2024,30,Adult,3,Female,Other,Consumer,1.0
United States,Offender,2024,30,Adult,3,Female,Hispanic,Consumer,1.0
United States,Offender,2024,30,Adult,3,Female,Hispanic,Producer,1.0
United States,Offender,2024,30,Adult,3,Male,,Consumer,18.0
United States,Offender,2024,30,Adult,3,Male,,Producer,1.0
United States,Offender,2024,30,Adult,3,Male,White,Consumer,96.0
United States,Offender,2024,30,Adult,3,Male,White,Producer,12.0
United States,Offender,2024,30,Adult,3,Male,Black,Consumer,27.0
United States,Offender,2024,30,Adult,3,Male,Other,Consumer,2.0
United States,Offender,2024,30,Adult,3,Male,Hispanic,Consumer,19.0
United States,Offender,2024,30,Adult,3,Male,Hispanic,Producer,1.0
United States,Offender,2024,31,Adult,3,Female,,Consumer,1.0
United States,Offender,2024,31,Adult,3,Female,White,Consumer,11.0
United States,Offender,2024,31,Adult,3,Female,White,Producer,1.0
United States,Offender,2024,31,Adult,3,Female,Black,Consumer,2.0
United States,Offender,2024,31,Adult,3,Female,Hispanic,Consumer,2.0
United States,Offender,2024,31,Adult,3,Male,,Consumer,7.0
United States,Offender,2024,31,Adult,3,Male,White,Consumer,125.0
United States,Offender,2024,31,Adult,3,Male,White,Producer,6.0
United States,Offender,2024,31,Adult,3,Male,Black,Consumer,21.0
United States,Offender,2024,31,Adult,3,Male,Black,Producer,1.0
United States,Offender,2024,31,Adult,3,Male,Other,Consumer,9.0
United States,Offender,2024,31,Adult,3,Male,Hispanic,Consumer,22.0
United States,Offender,2024,32,Adult,3,,,Consumer,5.0
United States,Offender,2024,32,Adult,3,,White,Consumer,1.0
United States,Offender,2024,32,Adult,3,Female,,Consumer,1.0
United States,Offender,2024,32,Adult,3,Female,White,Consumer,8.0
United States,Offender,2024,32,Adult,3,Female,White,Producer,4.0
United States,Offender,2024,32,Adult,3,Female,Black,Consumer,5.0
United States,Offender,2024,32,Adult,3,Male,,Consumer,8.0
United States,Offender,2024,32,Adult,3,Male,,Producer,1.0
United States,Offender,2024,32,Adult,3,Male,White,Consumer,101.0
United States,Offender,2024,32,Adult,3,Male,White,Producer,9.0
United States,Offender,2024,32,Adult,3,Male,Black,Consumer,19.0
United States,Offender,2024,32,Adult,3,Male,Black,Producer,4.0
United States,Offender,2024,32,Adult,3,Male,Other,Consumer,4.0
United States,Offender,2024,32,Adult,3,Male,Hispanic,Consumer,24.0
United States,Offender,2024,33,Adult,3,,,Consumer,2.0
United States,Offender,2024,33,Adult,3,Female,,Consumer,2.0
United States,Offender,2024,33,Adult,3,Female,White,Consumer,9.0
United States,Offender,2024,33,Adult,3,Female,White,Producer,1.0
United States,Offender,2024,33,Adult,3,Female,Black,Consumer,4.0
United States,Offender,2024,33,Adult,3,Female,Black,Producer,2.0
United States,Offender,2024,33,Adult,3,Female,Hispanic,Consumer,1.0
United States,Offender,2024,33,Adult,3,Male,,Consumer,17.0
United States,Offender,2024,33,Adult,3,Male,White,Consumer,111.0
United States,Offender,2024,33,Adult,3,Male,White,Producer,9.0
United States,Offender,2024,33,Adult,3,Male,Black,Consumer,11.0
United States,Offender,2024,33,Adult,3,Male,Black,Producer,2.0
United States,Offender,2024,33,Adult,3,Male,Other,Consumer,4.0
United States,Offender,2024,33,Adult,3,Male,Hispanic,Consumer,21.0
United States,Offender,2024,33,Adult,3,Male,Hispanic,Producer,2.0
United States,Offender,2024,34,Adult,3,,,Consumer,1.0
United States,Offender,2024,34,Adult,3,Female,,Consumer,1.0
United States,Offender,2024,34,Adult,3,Female,White,Consumer,12.0
United States,Offender,2024,34,Adult,3,Female,White,Producer,3.0
United States,Offender,2024,34,Adult,3,Female,Black,Producer,1.0
United States,Offender,2024,34,Adult,3,Female,Hispanic,Consumer,3.0
United States,Offender,2024,34,Adult,3,Male,,Consumer,6.0
United States,Offender,2024,34,Adult,3,Male,White,Consumer,131.0
United States,Offender,2024,34,Adult,3,Male,White,Producer,8.0
United States,Offender,2024,34,Adult,3,Male,Black,Consumer,25.0
United States,Offender,2024,34,Adult,3,Male,Black,Producer,1.0
United States,Offender,2024,34,Adult,3,Male,Other,Consumer,3.0
United States,Offender,2024,34,Adult,3,Male,Other,Producer,1.0
United States,Offender,2024,34,Adult,3,Male,Hispanic,Consumer,21.0
United States,Offender,2024,35,Adult,3,,,Consumer,5.0
United States,Offender,2024,35,Adult,3,,,Producer,1.0
United States,Offender,2024,35,Adult,3,,Hispanic,Consumer,1.0
United States,Offender,2024,35,Adult,3,Female,,Consumer,1.0
United States,Offender,2024,35,Adult,3,Female,White,Consumer,10.0
United States,Offender,2024,35,Adult,3,Female,White,Producer,1.0
United States,Offender,2024,35,Adult,3,Female,Black,Consumer,3.0
United States,Offender,2024,35,Adult,3,Female,Other,Consumer,1.0
United States,Offender,2024,35,Adult,3,Female,Hispanic,Consumer,2.0
United States,Offender,2024,35,Adult,3,Male,,Consumer,12.0
United States,Offender,2024,35,Adult,3,Male,,Producer,1.0
United States,Offender,2024,35,Adult,3,Male,White,Consumer,106.0
United States,Offender,2024,35,Adult,3,Male,White,Producer,7.0
United States,Offender,2024,35,Adult,3,Male,Black,Consumer,11.0
United States,Offender,2024,35,Adult,3,Male,Black,Producer,1.0
United States,Offender,2024,35,Adult,3,Male,Other,Consumer,4.0
United States,Offender,2024,35,Adult,3,Male,Hispanic,Consumer,19.0
United States,Offender,2024,35,Adult,3,Male,Hispanic,Producer,2.0
United States,Offender,2024,36,Adult,3,Female,,Consumer,1.0
United States,Offender,2024,36,Adult,3,Female,,Producer,1.0
United States,Offender,2024,36,Adult,3,Female,White,Consumer,6.0
United States,Offender,2024,36,Adult,3,Female,White,Producer,2.0
United States,Offender,2024,36,Adult,3,Female,Black,Consumer,4.0
United States,Offender,2024,36,Adult,3,Female,Hispanic,Consumer,2.0
United States,Offender,2024,36,Adult,3,Male,,Consumer,10.0
United States,Offender,2024,36,Adult,3,Male,White,Consumer,103.0
United States,Offender,2024,36,Adult,3,Male,White,Producer,13.0
United States,Offender,2024,36,Adult,3,Male,Black,Consumer,14.0
United States,Offender,2024,36,Adult,3,Male,Black,Producer,1.0
United States,Offender,2024,36,Adult,3,Male,Other,Consumer,6.0
United States,Offender,2024,36,Adult,3,Male,Hispanic,Consumer,17.0
United States,Offender,2024,36,Adult,3,Male,Hispanic,Producer,1.0
United States,Offender,2024,37,Adult,3,,,Consumer,1.0
United States,Offender,2024,37,Adult,3,,White,Consumer,1.0
United States,Offender,2024,37,Adult,3,Female,White,Consumer,5.0
United States,Offender,2024,37,Adult,3,Female,White,Producer,1.0
United States,Offender,2024,37,Adult,3,Female,Black,Consumer,2.0
United States,Offender,2024,37,Adult,3,Female,Black,Producer,1.0
United States,Offender,2024,37,Adult,3,Male,,Consumer,6.0
United States,Offender,2024,37,Adult,3,Male,White,Consumer,105.0
United States,Offender,2024,37,Adult,3,Male,White,Producer,6.0
United States,Offender,2024,37,Adult,3,Male,Black,Consumer,11.0
United States,Offender,2024,37,Adult,3,Male,Other,Consumer,11.0
United States,Offender,2024,37,Adult,3,Male,Hispanic,Consumer,20.0
United States,Offender,2024,37,Adult,3,Male,Hispanic,Producer,1.0
United States,Offender,2024,38,Adult,3,,,Consumer,2.0
United States,Offender,2024,38,Adult,3,Female,White,Consumer,10.0
United States,Offender,2024,38,Adult,3,Female,White,Producer,3.0
United States,Offender,2024,38,Adult,3,Female,Black,Consumer,3.0
United States,Offender,2024,38,Adult,3,Female,Hispanic,Consumer,1.0
United States,Offender,2024,38,Adult,3,Male,,Consumer,7.0
United States,Offender,2024,38,Adult,3,Male,,Producer,1.0
United States,Offender,2024,38,Adult,3,Male,White,Consumer,109.0
United States,Offender,2024,38,Adult,3,Male,White,Producer,8.0
United States,Offender,2024,38,Adult,3,Male,Black,Consumer,13.0
United States,Offender,2024,38,Adult,3,Male,Black,Producer,4.0
United States,Offender,2024,38,Adult,3,Male,Other,Consumer,7.0
United States,Offender,2024,38,Adult,3,Male,Other,Producer,1.0
United States,Offender,2024,38,Adult,3,Male,Hispanic,Consumer,12.0
United States,Offender,2024,38,Adult,3,Male,Hispanic,Producer,1.0
United States,Offender,2024,39,Adult,3,,,Consumer,2.0
United States,Offender,2024,39,Adult,3,Female,,Consumer,1.0
United States,Offender,2024,39,Adult,3,Female,White,Consumer,10.0
United States,Offender,2024,39,Adult,3,Female,White,Producer,2.0
United States,Offender,2024,39,Adult,3,Female,Black,Consumer,2.0
United States,Offender,2024,39,Adult,3,Female,Other,Consumer,1.0
United States,Offender,2024,39,Adult,3,Male,,Consumer,9.0
United States,Offender,2024,39,Adult,3,Male,,Producer,1.0
United States,Offender,2024,39,Adult,3,Male,White,Consumer,102.0
United States,Offender,2024,39,Adult,3,Male,White,Producer,13.0
United States,Offender,2024,39,Adult,3,Male,Black,Consumer,9.0
United States,Offender,2024,39,Adult,3,Male,Black,Producer,1.0
United States,Offender,2024,39,Adult,3,Male,Other,Consumer,5.0
United States,Offender,2024,39,Adult,3,Male,Hispanic,Consumer,19.0
United States,Offender,2024,39,Adult,3,Male,Hispanic,Producer,2.0
United States,Offender,2024,40,Adult,3,,,Consumer,1.0
United States,Offender,2024,40,Adult,3,,White,Consumer,1.0
United States,Offender,2024,40,Adult,3,Female,,Consumer,1.0
United States,Offender,2024,40,Adult,3,Female,White,Consumer,11.0
United States,Offender,2024,40,Adult,3,Female,White,Producer,1.0
United States,Offender,2024,40,Adult,3,Female,Black,Consumer,3.0
United States,Offender,2024,40,Adult,3,Female,Hispanic,Consumer,4.0
United States,Offender,2024,40,Adult,3,Male,,Consumer,8.0
United States,Offender,2024,40,Adult,3,Male,White,Consumer,99.0
United States,Offender,2024,40,Adult,3,Male,White,Producer,9.0
United States,Offender,2024,40,Adult,3,Male,Black,Consumer,11.0
United States,Offender,2024,40,Adult,3,Male,Other,Consumer,5.0
United States,Offender,2024,40,Adult,3,Male,Other,Producer,1.0
United States,Offender,2024,40,Adult,3,Male,Hispanic,Consumer,11.0
United States,Offender,2024,41,Adult,3,,,Consumer,4.0
United States,Offender,2024,41,Adult,3,Female,White,Consumer,4.0
United States,Offender,2024,41,Adult,3,Female,White,Producer,2.0
United States,Offender,2024,41,Adult,3,Female,Black,Consumer,3.0
United States,Offender,2024,41,Adult,3,Male,,Consumer,4.0
United States,Offender,2024,41,Adult,3,Male,,Producer,1.0
United States,Offender,2024,41,Adult,3,Male,White,Consumer,86.0
United States,Offender,2024,41,Adult,3,Male,White,Producer,5.0
United States,Offender,2024,41,Adult,3,Male,Black,Consumer,13.0
United States,Offender,2024,41,Adult,3,Male,Black,Producer,1.0
United States,Offender,2024,41,Adult,3,Male,Other,Consumer,1.0
United States,Offender,2024,41,Adult,3,Male,Hispanic,Consumer,15.0
United States,Offender,2024,42,Adult,3,,,Consumer,3.0
United States,Offender,2024,42,Adult,3,Female,White,Consumer,11.0
United States,Offender,2024,42,Adult,3,Female,Black,Producer,1.0
United States,Offender,2024,42,Adult,3,Male,,Consumer,8.0
United States,Offender,2024,42,Adult,3,Male,White,Consumer,90.0
United States,Offender,2024,42,Adult,3,Male,White,Producer,9.0
United States,Offender,2024,42,Adult,3,Male,Black,Consumer,7.0
United States,Offender,2024,42,Adult,3,Male,Other,Consumer,7.0
United States,Offender,2024,42,Adult,3,Male,Hispanic,Consumer,10.0
United States,Offender,2024,43,Adult,3,,,Consumer,1.0
United States,Offender,2024,43,Adult,3,Female,White,Consumer,8.0
United States,Offender,2024,43,Adult,3,Female,Black,Consumer,2.0
United States,Offender,2024,43,Adult,3,Female,Hispanic,Consumer,1.0
United States,Offender,2024,43,Adult,3,Male,,Consumer,2.0
United States,Offender,2024,43,Adult,3,Male,White,Consumer,85.0
United States,Offender,2024,43,Adult,3,Male,White,Producer,6.0
United States,Offender,2024,43,Adult,3,Male,Black,Consumer,9.0
United States,Offender,2024,43,Adult,3,Male,Other,Consumer,3.0
United States,Offender,2024,43,Adult,3,Male,Hispanic,Consumer,14.0
United States,Offender,2024,44,Adult,3,,,Consumer,1.0
United States,Offender,2024,44,Adult,3,Female,White,Consumer,6.0
United States,Offender,2024,44,Adult,3,Female,White,Producer,1.0
United States,Offender,2024,44,Adult,3,Female,Black,Consumer,1.0
United States,Offender,2024,44,Adult,3,Female,Black,Producer,1.0
United States,Offender,2024,44,Adult,3,Female,Hispanic,Consumer,1.0
United States,Offender,2024,44,Adult,3,Male,,Consumer,11.0
United States,Offender,2024,44,Adult,3,Male,White,Consumer,86.0
United States,Offender,2024,44,Adult,3,Male,White,Producer,5.0
United States,Offender,2024,44,Adult,3,Male,Black,Consumer,5.0
United States,Offender,2024,44,Adult,3,Male,Other,Consumer,3.0
United States,Offender,2024,44,Adult,3,Male,Hispanic,Consumer,5.0
United States,Offender,2024,45,Adult,3,,,Consumer,6.0
United States,Offender,2024,45,Adult,3,,White,Consumer,1.0
United States,Offender,2024,45,Adult,3,Female,White,Consumer,3.0
United States,Offender,2024,45,Adult,3,Female,White,Producer,1.0
United States,Offender,2024,45,Adult,3,Female,Black,Consumer,3.0
United States,Offender,2024,45,Adult,3,Female,Other,Consumer,1.0
United States,Offender,2024,45,Adult,3,Male,,Consumer,2.0
United States,Offender,2024,45,Adult,3,Male,White,Consumer,83.0
United States,Offender,2024,45,Adult,3,Male,White,Producer,8.0
United States,Offender,2024,45,Adult,3,Male,Black,Consumer,5.0
United States,Offender,2024,45,Adult,3,Male,Other,Consumer,1.0
United States,Offender,2024,45,Adult,3,Male,Hispanic,Consumer,7.0
United States,Offender,2024,46,Adult,3,,,Consumer,1.0
United States,Offender,2024,46,Adult,3,Female,,Consumer,1.0
United States,Offender,2024,46,Adult,3,Female,White,Consumer,5.0
United States,Offender,2024,46,Adult,3,Female,White,Producer,1.0
United States,Offender,2024,46,Adult,3,Female,Black,Consumer,3.0
United States,Offender,2024,46,Adult,3,Female,Hispanic,Consumer,1.0
United States,Offender,2024,46,Adult,3,Male,,Consumer,3.0
United States,Offender,2024,46,Adult,3,Male,White,Consumer,70.0
United States,Offender,2024,46,Adult,3,Male,White,Producer,9.0
United States,Offender,2024,46,Adult,3,Male,Black,Consumer,3.0
United States,Offender,2024,46,Adult,3,Male,Other,Consumer,3.0
United States,Offender,2024,46,Adult,3,Male,Hispanic,Consumer,11.0
United States,Offender,2024,47,Adult,3,,,Consumer,1.0
United States,Offender,2024,47,Adult,3,Female,White,Consumer,4.0
United States,Offender,2024,47,Adult,3,Female,Black,Consumer,1.0
United States,Offender,2024,47,Adult,3,Female,Hispanic,Consumer,1.0
United States,Offender,2024,47,Adult,3,Male,,Consumer,2.0
United States,Offender,2024,47,Adult,3,Male,White,Consumer,58.0
United States,Offender,2024,47,Adult,3,Male,White,Producer,3.0
United States,Offender,2024,47,Adult,3,Male,Black,Consumer,4.0
United States,Offender,2024,47,Adult,3,Male,Other,Consumer,3.0
United States,Offender,2024,47,Adult,3,Male,Hispanic,Consumer,8.0
United States,Offender,2024,48,Adult,3,Female,,Consumer,1.0
United States,Offender,2024,48,Adult,3,Female,White,Consumer,5.0
United States,Offender,2024,48,Adult,3,Male,,Consumer,3.0
United States,Offender,2024,48,Adult,3,Male,,Producer,2.0
United States,Offender,2024,48,Adult,3,Male,White,Consumer,44.0
United States,Offender,2024,48,Adult,3,Male,White,Producer,3.0
United States,Offender,2024,48,Adult,3,Male,Black,Consumer,5.0
United States,Offender,2024,48,Adult,3,Male,Black,Producer,1.0
United States,Offender,2024,48,Adult,3,Male,Other,Consumer,1.0
United States,Offender,2024,48,Adult,3,Male,Other,Producer,1.0
United States,Offender,2024,48,Adult,3,Male,Hispanic,Consumer,4.0
United States,Offender,2024,48,Adult,3,Male,Hispanic,Producer,1.0
United States,Offender,2024,49,Adult,3,,,Consumer,6.0
United States,Offender,2024,49,Adult,3,Female,,Consumer,1.0
United States,Offender,2024,49,Adult,3,Female,White,Consumer,5.0
United States,Offender,2024,49,Adult,3,Female,Black,Consumer,3.0
United States,Offender,2024,49,Adult,3,Male,,Consumer,3.0
United States,Offender,2024,49,Adult,3,Male,White,Consumer,53.0
United States,Offender,2024,49,Adult,3,Male,White,Producer,5.0
United States,Offender,2024,49,Adult,3,Male,Black,Consumer,11.0
United States,Offender,2024,49,Adult,3,Male,Black,Producer,1.0
United States,Offender,2024,49,Adult,3,Male,Hispanic,Consumer,6.0
United States,Offender,2024,50,Adult,3,,,Consumer,19.0
United States,Offender,2024,50,Adult,3,,,Producer,2.0
United States,Offender,2024,50,Adult,3,,White,Consumer,1.0
United States,Offender,2024,50,Adult,3,Female,,Consumer,3.0
United States,Offender,2024,50,Adult,3,Female,White,Consumer,5.0
United States,Offender,2024,50,Adult,3,Male,,Consumer,7.0
United States,Offender,2024,50,Adult,3,Male,White,Consumer,55.0
United States,Offender,2024,50,Adult,3,Male,White,Producer,2.0
United States,Offender,2024,50,Adult,3,Male,Black,Consumer,12.0
United States,Offender,2024,50,Adult,3,Male,Black,Producer,1.0
United States,Offender,2024,50,Adult,3,Male,Other,Consumer,2.0
United States,Offender,2024,50,Adult,3,Male,Other,Producer,1.0
United States,Offender,2024,50,Adult,3,Male,Hispanic,Consumer,4.0
United States,Offender,2024,51,Adult,3,,,Consumer,2.0
United States,Offender,2024,51,Adult,3,,,Producer,1.0
United States,Offender,2024,51,Adult,3,Female,White,Consumer,5.0
United States,Offender,2024,51,Adult,3,Female,Black,Consumer,1.0
United States,Offender,2024,51,Adult,3,Male,,Consumer,2.0
United States,Offender,2024,51,Adult,3,Male,,Producer,1.0
United States,Offender,2024,51,Adult,3,Male,White,Consumer,51.0
United States,Offender,2024,51,Adult,3,Male,White,Producer,4.0
United States,Offender,2024,51,Adult,3,Male,Black,Consumer,3.0
United States,Offender,2024,51,Adult,3,Male,Other,Consumer,1.0
United States,Offender,2024,51,Adult,3,Male,Hispanic,Consumer,5.0
United States,Offender,2024,52,Adult,3,,,Consumer,1.0
United States,Offender,2024,52,Adult,3,Female,White,Consumer,2.0
United States,Offender,2024,52,Adult,3,Female,Black,Producer,1.0
United States,Offender,2024,52,Adult,3,Female,Hispanic,Consumer,1.0
United States,Offender,2024,52,Adult,3,Male,,Consumer,1.0
United States,Offender,2024,52,Adult,3,Male,White,Consumer,56.0
United States,Offender,2024,52,Adult,3,Male,White,Producer,6.0
United States,Offender,2024,52,Adult,3,Male,Black,Consumer,8.0
United States,Offender,2024,52,Adult,3,Male,Other,Consumer,1.0
United States,Offender,2024,52,Adult,3,Male,Hispanic,Consumer,4.0
United States,Offender,2024,53,Adult,3,Female,,Consumer,1.0
United States,Offender,2024,53,Adult,3,Female,Black,Consumer,1.0
United States,Offender,2024,53,Adult,3,Male,,Consumer,3.0
United States,Offender,2024,53,Adult,3,Male,White,Consumer,52.0
United States,Offender,2024,53,Adult,3,Male,White,Producer,3.0
United States,Offender,2024,53,Adult,3,Male,Black,Consumer,4.0
United States,Offender,2024,53,Adult,3,Male,Other,Consumer,1.0
United States,Offender,2024,53,Adult,3,Male,Hispanic,Consumer,4.0
United States,Offender,2024,53,Adult,3,Male,Hispanic,Producer,3.0
United States,Offender,2024,54,Adult,3,,,Producer,1.0
United States,Offender,2024,54,Adult,3,Female,White,Consumer,2.0
United States,Offender,2024,54,Adult,3,Male,,Consumer,1.0
United States,Offender,2024,54,Adult,3,Male,White,Consumer,37.0
United States,Offender,2024,54,Adult,3,Male,White,Producer,1.0
United States,Offender,2024,54,Adult,3,Male,Black,Consumer,4.0
United States,Offender,2024,54,Adult,3,Male,Other,Consumer,1.0
United States,Offender,2024,54,Adult,3,Male,Hispanic,Consumer,5.0
United States,Offender,2024,55,Adult,3,,,Consumer,3.0
United States,Offender,2024,55,Adult,3,Female,White,Consumer,4.0
United States,Offender,2024,55,Adult,3,Female,White,Producer,1.0
United States,Offender,2024,55,Adult,3,Female,Black,Consumer,2.0
United States,Offender,2024,55,Adult,3,Male,,Consumer,3.0
United States,Offender,2024,55,Adult,3,Male,White,Consumer,47.0
United States,Offender,2024,55,Adult,3,Male,White,Producer,1.0
United States,Offender,2024,55,Adult,3,Male,Black,Consumer,6.0
United States,Offender,2024,55,Adult,3,Male,Hispanic,Consumer,5.0
United States,Offender,2024,55,Adult,3,Male,Hispanic,Producer,1.0
United States,Offender,2024,56,Adult,3,Female,White,Consumer,2.0
United States,Offender,2024,56,Adult,3,Female,White,Producer,1.0
United States,Offender,2024,56,Adult,3,Male,,Consumer,4.0
United States,Offender,2024,56,Adult,3,Male,White,Consumer,33.0
United States,Offender,2024,56,Adult,3,Male,White,Producer,2.0
United States,Offender,2024,56,Adult,3,Male,Black,Consumer,1.0
United States,Offender,2024,56,Adult,3,Male,Other,Consumer,2.0
United States,Offender,2024,56,Adult,3,Male,Hispanic,Consumer,4.0
United States,Offender,2024,57,Adult,3,,,Consumer,1.0
United States,Offender,2024,57,Adult,3,Female,White,Consumer,2.0
United States,Offender,2024,57,Adult,3,Male,,Consumer,4.0
United States,Offender,2024,57,Adult,3,Male,White,Consumer,53.0
United States,Offender,2024,57,Adult,3,Male,White,Producer,3.0
United States,Offender,2024,57,Adult,3,Male,Black,Consumer,4.0
United States,Offender,2024,57,Adult,3,Male,Hispanic,Consumer,2.0
United States,Offender,2024,58,Adult,3,,,Consumer,56.0
United States,Offender,2024,58,Adult,3,,,Producer,7.0
United States,Offender,2024,58,Adult,3,Female,,Consumer,1.0
United States,Offender,2024,58,Adult,3,Female,Black,Consumer,3.0
United States,Offender,2024,58,Adult,3,Female,Hispanic,Consumer,1.0
United States,Offender,2024,58,Adult,3,Male,,Consumer,8.0
United States,Offender,2024,58,Adult,3,Male,,Producer,1.0
United States,Offender,2024,58,Adult,3,Male,White,Consumer,45.0
United States,Offender,2024,58,Adult,3,Male,White,Producer,3.0
United States,Offender,2024,58,Adult,3,Male,Black,Consumer,3.0
United States,Offender,2024,58,Adult,3,Male,Other,Consumer,1.0
United States,Offender,2024,58,Adult,3,Male,Hispanic,Consumer,2.0
United States,Offender,2024,59,Adult,3,,,Producer,1.0
United States,Offender,2024,59,Adult,3,Female,White,Consumer,3.0
United States,Offender,2024,59,Adult,3,Female,White,Producer,1.0
United States,Offender,2024,59,Adult,3,Male,White,Consumer,37.0
United States,Offender,2024,59,Adult,3,Male,White,Producer,2.0
United States,Offender,2024,59,Adult,3,Male,Black,Consumer,1.0
United States,Offender,2024,59,Adult,3,Male,Hispanic,Consumer,1.0
United States,Offender,2024,60,Adult,3,,,Consumer,1.0
United States,Offender,2024,60,Adult,3,Female,Black,Consumer,3.0
United States,Offender,2024,60,Adult,3,Female,Hispanic,Consumer,1.0
United States,Offender,2024,60,Adult,3,Male,,Consumer,2.0
United States,Offender,2024,60,Adult,3,Male,White,Consumer,45.0
United States,Offender,2024,60,Adult,3,Male,White,Producer,1.0
United States,Offender,2024,60,Adult,3,Male,Black,Consumer,2.0
United States,Offender,2024,60,Adult,3,Male,Other,Consumer,1.0
United States,Offender,2024,60,Adult,3,Male,Hispanic,Consumer,4.0
United States,Offender,2024,61,Adult,3,Female,White,Consumer,3.0
United States,Offender,2024,61,Adult,3,Female,Black,Consumer,1.0
United States,Offender,2024,61,Adult,3,Male,,Consumer,2.0
United States,Offender,2024,61,Adult,3,Male,White,Consumer,33.0
United States,Offender,2024,61,Adult,3,Male,White,Producer,5.0
United States,Offender,2024,61,Adult,3,Male,Black,Consumer,1.0
United States,Offender,2024,61,Adult,3,Male,Other,Consumer,1.0
United States,Offender,2024,61,Adult,3,Male,Hispanic,Consumer,3.0
United States,Offender,2024,62,Adult,3,,White,Consumer,2.0
United States,Offender,2024,62,Adult,3,Female,White,Consumer,2.0
United States,Offender,2024,62,Adult,3,Male,,Consumer,3.0
United States,Offender,2024,62,Adult,3,Male,White,Consumer,32.0
United States,Offender,2024,62,Adult,3,Male,White,Producer,3.0
United States,Offender,2024,62,Adult,3,Male,Black,Consumer,5.0
United States,Offender,2024,62,Adult,3,Male,Other,Consumer,2.0
United States,Offender,2024,62,Adult,3,Male,Hispanic,Consumer,4.0
United States,Offender,2024,63,Adult,3,Female,White,Consumer,2.0
United States,Offender,2024,63,Adult,3,Male,,Consumer,2.0
United States,Offender,2024,63,Adult,3,Male,White,Consumer,33.0
United States,Offender,2024,63,Adult,3,Male,White,Producer,3.0
United States,Offender,2024,63,Adult,3,Male,Black,Consumer,3.0
United States,Offender,2024,63,Adult,3,Male,Hispanic,Consumer,2.0
United States,Offender,2024,64,Adult,3,Female,White,Consumer,2.0
United States,Offender,2024,64,Adult,3,Male,,Consumer,3.0
United States,Offender,2024,64,Adult,3,Male,White,Consumer,37.0
United States,Offender,2024,64,Adult,3,Male,White,Producer,2.0
United States,Offender,2024,64,Adult,3,Male,Black,Consumer,1.0
United States,Offender,2024,64,Adult,3,Male,Hispanic,Consumer,1.0
United States,Offender,2024,65,Adult,3,Female,White,Consumer,2.0
United States,Offender,2024,65,Adult,3,Female,White,Producer,1.0
United States,Offender,2024,65,Adult,3,Male,,Consumer,2.0
United States,Offender,2024,65,Adult,3,Male,White,Consumer,25.0
United States,Offender,2024,65,Adult,3,Male,White,Producer,3.0
United States,Offender,2024,65,Adult,3,Male,Black,Consumer,2.0
United States,Offender,2024,65,Adult,3,Male,Other,Consumer,1.0
United States,Offender,2024,65,Adult,3,Male,Hispanic,Consumer,2.0
United States,Offender,2024,66,Adult,3,Female,,Consumer,1.0
United States,Offender,2024,66,Adult,3,Female,White,Consumer,1.0
United States,Offender,2024,66,Adult,3,Female,White,Producer,1.0
United States,Offender,2024,66,Adult,3,Male,,Consumer,2.0
United States,Offender,2024,66,Adult,3,Male,White,Consumer,25.0
United States,Offender,2024,66,Adult,3,Male,Black,Consumer,1.0
United States,Offender,2024,66,Adult,3,Male,Hispanic,Consumer,1.0
United States,Offender,2024,67,Adult,3,Female,Black,Consumer,1.0
United States,Offender,2024,67,Adult,3,Male,,Consumer,2.0
United States,Offender,2024,67,Adult,3,Male,White,Consumer,14.0
United States,Offender,2024,67,Adult,3,Male,White,Producer,2.0
United States,Offender,2024,67,Adult,3,Male,Hispanic,Consumer,2.0
United States,Offender,2024,68,Adult,3,Female,Black,Consumer,1.0
United States,Offender,2024,68,Adult,3,Male,,Consumer,2.0
United States,Offender,2024,68,Adult,3,Male,White,Consumer,20.0
United States,Offender,2024,68,Adult,3,Male,White,Producer,7.0
United States,Offender,2024,68,Adult,3,Male,Black,Producer,1.0
United States,Offender,2024,68,Adult,3,Male,Other,Consumer,1.0
United States,Offender,2024,69,Adult,3,Male,,Consumer,1.0
United States,Offender,2024,69,Adult,3,Male,White,Consumer,13.0
United States,Offender,2024,69,Adult,3,Male,Other,Consumer,1.0
United States,Offender,2024,69,Adult,3,Male,Hispanic,Consumer,1.0
United States,Offender,2024,70,Adult,3,Male,White,Consumer,12.0
United States,Offender,2024,70,Adult,3,Male,White,Producer,3.0
United States,Offender,2024,70,Adult,3,Male,Other,Consumer,1.0
United States,Offender,2024,71,Adult,3,Male,,Consumer,1.0
United States,Offender,2024,71,Adult,3,Male,White,Consumer,11.0
United States,Offender,2024,71,Adult,3,Male,White,Producer,2.0
United States,Offender,2024,71,Adult,3,Male,Hispanic,Consumer,1.0
United States,Offender,2024,72,Adult,3,Male,White,Consumer,19.0
United States,Offender,2024,72,Adult,3,Male,White,Producer,2.0
United States,Offender,2024,72,Adult,3,Male,Black,Consumer,1.0
United States,Offender,2024,73,Adult,3,Male,White,Consumer,17.0
United States,Offender,2024,73,Adult,3,Male,White,Producer,2.0
United States,Offender,2024,74,Adult,3,Female,White,Consumer,1.0
United States,Offender,2024,74,Adult,3,Female,Other,Producer,4.0
United States,Offender,2024,74,Adult,3,Male,,Consumer,1.0
United States,Offender,2024,74,Adult,3,Male,White,Consumer,13.0
United States,Offender,2024,74,Adult,3,Male,Black,Consumer,1.0
United States,Offender,2024,75,Adult,3,Male,White,Consumer,9.0
United States,Offender,2024,76,Adult,3,Male,,Consumer,1.0
United States,Offender,2024,76,Adult,3,Male,White,Consumer,8.0
United States,Offender,2024,76,Adult,3,Male,Hispanic,Consumer,1.0
United States,Offender,2024,77,Adult,3,,,Consumer,2.0
United States,Offender,2024,77,Adult,3,Male,,Consumer,2.0
United States,Offender,2024,77,Adult,3,Male,White,Consumer,8.0
United States,Offender,2024,77,Adult,3,Male,Black,Consumer,1.0
United States,Offender,2024,78,Adult,3,Male,,Producer,1.0
United States,Offender,2024,78,Adult,3,Male,White,Consumer,7.0
United States,Offender,2024,78,Adult,3,Male,Hispanic,Consumer,1.0
United States,Offender,2024,79,Adult,3,,,Producer,1.0
United States,Offender,2024,79,Adult,3,Female,White,Producer,1.0
United States,Offender,2024,79,Adult,3,Male,White,Consumer,8.0
United States,Offender,2024,80,Adult,3,Male,White,Consumer,4.0
United States,Offender,2024,81,Adult,3,Male,White,Consumer,6.0
United States,Offender,2024,81,Adult,3,Male,White,Producer,1.0
United States,Offender,2024,82,Adult,3,Male,White,Consumer,3.0
United States,Offender,2024,82,Adult,3,Male,Other,Consumer,1.0
United States,Offender,2024,83,Adult,3,Male,White,Consumer,1.0
United States,Offender,2024,83,Adult,3,Male,White,Producer,1.0
United States,Offender,2024,84,Adult,3,Female,White,Consumer,1.0
United States,Offender,2024,84,Adult,3,Male,White,Producer,1.0
United States,Offender,2024,85,Adult,3,Male,White,Consumer,2.0
United States,Offender,2024,86,Adult,3,Male,White,Consumer,1.0
United States,Offender,2024,87,Adult,3,Male,White,Consumer,2.0
United States,Offender,2024,88,Adult,3,Female,White,Consumer,1.0
United States,Offender,2024,88,Adult,3,Male,,Consumer,1.0
United States,Offender,2024,89,Adult,3,Male,White,Consumer,1.0
United States,Offender,2024,93,Adult,3,Male,,Consumer,1.0
United States,Offender,2024,94,Adult,3,Male,White,Consumer,1.0
United States,Offender,2024,98,Adult,3,,,Consumer,2.0
United States,Offender,2024,99,Adult,3,,,Consumer,8.0
United States,Offender,2024,99,Adult,3,Male,,Consumer,1.0
United States,Offender,2024,99,Adult,3,Male,White,Consumer,6.0
