FREQ,Frequency,REF_AREA,Territory,DATA_TYPE,Indicator,TYPE_CRIME,Type of crime,SEX,Sex (DESC),AGE,Age (DESC),CITIZENSHIP,Citizenship (DESC),TIME_PERIOD,Observation,OBS_STATUS,Observation status,NOTE_REF_AREA,Territory (NOTE_REF_AREA),NOTE_DATA_TYPE,Indicator (NOTE_DATA_TYPE),NOTE_TYPE_CRIME,Type of crime (NOTE_TYPE_CRIME),NOTE_SEX,Sex (NOTE_SEX),NOTE_AGE,Age (NOTE_AGE),NOTE_CITIZENSHIP,Citizenship (NOTE_CITIZENSHIP),NOTE_TIME_PERIOD,Time (NOTE_TIME_PERIOD),BASE_PER,Base year,UNIT_MEAS,Measure unit,UNIT_MULT,Multiplication unit
A,Annual,IT,Italy,OFFEND,Number of alleged offenders reported by the police forces to the judicial authority,PORNO,Child pornography and possession of paedo-pornographic materials,1,Males,Y_UN13,Until 13 years,ITL,Italian,2007,0,,,,,TIPO_DATO35__OFFEND_N1,For each crime the number of offenders declined by demo social variables could not coincide because of missing values.,,,,,,,,,,,,,,,,
A,Annual,IT,Italy,OFFEND,Number of alleged offenders reported by the police forces to the judicial authority,PORNO,Child pornography and possession of paedo-pornographic materials,1,Males,Y_UN13,Until 13 years,ITL,Italian,2008,3,,,,,TIPO_DATO35__OFFEND_N1,For each crime the number of offenders declined by demo social variables could not coincide because of missing values.,,,,,,,,,,,,,,,,
A,Annual,IT,Italy,OFFEND,Number of alleged offenders reported by the police forces to the judicial authority,PORNO,Child pornography and possession of paedo-pornographic materials,1,Males,Y_UN13,Until 13 years,ITL,Italian,2009,2,,,,,TIPO_DATO35__OFFEND_N1,For each crime the number of offenders declined by demo social variables could not coincide because of missing values.,,,,,,,,,,,,,,,,
A,Annual,IT,Italy,OFFEND,Number of alleged offenders reported by the police forces to the judicial authority,PORNO,Child pornography and possession of paedo-pornographic materials,1,Males,Y_UN13,Until 13 years,ITL,Italian,2010,6,,,,,TIPO_DATO35__OFFEND_N1,For each crime the number of offenders declined by demo social variables could not coincide because of missing values.,,,,,,,,,,,,,,,,
A,Annual,IT,Italy,OFFEND,Number of alleged offenders reported by the police forces to the judicial authority,PORNO,Child pornography and possession of paedo-pornographic materials,1,Males,Y_UN13,Until 13 years,ITL,Italian,2011,1,,,,,TIPO_DATO35__OFFEND_N1,For each crime the number of offenders declined by demo social variables could not coincide because of missing values.,,,,,,,,,,,,,,,,
A,Annual,IT,Italy,OFFEND,Number of alleged offenders reported by the police forces to the judicial authority,PORNO,Child pornography and possession of paedo-pornographic materials,1,Males,Y_UN13,Until 13 years,ITL,Italian,2012,0,,,,,TIPO_DATO35__OFFEND_N1,For each crime the number of offenders declined by demo social variables could not coincide because of missing values.,,,,,,,,,,,,,,,,
A,Annual,IT,Italy,OFFEND,Number of alleged offenders reported by the police forces to the judicial authority,PORNO,Child pornography and possession of paedo-pornographic materials,1,Males,Y_UN13,Until 13 years,ITL,Italian,2013,7,,,,,TIPO_DATO35__OFFEND_N1,For each crime the number of offenders declined by demo social variables could not coincide because of missing values.,,,,,,,,,,,,,,,,
A,Annual,IT,Italy,OFFEND,Number of alleged offenders reported by the police forces to the judicial authority,PORNO,Child pornography and possession of paedo-pornographic materials,1,Males,Y_UN13,Until 13 years,ITL,Italian,2014,1,,,,,TIPO_DATO35__OFFEND_N1,For each crime the number of offenders declined by demo social variables could not coincide because of missing values.,,,,,,,,,,,,,,,,
A,Annual,IT,Italy,OFFEND,Number of alleged offenders reported by the police forces to the judicial authority,PORNO,Child pornography and possession of paedo-pornographic materials,1,Males,Y_UN13,Until 13 years,ITL,Italian,2015,8,,,,,TIPO_DATO35__OFFEND_N1,For each crime the number of offenders declined by demo social variables could not coincide because of missing values.,,,,,,,,,,,,,,,,
A,Annual,IT,Italy,OFFEND,Number of alleged offenders reported by the police forces to the judicial authority,PORNO,Child pornography and possession of paedo-pornographic materials,1,Males,Y_UN13,Until 13 years,ITL,Italian,2016,18,,,,,TIPO_DATO35__OFFEND_N1,For each crime the number of offenders declined by demo social variables could not coincide because of missing values.,,,,,,,,,,,,,,,,
A,Annual,IT,Italy,OFFEND,Number of alleged offenders reported by the police forces to the judicial authority,PORNO,Child pornography and possession of paedo-pornographic materials,1,Males,Y_UN13,Until 13 years,ITL,Italian,2017,5,,,,,TIPO_DATO35__OFFEND_N1,For each crime the number of offenders declined by demo social variables could not coincide because of missing values.,,,,,,,,,,,,,,,,
A,Annual,IT,Italy,OFFEND,Number of alleged offenders reported by the police forces to the judicial authority,PORNO,Child pornography and possession of paedo-pornographic materials,1,Males,Y_UN13,Until 13 years,ITL,Italian,2018,2,,,,,TIPO_DATO35__OFFEND_N1,For each crime the number of offenders declined by demo social variables could not coincide because of missing values.,,,,,,,,,,,,,,,,
A,Annual,IT,Italy,OFFEND,Number of alleged offenders reported by the police forces to the judicial authority,PORNO,Child pornography and possession of paedo-pornographic materials,1,Males,Y_UN13,Until 13 years,ITL,Italian,2019,15,,,,,TIPO_DATO35__OFFEND_N1,For each crime the number of offenders declined by demo social variables could not coincide because of missing values.,,,,,,,,,,,,,,,,
A,Annual,IT,Italy,OFFEND,Number of alleged offenders reported by the police forces to the judicial authority,PORNO,Child pornography and possession of paedo-pornographic materials,1,Males,Y_UN13,Until 13 years,ITL,Italian,2020,10,,,,,TIPO_DATO35__OFFEND_N1,For each crime the number of offenders declined by demo social variables could not coincide because of missing values.,,,,,,,,,,,,,,,,
A,Annual,IT,Italy,OFFEND,Number of alleged offenders reported by the police forces to the judicial authority,PORNO,Child pornography and possession of paedo-pornographic materials,1,Males,Y_UN13,Until 13 years,ITL,Italian,2021,13,,,,,TIPO_DATO35__OFFEND_N1,For each crime the number of offenders declined by demo social variables could not coincide because of missing values.,,,,,,,,,,,,,,,,
A,Annual,IT,Italy,OFFEND,Number of alleged offenders reported by the police forces to the judicial authority,PORNO,Child pornography and possession of paedo-pornographic materials,1,Males,Y_UN13,Until 13 years,ITL,Italian,2022,12,,,,,TIPO_DATO35__OFFEND_N1,For each crime the number of offenders declined by demo social variables could not coincide because of missing values.,,,,,,,,,,,,,,,,
A,Annual,IT,Italy,OFFEND,Number of alleged offenders reported by the police forces to the judicial authority,PORNO,Child pornography and possession of paedo-pornographic materials,1,Males,Y_UN13,Until 13 years,ITL,Italian,2023,11,,,,,TIPO_DATO35__OFFEND_N1,For each crime the number of offenders declined by demo social variables could not coincide because of missing values.,,,,,,,,,,,,,,,,
A,Annual,IT,Italy,OFFEND,Number of alleged offenders reported by the police forces to the judicial authority,PORNO,Child pornography and possession of paedo-pornographic materials,1,Males,Y_UN13,Until 13 years,FRG,Foreign,2007,0,,,,,TIPO_DATO35__OFFEND_N1,For each crime the number of offenders declined by demo social variables could not coincide because of missing values.,,,,,,,,,,,,,,,,
A,Annual,IT,Italy,OFFEND,Number of alleged offenders reported by the police forces to the judicial authority,PORNO,Child pornography and possession of paedo-pornographic materials,1,Males,Y_UN13,Until 13 years,FRG,Foreign,2008,1,,,,,TIPO_DATO35__OFFEND_N1,For each crime the number of offenders declined by demo social variables could not coincide because of missing values.,,,,,,,,,,,,,,,,
A,Annual,IT,Italy,OFFEND,Number of alleged offenders reported by the police forces to the judicial authority,PORNO,Child pornography and possession of paedo-pornographic materials,1,Males,Y_UN13,Until 13 years,FRG,Foreign,2009,0,,,,,TIPO_DATO35__OFFEND_N1,For each crime the number of offenders declined by demo social variables could not coincide because of missing values.,,,,,,,,,,,,,,,,
A,Annual,IT,Italy,OFFEND,Number of alleged offenders reported by the police forces to the judicial authority,PORNO,Child pornography and possession of paedo-pornographic materials,1,Males,Y_UN13,Until 13 years,FRG,Foreign,2010,0,,,,,TIPO_DATO35__OFFEND_N1,For each crime the number of offenders declined by demo social variables could not coincide because of missing values.,,,,,,,,,,,,,,,,
A,Annual,IT,Italy,OFFEND,Number of alleged offenders reported by the police forces to the judicial authority,PORNO,Child pornography and possession of paedo-pornographic materials,1,Males,Y_UN13,Until 13 years,FRG,Foreign,2011,2,,,,,TIPO_DATO35__OFFEND_N1,For each crime the number of offenders declined by demo social variables could not coincide because of missing values.,,,,,,,,,,,,,,,,
A,Annual,IT,Italy,OFFEND,Number of alleged offenders reported by the police forces to the judicial authority,PORNO,Child pornography and possession of paedo-pornographic materials,1,Males,Y_UN13,Until 13 years,FRG,Foreign,2012,0,,,,,TIPO_DATO35__OFFEND_N1,For each crime the number of offenders declined by demo social variables could not coincide because of missing values.,,,,,,,,,,,,,,,,
A,Annual,IT,Italy,OFFEND,Number of alleged offenders reported by the police forces to the judicial authority,PORNO,Child pornography and possession of paedo-pornographic materials,1,Males,Y_UN13,Until 13 years,FRG,Foreign,2013,0,,,,,TIPO_DATO35__OFFEND_N1,For each crime the number of offenders declined by demo social variables could not coincide because of missing values.,,,,,,,,,,,,,,,,
A,Annual,IT,Italy,OFFEND,Number of alleged offenders reported by the police forces to the judicial authority,PORNO,Child pornography and possession of paedo-pornographic materials,1,Males,Y_UN13,Until 13 years,FRG,Foreign,2014,0,,,,,TIPO_DATO35__OFFEND_N1,For each crime the number of offenders declined by demo social variables could not coincide because of missing values.,,,,,,,,,,,,,,,,
A,Annual,IT,Italy,OFFEND,Number of alleged offenders reported by the police forces to the judicial authority,PORNO,Child pornography and possession of paedo-pornographic materials,1,Males,Y_UN13,Until 13 years,FRG,Foreign,2015,3,,,,,TIPO_DATO35__OFFEND_N1,For each crime the number of offenders declined by demo social variables could not coincide because of missing values.,,,,,,,,,,,,,,,,
A,Annual,IT,Italy,OFFEND,Number of alleged offenders reported by the police forces to the judicial authority,PORNO,Child pornography and possession of paedo-pornographic materials,1,Males,Y_UN13,Until 13 years,FRG,Foreign,2016,0,,,,,TIPO_DATO35__OFFEND_N1,For each crime the number of offenders declined by demo social variables could not coincide because of missing values.,,,,,,,,,,,,,,,,
A,Annual,IT,Italy,OFFEND,Number of alleged offenders reported by the police forces to the judicial authority,PORNO,Child pornography and possession of paedo-pornographic materials,1,Males,Y_UN13,Until 13 years,FRG,Foreign,2017,1,,,,,TIPO_DATO35__OFFEND_N1,For each crime the number of offenders declined by demo social variables could not coincide because of missing values.,,,,,,,,,,,,,,,,
A,Annual,IT,Italy,OFFEND,Number of alleged offenders reported by the police forces to the judicial authority,PORNO,Child pornography and possession of paedo-pornographic materials,1,Males,Y_UN13,Until 13 years,FRG,Foreign,2018,6,,,,,TIPO_DATO35__OFFEND_N1,For each crime the number of offenders declined by demo social variables could not coincide because of missing values.,,,,,,,,,,,,,,,,
A,Annual,IT,Italy,OFFEND,Number of alleged offenders reported by the police forces to the judicial authority,PORNO,Child pornography and possession of paedo-pornographic materials,1,Males,Y_UN13,Until 13 years,FRG,Foreign,2019,8,,,,,TIPO_DATO35__OFFEND_N1,For each crime the number of offenders declined by demo social variables could not coincide because of missing values.,,,,,,,,,,,,,,,,
A,Annual,IT,Italy,OFFEND,Number of alleged offenders reported by the police forces to the judicial authority,PORNO,Child pornography and possession of paedo-pornographic materials,1,Males,Y_UN13,Until 13 years,FRG,Foreign,2020,21,,,,,TIPO_DATO35__OFFEND_N1,For each crime the number of offenders declined by demo social variables could not coincide because of missing values.,,,,,,,,,,,,,,,,
A,Annual,IT,Italy,OFFEND,Number of alleged offenders reported by the police forces to the judicial authority,PORNO,Child pornography and possession of paedo-pornographic materials,1,Males,Y_UN13,Until 13 years,FRG,Foreign,2021,4,,,,,TIPO_DATO35__OFFEND_N1,For each crime the number of offenders declined by demo social variables could not coincide because of missing values.,,,,,,,,,,,,,,,,
A,Annual,IT,Italy,OFFEND,Number of alleged offenders reported by the police forces to the judicial authority,PORNO,Child pornography and possession of paedo-pornographic materials,1,Males,Y_UN13,Until 13 years,FRG,Foreign,2022,27,,,,,TIPO_DATO35__OFFEND_N1,For each crime the number of offenders declined by demo social variables could not coincide because of missing values.,,,,,,,,,,,,,,,,
A,Annual,IT,Italy,OFFEND,Number of alleged offenders reported by the police forces to the judicial authority,PORNO,Child pornography and possession of paedo-pornographic materials,1,Males,Y_UN13,Until 13 years,FRG,Foreign,2023,1,,,,,TIPO_DATO35__OFFEND_N1,For each crime the number of offenders declined by demo social variables could not coincide because of missing values.,,,,,,,,,,,,,,,,
A,Annual,IT,Italy,OFFEND,Number of alleged offenders reported by the police forces to the judicial authority,PORNO,Child pornography and possession of paedo-pornographic materials,1,Males,Y_UN13,Until 13 years,TOTAL,Total,2007,0,,,,,TIPO_DATO35__OFFEND_N1,For each crime the number of offenders declined by demo social variables could not coincide because of missing values.,,,,,,,,,,,,,,,,
A,Annual,IT,Italy,OFFEND,Number of alleged offenders reported by the police forces to the judicial authority,PORNO,Child pornography and possession of paedo-pornographic materials,1,Males,Y_UN13,Until 13 years,TOTAL,Total,2008,4,,,,,TIPO_DATO35__OFFEND_N1,For each crime the number of offenders declined by demo social variables could not coincide because of missing values.,,,,,,,,,,,,,,,,
A,Annual,IT,Italy,OFFEND,Number of alleged offenders reported by the police forces to the judicial authority,PORNO,Child pornography and possession of paedo-pornographic materials,1,Males,Y_UN13,Until 13 years,TOTAL,Total,2009,2,,,,,TIPO_DATO35__OFFEND_N1,For each crime the number of offenders declined by demo social variables could not coincide because of missing values.,,,,,,,,,,,,,,,,
A,Annual,IT,Italy,OFFEND,Number of alleged offenders reported by the police forces to the judicial authority,PORNO,Child pornography and possession of paedo-pornographic materials,1,Males,Y_UN13,Until 13 years,TOTAL,Total,2010,6,,,,,TIPO_DATO35__OFFEND_N1,For each crime the number of offenders declined by demo social variables could not coincide because of missing values.,,,,,,,,,,,,,,,,
A,Annual,IT,Italy,OFFEND,Number of alleged offenders reported by the police forces to the judicial authority,PORNO,Child pornography and possession of paedo-pornographic materials,1,Males,Y_UN13,Until 13 years,TOTAL,Total,2011,3,,,,,TIPO_DATO35__OFFEND_N1,For each crime the number of offenders declined by demo social variables could not coincide because of missing values.,,,,,,,,,,,,,,,,
A,Annual,IT,Italy,OFFEND,Number of alleged offenders reported by the police forces to the judicial authority,PORNO,Child pornography and possession of paedo-pornographic materials,1,Males,Y_UN13,Until 13 years,TOTAL,Total,2012,0,,,,,TIPO_DATO35__OFFEND_N1,For each crime the number of offenders declined by demo social variables could not coincide because of missing values.,,,,,,,,,,,,,,,,
A,Annual,IT,Italy,OFFEND,Number of alleged offenders reported by the police forces to the judicial authority,PORNO,Child pornography and possession of paedo-pornographic materials,1,Males,Y_UN13,Until 13 years,TOTAL,Total,2013,7,,,,,TIPO_DATO35__OFFEND_N1,For each crime the number of offenders declined by demo social variables could not coincide because of missing values.,,,,,,,,,,,,,,,,
A,Annual,IT,Italy,OFFEND,Number of alleged offenders reported by the police forces to the judicial authority,PORNO,Child pornography and possession of paedo-pornographic materials,1,Males,Y_UN13,Until 13 years,TOTAL,Total,2014,1,,,,,TIPO_DATO35__OFFEND_N1,For each crime the number of offenders declined by demo social variables could not coincide because of missing values.,,,,,,,,,,,,,,,,
A,Annual,IT,Italy,OFFEND,Number of alleged offenders reported by the police forces to the judicial authority,PORNO,Child pornography and possession of paedo-pornographic materials,1,Males,Y_UN13,Until 13 years,TOTAL,Total,2015,11,,,,,TIPO_DATO35__OFFEND_N1,For each crime the number of offenders declined by demo social variables could not coincide because of missing values.,,,,,,,,,,,,,,,,
A,Annual,IT,Italy,OFFEND,Number of alleged offenders reported by the police forces to the judicial authority,PORNO,Child pornography and possession of paedo-pornographic materials,1,Males,Y_UN13,Until 13 years,TOTAL,Total,2016,18,,,,,TIPO_DATO35__OFFEND_N1,For each crime the number of offenders declined by demo social variables could not coincide because of missing values.,,,,,,,,,,,,,,,,
A,Annual,IT,Italy,OFFEND,Number of alleged offenders reported by the police forces to the judicial authority,PORNO,Child pornography and possession of paedo-pornographic materials,1,Males,Y_UN13,Until 13 years,TOTAL,Total,2017,6,,,,,TIPO_DATO35__OFFEND_N1,For each crime the number of offenders declined by demo social variables could not coincide because of missing values.,,,,,,,,,,,,,,,,
A,Annual,IT,Italy,OFFEND,Number of alleged offenders reported by the police forces to the judicial authority,PORNO,Child pornography and possession of paedo-pornographic materials,1,Males,Y_UN13,Until 13 years,TOTAL,Total,2018,8,,,,,TIPO_DATO35__OFFEND_N1,For each crime the number of offenders declined by demo social variables could not coincide because of missing values.,,,,,,,,,,,,,,,,
A,Annual,IT,Italy,OFFEND,Number of alleged offenders reported by the police forces to the judicial authority,PORNO,Child pornography and possession of paedo-pornographic materials,1,Males,Y_UN13,Until 13 years,TOTAL,Total,2019,23,,,,,TIPO_DATO35__OFFEND_N1,For each crime the number of offenders declined by demo social variables could not coincide because of missing values.,,,,,,,,,,,,,,,,
A,Annual,IT,Italy,OFFEND,Number of alleged offenders reported by the police forces to the judicial authority,PORNO,Child pornography and possession of paedo-pornographic materials,1,Males,Y_UN13,Until 13 years,TOTAL,Total,2020,31,,,,,TIPO_DATO35__OFFEND_N1,For each crime the number of offenders declined by demo social variables could not coincide because of missing values.,,,,,,,,,,,,,,,,
A,Annual,IT,Italy,OFFEND,Number of alleged offenders reported by the police forces to the judicial authority,PORNO,Child pornography and possession of paedo-pornographic materials,1,Males,Y_UN13,Until 13 years,TOTAL,Total,2021,17,,,,,TIPO_DATO35__OFFEND_N1,For each crime the number of offenders declined by demo social variables could not coincide because of missing values.,,,,,,,,,,,,,,,,
A,Annual,IT,Italy,OFFEND,Number of alleged offenders reported by the police forces to the judicial authority,PORNO,Child pornography and possession of paedo-pornographic materials,1,Males,Y_UN13,Until 13 years,TOTAL,Total,2022,39,,,,,TIPO_DATO35__OFFEND_N1,For each crime the number of offenders declined by demo social variables could not coincide because of missing values.,,,,,,,,,,,,,,,,
A,Annual,IT,Italy,OFFEND,Number of alleged offenders reported by the police forces to the judicial authority,PORNO,Child pornography and possession of paedo-pornographic materials,1,Males,Y_UN13,Until 13 years,TOTAL,Total,2023,12,,,,,TIPO_DATO35__OFFEND_N1,For each crime the number of offenders declined by demo social variables could not coincide because of missing values.,,,,,,,,,,,,,,,,
A,Annual,IT,Italy,OFFEND,Number of alleged offenders reported by the police forces to the judicial authority,PORNO,Child pornography and possession of paedo-pornographic materials,1,Males,Y14-17,14-17 years,ITL,Italian,2007,33,,,,,TIPO_DATO35__OFFEND_N1,For each crime the number of offenders declined by demo social variables could not coincide because of missing values.,,,,,,,,,,,,,,,,
A,Annual,IT,Italy,OFFEND,Number of alleged offenders reported by the police forces to the judicial authority,PORNO,Child pornography and possession of paedo-pornographic materials,1,Males,Y14-17,14-17 years,ITL,Italian,2008,36,,,,,TIPO_DATO35__OFFEND_N1,For each crime the number of offenders declined by demo social variables could not coincide because of missing values.,,,,,,,,,,,,,,,,
A,Annual,IT,Italy,OFFEND,Number of alleged offenders reported by the police forces to the judicial authority,PORNO,Child pornography and possession of paedo-pornographic materials,1,Males,Y14-17,14-17 years,ITL,Italian,2009,25,,,,,TIPO_DATO35__OFFEND_N1,For each crime the number of offenders declined by demo social variables could not coincide because of missing values.,,,,,,,,,,,,,,,,
A,Annual,IT,Italy,OFFEND,Number of alleged offenders reported by the police forces to the judicial authority,PORNO,Child pornography and possession of paedo-pornographic materials,1,Males,Y14-17,14-17 years,ITL,Italian,2010,26,,,,,TIPO_DATO35__OFFEND_N1,For each crime the number of offenders declined by demo social variables could not coincide because of missing values.,,,,,,,,,,,,,,,,
A,Annual,IT,Italy,OFFEND,Number of alleged offenders reported by the police forces to the judicial authority,PORNO,Child pornography and possession of paedo-pornographic materials,1,Males,Y14-17,14-17 years,ITL,Italian,2011,11,,,,,TIPO_DATO35__OFFEND_N1,For each crime the number of offenders declined by demo social variables could not coincide because of missing values.,,,,,,,,,,,,,,,,
A,Annual,IT,Italy,OFFEND,Number of alleged offenders reported by the police forces to the judicial authority,PORNO,Child pornography and possession of paedo-pornographic materials,1,Males,Y14-17,14-17 years,ITL,Italian,2012,14,,,,,TIPO_DATO35__OFFEND_N1,For each crime the number of offenders declined by demo social variables could not coincide because of missing values.,,,,,,,,,,,,,,,,
A,Annual,IT,Italy,OFFEND,Number of alleged offenders reported by the police forces to the judicial authority,PORNO,Child pornography and possession of paedo-pornographic materials,1,Males,Y14-17,14-17 years,ITL,Italian,2013,78,,,,,TIPO_DATO35__OFFEND_N1,For each crime the number of offenders declined by demo social variables could not coincide because of missing values.,,,,,,,,,,,,,,,,
A,Annual,IT,Italy,OFFEND,Number of alleged offenders reported by the police forces to the judicial authority,PORNO,Child pornography and possession of paedo-pornographic materials,1,Males,Y14-17,14-17 years,ITL,Italian,2014,109,,,,,TIPO_DATO35__OFFEND_N1,For each crime the number of offenders declined by demo social variables could not coincide because of missing values.,,,,,,,,,,,,,,,,
A,Annual,IT,Italy,OFFEND,Number of alleged offenders reported by the police forces to the judicial authority,PORNO,Child pornography and possession of paedo-pornographic materials,1,Males,Y14-17,14-17 years,ITL,Italian,2015,84,,,,,TIPO_DATO35__OFFEND_N1,For each crime the number of offenders declined by demo social variables could not coincide because of missing values.,,,,,,,,,,,,,,,,
A,Annual,IT,Italy,OFFEND,Number of alleged offenders reported by the police forces to the judicial authority,PORNO,Child pornography and possession of paedo-pornographic materials,1,Males,Y14-17,14-17 years,ITL,Italian,2016,70,,,,,TIPO_DATO35__OFFEND_N1,For each crime the number of offenders declined by demo social variables could not coincide because of missing values.,,,,,,,,,,,,,,,,
A,Annual,IT,Italy,OFFEND,Number of alleged offenders reported by the police forces to the judicial authority,PORNO,Child pornography and possession of paedo-pornographic materials,1,Males,Y14-17,14-17 years,ITL,Italian,2017,68,,,,,TIPO_DATO35__OFFEND_N1,For each crime the number of offenders declined by demo social variables could not coincide because of missing values.,,,,,,,,,,,,,,,,
A,Annual,IT,Italy,OFFEND,Number of alleged offenders reported by the police forces to the judicial authority,PORNO,Child pornography and possession of paedo-pornographic materials,1,Males,Y14-17,14-17 years,ITL,Italian,2018,69,,,,,TIPO_DATO35__OFFEND_N1,For each crime the number of offenders declined by demo social variables could not coincide because of missing values.,,,,,,,,,,,,,,,,
A,Annual,IT,Italy,OFFEND,Number of alleged offenders reported by the police forces to the judicial authority,PORNO,Child pornography and possession of paedo-pornographic materials,1,Males,Y14-17,14-17 years,ITL,Italian,2019,158,,,,,TIPO_DATO35__OFFEND_N1,For each crime the number of offenders declined by demo social variables could not coincide because of missing values.,,,,,,,,,,,,,,,,
A,Annual,IT,Italy,OFFEND,Number of alleged offenders reported by the police forces to the judicial authority,PORNO,Child pornography and possession of paedo-pornographic materials,1,Males,Y14-17,14-17 years,ITL,Italian,2020,157,,,,,TIPO_DATO35__OFFEND_N1,For each crime the number of offenders declined by demo social variables could not coincide because of missing values.,,,,,,,,,,,,,,,,
A,Annual,IT,Italy,OFFEND,Number of alleged offenders reported by the police forces to the judicial authority,PORNO,Child pornography and possession of paedo-pornographic materials,1,Males,Y14-17,14-17 years,ITL,Italian,2021,171,,,,,TIPO_DATO35__OFFEND_N1,For each crime the number of offenders declined by demo social variables could not coincide because of missing values.,,,,,,,,,,,,,,,,
A,Annual,IT,Italy,OFFEND,Number of alleged offenders reported by the police forces to the judicial authority,PORNO,Child pornography and possession of paedo-pornographic materials,1,Males,Y14-17,14-17 years,ITL,Italian,2022,182,,,,,TIPO_DATO35__OFFEND_N1,For each crime the number of offenders declined by demo social variables could not coincide because of missing values.,,,,,,,,,,,,,,,,
A,Annual,IT,Italy,OFFEND,Number of alleged offenders reported by the police forces to the judicial authority,PORNO,Child pornography and possession of paedo-pornographic materials,1,Males,Y14-17,14-17 years,ITL,Italian,2023,88,,,,,TIPO_DATO35__OFFEND_N1,For each crime the number of offenders declined by demo social variables could not coincide because of missing values.,,,,,,,,,,,,,,,,
A,Annual,IT,Italy,OFFEND,Number of alleged offenders reported by the police forces to the judicial authority,PORNO,Child pornography and possession of paedo-pornographic materials,1,Males,Y14-17,14-17 years,FRG,Foreign,2007,14,,,,,TIPO_DATO35__OFFEND_N1,For each crime the number of offenders declined by demo social variables could not coincide because of missing values.,,,,,,,,,,,,,,,,
A,Annual,IT,Italy,OFFEND,Number of alleged offenders reported by the police forces to the judicial authority,PORNO,Child pornography and possession of paedo-pornographic materials,1,Males,Y14-17,14-17 years,FRG,Foreign,2008,10,,,,,TIPO_DATO35__OFFEND_N1,For each crime the number of offenders declined by demo social variables could not coincide because of missing values.,,,,,,,,,,,,,,,,
A,Annual,IT,Italy,OFFEND,Number of alleged offenders reported by the police forces to the judicial authority,PORNO,Child pornography and possession of paedo-pornographic materials,1,Males,Y14-17,14-17 years,FRG,Foreign,2009,5,,,,,TIPO_DATO35__OFFEND_N1,For each crime the number of offenders declined by demo social variables could not coincide because of missing values.,,,,,,,,,,,,,,,,
A,Annual,IT,Italy,OFFEND,Number of alleged offenders reported by the police forces to the judicial authority,PORNO,Child pornography and possession of paedo-pornographic materials,1,Males,Y14-17,14-17 years,FRG,Foreign,2010,12,,,,,TIPO_DATO35__OFFEND_N1,For each crime the number of offenders declined by demo social variables could not coincide because of missing values.,,,,,,,,,,,,,,,,
A,Annual,IT,Italy,OFFEND,Number of alleged offenders reported by the police forces to the judicial authority,PORNO,Child pornography and possession of paedo-pornographic materials,1,Males,Y14-17,14-17 years,FRG,Foreign,2011,3,,,,,TIPO_DATO35__OFFEND_N1,For each crime the number of offenders declined by demo social variables could not coincide because of missing values.,,,,,,,,,,,,,,,,
A,Annual,IT,Italy,OFFEND,Number of alleged offenders reported by the police forces to the judicial authority,PORNO,Child pornography and possession of paedo-pornographic materials,1,Males,Y14-17,14-17 years,FRG,Foreign,2012,6,,,,,TIPO_DATO35__OFFEND_N1,For each crime the number of offenders declined by demo social variables could not coincide because of missing values.,,,,,,,,,,,,,,,,
A,Annual,IT,Italy,OFFEND,Number of alleged offenders reported by the police forces to the judicial authority,PORNO,Child pornography and possession of paedo-pornographic materials,1,Males,Y14-17,14-17 years,FRG,Foreign,2013,11,,,,,TIPO_DATO35__OFFEND_N1,For each crime the number of offenders declined by demo social variables could not coincide because of missing values.,,,,,,,,,,,,,,,,
A,Annual,IT,Italy,OFFEND,Number of alleged offenders reported by the police forces to the judicial authority,PORNO,Child pornography and possession of paedo-pornographic materials,1,Males,Y14-17,14-17 years,FRG,Foreign,2014,42,,,,,TIPO_DATO35__OFFEND_N1,For each crime the number of offenders declined by demo social variables could not coincide because of missing values.,,,,,,,,,,,,,,,,
A,Annual,IT,Italy,OFFEND,Number of alleged offenders reported by the police forces to the judicial authority,PORNO,Child pornography and possession of paedo-pornographic materials,1,Males,Y14-17,14-17 years,FRG,Foreign,2015,19,,,,,TIPO_DATO35__OFFEND_N1,For each crime the number of offenders declined by demo social variables could not coincide because of missing values.,,,,,,,,,,,,,,,,
A,Annual,IT,Italy,OFFEND,Number of alleged offenders reported by the police forces to the judicial authority,PORNO,Child pornography and possession of paedo-pornographic materials,1,Males,Y14-17,14-17 years,FRG,Foreign,2016,10,,,,,TIPO_DATO35__OFFEND_N1,For each crime the number of offenders declined by demo social variables could not coincide because of missing values.,,,,,,,,,,,,,,,,
A,Annual,IT,Italy,OFFEND,Number of alleged offenders reported by the police forces to the judicial authority,PORNO,Child pornography and possession of paedo-pornographic materials,1,Males,Y14-17,14-17 years,FRG,Foreign,2017,19,,,,,TIPO_DATO35__OFFEND_N1,For each crime the number of offenders declined by demo social variables could not coincide because of missing values.,,,,,,,,,,,,,,,,
A,Annual,IT,Italy,OFFEND,Number of alleged offenders reported by the police forces to the judicial authority,PORNO,Child pornography and possession of paedo-pornographic materials,1,Males,Y14-17,14-17 years,FRG,Foreign,2018,36,,,,,TIPO_DATO35__OFFEND_N1,For each crime the number of offenders declined by demo social variables could not coincide because of missing values.,,,,,,,,,,,,,,,,
A,Annual,IT,Italy,OFFEND,Number of alleged offenders reported by the police forces to the judicial authority,PORNO,Child pornography and possession of paedo-pornographic materials,1,Males,Y14-17,14-17 years,FRG,Foreign,2019,43,,,,,TIPO_DATO35__OFFEND_N1,For each crime the number of offenders declined by demo social variables could not coincide because of missing values.,,,,,,,,,,,,,,,,
A,Annual,IT,Italy,OFFEND,Number of alleged offenders reported by the police forces to the judicial authority,PORNO,Child pornography and possession of paedo-pornographic materials,1,Males,Y14-17,14-17 years,FRG,Foreign,2020,107,,,,,TIPO_DATO35__OFFEND_N1,For each crime the number of offenders declined by demo social variables could not coincide because of missing values.,,,,,,,,,,,,,,,,
A,Annual,IT,Italy,OFFEND,Number of alleged offenders reported by the police forces to the judicial authority,PORNO,Child pornography and possession of paedo-pornographic materials,1,Males,Y14-17,14-17 years,FRG,Foreign,2021,76,,,,,TIPO_DATO35__OFFEND_N1,For each crime the number of offenders declined by demo social variables could not coincide because of missing values.,,,,,,,,,,,,,,,,
A,Annual,IT,Italy,OFFEND,Number of alleged offenders reported by the police forces to the judicial authority,PORNO,Child pornography and possession of paedo-pornographic materials,1,Males,Y14-17,14-17 years,FRG,Foreign,2022,79,,,,,TIPO_DATO35__OFFEND_N1,For each crime the number of offenders declined by demo social variables could not coincide because of missing values.,,,,,,,,,,,,,,,,
A,Annual,IT,Italy,OFFEND,Number of alleged offenders reported by the police forces to the judicial authority,PORNO,Child pornography and possession of paedo-pornographic materials,1,Males,Y14-17,14-17 years,FRG,Foreign,2023,56,,,,,TIPO_DATO35__OFFEND_N1,For each crime the number of offenders declined by demo social variables could not coincide because of missing values.,,,,,,,,,,,,,,,,
A,Annual,IT,Italy,OFFEND,Number of alleged offenders reported by the police forces to the judicial authority,PORNO,Child pornography and possession of paedo-pornographic materials,1,Males,Y14-17,14-17 years,TOTAL,Total,2007,47,,,,,TIPO_DATO35__OFFEND_N1,For each crime the number of offenders declined by demo social variables could not coincide because of missing values.,,,,,,,,,,,,,,,,
A,Annual,IT,Italy,OFFEND,Number of alleged offenders reported by the police forces to the judicial authority,PORNO,Child pornography and possession of paedo-pornographic materials,1,Males,Y14-17,14-17 years,TOTAL,Total,2008,46,,,,,TIPO_DATO35__OFFEND_N1,For each crime the number of offenders declined by demo social variables could not coincide because of missing values.,,,,,,,,,,,,,,,,
A,Annual,IT,Italy,OFFEND,Number of alleged offenders reported by the police forces to the judicial authority,PORNO,Child pornography and possession of paedo-pornographic materials,1,Males,Y14-17,14-17 years,TOTAL,Total,2009,30,,,,,TIPO_DATO35__OFFEND_N1,For each crime the number of offenders declined by demo social variables could not coincide because of missing values.,,,,,,,,,,,,,,,,
A,Annual,IT,Italy,OFFEND,Number of alleged offenders reported by the police forces to the judicial authority,PORNO,Child pornography and possession of paedo-pornographic materials,1,Males,Y14-17,14-17 years,TOTAL,Total,2010,38,,,,,TIPO_DATO35__OFFEND_N1,For each crime the number of offenders declined by demo social variables could not coincide because of missing values.,,,,,,,,,,,,,,,,
A,Annual,IT,Italy,OFFEND,Number of alleged offenders reported by the police forces to the judicial authority,PORNO,Child pornography and possession of paedo-pornographic materials,1,Males,Y14-17,14-17 years,TOTAL,Total,2011,14,,,,,TIPO_DATO35__OFFEND_N1,For each crime the number of offenders declined by demo social variables could not coincide because of missing values.,,,,,,,,,,,,,,,,
A,Annual,IT,Italy,OFFEND,Number of alleged offenders reported by the police forces to the judicial authority,PORNO,Child pornography and possession of paedo-pornographic materials,1,Males,Y14-17,14-17 years,TOTAL,Total,2012,20,,,,,TIPO_DATO35__OFFEND_N1,For each crime the number of offenders declined by demo social variables could not coincide because of missing values.,,,,,,,,,,,,,,,,
A,Annual,IT,Italy,OFFEND,Number of alleged offenders reported by the police forces to the judicial authority,PORNO,Child pornography and possession of paedo-pornographic materials,1,Males,Y14-17,14-17 years,TOTAL,Total,2013,89,,,,,TIPO_DATO35__OFFEND_N1,For each crime the number of offenders declined by demo social variables could not coincide because of missing values.,,,,,,,,,,,,,,,,
A,Annual,IT,Italy,OFFEND,Number of alleged offenders reported by the police forces to the judicial authority,PORNO,Child pornography and possession of paedo-pornographic materials,1,Males,Y14-17,14-17 years,TOTAL,Total,2014,151,,,,,TIPO_DATO35__OFFEND_N1,For each crime the number of offenders declined by demo social variables could not coincide because of missing values.,,,,,,,,,,,,,,,,
A,Annual,IT,Italy,OFFEND,Number of alleged offenders reported by the police forces to the judicial authority,PORNO,Child pornography and possession of paedo-pornographic materials,1,Males,Y14-17,14-17 years,TOTAL,Total,2015,103,,,,,TIPO_DATO35__OFFEND_N1,For each crime the number of offenders declined by demo social variables could not coincide because of missing values.,,,,,,,,,,,,,,,,
A,Annual,IT,Italy,OFFEND,Number of alleged offenders reported by the police forces to the judicial authority,PORNO,Child pornography and possession of paedo-pornographic materials,1,Males,Y14-17,14-17 years,TOTAL,Total,2016,80,,,,,TIPO_DATO35__OFFEND_N1,For each crime the number of offenders declined by demo social variables could not coincide because of missing values.,,,,,,,,,,,,,,,,
A,Annual,IT,Italy,OFFEND,Number of alleged offenders reported by the police forces to the judicial authority,PORNO,Child pornography and possession of paedo-pornographic materials,1,Males,Y14-17,14-17 years,TOTAL,Total,2017,87,,,,,TIPO_DATO35__OFFEND_N1,For each crime the number of offenders declined by demo social variables could not coincide because of missing values.,,,,,,,,,,,,,,,,
A,Annual,IT,Italy,OFFEND,Number of alleged offenders reported by the police forces to the judicial authority,PORNO,Child pornography and possession of paedo-pornographic materials,1,Males,Y14-17,14-17 years,TOTAL,Total,2018,105,,,,,TIPO_DATO35__OFFEND_N1,For each crime the number of offenders declined by demo social variables could not coincide because of missing values.,,,,,,,,,,,,,,,,
A,Annual,IT,Italy,OFFEND,Number of alleged offenders reported by the police forces to the judicial authority,PORNO,Child pornography and possession of paedo-pornographic materials,1,Males,Y14-17,14-17 years,TOTAL,Total,2019,201,,,,,TIPO_DATO35__OFFEND_N1,For each crime the number of offenders declined by demo social variables could not coincide because of missing values.,,,,,,,,,,,,,,,,
A,Annual,IT,Italy,OFFEND,Number of alleged offenders reported by the police forces to the judicial authority,PORNO,Child pornography and possession of paedo-pornographic materials,1,Males,Y14-17,14-17 years,TOTAL,Total,2020,264,,,,,TIPO_DATO35__OFFEND_N1,For each crime the number of offenders declined by demo social variables could not coincide because of missing values.,,,,,,,,,,,,,,,,
A,Annual,IT,Italy,OFFEND,Number of alleged offenders reported by the police forces to the judicial authority,PORNO,Child pornography and possession of paedo-pornographic materials,1,Males,Y14-17,14-17 years,TOTAL,Total,2021,247,,,,,TIPO_DATO35__OFFEND_N1,For each crime the number of offenders declined by demo social variables could not coincide because of missing values.,,,,,,,,,,,,,,,,
A,Annual,IT,Italy,OFFEND,Number of alleged offenders reported by the police forces to the judicial authority,PORNO,Child pornography and possession of paedo-pornographic materials,1,Males,Y14-17,14-17 years,TOTAL,Total,2022,261,,,,,TIPO_DATO35__OFFEND_N1,For each crime the number of offenders declined by demo social variables could not coincide because of missing values.,,,,,,,,,,,,,,,,
A,Annual,IT,Italy,OFFEND,Number of alleged offenders reported by the police forces to the judicial authority,PORNO,Child pornography and possession of paedo-pornographic materials,1,Males,Y14-17,14-17 years,TOTAL,Total,2023,144,,,,,TIPO_DATO35__OFFEND_N1,For each crime the number of offenders declined by demo social variables could not coincide because of missing values.,,,,,,,,,,,,,,,,
A,Annual,IT,Italy,OFFEND,Number of alleged offenders reported by the police forces to the judicial authority,PORNO,Child pornography and possession of paedo-pornographic materials,1,Males,Y18-24,18-24 years,ITL,Italian,2007,52,,,,,TIPO_DATO35__OFFEND_N1,For each crime the number of offenders declined by demo social variables could not coincide because of missing values.,,,,,,,,,,,,,,,,
A,Annual,IT,Italy,OFFEND,Number of alleged offenders reported by the police forces to the judicial authority,PORNO,Child pornography and possession of paedo-pornographic materials,1,Males,Y18-24,18-24 years,ITL,Italian,2008,119,,,,,TIPO_DATO35__OFFEND_N1,For each crime the number of offenders declined by demo social variables could not coincide because of missing values.,,,,,,,,,,,,,,,,
A,Annual,IT,Italy,OFFEND,Number of alleged offenders reported by the police forces to the judicial authority,PORNO,Child pornography and possession of paedo-pornographic materials,1,Males,Y18-24,18-24 years,ITL,Italian,2009,149,,,,,TIPO_DATO35__OFFEND_N1,For each crime the number of offenders declined by demo social variables could not coincide because of missing values.,,,,,,,,,,,,,,,,
A,Annual,IT,Italy,OFFEND,Number of alleged offenders reported by the police forces to the judicial authority,PORNO,Child pornography and possession of paedo-pornographic materials,1,Males,Y18-24,18-24 years,ITL,Italian,2010,63,,,,,TIPO_DATO35__OFFEND_N1,For each crime the number of offenders declined by demo social variables could not coincide because of missing values.,,,,,,,,,,,,,,,,
A,Annual,IT,Italy,OFFEND,Number of alleged offenders reported by the police forces to the judicial authority,PORNO,Child pornography and possession of paedo-pornographic materials,1,Males,Y18-24,18-24 years,ITL,Italian,2011,61,,,,,TIPO_DATO35__OFFEND_N1,For each crime the number of offenders declined by demo social variables could not coincide because of missing values.,,,,,,,,,,,,,,,,
A,Annual,IT,Italy,OFFEND,Number of alleged offenders reported by the police forces to the judicial authority,PORNO,Child pornography and possession of paedo-pornographic materials,1,Males,Y18-24,18-24 years,ITL,Italian,2012,50,,,,,TIPO_DATO35__OFFEND_N1,For each crime the number of offenders declined by demo social variables could not coincide because of missing values.,,,,,,,,,,,,,,,,
A,Annual,IT,Italy,OFFEND,Number of alleged offenders reported by the police forces to the judicial authority,PORNO,Child pornography and possession of paedo-pornographic materials,1,Males,Y18-24,18-24 years,ITL,Italian,2013,70,,,,,TIPO_DATO35__OFFEND_N1,For each crime the number of offenders declined by demo social variables could not coincide because of missing values.,,,,,,,,,,,,,,,,
A,Annual,IT,Italy,OFFEND,Number of alleged offenders reported by the police forces to the judicial authority,PORNO,Child pornography and possession of paedo-pornographic materials,1,Males,Y18-24,18-24 years,ITL,Italian,2014,92,,,,,TIPO_DATO35__OFFEND_N1,For each crime the number of offenders declined by demo social variables could not coincide because of missing values.,,,,,,,,,,,,,,,,
A,Annual,IT,Italy,OFFEND,Number of alleged offenders reported by the police forces to the judicial authority,PORNO,Child pornography and possession of paedo-pornographic materials,1,Males,Y18-24,18-24 years,ITL,Italian,2015,89,,,,,TIPO_DATO35__OFFEND_N1,For each crime the number of offenders declined by demo social variables could not coincide because of missing values.,,,,,,,,,,,,,,,,
A,Annual,IT,Italy,OFFEND,Number of alleged offenders reported by the police forces to the judicial authority,PORNO,Child pornography and possession of paedo-pornographic materials,1,Males,Y18-24,18-24 years,ITL,Italian,2016,87,,,,,TIPO_DATO35__OFFEND_N1,For each crime the number of offenders declined by demo social variables could not coincide because of missing values.,,,,,,,,,,,,,,,,
A,Annual,IT,Italy,OFFEND,Number of alleged offenders reported by the police forces to the judicial authority,PORNO,Child pornography and possession of paedo-pornographic materials,1,Males,Y18-24,18-24 years,ITL,Italian,2017,109,,,,,TIPO_DATO35__OFFEND_N1,For each crime the number of offenders declined by demo social variables could not coincide because of missing values.,,,,,,,,,,,,,,,,
A,Annual,IT,Italy,OFFEND,Number of alleged offenders reported by the police forces to the judicial authority,PORNO,Child pornography and possession of paedo-pornographic materials,1,Males,Y18-24,18-24 years,ITL,Italian,2018,134,,,,,TIPO_DATO35__OFFEND_N1,For each crime the number of offenders declined by demo social variables could not coincide because of missing values.,,,,,,,,,,,,,,,,
A,Annual,IT,Italy,OFFEND,Number of alleged offenders reported by the police forces to the judicial authority,PORNO,Child pornography and possession of paedo-pornographic materials,1,Males,Y18-24,18-24 years,ITL,Italian,2019,117,,,,,TIPO_DATO35__OFFEND_N1,For each crime the number of offenders declined by demo social variables could not coincide because of missing values.,,,,,,,,,,,,,,,,
A,Annual,IT,Italy,OFFEND,Number of alleged offenders reported by the police forces to the judicial authority,PORNO,Child pornography and possession of paedo-pornographic materials,1,Males,Y18-24,18-24 years,ITL,Italian,2020,180,,,,,TIPO_DATO35__OFFEND_N1,For each crime the number of offenders declined by demo social variables could not coincide because of missing values.,,,,,,,,,,,,,,,,
A,Annual,IT,Italy,OFFEND,Number of alleged offenders reported by the police forces to the judicial authority,PORNO,Child pornography and possession of paedo-pornographic materials,1,Males,Y18-24,18-24 years,ITL,Italian,2021,224,,,,,TIPO_DATO35__OFFEND_N1,For each crime the number of offenders declined by demo social variables could not coincide because of missing values.,,,,,,,,,,,,,,,,
A,Annual,IT,Italy,OFFEND,Number of alleged offenders reported by the police forces to the judicial authority,PORNO,Child pornography and possession of paedo-pornographic materials,1,Males,Y18-24,18-24 years,ITL,Italian,2022,216,,,,,TIPO_DATO35__OFFEND_N1,For each crime the number of offenders declined by demo social variables could not coincide because of missing values.,,,,,,,,,,,,,,,,
A,Annual,IT,Italy,OFFEND,Number of alleged offenders reported by the police forces to the judicial authority,PORNO,Child pornography and possession of paedo-pornographic materials,1,Males,Y18-24,18-24 years,ITL,Italian,2023,158,,,,,TIPO_DATO35__OFFEND_N1,For each crime the number of offenders declined by demo social variables could not coincide because of missing values.,,,,,,,,,,,,,,,,
A,Annual,IT,Italy,OFFEND,Number of alleged offenders reported by the police forces to the judicial authority,PORNO,Child pornography and possession of paedo-pornographic materials,1,Males,Y18-24,18-24 years,FRG,Foreign,2007,10,,,,,TIPO_DATO35__OFFEND_N1,For each crime the number of offenders declined by demo social variables could not coincide because of missing values.,,,,,,,,,,,,,,,,
A,Annual,IT,Italy,OFFEND,Number of alleged offenders reported by the police forces to the judicial authority,PORNO,Child pornography and possession of paedo-pornographic materials,1,Males,Y18-24,18-24 years,FRG,Foreign,2008,27,,,,,TIPO_DATO35__OFFEND_N1,For each crime the number of offenders declined by demo social variables could not coincide because of missing values.,,,,,,,,,,,,,,,,
A,Annual,IT,Italy,OFFEND,Number of alleged offenders reported by the police forces to the judicial authority,PORNO,Child pornography and possession of paedo-pornographic materials,1,Males,Y18-24,18-24 years,FRG,Foreign,2009,11,,,,,TIPO_DATO35__OFFEND_N1,For each crime the number of offenders declined by demo social variables could not coincide because of missing values.,,,,,,,,,,,,,,,,
A,Annual,IT,Italy,OFFEND,Number of alleged offenders reported by the police forces to the judicial authority,PORNO,Child pornography and possession of paedo-pornographic materials,1,Males,Y18-24,18-24 years,FRG,Foreign,2010,15,,,,,TIPO_DATO35__OFFEND_N1,For each crime the number of offenders declined by demo social variables could not coincide because of missing values.,,,,,,,,,,,,,,,,
A,Annual,IT,Italy,OFFEND,Number of alleged offenders reported by the police forces to the judicial authority,PORNO,Child pornography and possession of paedo-pornographic materials,1,Males,Y18-24,18-24 years,FRG,Foreign,2011,9,,,,,TIPO_DATO35__OFFEND_N1,For each crime the number of offenders declined by demo social variables could not coincide because of missing values.,,,,,,,,,,,,,,,,
A,Annual,IT,Italy,OFFEND,Number of alleged offenders reported by the police forces to the judicial authority,PORNO,Child pornography and possession of paedo-pornographic materials,1,Males,Y18-24,18-24 years,FRG,Foreign,2012,4,,,,,TIPO_DATO35__OFFEND_N1,For each crime the number of offenders declined by demo social variables could not coincide because of missing values.,,,,,,,,,,,,,,,,
A,Annual,IT,Italy,OFFEND,Number of alleged offenders reported by the police forces to the judicial authority,PORNO,Child pornography and possession of paedo-pornographic materials,1,Males,Y18-24,18-24 years,FRG,Foreign,2013,7,,,,,TIPO_DATO35__OFFEND_N1,For each crime the number of offenders declined by demo social variables could not coincide because of missing values.,,,,,,,,,,,,,,,,
A,Annual,IT,Italy,OFFEND,Number of alleged offenders reported by the police forces to the judicial authority,PORNO,Child pornography and possession of paedo-pornographic materials,1,Males,Y18-24,18-24 years,FRG,Foreign,2014,21,,,,,TIPO_DATO35__OFFEND_N1,For each crime the number of offenders declined by demo social variables could not coincide because of missing values.,,,,,,,,,,,,,,,,
A,Annual,IT,Italy,OFFEND,Number of alleged offenders reported by the police forces to the judicial authority,PORNO,Child pornography and possession of paedo-pornographic materials,1,Males,Y18-24,18-24 years,FRG,Foreign,2015,29,,,,,TIPO_DATO35__OFFEND_N1,For each crime the number of offenders declined by demo social variables could not coincide because of missing values.,,,,,,,,,,,,,,,,
A,Annual,IT,Italy,OFFEND,Number of alleged offenders reported by the police forces to the judicial authority,PORNO,Child pornography and possession of paedo-pornographic materials,1,Males,Y18-24,18-24 years,FRG,Foreign,2016,6,,,,,TIPO_DATO35__OFFEND_N1,For each crime the number of offenders declined by demo social variables could not coincide because of missing values.,,,,,,,,,,,,,,,,
A,Annual,IT,Italy,OFFEND,Number of alleged offenders reported by the police forces to the judicial authority,PORNO,Child pornography and possession of paedo-pornographic materials,1,Males,Y18-24,18-24 years,FRG,Foreign,2017,21,,,,,TIPO_DATO35__OFFEND_N1,For each crime the number of offenders declined by demo social variables could not coincide because of missing values.,,,,,,,,,,,,,,,,
A,Annual,IT,Italy,OFFEND,Number of alleged offenders reported by the police forces to the judicial authority,PORNO,Child pornography and possession of paedo-pornographic materials,1,Males,Y18-24,18-24 years,FRG,Foreign,2018,37,,,,,TIPO_DATO35__OFFEND_N1,For each crime the number of offenders declined by demo social variables could not coincide because of missing values.,,,,,,,,,,,,,,,,
A,Annual,IT,Italy,OFFEND,Number of alleged offenders reported by the police forces to the judicial authority,PORNO,Child pornography and possession of paedo-pornographic materials,1,Males,Y18-24,18-24 years,FRG,Foreign,2019,33,,,,,TIPO_DATO35__OFFEND_N1,For each crime the number of offenders declined by demo social variables could not coincide because of missing values.,,,,,,,,,,,,,,,,
A,Annual,IT,Italy,OFFEND,Number of alleged offenders reported by the police forces to the judicial authority,PORNO,Child pornography and possession of paedo-pornographic materials,1,Males,Y18-24,18-24 years,FRG,Foreign,2020,60,,,,,TIPO_DATO35__OFFEND_N1,For each crime the number of offenders declined by demo social variables could not coincide because of missing values.,,,,,,,,,,,,,,,,
A,Annual,IT,Italy,OFFEND,Number of alleged offenders reported by the police forces to the judicial authority,PORNO,Child pornography and possession of paedo-pornographic materials,1,Males,Y18-24,18-24 years,FRG,Foreign,2021,106,,,,,TIPO_DATO35__OFFEND_N1,For each crime the number of offenders declined by demo social variables could not coincide because of missing values.,,,,,,,,,,,,,,,,
A,Annual,IT,Italy,OFFEND,Number of alleged offenders reported by the police forces to the judicial authority,PORNO,Child pornography and possession of paedo-pornographic materials,1,Males,Y18-24,18-24 years,FRG,Foreign,2022,71,,,,,TIPO_DATO35__OFFEND_N1,For each crime the number of offenders declined by demo social variables could not coincide because of missing values.,,,,,,,,,,,,,,,,
A,Annual,IT,Italy,OFFEND,Number of alleged offenders reported by the police forces to the judicial authority,PORNO,Child pornography and possession of paedo-pornographic materials,1,Males,Y18-24,18-24 years,FRG,Foreign,2023,55,,,,,TIPO_DATO35__OFFEND_N1,For each crime the number of offenders declined by demo social variables could not coincide because of missing values.,,,,,,,,,,,,,,,,
A,Annual,IT,Italy,OFFEND,Number of alleged offenders reported by the police forces to the judicial authority,PORNO,Child pornography and possession of paedo-pornographic materials,1,Males,Y18-24,18-24 years,TOTAL,Total,2007,61,,,,,TIPO_DATO35__OFFEND_N1,For each crime the number of offenders declined by demo social variables could not coincide because of missing values.,,,,,,,,,,,,,,,,
A,Annual,IT,Italy,OFFEND,Number of alleged offenders reported by the police forces to the judicial authority,PORNO,Child pornography and possession of paedo-pornographic materials,1,Males,Y18-24,18-24 years,TOTAL,Total,2008,146,,,,,TIPO_DATO35__OFFEND_N1,For each crime the number of offenders declined by demo social variables could not coincide because of missing values.,,,,,,,,,,,,,,,,
A,Annual,IT,Italy,OFFEND,Number of alleged offenders reported by the police forces to the judicial authority,PORNO,Child pornography and possession of paedo-pornographic materials,1,Males,Y18-24,18-24 years,TOTAL,Total,2009,160,,,,,TIPO_DATO35__OFFEND_N1,For each crime the number of offenders declined by demo social variables could not coincide because of missing values.,,,,,,,,,,,,,,,,
A,Annual,IT,Italy,OFFEND,Number of alleged offenders reported by the police forces to the judicial authority,PORNO,Child pornography and possession of paedo-pornographic materials,1,Males,Y18-24,18-24 years,TOTAL,Total,2010,78,,,,,TIPO_DATO35__OFFEND_N1,For each crime the number of offenders declined by demo social variables could not coincide because of missing values.,,,,,,,,,,,,,,,,
A,Annual,IT,Italy,OFFEND,Number of alleged offenders reported by the police forces to the judicial authority,PORNO,Child pornography and possession of paedo-pornographic materials,1,Males,Y18-24,18-24 years,TOTAL,Total,2011,70,,,,,TIPO_DATO35__OFFEND_N1,For each crime the number of offenders declined by demo social variables could not coincide because of missing values.,,,,,,,,,,,,,,,,
A,Annual,IT,Italy,OFFEND,Number of alleged offenders reported by the police forces to the judicial authority,PORNO,Child pornography and possession of paedo-pornographic materials,1,Males,Y18-24,18-24 years,TOTAL,Total,2012,54,,,,,TIPO_DATO35__OFFEND_N1,For each crime the number of offenders declined by demo social variables could not coincide because of missing values.,,,,,,,,,,,,,,,,
A,Annual,IT,Italy,OFFEND,Number of alleged offenders reported by the police forces to the judicial authority,PORNO,Child pornography and possession of paedo-pornographic materials,1,Males,Y18-24,18-24 years,TOTAL,Total,2013,77,,,,,TIPO_DATO35__OFFEND_N1,For each crime the number of offenders declined by demo social variables could not coincide because of missing values.,,,,,,,,,,,,,,,,
A,Annual,IT,Italy,OFFEND,Number of alleged offenders reported by the police forces to the judicial authority,PORNO,Child pornography and possession of paedo-pornographic materials,1,Males,Y18-24,18-24 years,TOTAL,Total,2014,113,,,,,TIPO_DATO35__OFFEND_N1,For each crime the number of offenders declined by demo social variables could not coincide because of missing values.,,,,,,,,,,,,,,,,
A,Annual,IT,Italy,OFFEND,Number of alleged offenders reported by the police forces to the judicial authority,PORNO,Child pornography and possession of paedo-pornographic materials,1,Males,Y18-24,18-24 years,TOTAL,Total,2015,118,,,,,TIPO_DATO35__OFFEND_N1,For each crime the number of offenders declined by demo social variables could not coincide because of missing values.,,,,,,,,,,,,,,,,
A,Annual,IT,Italy,OFFEND,Number of alleged offenders reported by the police forces to the judicial authority,PORNO,Child pornography and possession of paedo-pornographic materials,1,Males,Y18-24,18-24 years,TOTAL,Total,2016,93,,,,,TIPO_DATO35__OFFEND_N1,For each crime the number of offenders declined by demo social variables could not coincide because of missing values.,,,,,,,,,,,,,,,,
A,Annual,IT,Italy,OFFEND,Number of alleged offenders reported by the police forces to the judicial authority,PORNO,Child pornography and possession of paedo-pornographic materials,1,Males,Y18-24,18-24 years,TOTAL,Total,2017,130,,,,,TIPO_DATO35__OFFEND_N1,For each crime the number of offenders declined by demo social variables could not coincide because of missing values.,,,,,,,,,,,,,,,,
A,Annual,IT,Italy,OFFEND,Number of alleged offenders reported by the police forces to the judicial authority,PORNO,Child pornography and possession of paedo-pornographic materials,1,Males,Y18-24,18-24 years,TOTAL,Total,2018,171,,,,,TIPO_DATO35__OFFEND_N1,For each crime the number of offenders declined by demo social variables could not coincide because of missing values.,,,,,,,,,,,,,,,,
A,Annual,IT,Italy,OFFEND,Number of alleged offenders reported by the police forces to the judicial authority,PORNO,Child pornography and possession of paedo-pornographic materials,1,Males,Y18-24,18-24 years,TOTAL,Total,2019,150,,,,,TIPO_DATO35__OFFEND_N1,For each crime the number of offenders declined by demo social variables could not coincide because of missing values.,,,,,,,,,,,,,,,,
A,Annual,IT,Italy,OFFEND,Number of alleged offenders reported by the police forces to the judicial authority,PORNO,Child pornography and possession of paedo-pornographic materials,1,Males,Y18-24,18-24 years,TOTAL,Total,2020,240,,,,,TIPO_DATO35__OFFEND_N1,For each crime the number of offenders declined by demo social variables could not coincide because of missing values.,,,,,,,,,,,,,,,,
A,Annual,IT,Italy,OFFEND,Number of alleged offenders reported by the police forces to the judicial authority,PORNO,Child pornography and possession of paedo-pornographic materials,1,Males,Y18-24,18-24 years,TOTAL,Total,2021,330,,,,,TIPO_DATO35__OFFEND_N1,For each crime the number of offenders declined by demo social variables could not coincide because of missing values.,,,,,,,,,,,,,,,,
A,Annual,IT,Italy,OFFEND,Number of alleged offenders reported by the police forces to the judicial authority,PORNO,Child pornography and possession of paedo-pornographic materials,1,Males,Y18-24,18-24 years,TOTAL,Total,2022,287,,,,,TIPO_DATO35__OFFEND_N1,For each crime the number of offenders declined by demo social variables could not coincide because of missing values.,,,,,,,,,,,,,,,,
A,Annual,IT,Italy,OFFEND,Number of alleged offenders reported by the police forces to the judicial authority,PORNO,Child pornography and possession of paedo-pornographic materials,1,Males,Y18-24,18-24 years,TOTAL,Total,2023,213,,,,,TIPO_DATO35__OFFEND_N1,For each crime the number of offenders declined by demo social variables could not coincide because of missing values.,,,,,,,,,,,,,,,,
A,Annual,IT,Italy,OFFEND,Number of alleged offenders reported by the police forces to the judicial authority,PORNO,Child pornography and possession of paedo-pornographic materials,1,Males,Y25-34,25-34 years,ITL,Italian,2007,118,,,,,TIPO_DATO35__OFFEND_N1,For each crime the number of offenders declined by demo social variables could not coincide because of missing values.,,,,,,,,,,,,,,,,
A,Annual,IT,Italy,OFFEND,Number of alleged offenders reported by the police forces to the judicial authority,PORNO,Child pornography and possession of paedo-pornographic materials,1,Males,Y25-34,25-34 years,ITL,Italian,2008,262,,,,,TIPO_DATO35__OFFEND_N1,For each crime the number of offenders declined by demo social variables could not coincide because of missing values.,,,,,,,,,,,,,,,,
A,Annual,IT,Italy,OFFEND,Number of alleged offenders reported by the police forces to the judicial authority,PORNO,Child pornography and possession of paedo-pornographic materials,1,Males,Y25-34,25-34 years,ITL,Italian,2009,313,,,,,TIPO_DATO35__OFFEND_N1,For each crime the number of offenders declined by demo social variables could not coincide because of missing values.,,,,,,,,,,,,,,,,
A,Annual,IT,Italy,OFFEND,Number of alleged offenders reported by the police forces to the judicial authority,PORNO,Child pornography and possession of paedo-pornographic materials,1,Males,Y25-34,25-34 years,ITL,Italian,2010,172,,,,,TIPO_DATO35__OFFEND_N1,For each crime the number of offenders declined by demo social variables could not coincide because of missing values.,,,,,,,,,,,,,,,,
A,Annual,IT,Italy,OFFEND,Number of alleged offenders reported by the police forces to the judicial authority,PORNO,Child pornography and possession of paedo-pornographic materials,1,Males,Y25-34,25-34 years,ITL,Italian,2011,164,,,,,TIPO_DATO35__OFFEND_N1,For each crime the number of offenders declined by demo social variables could not coincide because of missing values.,,,,,,,,,,,,,,,,
A,Annual,IT,Italy,OFFEND,Number of alleged offenders reported by the police forces to the judicial authority,PORNO,Child pornography and possession of paedo-pornographic materials,1,Males,Y25-34,25-34 years,ITL,Italian,2012,131,,,,,TIPO_DATO35__OFFEND_N1,For each crime the number of offenders declined by demo social variables could not coincide because of missing values.,,,,,,,,,,,,,,,,
A,Annual,IT,Italy,OFFEND,Number of alleged offenders reported by the police forces to the judicial authority,PORNO,Child pornography and possession of paedo-pornographic materials,1,Males,Y25-34,25-34 years,ITL,Italian,2013,98,,,,,TIPO_DATO35__OFFEND_N1,For each crime the number of offenders declined by demo social variables could not coincide because of missing values.,,,,,,,,,,,,,,,,
A,Annual,IT,Italy,OFFEND,Number of alleged offenders reported by the police forces to the judicial authority,PORNO,Child pornography and possession of paedo-pornographic materials,1,Males,Y25-34,25-34 years,ITL,Italian,2014,71,,,,,TIPO_DATO35__OFFEND_N1,For each crime the number of offenders declined by demo social variables could not coincide because of missing values.,,,,,,,,,,,,,,,,
A,Annual,IT,Italy,OFFEND,Number of alleged offenders reported by the police forces to the judicial authority,PORNO,Child pornography and possession of paedo-pornographic materials,1,Males,Y25-34,25-34 years,ITL,Italian,2015,87,,,,,TIPO_DATO35__OFFEND_N1,For each crime the number of offenders declined by demo social variables could not coincide because of missing values.,,,,,,,,,,,,,,,,
A,Annual,IT,Italy,OFFEND,Number of alleged offenders reported by the police forces to the judicial authority,PORNO,Child pornography and possession of paedo-pornographic materials,1,Males,Y25-34,25-34 years,ITL,Italian,2016,74,,,,,TIPO_DATO35__OFFEND_N1,For each crime the number of offenders declined by demo social variables could not coincide because of missing values.,,,,,,,,,,,,,,,,
A,Annual,IT,Italy,OFFEND,Number of alleged offenders reported by the police forces to the judicial authority,PORNO,Child pornography and possession of paedo-pornographic materials,1,Males,Y25-34,25-34 years,ITL,Italian,2017,88,,,,,TIPO_DATO35__OFFEND_N1,For each crime the number of offenders declined by demo social variables could not coincide because of missing values.,,,,,,,,,,,,,,,,
A,Annual,IT,Italy,OFFEND,Number of alleged offenders reported by the police forces to the judicial authority,PORNO,Child pornography and possession of paedo-pornographic materials,1,Males,Y25-34,25-34 years,ITL,Italian,2018,84,,,,,TIPO_DATO35__OFFEND_N1,For each crime the number of offenders declined by demo social variables could not coincide because of missing values.,,,,,,,,,,,,,,,,
A,Annual,IT,Italy,OFFEND,Number of alleged offenders reported by the police forces to the judicial authority,PORNO,Child pornography and possession of paedo-pornographic materials,1,Males,Y25-34,25-34 years,ITL,Italian,2019,73,,,,,TIPO_DATO35__OFFEND_N1,For each crime the number of offenders declined by demo social variables could not coincide because of missing values.,,,,,,,,,,,,,,,,
A,Annual,IT,Italy,OFFEND,Number of alleged offenders reported by the police forces to the judicial authority,PORNO,Child pornography and possession of paedo-pornographic materials,1,Males,Y25-34,25-34 years,ITL,Italian,2020,176,,,,,TIPO_DATO35__OFFEND_N1,For each crime the number of offenders declined by demo social variables could not coincide because of missing values.,,,,,,,,,,,,,,,,
A,Annual,IT,Italy,OFFEND,Number of alleged offenders reported by the police forces to the judicial authority,PORNO,Child pornography and possession of paedo-pornographic materials,1,Males,Y25-34,25-34 years,ITL,Italian,2021,192,,,,,TIPO_DATO35__OFFEND_N1,For each crime the number of offenders declined by demo social variables could not coincide because of missing values.,,,,,,,,,,,,,,,,
A,Annual,IT,Italy,OFFEND,Number of alleged offenders reported by the police forces to the judicial authority,PORNO,Child pornography and possession of paedo-pornographic materials,1,Males,Y25-34,25-34 years,ITL,Italian,2022,151,,,,,TIPO_DATO35__OFFEND_N1,For each crime the number of offenders declined by demo social variables could not coincide because of missing values.,,,,,,,,,,,,,,,,
A,Annual,IT,Italy,OFFEND,Number of alleged offenders reported by the police forces to the judicial authority,PORNO,Child pornography and possession of paedo-pornographic materials,1,Males,Y25-34,25-34 years,ITL,Italian,2023,158,,,,,TIPO_DATO35__OFFEND_N1,For each crime the number of offenders declined by demo social variables could not coincide because of missing values.,,,,,,,,,,,,,,,,
A,Annual,IT,Italy,OFFEND,Number of alleged offenders reported by the police forces to the judicial authority,PORNO,Child pornography and possession of paedo-pornographic materials,1,Males,Y25-34,25-34 years,FRG,Foreign,2007,13,,,,,TIPO_DATO35__OFFEND_N1,For each crime the number of offenders declined by demo social variables could not coincide because of missing values.,,,,,,,,,,,,,,,,
A,Annual,IT,Italy,OFFEND,Number of alleged offenders reported by the police forces to the judicial authority,PORNO,Child pornography and possession of paedo-pornographic materials,1,Males,Y25-34,25-34 years,FRG,Foreign,2008,35,,,,,TIPO_DATO35__OFFEND_N1,For each crime the number of offenders declined by demo social variables could not coincide because of missing values.,,,,,,,,,,,,,,,,
A,Annual,IT,Italy,OFFEND,Number of alleged offenders reported by the police forces to the judicial authority,PORNO,Child pornography and possession of paedo-pornographic materials,1,Males,Y25-34,25-34 years,FRG,Foreign,2009,15,,,,,TIPO_DATO35__OFFEND_N1,For each crime the number of offenders declined by demo social variables could not coincide because of missing values.,,,,,,,,,,,,,,,,
A,Annual,IT,Italy,OFFEND,Number of alleged offenders reported by the police forces to the judicial authority,PORNO,Child pornography and possession of paedo-pornographic materials,1,Males,Y25-34,25-34 years,FRG,Foreign,2010,14,,,,,TIPO_DATO35__OFFEND_N1,For each crime the number of offenders declined by demo social variables could not coincide because of missing values.,,,,,,,,,,,,,,,,
A,Annual,IT,Italy,OFFEND,Number of alleged offenders reported by the police forces to the judicial authority,PORNO,Child pornography and possession of paedo-pornographic materials,1,Males,Y25-34,25-34 years,FRG,Foreign,2011,14,,,,,TIPO_DATO35__OFFEND_N1,For each crime the number of offenders declined by demo social variables could not coincide because of missing values.,,,,,,,,,,,,,,,,
A,Annual,IT,Italy,OFFEND,Number of alleged offenders reported by the police forces to the judicial authority,PORNO,Child pornography and possession of paedo-pornographic materials,1,Males,Y25-34,25-34 years,FRG,Foreign,2012,10,,,,,TIPO_DATO35__OFFEND_N1,For each crime the number of offenders declined by demo social variables could not coincide because of missing values.,,,,,,,,,,,,,,,,
A,Annual,IT,Italy,OFFEND,Number of alleged offenders reported by the police forces to the judicial authority,PORNO,Child pornography and possession of paedo-pornographic materials,1,Males,Y25-34,25-34 years,FRG,Foreign,2013,5,,,,,TIPO_DATO35__OFFEND_N1,For each crime the number of offenders declined by demo social variables could not coincide because of missing values.,,,,,,,,,,,,,,,,
A,Annual,IT,Italy,OFFEND,Number of alleged offenders reported by the police forces to the judicial authority,PORNO,Child pornography and possession of paedo-pornographic materials,1,Males,Y25-34,25-34 years,FRG,Foreign,2014,9,,,,,TIPO_DATO35__OFFEND_N1,For each crime the number of offenders declined by demo social variables could not coincide because of missing values.,,,,,,,,,,,,,,,,
A,Annual,IT,Italy,OFFEND,Number of alleged offenders reported by the police forces to the judicial authority,PORNO,Child pornography and possession of paedo-pornographic materials,1,Males,Y25-34,25-34 years,FRG,Foreign,2015,20,,,,,TIPO_DATO35__OFFEND_N1,For each crime the number of offenders declined by demo social variables could not coincide because of missing values.,,,,,,,,,,,,,,,,
A,Annual,IT,Italy,OFFEND,Number of alleged offenders reported by the police forces to the judicial authority,PORNO,Child pornography and possession of paedo-pornographic materials,1,Males,Y25-34,25-34 years,FRG,Foreign,2016,15,,,,,TIPO_DATO35__OFFEND_N1,For each crime the number of offenders declined by demo social variables could not coincide because of missing values.,,,,,,,,,,,,,,,,
A,Annual,IT,Italy,OFFEND,Number of alleged offenders reported by the police forces to the judicial authority,PORNO,Child pornography and possession of paedo-pornographic materials,1,Males,Y25-34,25-34 years,FRG,Foreign,2017,18,,,,,TIPO_DATO35__OFFEND_N1,For each crime the number of offenders declined by demo social variables could not coincide because of missing values.,,,,,,,,,,,,,,,,
A,Annual,IT,Italy,OFFEND,Number of alleged offenders reported by the police forces to the judicial authority,PORNO,Child pornography and possession of paedo-pornographic materials,1,Males,Y25-34,25-34 years,FRG,Foreign,2018,34,,,,,TIPO_DATO35__OFFEND_N1,For each crime the number of offenders declined by demo social variables could not coincide because of missing values.,,,,,,,,,,,,,,,,
A,Annual,IT,Italy,OFFEND,Number of alleged offenders reported by the police forces to the judicial authority,PORNO,Child pornography and possession of paedo-pornographic materials,1,Males,Y25-34,25-34 years,FRG,Foreign,2019,20,,,,,TIPO_DATO35__OFFEND_N1,For each crime the number of offenders declined by demo social variables could not coincide because of missing values.,,,,,,,,,,,,,,,,
A,Annual,IT,Italy,OFFEND,Number of alleged offenders reported by the police forces to the judicial authority,PORNO,Child pornography and possession of paedo-pornographic materials,1,Males,Y25-34,25-34 years,FRG,Foreign,2020,55,,,,,TIPO_DATO35__OFFEND_N1,For each crime the number of offenders declined by demo social variables could not coincide because of missing values.,,,,,,,,,,,,,,,,
A,Annual,IT,Italy,OFFEND,Number of alleged offenders reported by the police forces to the judicial authority,PORNO,Child pornography and possession of paedo-pornographic materials,1,Males,Y25-34,25-34 years,FRG,Foreign,2021,78,,,,,TIPO_DATO35__OFFEND_N1,For each crime the number of offenders declined by demo social variables could not coincide because of missing values.,,,,,,,,,,,,,,,,
A,Annual,IT,Italy,OFFEND,Number of alleged offenders reported by the police forces to the judicial authority,PORNO,Child pornography and possession of paedo-pornographic materials,1,Males,Y25-34,25-34 years,FRG,Foreign,2022,69,,,,,TIPO_DATO35__OFFEND_N1,For each crime the number of offenders declined by demo social variables could not coincide because of missing values.,,,,,,,,,,,,,,,,
A,Annual,IT,Italy,OFFEND,Number of alleged offenders reported by the police forces to the judicial authority,PORNO,Child pornography and possession of paedo-pornographic materials,1,Males,Y25-34,25-34 years,FRG,Foreign,2023,54,,,,,TIPO_DATO35__OFFEND_N1,For each crime the number of offenders declined by demo social variables could not coincide because of missing values.,,,,,,,,,,,,,,,,
A,Annual,IT,Italy,OFFEND,Number of alleged offenders reported by the police forces to the judicial authority,PORNO,Child pornography and possession of paedo-pornographic materials,1,Males,Y25-34,25-34 years,TOTAL,Total,2007,131,,,,,TIPO_DATO35__OFFEND_N1,For each crime the number of offenders declined by demo social variables could not coincide because of missing values.,,,,,,,,,,,,,,,,
A,Annual,IT,Italy,OFFEND,Number of alleged offenders reported by the police forces to the judicial authority,PORNO,Child pornography and possession of paedo-pornographic materials,1,Males,Y25-34,25-34 years,TOTAL,Total,2008,297,,,,,TIPO_DATO35__OFFEND_N1,For each crime the number of offenders declined by demo social variables could not coincide because of missing values.,,,,,,,,,,,,,,,,
A,Annual,IT,Italy,OFFEND,Number of alleged offenders reported by the police forces to the judicial authority,PORNO,Child pornography and possession of paedo-pornographic materials,1,Males,Y25-34,25-34 years,TOTAL,Total,2009,328,,,,,TIPO_DATO35__OFFEND_N1,For each crime the number of offenders declined by demo social variables could not coincide because of missing values.,,,,,,,,,,,,,,,,
A,Annual,IT,Italy,OFFEND,Number of alleged offenders reported by the police forces to the judicial authority,PORNO,Child pornography and possession of paedo-pornographic materials,1,Males,Y25-34,25-34 years,TOTAL,Total,2010,186,,,,,TIPO_DATO35__OFFEND_N1,For each crime the number of offenders declined by demo social variables could not coincide because of missing values.,,,,,,,,,,,,,,,,
A,Annual,IT,Italy,OFFEND,Number of alleged offenders reported by the police forces to the judicial authority,PORNO,Child pornography and possession of paedo-pornographic materials,1,Males,Y25-34,25-34 years,TOTAL,Total,2011,178,,,,,TIPO_DATO35__OFFEND_N1,For each crime the number of offenders declined by demo social variables could not coincide because of missing values.,,,,,,,,,,,,,,,,
A,Annual,IT,Italy,OFFEND,Number of alleged offenders reported by the police forces to the judicial authority,PORNO,Child pornography and possession of paedo-pornographic materials,1,Males,Y25-34,25-34 years,TOTAL,Total,2012,141,,,,,TIPO_DATO35__OFFEND_N1,For each crime the number of offenders declined by demo social variables could not coincide because of missing values.,,,,,,,,,,,,,,,,
A,Annual,IT,Italy,OFFEND,Number of alleged offenders reported by the police forces to the judicial authority,PORNO,Child pornography and possession of paedo-pornographic materials,1,Males,Y25-34,25-34 years,TOTAL,Total,2013,103,,,,,TIPO_DATO35__OFFEND_N1,For each crime the number of offenders declined by demo social variables could not coincide because of missing values.,,,,,,,,,,,,,,,,
A,Annual,IT,Italy,OFFEND,Number of alleged offenders reported by the police forces to the judicial authority,PORNO,Child pornography and possession of paedo-pornographic materials,1,Males,Y25-34,25-34 years,TOTAL,Total,2014,80,,,,,TIPO_DATO35__OFFEND_N1,For each crime the number of offenders declined by demo social variables could not coincide because of missing values.,,,,,,,,,,,,,,,,
A,Annual,IT,Italy,OFFEND,Number of alleged offenders reported by the police forces to the judicial authority,PORNO,Child pornography and possession of paedo-pornographic materials,1,Males,Y25-34,25-34 years,TOTAL,Total,2015,107,,,,,TIPO_DATO35__OFFEND_N1,For each crime the number of offenders declined by demo social variables could not coincide because of missing values.,,,,,,,,,,,,,,,,
A,Annual,IT,Italy,OFFEND,Number of alleged offenders reported by the police forces to the judicial authority,PORNO,Child pornography and possession of paedo-pornographic materials,1,Males,Y25-34,25-34 years,TOTAL,Total,2016,89,,,,,TIPO_DATO35__OFFEND_N1,For each crime the number of offenders declined by demo social variables could not coincide because of missing values.,,,,,,,,,,,,,,,,
A,Annual,IT,Italy,OFFEND,Number of alleged offenders reported by the police forces to the judicial authority,PORNO,Child pornography and possession of paedo-pornographic materials,1,Males,Y25-34,25-34 years,TOTAL,Total,2017,106,,,,,TIPO_DATO35__OFFEND_N1,For each crime the number of offenders declined by demo social variables could not coincide because of missing values.,,,,,,,,,,,,,,,,
A,Annual,IT,Italy,OFFEND,Number of alleged offenders reported by the police forces to the judicial authority,PORNO,Child pornography and possession of paedo-pornographic materials,1,Males,Y25-34,25-34 years,TOTAL,Total,2018,118,,,,,TIPO_DATO35__OFFEND_N1,For each crime the number of offenders declined by demo social variables could not coincide because of missing values.,,,,,,,,,,,,,,,,
A,Annual,IT,Italy,OFFEND,Number of alleged offenders reported by the police forces to the judicial authority,PORNO,Child pornography and possession of paedo-pornographic materials,1,Males,Y25-34,25-34 years,TOTAL,Total,2019,93,,,,,TIPO_DATO35__OFFEND_N1,For each crime the number of offenders declined by demo social variables could not coincide because of missing values.,,,,,,,,,,,,,,,,
A,Annual,IT,Italy,OFFEND,Number of alleged offenders reported by the police forces to the judicial authority,PORNO,Child pornography and possession of paedo-pornographic materials,1,Males,Y25-34,25-34 years,TOTAL,Total,2020,231,,,,,TIPO_DATO35__OFFEND_N1,For each crime the number of offenders declined by demo social variables could not coincide because of missing values.,,,,,,,,,,,,,,,,
A,Annual,IT,Italy,OFFEND,Number of alleged offenders reported by the police forces to the judicial authority,PORNO,Child pornography and possession of paedo-pornographic materials,1,Males,Y25-34,25-34 years,TOTAL,Total,2021,270,,,,,TIPO_DATO35__OFFEND_N1,For each crime the number of offenders declined by demo social variables could not coincide because of missing values.,,,,,,,,,,,,,,,,
A,Annual,IT,Italy,OFFEND,Number of alleged offenders reported by the police forces to the judicial authority,PORNO,Child pornography and possession of paedo-pornographic materials,1,Males,Y25-34,25-34 years,TOTAL,Total,2022,220,,,,,TIPO_DATO35__OFFEND_N1,For each crime the number of offenders declined by demo social variables could not coincide because of missing values.,,,,,,,,,,,,,,,,
A,Annual,IT,Italy,OFFEND,Number of alleged offenders reported by the police forces to the judicial authority,PORNO,Child pornography and possession of paedo-pornographic materials,1,Males,Y25-34,25-34 years,TOTAL,Total,2023,212,,,,,TIPO_DATO35__OFFEND_N1,For each crime the number of offenders declined by demo social variables could not coincide because of missing values.,,,,,,,,,,,,,,,,
A,Annual,IT,Italy,OFFEND,Number of alleged offenders reported by the police forces to the judicial authority,PORNO,Child pornography and possession of paedo-pornographic materials,1,Males,Y35-44,35-44 years,ITL,Italian,2007,131,,,,,TIPO_DATO35__OFFEND_N1,For each crime the number of offenders declined by demo social variables could not coincide because of missing values.,,,,,,,,,,,,,,,,
A,Annual,IT,Italy,OFFEND,Number of alleged offenders reported by the police forces to the judicial authority,PORNO,Child pornography and possession of paedo-pornographic materials,1,Males,Y35-44,35-44 years,ITL,Italian,2008,255,,,,,TIPO_DATO35__OFFEND_N1,For each crime the number of offenders declined by demo social variables could not coincide because of missing values.,,,,,,,,,,,,,,,,
A,Annual,IT,Italy,OFFEND,Number of alleged offenders reported by the police forces to the judicial authority,PORNO,Child pornography and possession of paedo-pornographic materials,1,Males,Y35-44,35-44 years,ITL,Italian,2009,368,,,,,TIPO_DATO35__OFFEND_N1,For each crime the number of offenders declined by demo social variables could not coincide because of missing values.,,,,,,,,,,,,,,,,
A,Annual,IT,Italy,OFFEND,Number of alleged offenders reported by the police forces to the judicial authority,PORNO,Child pornography and possession of paedo-pornographic materials,1,Males,Y35-44,35-44 years,ITL,Italian,2010,239,,,,,TIPO_DATO35__OFFEND_N1,For each crime the number of offenders declined by demo social variables could not coincide because of missing values.,,,,,,,,,,,,,,,,
A,Annual,IT,Italy,OFFEND,Number of alleged offenders reported by the police forces to the judicial authority,PORNO,Child pornography and possession of paedo-pornographic materials,1,Males,Y35-44,35-44 years,ITL,Italian,2011,203,,,,,TIPO_DATO35__OFFEND_N1,For each crime the number of offenders declined by demo social variables could not coincide because of missing values.,,,,,,,,,,,,,,,,
A,Annual,IT,Italy,OFFEND,Number of alleged offenders reported by the police forces to the judicial authority,PORNO,Child pornography and possession of paedo-pornographic materials,1,Males,Y35-44,35-44 years,ITL,Italian,2012,179,,,,,TIPO_DATO35__OFFEND_N1,For each crime the number of offenders declined by demo social variables could not coincide because of missing values.,,,,,,,,,,,,,,,,
A,Annual,IT,Italy,OFFEND,Number of alleged offenders reported by the police forces to the judicial authority,PORNO,Child pornography and possession of paedo-pornographic materials,1,Males,Y35-44,35-44 years,ITL,Italian,2013,138,,,,,TIPO_DATO35__OFFEND_N1,For each crime the number of offenders declined by demo social variables could not coincide because of missing values.,,,,,,,,,,,,,,,,
A,Annual,IT,Italy,OFFEND,Number of alleged offenders reported by the police forces to the judicial authority,PORNO,Child pornography and possession of paedo-pornographic materials,1,Males,Y35-44,35-44 years,ITL,Italian,2014,114,,,,,TIPO_DATO35__OFFEND_N1,For each crime the number of offenders declined by demo social variables could not coincide because of missing values.,,,,,,,,,,,,,,,,
A,Annual,IT,Italy,OFFEND,Number of alleged offenders reported by the police forces to the judicial authority,PORNO,Child pornography and possession of paedo-pornographic materials,1,Males,Y35-44,35-44 years,ITL,Italian,2015,162,,,,,TIPO_DATO35__OFFEND_N1,For each crime the number of offenders declined by demo social variables could not coincide because of missing values.,,,,,,,,,,,,,,,,
A,Annual,IT,Italy,OFFEND,Number of alleged offenders reported by the police forces to the judicial authority,PORNO,Child pornography and possession of paedo-pornographic materials,1,Males,Y35-44,35-44 years,ITL,Italian,2016,131,,,,,TIPO_DATO35__OFFEND_N1,For each crime the number of offenders declined by demo social variables could not coincide because of missing values.,,,,,,,,,,,,,,,,
A,Annual,IT,Italy,OFFEND,Number of alleged offenders reported by the police forces to the judicial authority,PORNO,Child pornography and possession of paedo-pornographic materials,1,Males,Y35-44,35-44 years,ITL,Italian,2017,101,,,,,TIPO_DATO35__OFFEND_N1,For each crime the number of offenders declined by demo social variables could not coincide because of missing values.,,,,,,,,,,,,,,,,
A,Annual,IT,Italy,OFFEND,Number of alleged offenders reported by the police forces to the judicial authority,PORNO,Child pornography and possession of paedo-pornographic materials,1,Males,Y35-44,35-44 years,ITL,Italian,2018,122,,,,,TIPO_DATO35__OFFEND_N1,For each crime the number of offenders declined by demo social variables could not coincide because of missing values.,,,,,,,,,,,,,,,,
A,Annual,IT,Italy,OFFEND,Number of alleged offenders reported by the police forces to the judicial authority,PORNO,Child pornography and possession of paedo-pornographic materials,1,Males,Y35-44,35-44 years,ITL,Italian,2019,96,,,,,TIPO_DATO35__OFFEND_N1,For each crime the number of offenders declined by demo social variables could not coincide because of missing values.,,,,,,,,,,,,,,,,
A,Annual,IT,Italy,OFFEND,Number of alleged offenders reported by the police forces to the judicial authority,PORNO,Child pornography and possession of paedo-pornographic materials,1,Males,Y35-44,35-44 years,ITL,Italian,2020,162,,,,,TIPO_DATO35__OFFEND_N1,For each crime the number of offenders declined by demo social variables could not coincide because of missing values.,,,,,,,,,,,,,,,,
A,Annual,IT,Italy,OFFEND,Number of alleged offenders reported by the police forces to the judicial authority,PORNO,Child pornography and possession of paedo-pornographic materials,1,Males,Y35-44,35-44 years,ITL,Italian,2021,198,,,,,TIPO_DATO35__OFFEND_N1,For each crime the number of offenders declined by demo social variables could not coincide because of missing values.,,,,,,,,,,,,,,,,
A,Annual,IT,Italy,OFFEND,Number of alleged offenders reported by the police forces to the judicial authority,PORNO,Child pornography and possession of paedo-pornographic materials,1,Males,Y35-44,35-44 years,ITL,Italian,2022,134,,,,,TIPO_DATO35__OFFEND_N1,For each crime the number of offenders declined by demo social variables could not coincide because of missing values.,,,,,,,,,,,,,,,,
A,Annual,IT,Italy,OFFEND,Number of alleged offenders reported by the police forces to the judicial authority,PORNO,Child pornography and possession of paedo-pornographic materials,1,Males,Y35-44,35-44 years,ITL,Italian,2023,140,,,,,TIPO_DATO35__OFFEND_N1,For each crime the number of offenders declined by demo social variables could not coincide because of missing values.,,,,,,,,,,,,,,,,
A,Annual,IT,Italy,OFFEND,Number of alleged offenders reported by the police forces to the judicial authority,PORNO,Child pornography and possession of paedo-pornographic materials,1,Males,Y35-44,35-44 years,FRG,Foreign,2007,6,,,,,TIPO_DATO35__OFFEND_N1,For each crime the number of offenders declined by demo social variables could not coincide because of missing values.,,,,,,,,,,,,,,,,
A,Annual,IT,Italy,OFFEND,Number of alleged offenders reported by the police forces to the judicial authority,PORNO,Child pornography and possession of paedo-pornographic materials,1,Males,Y35-44,35-44 years,FRG,Foreign,2008,38,,,,,TIPO_DATO35__OFFEND_N1,For each crime the number of offenders declined by demo social variables could not coincide because of missing values.,,,,,,,,,,,,,,,,
A,Annual,IT,Italy,OFFEND,Number of alleged offenders reported by the police forces to the judicial authority,PORNO,Child pornography and possession of paedo-pornographic materials,1,Males,Y35-44,35-44 years,FRG,Foreign,2009,10,,,,,TIPO_DATO35__OFFEND_N1,For each crime the number of offenders declined by demo social variables could not coincide because of missing values.,,,,,,,,,,,,,,,,
A,Annual,IT,Italy,OFFEND,Number of alleged offenders reported by the police forces to the judicial authority,PORNO,Child pornography and possession of paedo-pornographic materials,1,Males,Y35-44,35-44 years,FRG,Foreign,2010,9,,,,,TIPO_DATO35__OFFEND_N1,For each crime the number of offenders declined by demo social variables could not coincide because of missing values.,,,,,,,,,,,,,,,,
A,Annual,IT,Italy,OFFEND,Number of alleged offenders reported by the police forces to the judicial authority,PORNO,Child pornography and possession of paedo-pornographic materials,1,Males,Y35-44,35-44 years,FRG,Foreign,2011,14,,,,,TIPO_DATO35__OFFEND_N1,For each crime the number of offenders declined by demo social variables could not coincide because of missing values.,,,,,,,,,,,,,,,,
A,Annual,IT,Italy,OFFEND,Number of alleged offenders reported by the police forces to the judicial authority,PORNO,Child pornography and possession of paedo-pornographic materials,1,Males,Y35-44,35-44 years,FRG,Foreign,2012,15,,,,,TIPO_DATO35__OFFEND_N1,For each crime the number of offenders declined by demo social variables could not coincide because of missing values.,,,,,,,,,,,,,,,,
A,Annual,IT,Italy,OFFEND,Number of alleged offenders reported by the police forces to the judicial authority,PORNO,Child pornography and possession of paedo-pornographic materials,1,Males,Y35-44,35-44 years,FRG,Foreign,2013,5,,,,,TIPO_DATO35__OFFEND_N1,For each crime the number of offenders declined by demo social variables could not coincide because of missing values.,,,,,,,,,,,,,,,,
A,Annual,IT,Italy,OFFEND,Number of alleged offenders reported by the police forces to the judicial authority,PORNO,Child pornography and possession of paedo-pornographic materials,1,Males,Y35-44,35-44 years,FRG,Foreign,2014,10,,,,,TIPO_DATO35__OFFEND_N1,For each crime the number of offenders declined by demo social variables could not coincide because of missing values.,,,,,,,,,,,,,,,,
A,Annual,IT,Italy,OFFEND,Number of alleged offenders reported by the police forces to the judicial authority,PORNO,Child pornography and possession of paedo-pornographic materials,1,Males,Y35-44,35-44 years,FRG,Foreign,2015,11,,,,,TIPO_DATO35__OFFEND_N1,For each crime the number of offenders declined by demo social variables could not coincide because of missing values.,,,,,,,,,,,,,,,,
A,Annual,IT,Italy,OFFEND,Number of alleged offenders reported by the police forces to the judicial authority,PORNO,Child pornography and possession of paedo-pornographic materials,1,Males,Y35-44,35-44 years,FRG,Foreign,2016,12,,,,,TIPO_DATO35__OFFEND_N1,For each crime the number of offenders declined by demo social variables could not coincide because of missing values.,,,,,,,,,,,,,,,,
A,Annual,IT,Italy,OFFEND,Number of alleged offenders reported by the police forces to the judicial authority,PORNO,Child pornography and possession of paedo-pornographic materials,1,Males,Y35-44,35-44 years,FRG,Foreign,2017,18,,,,,TIPO_DATO35__OFFEND_N1,For each crime the number of offenders declined by demo social variables could not coincide because of missing values.,,,,,,,,,,,,,,,,
A,Annual,IT,Italy,OFFEND,Number of alleged offenders reported by the police forces to the judicial authority,PORNO,Child pornography and possession of paedo-pornographic materials,1,Males,Y35-44,35-44 years,FRG,Foreign,2018,19,,,,,TIPO_DATO35__OFFEND_N1,For each crime the number of offenders declined by demo social variables could not coincide because of missing values.,,,,,,,,,,,,,,,,
A,Annual,IT,Italy,OFFEND,Number of alleged offenders reported by the police forces to the judicial authority,PORNO,Child pornography and possession of paedo-pornographic materials,1,Males,Y35-44,35-44 years,FRG,Foreign,2019,17,,,,,TIPO_DATO35__OFFEND_N1,For each crime the number of offenders declined by demo social variables could not coincide because of missing values.,,,,,,,,,,,,,,,,
A,Annual,IT,Italy,OFFEND,Number of alleged offenders reported by the police forces to the judicial authority,PORNO,Child pornography and possession of paedo-pornographic materials,1,Males,Y35-44,35-44 years,FRG,Foreign,2020,43,,,,,TIPO_DATO35__OFFEND_N1,For each crime the number of offenders declined by demo social variables could not coincide because of missing values.,,,,,,,,,,,,,,,,
A,Annual,IT,Italy,OFFEND,Number of alleged offenders reported by the police forces to the judicial authority,PORNO,Child pornography and possession of paedo-pornographic materials,1,Males,Y35-44,35-44 years,FRG,Foreign,2021,51,,,,,TIPO_DATO35__OFFEND_N1,For each crime the number of offenders declined by demo social variables could not coincide because of missing values.,,,,,,,,,,,,,,,,
A,Annual,IT,Italy,OFFEND,Number of alleged offenders reported by the police forces to the judicial authority,PORNO,Child pornography and possession of paedo-pornographic materials,1,Males,Y35-44,35-44 years,FRG,Foreign,2022,47,,,,,TIPO_DATO35__OFFEND_N1,For each crime the number of offenders declined by demo social variables could not coincide because of missing values.,,,,,,,,,,,,,,,,
A,Annual,IT,Italy,OFFEND,Number of alleged offenders reported by the police forces to the judicial authority,PORNO,Child pornography and possession of paedo-pornographic materials,1,Males,Y35-44,35-44 years,FRG,Foreign,2023,43,,,,,TIPO_DATO35__OFFEND_N1,For each crime the number of offenders declined by demo social variables could not coincide because of missing values.,,,,,,,,,,,,,,,,
A,Annual,IT,Italy,OFFEND,Number of alleged offenders reported by the police forces to the judicial authority,PORNO,Child pornography and possession of paedo-pornographic materials,1,Males,Y35-44,35-44 years,TOTAL,Total,2007,136,,,,,TIPO_DATO35__OFFEND_N1,For each crime the number of offenders declined by demo social variables could not coincide because of missing values.,,,,,,,,,,,,,,,,
A,Annual,IT,Italy,OFFEND,Number of alleged offenders reported by the police forces to the judicial authority,PORNO,Child pornography and possession of paedo-pornographic materials,1,Males,Y35-44,35-44 years,TOTAL,Total,2008,293,,,,,TIPO_DATO35__OFFEND_N1,For each crime the number of offenders declined by demo social variables could not coincide because of missing values.,,,,,,,,,,,,,,,,
A,Annual,IT,Italy,OFFEND,Number of alleged offenders reported by the police forces to the judicial authority,PORNO,Child pornography and possession of paedo-pornographic materials,1,Males,Y35-44,35-44 years,TOTAL,Total,2009,378,,,,,TIPO_DATO35__OFFEND_N1,For each crime the number of offenders declined by demo social variables could not coincide because of missing values.,,,,,,,,,,,,,,,,
A,Annual,IT,Italy,OFFEND,Number of alleged offenders reported by the police forces to the judicial authority,PORNO,Child pornography and possession of paedo-pornographic materials,1,Males,Y35-44,35-44 years,TOTAL,Total,2010,248,,,,,TIPO_DATO35__OFFEND_N1,For each crime the number of offenders declined by demo social variables could not coincide because of missing values.,,,,,,,,,,,,,,,,
A,Annual,IT,Italy,OFFEND,Number of alleged offenders reported by the police forces to the judicial authority,PORNO,Child pornography and possession of paedo-pornographic materials,1,Males,Y35-44,35-44 years,TOTAL,Total,2011,217,,,,,TIPO_DATO35__OFFEND_N1,For each crime the number of offenders declined by demo social variables could not coincide because of missing values.,,,,,,,,,,,,,,,,
A,Annual,IT,Italy,OFFEND,Number of alleged offenders reported by the police forces to the judicial authority,PORNO,Child pornography and possession of paedo-pornographic materials,1,Males,Y35-44,35-44 years,TOTAL,Total,2012,194,,,,,TIPO_DATO35__OFFEND_N1,For each crime the number of offenders declined by demo social variables could not coincide because of missing values.,,,,,,,,,,,,,,,,
A,Annual,IT,Italy,OFFEND,Number of alleged offenders reported by the police forces to the judicial authority,PORNO,Child pornography and possession of paedo-pornographic materials,1,Males,Y35-44,35-44 years,TOTAL,Total,2013,143,,,,,TIPO_DATO35__OFFEND_N1,For each crime the number of offenders declined by demo social variables could not coincide because of missing values.,,,,,,,,,,,,,,,,
A,Annual,IT,Italy,OFFEND,Number of alleged offenders reported by the police forces to the judicial authority,PORNO,Child pornography and possession of paedo-pornographic materials,1,Males,Y35-44,35-44 years,TOTAL,Total,2014,124,,,,,TIPO_DATO35__OFFEND_N1,For each crime the number of offenders declined by demo social variables could not coincide because of missing values.,,,,,,,,,,,,,,,,
A,Annual,IT,Italy,OFFEND,Number of alleged offenders reported by the police forces to the judicial authority,PORNO,Child pornography and possession of paedo-pornographic materials,1,Males,Y35-44,35-44 years,TOTAL,Total,2015,173,,,,,TIPO_DATO35__OFFEND_N1,For each crime the number of offenders declined by demo social variables could not coincide because of missing values.,,,,,,,,,,,,,,,,
A,Annual,IT,Italy,OFFEND,Number of alleged offenders reported by the police forces to the judicial authority,PORNO,Child pornography and possession of paedo-pornographic materials,1,Males,Y35-44,35-44 years,TOTAL,Total,2016,143,,,,,TIPO_DATO35__OFFEND_N1,For each crime the number of offenders declined by demo social variables could not coincide because of missing values.,,,,,,,,,,,,,,,,
A,Annual,IT,Italy,OFFEND,Number of alleged offenders reported by the police forces to the judicial authority,PORNO,Child pornography and possession of paedo-pornographic materials,1,Males,Y35-44,35-44 years,TOTAL,Total,2017,119,,,,,TIPO_DATO35__OFFEND_N1,For each crime the number of offenders declined by demo social variables could not coincide because of missing values.,,,,,,,,,,,,,,,,
A,Annual,IT,Italy,OFFEND,Number of alleged offenders reported by the police forces to the judicial authority,PORNO,Child pornography and possession of paedo-pornographic materials,1,Males,Y35-44,35-44 years,TOTAL,Total,2018,141,,,,,TIPO_DATO35__OFFEND_N1,For each crime the number of offenders declined by demo social variables could not coincide because of missing values.,,,,,,,,,,,,,,,,
A,Annual,IT,Italy,OFFEND,Number of alleged offenders reported by the police forces to the judicial authority,PORNO,Child pornography and possession of paedo-pornographic materials,1,Males,Y35-44,35-44 years,TOTAL,Total,2019,113,,,,,TIPO_DATO35__OFFEND_N1,For each crime the number of offenders declined by demo social variables could not coincide because of missing values.,,,,,,,,,,,,,,,,
A,Annual,IT,Italy,OFFEND,Number of alleged offenders reported by the police forces to the judicial authority,PORNO,Child pornography and possession of paedo-pornographic materials,1,Males,Y35-44,35-44 years,TOTAL,Total,2020,205,,,,,TIPO_DATO35__OFFEND_N1,For each crime the number of offenders declined by demo social variables could not coincide because of missing values.,,,,,,,,,,,,,,,,
A,Annual,IT,Italy,OFFEND,Number of alleged offenders reported by the police forces to the judicial authority,PORNO,Child pornography and possession of paedo-pornographic materials,1,Males,Y35-44,35-44 years,TOTAL,Total,2021,249,,,,,TIPO_DATO35__OFFEND_N1,For each crime the number of offenders declined by demo social variables could not coincide because of missing values.,,,,,,,,,,,,,,,,
A,Annual,IT,Italy,OFFEND,Number of alleged offenders reported by the police forces to the judicial authority,PORNO,Child pornography and possession of paedo-pornographic materials,1,Males,Y35-44,35-44 years,TOTAL,Total,2022,181,,,,,TIPO_DATO35__OFFEND_N1,For each crime the number of offenders declined by demo social variables could not coincide because of missing values.,,,,,,,,,,,,,,,,
A,Annual,IT,Italy,OFFEND,Number of alleged offenders reported by the police forces to the judicial authority,PORNO,Child pornography and possession of paedo-pornographic materials,1,Males,Y35-44,35-44 years,TOTAL,Total,2023,183,,,,,TIPO_DATO35__OFFEND_N1,For each crime the number of offenders declined by demo social variables could not coincide because of missing values.,,,,,,,,,,,,,,,,
A,Annual,IT,Italy,OFFEND,Number of alleged offenders reported by the police forces to the judicial authority,PORNO,Child pornography and possession of paedo-pornographic materials,1,Males,Y45-54,45-54 years,ITL,Italian,2007,79,,,,,TIPO_DATO35__OFFEND_N1,For each crime the number of offenders declined by demo social variables could not coincide because of missing values.,,,,,,,,,,,,,,,,
A,Annual,IT,Italy,OFFEND,Number of alleged offenders reported by the police forces to the judicial authority,PORNO,Child pornography and possession of paedo-pornographic materials,1,Males,Y45-54,45-54 years,ITL,Italian,2008,187,,,,,TIPO_DATO35__OFFEND_N1,For each crime the number of offenders declined by demo social variables could not coincide because of missing values.,,,,,,,,,,,,,,,,
A,Annual,IT,Italy,OFFEND,Number of alleged offenders reported by the police forces to the judicial authority,PORNO,Child pornography and possession of paedo-pornographic materials,1,Males,Y45-54,45-54 years,ITL,Italian,2009,306,,,,,TIPO_DATO35__OFFEND_N1,For each crime the number of offenders declined by demo social variables could not coincide because of missing values.,,,,,,,,,,,,,,,,
A,Annual,IT,Italy,OFFEND,Number of alleged offenders reported by the police forces to the judicial authority,PORNO,Child pornography and possession of paedo-pornographic materials,1,Males,Y45-54,45-54 years,ITL,Italian,2010,157,,,,,TIPO_DATO35__OFFEND_N1,For each crime the number of offenders declined by demo social variables could not coincide because of missing values.,,,,,,,,,,,,,,,,
A,Annual,IT,Italy,OFFEND,Number of alleged offenders reported by the police forces to the judicial authority,PORNO,Child pornography and possession of paedo-pornographic materials,1,Males,Y45-54,45-54 years,ITL,Italian,2011,178,,,,,TIPO_DATO35__OFFEND_N1,For each crime the number of offenders declined by demo social variables could not coincide because of missing values.,,,,,,,,,,,,,,,,
A,Annual,IT,Italy,OFFEND,Number of alleged offenders reported by the police forces to the judicial authority,PORNO,Child pornography and possession of paedo-pornographic materials,1,Males,Y45-54,45-54 years,ITL,Italian,2012,137,,,,,TIPO_DATO35__OFFEND_N1,For each crime the number of offenders declined by demo social variables could not coincide because of missing values.,,,,,,,,,,,,,,,,
A,Annual,IT,Italy,OFFEND,Number of alleged offenders reported by the police forces to the judicial authority,PORNO,Child pornography and possession of paedo-pornographic materials,1,Males,Y45-54,45-54 years,ITL,Italian,2013,137,,,,,TIPO_DATO35__OFFEND_N1,For each crime the number of offenders declined by demo social variables could not coincide because of missing values.,,,,,,,,,,,,,,,,
A,Annual,IT,Italy,OFFEND,Number of alleged offenders reported by the police forces to the judicial authority,PORNO,Child pornography and possession of paedo-pornographic materials,1,Males,Y45-54,45-54 years,ITL,Italian,2014,106,,,,,TIPO_DATO35__OFFEND_N1,For each crime the number of offenders declined by demo social variables could not coincide because of missing values.,,,,,,,,,,,,,,,,
A,Annual,IT,Italy,OFFEND,Number of alleged offenders reported by the police forces to the judicial authority,PORNO,Child pornography and possession of paedo-pornographic materials,1,Males,Y45-54,45-54 years,ITL,Italian,2015,110,,,,,TIPO_DATO35__OFFEND_N1,For each crime the number of offenders declined by demo social variables could not coincide because of missing values.,,,,,,,,,,,,,,,,
A,Annual,IT,Italy,OFFEND,Number of alleged offenders reported by the police forces to the judicial authority,PORNO,Child pornography and possession of paedo-pornographic materials,1,Males,Y45-54,45-54 years,ITL,Italian,2016,94,,,,,TIPO_DATO35__OFFEND_N1,For each crime the number of offenders declined by demo social variables could not coincide because of missing values.,,,,,,,,,,,,,,,,
A,Annual,IT,Italy,OFFEND,Number of alleged offenders reported by the police forces to the judicial authority,PORNO,Child pornography and possession of paedo-pornographic materials,1,Males,Y45-54,45-54 years,ITL,Italian,2017,94,,,,,TIPO_DATO35__OFFEND_N1,For each crime the number of offenders declined by demo social variables could not coincide because of missing values.,,,,,,,,,,,,,,,,
A,Annual,IT,Italy,OFFEND,Number of alleged offenders reported by the police forces to the judicial authority,PORNO,Child pornography and possession of paedo-pornographic materials,1,Males,Y45-54,45-54 years,ITL,Italian,2018,99,,,,,TIPO_DATO35__OFFEND_N1,For each crime the number of offenders declined by demo social variables could not coincide because of missing values.,,,,,,,,,,,,,,,,
A,Annual,IT,Italy,OFFEND,Number of alleged offenders reported by the police forces to the judicial authority,PORNO,Child pornography and possession of paedo-pornographic materials,1,Males,Y45-54,45-54 years,ITL,Italian,2019,86,,,,,TIPO_DATO35__OFFEND_N1,For each crime the number of offenders declined by demo social variables could not coincide because of missing values.,,,,,,,,,,,,,,,,
A,Annual,IT,Italy,OFFEND,Number of alleged offenders reported by the police forces to the judicial authority,PORNO,Child pornography and possession of paedo-pornographic materials,1,Males,Y45-54,45-54 years,ITL,Italian,2020,136,,,,,TIPO_DATO35__OFFEND_N1,For each crime the number of offenders declined by demo social variables could not coincide because of missing values.,,,,,,,,,,,,,,,,
A,Annual,IT,Italy,OFFEND,Number of alleged offenders reported by the police forces to the judicial authority,PORNO,Child pornography and possession of paedo-pornographic materials,1,Males,Y45-54,45-54 years,ITL,Italian,2021,205,,,,,TIPO_DATO35__OFFEND_N1,For each crime the number of offenders declined by demo social variables could not coincide because of missing values.,,,,,,,,,,,,,,,,
A,Annual,IT,Italy,OFFEND,Number of alleged offenders reported by the police forces to the judicial authority,PORNO,Child pornography and possession of paedo-pornographic materials,1,Males,Y45-54,45-54 years,ITL,Italian,2022,169,,,,,TIPO_DATO35__OFFEND_N1,For each crime the number of offenders declined by demo social variables could not coincide because of missing values.,,,,,,,,,,,,,,,,
A,Annual,IT,Italy,OFFEND,Number of alleged offenders reported by the police forces to the judicial authority,PORNO,Child pornography and possession of paedo-pornographic materials,1,Males,Y45-54,45-54 years,ITL,Italian,2023,135,,,,,TIPO_DATO35__OFFEND_N1,For each crime the number of offenders declined by demo social variables could not coincide because of missing values.,,,,,,,,,,,,,,,,
A,Annual,IT,Italy,OFFEND,Number of alleged offenders reported by the police forces to the judicial authority,PORNO,Child pornography and possession of paedo-pornographic materials,1,Males,Y45-54,45-54 years,FRG,Foreign,2007,8,,,,,TIPO_DATO35__OFFEND_N1,For each crime the number of offenders declined by demo social variables could not coincide because of missing values.,,,,,,,,,,,,,,,,
A,Annual,IT,Italy,OFFEND,Number of alleged offenders reported by the police forces to the judicial authority,PORNO,Child pornography and possession of paedo-pornographic materials,1,Males,Y45-54,45-54 years,FRG,Foreign,2008,33,,,,,TIPO_DATO35__OFFEND_N1,For each crime the number of offenders declined by demo social variables could not coincide because of missing values.,,,,,,,,,,,,,,,,
A,Annual,IT,Italy,OFFEND,Number of alleged offenders reported by the police forces to the judicial authority,PORNO,Child pornography and possession of paedo-pornographic materials,1,Males,Y45-54,45-54 years,FRG,Foreign,2009,12,,,,,TIPO_DATO35__OFFEND_N1,For each crime the number of offenders declined by demo social variables could not coincide because of missing values.,,,,,,,,,,,,,,,,
A,Annual,IT,Italy,OFFEND,Number of alleged offenders reported by the police forces to the judicial authority,PORNO,Child pornography and possession of paedo-pornographic materials,1,Males,Y45-54,45-54 years,FRG,Foreign,2010,2,,,,,TIPO_DATO35__OFFEND_N1,For each crime the number of offenders declined by demo social variables could not coincide because of missing values.,,,,,,,,,,,,,,,,
A,Annual,IT,Italy,OFFEND,Number of alleged offenders reported by the police forces to the judicial authority,PORNO,Child pornography and possession of paedo-pornographic materials,1,Males,Y45-54,45-54 years,FRG,Foreign,2011,12,,,,,TIPO_DATO35__OFFEND_N1,For each crime the number of offenders declined by demo social variables could not coincide because of missing values.,,,,,,,,,,,,,,,,
A,Annual,IT,Italy,OFFEND,Number of alleged offenders reported by the police forces to the judicial authority,PORNO,Child pornography and possession of paedo-pornographic materials,1,Males,Y45-54,45-54 years,FRG,Foreign,2012,9,,,,,TIPO_DATO35__OFFEND_N1,For each crime the number of offenders declined by demo social variables could not coincide because of missing values.,,,,,,,,,,,,,,,,
A,Annual,IT,Italy,OFFEND,Number of alleged offenders reported by the police forces to the judicial authority,PORNO,Child pornography and possession of paedo-pornographic materials,1,Males,Y45-54,45-54 years,FRG,Foreign,2013,2,,,,,TIPO_DATO35__OFFEND_N1,For each crime the number of offenders declined by demo social variables could not coincide because of missing values.,,,,,,,,,,,,,,,,
A,Annual,IT,Italy,OFFEND,Number of alleged offenders reported by the police forces to the judicial authority,PORNO,Child pornography and possession of paedo-pornographic materials,1,Males,Y45-54,45-54 years,FRG,Foreign,2014,6,,,,,TIPO_DATO35__OFFEND_N1,For each crime the number of offenders declined by demo social variables could not coincide because of missing values.,,,,,,,,,,,,,,,,
A,Annual,IT,Italy,OFFEND,Number of alleged offenders reported by the police forces to the judicial authority,PORNO,Child pornography and possession of paedo-pornographic materials,1,Males,Y45-54,45-54 years,FRG,Foreign,2015,11,,,,,TIPO_DATO35__OFFEND_N1,For each crime the number of offenders declined by demo social variables could not coincide because of missing values.,,,,,,,,,,,,,,,,
A,Annual,IT,Italy,OFFEND,Number of alleged offenders reported by the police forces to the judicial authority,PORNO,Child pornography and possession of paedo-pornographic materials,1,Males,Y45-54,45-54 years,FRG,Foreign,2016,4,,,,,TIPO_DATO35__OFFEND_N1,For each crime the number of offenders declined by demo social variables could not coincide because of missing values.,,,,,,,,,,,,,,,,
A,Annual,IT,Italy,OFFEND,Number of alleged offenders reported by the police forces to the judicial authority,PORNO,Child pornography and possession of paedo-pornographic materials,1,Males,Y45-54,45-54 years,FRG,Foreign,2017,6,,,,,TIPO_DATO35__OFFEND_N1,For each crime the number of offenders declined by demo social variables could not coincide because of missing values.,,,,,,,,,,,,,,,,
A,Annual,IT,Italy,OFFEND,Number of alleged offenders reported by the police forces to the judicial authority,PORNO,Child pornography and possession of paedo-pornographic materials,1,Males,Y45-54,45-54 years,FRG,Foreign,2018,13,,,,,TIPO_DATO35__OFFEND_N1,For each crime the number of offenders declined by demo social variables could not coincide because of missing values.,,,,,,,,,,,,,,,,
A,Annual,IT,Italy,OFFEND,Number of alleged offenders reported by the police forces to the judicial authority,PORNO,Child pornography and possession of paedo-pornographic materials,1,Males,Y45-54,45-54 years,FRG,Foreign,2019,13,,,,,TIPO_DATO35__OFFEND_N1,For each crime the number of offenders declined by demo social variables could not coincide because of missing values.,,,,,,,,,,,,,,,,
A,Annual,IT,Italy,OFFEND,Number of alleged offenders reported by the police forces to the judicial authority,PORNO,Child pornography and possession of paedo-pornographic materials,1,Males,Y45-54,45-54 years,FRG,Foreign,2020,15,,,,,TIPO_DATO35__OFFEND_N1,For each crime the number of offenders declined by demo social variables could not coincide because of missing values.,,,,,,,,,,,,,,,,
A,Annual,IT,Italy,OFFEND,Number of alleged offenders reported by the police forces to the judicial authority,PORNO,Child pornography and possession of paedo-pornographic materials,1,Males,Y45-54,45-54 years,FRG,Foreign,2021,35,,,,,TIPO_DATO35__OFFEND_N1,For each crime the number of offenders declined by demo social variables could not coincide because of missing values.,,,,,,,,,,,,,,,,
A,Annual,IT,Italy,OFFEND,Number of alleged offenders reported by the police forces to the judicial authority,PORNO,Child pornography and possession of paedo-pornographic materials,1,Males,Y45-54,45-54 years,FRG,Foreign,2022,22,,,,,TIPO_DATO35__OFFEND_N1,For each crime the number of offenders declined by demo social variables could not coincide because of missing values.,,,,,,,,,,,,,,,,
A,Annual,IT,Italy,OFFEND,Number of alleged offenders reported by the police forces to the judicial authority,PORNO,Child pornography and possession of paedo-pornographic materials,1,Males,Y45-54,45-54 years,FRG,Foreign,2023,22,,,,,TIPO_DATO35__OFFEND_N1,For each crime the number of offenders declined by demo social variables could not coincide because of missing values.,,,,,,,,,,,,,,,,
A,Annual,IT,Italy,OFFEND,Number of alleged offenders reported by the police forces to the judicial authority,PORNO,Child pornography and possession of paedo-pornographic materials,1,Males,Y45-54,45-54 years,TOTAL,Total,2007,87,,,,,TIPO_DATO35__OFFEND_N1,For each crime the number of offenders declined by demo social variables could not coincide because of missing values.,,,,,,,,,,,,,,,,
A,Annual,IT,Italy,OFFEND,Number of alleged offenders reported by the police forces to the judicial authority,PORNO,Child pornography and possession of paedo-pornographic materials,1,Males,Y45-54,45-54 years,TOTAL,Total,2008,219,,,,,TIPO_DATO35__OFFEND_N1,For each crime the number of offenders declined by demo social variables could not coincide because of missing values.,,,,,,,,,,,,,,,,
A,Annual,IT,Italy,OFFEND,Number of alleged offenders reported by the police forces to the judicial authority,PORNO,Child pornography and possession of paedo-pornographic materials,1,Males,Y45-54,45-54 years,TOTAL,Total,2009,318,,,,,TIPO_DATO35__OFFEND_N1,For each crime the number of offenders declined by demo social variables could not coincide because of missing values.,,,,,,,,,,,,,,,,
A,Annual,IT,Italy,OFFEND,Number of alleged offenders reported by the police forces to the judicial authority,PORNO,Child pornography and possession of paedo-pornographic materials,1,Males,Y45-54,45-54 years,TOTAL,Total,2010,159,,,,,TIPO_DATO35__OFFEND_N1,For each crime the number of offenders declined by demo social variables could not coincide because of missing values.,,,,,,,,,,,,,,,,
A,Annual,IT,Italy,OFFEND,Number of alleged offenders reported by the police forces to the judicial authority,PORNO,Child pornography and possession of paedo-pornographic materials,1,Males,Y45-54,45-54 years,TOTAL,Total,2011,190,,,,,TIPO_DATO35__OFFEND_N1,For each crime the number of offenders declined by demo social variables could not coincide because of missing values.,,,,,,,,,,,,,,,,
A,Annual,IT,Italy,OFFEND,Number of alleged offenders reported by the police forces to the judicial authority,PORNO,Child pornography and possession of paedo-pornographic materials,1,Males,Y45-54,45-54 years,TOTAL,Total,2012,146,,,,,TIPO_DATO35__OFFEND_N1,For each crime the number of offenders declined by demo social variables could not coincide because of missing values.,,,,,,,,,,,,,,,,
A,Annual,IT,Italy,OFFEND,Number of alleged offenders reported by the police forces to the judicial authority,PORNO,Child pornography and possession of paedo-pornographic materials,1,Males,Y45-54,45-54 years,TOTAL,Total,2013,139,,,,,TIPO_DATO35__OFFEND_N1,For each crime the number of offenders declined by demo social variables could not coincide because of missing values.,,,,,,,,,,,,,,,,
A,Annual,IT,Italy,OFFEND,Number of alleged offenders reported by the police forces to the judicial authority,PORNO,Child pornography and possession of paedo-pornographic materials,1,Males,Y45-54,45-54 years,TOTAL,Total,2014,112,,,,,TIPO_DATO35__OFFEND_N1,For each crime the number of offenders declined by demo social variables could not coincide because of missing values.,,,,,,,,,,,,,,,,
A,Annual,IT,Italy,OFFEND,Number of alleged offenders reported by the police forces to the judicial authority,PORNO,Child pornography and possession of paedo-pornographic materials,1,Males,Y45-54,45-54 years,TOTAL,Total,2015,121,,,,,TIPO_DATO35__OFFEND_N1,For each crime the number of offenders declined by demo social variables could not coincide because of missing values.,,,,,,,,,,,,,,,,
A,Annual,IT,Italy,OFFEND,Number of alleged offenders reported by the police forces to the judicial authority,PORNO,Child pornography and possession of paedo-pornographic materials,1,Males,Y45-54,45-54 years,TOTAL,Total,2016,98,,,,,TIPO_DATO35__OFFEND_N1,For each crime the number of offenders declined by demo social variables could not coincide because of missing values.,,,,,,,,,,,,,,,,
A,Annual,IT,Italy,OFFEND,Number of alleged offenders reported by the police forces to the judicial authority,PORNO,Child pornography and possession of paedo-pornographic materials,1,Males,Y45-54,45-54 years,TOTAL,Total,2017,100,,,,,TIPO_DATO35__OFFEND_N1,For each crime the number of offenders declined by demo social variables could not coincide because of missing values.,,,,,,,,,,,,,,,,
A,Annual,IT,Italy,OFFEND,Number of alleged offenders reported by the police forces to the judicial authority,PORNO,Child pornography and possession of paedo-pornographic materials,1,Males,Y45-54,45-54 years,TOTAL,Total,2018,112,,,,,TIPO_DATO35__OFFEND_N1,For each crime the number of offenders declined by demo social variables could not coincide because of missing values.,,,,,,,,,,,,,,,,
A,Annual,IT,Italy,OFFEND,Number of alleged offenders reported by the police forces to the judicial authority,PORNO,Child pornography and possession of paedo-pornographic materials,1,Males,Y45-54,45-54 years,TOTAL,Total,2019,99,,,,,TIPO_DATO35__OFFEND_N1,For each crime the number of offenders declined by demo social variables could not coincide because of missing values.,,,,,,,,,,,,,,,,
A,Annual,IT,Italy,OFFEND,Number of alleged offenders reported by the police forces to the judicial authority,PORNO,Child pornography and possession of paedo-pornographic materials,1,Males,Y45-54,45-54 years,TOTAL,Total,2020,151,,,,,TIPO_DATO35__OFFEND_N1,For each crime the number of offenders declined by demo social variables could not coincide because of missing values.,,,,,,,,,,,,,,,,
A,Annual,IT,Italy,OFFEND,Number of alleged offenders reported by the police forces to the judicial authority,PORNO,Child pornography and possession of paedo-pornographic materials,1,Males,Y45-54,45-54 years,TOTAL,Total,2021,240,,,,,TIPO_DATO35__OFFEND_N1,For each crime the number of offenders declined by demo social variables could not coincide because of missing values.,,,,,,,,,,,,,,,,
A,Annual,IT,Italy,OFFEND,Number of alleged offenders reported by the police forces to the judicial authority,PORNO,Child pornography and possession of paedo-pornographic materials,1,Males,Y45-54,45-54 years,TOTAL,Total,2022,191,,,,,TIPO_DATO35__OFFEND_N1,For each crime the number of offenders declined by demo social variables could not coincide because of missing values.,,,,,,,,,,,,,,,,
A,Annual,IT,Italy,OFFEND,Number of alleged offenders reported by the police forces to the judicial authority,PORNO,Child pornography and possession of paedo-pornographic materials,1,Males,Y45-54,45-54 years,TOTAL,Total,2023,157,,,,,TIPO_DATO35__OFFEND_N1,For each crime the number of offenders declined by demo social variables could not coincide because of missing values.,,,,,,,,,,,,,,,,
A,Annual,IT,Italy,OFFEND,Number of alleged offenders reported by the police forces to the judicial authority,PORNO,Child pornography and possession of paedo-pornographic materials,1,Males,Y55-64,55-64 years,ITL,Italian,2007,48,,,,,TIPO_DATO35__OFFEND_N1,For each crime the number of offenders declined by demo social variables could not coincide because of missing values.,,,,,,,,,,,,,,,,
A,Annual,IT,Italy,OFFEND,Number of alleged offenders reported by the police forces to the judicial authority,PORNO,Child pornography and possession of paedo-pornographic materials,1,Males,Y55-64,55-64 years,ITL,Italian,2008,140,,,,,TIPO_DATO35__OFFEND_N1,For each crime the number of offenders declined by demo social variables could not coincide because of missing values.,,,,,,,,,,,,,,,,
A,Annual,IT,Italy,OFFEND,Number of alleged offenders reported by the police forces to the judicial authority,PORNO,Child pornography and possession of paedo-pornographic materials,1,Males,Y55-64,55-64 years,ITL,Italian,2009,182,,,,,TIPO_DATO35__OFFEND_N1,For each crime the number of offenders declined by demo social variables could not coincide because of missing values.,,,,,,,,,,,,,,,,
A,Annual,IT,Italy,OFFEND,Number of alleged offenders reported by the police forces to the judicial authority,PORNO,Child pornography and possession of paedo-pornographic materials,1,Males,Y55-64,55-64 years,ITL,Italian,2010,145,,,,,TIPO_DATO35__OFFEND_N1,For each crime the number of offenders declined by demo social variables could not coincide because of missing values.,,,,,,,,,,,,,,,,
A,Annual,IT,Italy,OFFEND,Number of alleged offenders reported by the police forces to the judicial authority,PORNO,Child pornography and possession of paedo-pornographic materials,1,Males,Y55-64,55-64 years,ITL,Italian,2011,152,,,,,TIPO_DATO35__OFFEND_N1,For each crime the number of offenders declined by demo social variables could not coincide because of missing values.,,,,,,,,,,,,,,,,
A,Annual,IT,Italy,OFFEND,Number of alleged offenders reported by the police forces to the judicial authority,PORNO,Child pornography and possession of paedo-pornographic materials,1,Males,Y55-64,55-64 years,ITL,Italian,2012,96,,,,,TIPO_DATO35__OFFEND_N1,For each crime the number of offenders declined by demo social variables could not coincide because of missing values.,,,,,,,,,,,,,,,,
A,Annual,IT,Italy,OFFEND,Number of alleged offenders reported by the police forces to the judicial authority,PORNO,Child pornography and possession of paedo-pornographic materials,1,Males,Y55-64,55-64 years,ITL,Italian,2013,80,,,,,TIPO_DATO35__OFFEND_N1,For each crime the number of offenders declined by demo social variables could not coincide because of missing values.,,,,,,,,,,,,,,,,
A,Annual,IT,Italy,OFFEND,Number of alleged offenders reported by the police forces to the judicial authority,PORNO,Child pornography and possession of paedo-pornographic materials,1,Males,Y55-64,55-64 years,ITL,Italian,2014,100,,,,,TIPO_DATO35__OFFEND_N1,For each crime the number of offenders declined by demo social variables could not coincide because of missing values.,,,,,,,,,,,,,,,,
A,Annual,IT,Italy,OFFEND,Number of alleged offenders reported by the police forces to the judicial authority,PORNO,Child pornography and possession of paedo-pornographic materials,1,Males,Y55-64,55-64 years,ITL,Italian,2015,77,,,,,TIPO_DATO35__OFFEND_N1,For each crime the number of offenders declined by demo social variables could not coincide because of missing values.,,,,,,,,,,,,,,,,
A,Annual,IT,Italy,OFFEND,Number of alleged offenders reported by the police forces to the judicial authority,PORNO,Child pornography and possession of paedo-pornographic materials,1,Males,Y55-64,55-64 years,ITL,Italian,2016,60,,,,,TIPO_DATO35__OFFEND_N1,For each crime the number of offenders declined by demo social variables could not coincide because of missing values.,,,,,,,,,,,,,,,,
A,Annual,IT,Italy,OFFEND,Number of alleged offenders reported by the police forces to the judicial authority,PORNO,Child pornography and possession of paedo-pornographic materials,1,Males,Y55-64,55-64 years,ITL,Italian,2017,51,,,,,TIPO_DATO35__OFFEND_N1,For each crime the number of offenders declined by demo social variables could not coincide because of missing values.,,,,,,,,,,,,,,,,
A,Annual,IT,Italy,OFFEND,Number of alleged offenders reported by the police forces to the judicial authority,PORNO,Child pornography and possession of paedo-pornographic materials,1,Males,Y55-64,55-64 years,ITL,Italian,2018,46,,,,,TIPO_DATO35__OFFEND_N1,For each crime the number of offenders declined by demo social variables could not coincide because of missing values.,,,,,,,,,,,,,,,,
A,Annual,IT,Italy,OFFEND,Number of alleged offenders reported by the police forces to the judicial authority,PORNO,Child pornography and possession of paedo-pornographic materials,1,Males,Y55-64,55-64 years,ITL,Italian,2019,48,,,,,TIPO_DATO35__OFFEND_N1,For each crime the number of offenders declined by demo social variables could not coincide because of missing values.,,,,,,,,,,,,,,,,
A,Annual,IT,Italy,OFFEND,Number of alleged offenders reported by the police forces to the judicial authority,PORNO,Child pornography and possession of paedo-pornographic materials,1,Males,Y55-64,55-64 years,ITL,Italian,2020,81,,,,,TIPO_DATO35__OFFEND_N1,For each crime the number of offenders declined by demo social variables could not coincide because of missing values.,,,,,,,,,,,,,,,,
A,Annual,IT,Italy,OFFEND,Number of alleged offenders reported by the police forces to the judicial authority,PORNO,Child pornography and possession of paedo-pornographic materials,1,Males,Y55-64,55-64 years,ITL,Italian,2021,111,,,,,TIPO_DATO35__OFFEND_N1,For each crime the number of offenders declined by demo social variables could not coincide because of missing values.,,,,,,,,,,,,,,,,
A,Annual,IT,Italy,OFFEND,Number of alleged offenders reported by the police forces to the judicial authority,PORNO,Child pornography and possession of paedo-pornographic materials,1,Males,Y55-64,55-64 years,ITL,Italian,2022,93,,,,,TIPO_DATO35__OFFEND_N1,For each crime the number of offenders declined by demo social variables could not coincide because of missing values.,,,,,,,,,,,,,,,,
A,Annual,IT,Italy,OFFEND,Number of alleged offenders reported by the police forces to the judicial authority,PORNO,Child pornography and possession of paedo-pornographic materials,1,Males,Y55-64,55-64 years,ITL,Italian,2023,85,,,,,TIPO_DATO35__OFFEND_N1,For each crime the number of offenders declined by demo social variables could not coincide because of missing values.,,,,,,,,,,,,,,,,
A,Annual,IT,Italy,OFFEND,Number of alleged offenders reported by the police forces to the judicial authority,PORNO,Child pornography and possession of paedo-pornographic materials,1,Males,Y55-64,55-64 years,FRG,Foreign,2007,3,,,,,TIPO_DATO35__OFFEND_N1,For each crime the number of offenders declined by demo social variables could not coincide because of missing values.,,,,,,,,,,,,,,,,
A,Annual,IT,Italy,OFFEND,Number of alleged offenders reported by the police forces to the judicial authority,PORNO,Child pornography and possession of paedo-pornographic materials,1,Males,Y55-64,55-64 years,FRG,Foreign,2008,14,,,,,TIPO_DATO35__OFFEND_N1,For each crime the number of offenders declined by demo social variables could not coincide because of missing values.,,,,,,,,,,,,,,,,
A,Annual,IT,Italy,OFFEND,Number of alleged offenders reported by the police forces to the judicial authority,PORNO,Child pornography and possession of paedo-pornographic materials,1,Males,Y55-64,55-64 years,FRG,Foreign,2009,4,,,,,TIPO_DATO35__OFFEND_N1,For each crime the number of offenders declined by demo social variables could not coincide because of missing values.,,,,,,,,,,,,,,,,
A,Annual,IT,Italy,OFFEND,Number of alleged offenders reported by the police forces to the judicial authority,PORNO,Child pornography and possession of paedo-pornographic materials,1,Males,Y55-64,55-64 years,FRG,Foreign,2010,3,,,,,TIPO_DATO35__OFFEND_N1,For each crime the number of offenders declined by demo social variables could not coincide because of missing values.,,,,,,,,,,,,,,,,
A,Annual,IT,Italy,OFFEND,Number of alleged offenders reported by the police forces to the judicial authority,PORNO,Child pornography and possession of paedo-pornographic materials,1,Males,Y55-64,55-64 years,FRG,Foreign,2011,10,,,,,TIPO_DATO35__OFFEND_N1,For each crime the number of offenders declined by demo social variables could not coincide because of missing values.,,,,,,,,,,,,,,,,
A,Annual,IT,Italy,OFFEND,Number of alleged offenders reported by the police forces to the judicial authority,PORNO,Child pornography and possession of paedo-pornographic materials,1,Males,Y55-64,55-64 years,FRG,Foreign,2012,7,,,,,TIPO_DATO35__OFFEND_N1,For each crime the number of offenders declined by demo social variables could not coincide because of missing values.,,,,,,,,,,,,,,,,
A,Annual,IT,Italy,OFFEND,Number of alleged offenders reported by the police forces to the judicial authority,PORNO,Child pornography and possession of paedo-pornographic materials,1,Males,Y55-64,55-64 years,FRG,Foreign,2013,0,,,,,TIPO_DATO35__OFFEND_N1,For each crime the number of offenders declined by demo social variables could not coincide because of missing values.,,,,,,,,,,,,,,,,
A,Annual,IT,Italy,OFFEND,Number of alleged offenders reported by the police forces to the judicial authority,PORNO,Child pornography and possession of paedo-pornographic materials,1,Males,Y55-64,55-64 years,FRG,Foreign,2014,9,,,,,TIPO_DATO35__OFFEND_N1,For each crime the number of offenders declined by demo social variables could not coincide because of missing values.,,,,,,,,,,,,,,,,
A,Annual,IT,Italy,OFFEND,Number of alleged offenders reported by the police forces to the judicial authority,PORNO,Child pornography and possession of paedo-pornographic materials,1,Males,Y55-64,55-64 years,FRG,Foreign,2015,0,,,,,TIPO_DATO35__OFFEND_N1,For each crime the number of offenders declined by demo social variables could not coincide because of missing values.,,,,,,,,,,,,,,,,
A,Annual,IT,Italy,OFFEND,Number of alleged offenders reported by the police forces to the judicial authority,PORNO,Child pornography and possession of paedo-pornographic materials,1,Males,Y55-64,55-64 years,FRG,Foreign,2016,5,,,,,TIPO_DATO35__OFFEND_N1,For each crime the number of offenders declined by demo social variables could not coincide because of missing values.,,,,,,,,,,,,,,,,
A,Annual,IT,Italy,OFFEND,Number of alleged offenders reported by the police forces to the judicial authority,PORNO,Child pornography and possession of paedo-pornographic materials,1,Males,Y55-64,55-64 years,FRG,Foreign,2017,1,,,,,TIPO_DATO35__OFFEND_N1,For each crime the number of offenders declined by demo social variables could not coincide because of missing values.,,,,,,,,,,,,,,,,
A,Annual,IT,Italy,OFFEND,Number of alleged offenders reported by the police forces to the judicial authority,PORNO,Child pornography and possession of paedo-pornographic materials,1,Males,Y55-64,55-64 years,FRG,Foreign,2018,3,,,,,TIPO_DATO35__OFFEND_N1,For each crime the number of offenders declined by demo social variables could not coincide because of missing values.,,,,,,,,,,,,,,,,
A,Annual,IT,Italy,OFFEND,Number of alleged offenders reported by the police forces to the judicial authority,PORNO,Child pornography and possession of paedo-pornographic materials,1,Males,Y55-64,55-64 years,FRG,Foreign,2019,4,,,,,TIPO_DATO35__OFFEND_N1,For each crime the number of offenders declined by demo social variables could not coincide because of missing values.,,,,,,,,,,,,,,,,
A,Annual,IT,Italy,OFFEND,Number of alleged offenders reported by the police forces to the judicial authority,PORNO,Child pornography and possession of paedo-pornographic materials,1,Males,Y55-64,55-64 years,FRG,Foreign,2020,12,,,,,TIPO_DATO35__OFFEND_N1,For each crime the number of offenders declined by demo social variables could not coincide because of missing values.,,,,,,,,,,,,,,,,
A,Annual,IT,Italy,OFFEND,Number of alleged offenders reported by the police forces to the judicial authority,PORNO,Child pornography and possession of paedo-pornographic materials,1,Males,Y55-64,55-64 years,FRG,Foreign,2021,18,,,,,TIPO_DATO35__OFFEND_N1,For each crime the number of offenders declined by demo social variables could not coincide because of missing values.,,,,,,,,,,,,,,,,
A,Annual,IT,Italy,OFFEND,Number of alleged offenders reported by the police forces to the judicial authority,PORNO,Child pornography and possession of paedo-pornographic materials,1,Males,Y55-64,55-64 years,FRG,Foreign,2022,7,,,,,TIPO_DATO35__OFFEND_N1,For each crime the number of offenders declined by demo social variables could not coincide because of missing values.,,,,,,,,,,,,,,,,
A,Annual,IT,Italy,OFFEND,Number of alleged offenders reported by the police forces to the judicial authority,PORNO,Child pornography and possession of paedo-pornographic materials,1,Males,Y55-64,55-64 years,FRG,Foreign,2023,9,,,,,TIPO_DATO35__OFFEND_N1,For each crime the number of offenders declined by demo social variables could not coincide because of missing values.,,,,,,,,,,,,,,,,
A,Annual,IT,Italy,OFFEND,Number of alleged offenders reported by the police forces to the judicial authority,PORNO,Child pornography and possession of paedo-pornographic materials,1,Males,Y55-64,55-64 years,TOTAL,Total,2007,51,,,,,TIPO_DATO35__OFFEND_N1,For each crime the number of offenders declined by demo social variables could not coincide because of missing values.,,,,,,,,,,,,,,,,
A,Annual,IT,Italy,OFFEND,Number of alleged offenders reported by the police forces to the judicial authority,PORNO,Child pornography and possession of paedo-pornographic materials,1,Males,Y55-64,55-64 years,TOTAL,Total,2008,151,,,,,TIPO_DATO35__OFFEND_N1,For each crime the number of offenders declined by demo social variables could not coincide because of missing values.,,,,,,,,,,,,,,,,
A,Annual,IT,Italy,OFFEND,Number of alleged offenders reported by the police forces to the judicial authority,PORNO,Child pornography and possession of paedo-pornographic materials,1,Males,Y55-64,55-64 years,TOTAL,Total,2009,186,,,,,TIPO_DATO35__OFFEND_N1,For each crime the number of offenders declined by demo social variables could not coincide because of missing values.,,,,,,,,,,,,,,,,
A,Annual,IT,Italy,OFFEND,Number of alleged offenders reported by the police forces to the judicial authority,PORNO,Child pornography and possession of paedo-pornographic materials,1,Males,Y55-64,55-64 years,TOTAL,Total,2010,148,,,,,TIPO_DATO35__OFFEND_N1,For each crime the number of offenders declined by demo social variables could not coincide because of missing values.,,,,,,,,,,,,,,,,
A,Annual,IT,Italy,OFFEND,Number of alleged offenders reported by the police forces to the judicial authority,PORNO,Child pornography and possession of paedo-pornographic materials,1,Males,Y55-64,55-64 years,TOTAL,Total,2011,161,,,,,TIPO_DATO35__OFFEND_N1,For each crime the number of offenders declined by demo social variables could not coincide because of missing values.,,,,,,,,,,,,,,,,
A,Annual,IT,Italy,OFFEND,Number of alleged offenders reported by the police forces to the judicial authority,PORNO,Child pornography and possession of paedo-pornographic materials,1,Males,Y55-64,55-64 years,TOTAL,Total,2012,103,,,,,TIPO_DATO35__OFFEND_N1,For each crime the number of offenders declined by demo social variables could not coincide because of missing values.,,,,,,,,,,,,,,,,
A,Annual,IT,Italy,OFFEND,Number of alleged offenders reported by the police forces to the judicial authority,PORNO,Child pornography and possession of paedo-pornographic materials,1,Males,Y55-64,55-64 years,TOTAL,Total,2013,80,,,,,TIPO_DATO35__OFFEND_N1,For each crime the number of offenders declined by demo social variables could not coincide because of missing values.,,,,,,,,,,,,,,,,
A,Annual,IT,Italy,OFFEND,Number of alleged offenders reported by the police forces to the judicial authority,PORNO,Child pornography and possession of paedo-pornographic materials,1,Males,Y55-64,55-64 years,TOTAL,Total,2014,109,,,,,TIPO_DATO35__OFFEND_N1,For each crime the number of offenders declined by demo social variables could not coincide because of missing values.,,,,,,,,,,,,,,,,
A,Annual,IT,Italy,OFFEND,Number of alleged offenders reported by the police forces to the judicial authority,PORNO,Child pornography and possession of paedo-pornographic materials,1,Males,Y55-64,55-64 years,TOTAL,Total,2015,77,,,,,TIPO_DATO35__OFFEND_N1,For each crime the number of offenders declined by demo social variables could not coincide because of missing values.,,,,,,,,,,,,,,,,
A,Annual,IT,Italy,OFFEND,Number of alleged offenders reported by the police forces to the judicial authority,PORNO,Child pornography and possession of paedo-pornographic materials,1,Males,Y55-64,55-64 years,TOTAL,Total,2016,65,,,,,TIPO_DATO35__OFFEND_N1,For each crime the number of offenders declined by demo social variables could not coincide because of missing values.,,,,,,,,,,,,,,,,
A,Annual,IT,Italy,OFFEND,Number of alleged offenders reported by the police forces to the judicial authority,PORNO,Child pornography and possession of paedo-pornographic materials,1,Males,Y55-64,55-64 years,TOTAL,Total,2017,52,,,,,TIPO_DATO35__OFFEND_N1,For each crime the number of offenders declined by demo social variables could not coincide because of missing values.,,,,,,,,,,,,,,,,
A,Annual,IT,Italy,OFFEND,Number of alleged offenders reported by the police forces to the judicial authority,PORNO,Child pornography and possession of paedo-pornographic materials,1,Males,Y55-64,55-64 years,TOTAL,Total,2018,49,,,,,TIPO_DATO35__OFFEND_N1,For each crime the number of offenders declined by demo social variables could not coincide because of missing values.,,,,,,,,,,,,,,,,
A,Annual,IT,Italy,OFFEND,Number of alleged offenders reported by the police forces to the judicial authority,PORNO,Child pornography and possession of paedo-pornographic materials,1,Males,Y55-64,55-64 years,TOTAL,Total,2019,52,,,,,TIPO_DATO35__OFFEND_N1,For each crime the number of offenders declined by demo social variables could not coincide because of missing values.,,,,,,,,,,,,,,,,
A,Annual,IT,Italy,OFFEND,Number of alleged offenders reported by the police forces to the judicial authority,PORNO,Child pornography and possession of paedo-pornographic materials,1,Males,Y55-64,55-64 years,TOTAL,Total,2020,93,,,,,TIPO_DATO35__OFFEND_N1,For each crime the number of offenders declined by demo social variables could not coincide because of missing values.,,,,,,,,,,,,,,,,
A,Annual,IT,Italy,OFFEND,Number of alleged offenders reported by the police forces to the judicial authority,PORNO,Child pornography and possession of paedo-pornographic materials,1,Males,Y55-64,55-64 years,TOTAL,Total,2021,129,,,,,TIPO_DATO35__OFFEND_N1,For each crime the number of offenders declined by demo social variables could not coincide because of missing values.,,,,,,,,,,,,,,,,
A,Annual,IT,Italy,OFFEND,Number of alleged offenders reported by the police forces to the judicial authority,PORNO,Child pornography and possession of paedo-pornographic materials,1,Males,Y55-64,55-64 years,TOTAL,Total,2022,100,,,,,TIPO_DATO35__OFFEND_N1,For each crime the number of offenders declined by demo social variables could not coincide because of missing values.,,,,,,,,,,,,,,,,
A,Annual,IT,Italy,OFFEND,Number of alleged offenders reported by the police forces to the judicial authority,PORNO,Child pornography and possession of paedo-pornographic materials,1,Males,Y55-64,55-64 years,TOTAL,Total,2023,94,,,,,TIPO_DATO35__OFFEND_N1,For each crime the number of offenders declined by demo social variables could not coincide because of missing values.,,,,,,,,,,,,,,,,
A,Annual,IT,Italy,OFFEND,Number of alleged offenders reported by the police forces to the judicial authority,PORNO,Child pornography and possession of paedo-pornographic materials,1,Males,Y_GE65,65 years and over,ITL,Italian,2007,18,,,,,TIPO_DATO35__OFFEND_N1,For each crime the number of offenders declined by demo social variables could not coincide because of missing values.,,,,,,,,,,,,,,,,
A,Annual,IT,Italy,OFFEND,Number of alleged offenders reported by the police forces to the judicial authority,PORNO,Child pornography and possession of paedo-pornographic materials,1,Males,Y_GE65,65 years and over,ITL,Italian,2008,29,,,,,TIPO_DATO35__OFFEND_N1,For each crime the number of offenders declined by demo social variables could not coincide because of missing values.,,,,,,,,,,,,,,,,
A,Annual,IT,Italy,OFFEND,Number of alleged offenders reported by the police forces to the judicial authority,PORNO,Child pornography and possession of paedo-pornographic materials,1,Males,Y_GE65,65 years and over,ITL,Italian,2009,56,,,,,TIPO_DATO35__OFFEND_N1,For each crime the number of offenders declined by demo social variables could not coincide because of missing values.,,,,,,,,,,,,,,,,
A,Annual,IT,Italy,OFFEND,Number of alleged offenders reported by the police forces to the judicial authority,PORNO,Child pornography and possession of paedo-pornographic materials,1,Males,Y_GE65,65 years and over,ITL,Italian,2010,88,,,,,TIPO_DATO35__OFFEND_N1,For each crime the number of offenders declined by demo social variables could not coincide because of missing values.,,,,,,,,,,,,,,,,
A,Annual,IT,Italy,OFFEND,Number of alleged offenders reported by the police forces to the judicial authority,PORNO,Child pornography and possession of paedo-pornographic materials,1,Males,Y_GE65,65 years and over,ITL,Italian,2011,71,,,,,TIPO_DATO35__OFFEND_N1,For each crime the number of offenders declined by demo social variables could not coincide because of missing values.,,,,,,,,,,,,,,,,
A,Annual,IT,Italy,OFFEND,Number of alleged offenders reported by the police forces to the judicial authority,PORNO,Child pornography and possession of paedo-pornographic materials,1,Males,Y_GE65,65 years and over,ITL,Italian,2012,32,,,,,TIPO_DATO35__OFFEND_N1,For each crime the number of offenders declined by demo social variables could not coincide because of missing values.,,,,,,,,,,,,,,,,
A,Annual,IT,Italy,OFFEND,Number of alleged offenders reported by the police forces to the judicial authority,PORNO,Child pornography and possession of paedo-pornographic materials,1,Males,Y_GE65,65 years and over,ITL,Italian,2013,42,,,,,TIPO_DATO35__OFFEND_N1,For each crime the number of offenders declined by demo social variables could not coincide because of missing values.,,,,,,,,,,,,,,,,
A,Annual,IT,Italy,OFFEND,Number of alleged offenders reported by the police forces to the judicial authority,PORNO,Child pornography and possession of paedo-pornographic materials,1,Males,Y_GE65,65 years and over,ITL,Italian,2014,33,,,,,TIPO_DATO35__OFFEND_N1,For each crime the number of offenders declined by demo social variables could not coincide because of missing values.,,,,,,,,,,,,,,,,
A,Annual,IT,Italy,OFFEND,Number of alleged offenders reported by the police forces to the judicial authority,PORNO,Child pornography and possession of paedo-pornographic materials,1,Males,Y_GE65,65 years and over,ITL,Italian,2015,37,,,,,TIPO_DATO35__OFFEND_N1,For each crime the number of offenders declined by demo social variables could not coincide because of missing values.,,,,,,,,,,,,,,,,
A,Annual,IT,Italy,OFFEND,Number of alleged offenders reported by the police forces to the judicial authority,PORNO,Child pornography and possession of paedo-pornographic materials,1,Males,Y_GE65,65 years and over,ITL,Italian,2016,24,,,,,TIPO_DATO35__OFFEND_N1,For each crime the number of offenders declined by demo social variables could not coincide because of missing values.,,,,,,,,,,,,,,,,
A,Annual,IT,Italy,OFFEND,Number of alleged offenders reported by the police forces to the judicial authority,PORNO,Child pornography and possession of paedo-pornographic materials,1,Males,Y_GE65,65 years and over,ITL,Italian,2017,22,,,,,TIPO_DATO35__OFFEND_N1,For each crime the number of offenders declined by demo social variables could not coincide because of missing values.,,,,,,,,,,,,,,,,
A,Annual,IT,Italy,OFFEND,Number of alleged offenders reported by the police forces to the judicial authority,PORNO,Child pornography and possession of paedo-pornographic materials,1,Males,Y_GE65,65 years and over,ITL,Italian,2018,16,,,,,TIPO_DATO35__OFFEND_N1,For each crime the number of offenders declined by demo social variables could not coincide because of missing values.,,,,,,,,,,,,,,,,
A,Annual,IT,Italy,OFFEND,Number of alleged offenders reported by the police forces to the judicial authority,PORNO,Child pornography and possession of paedo-pornographic materials,1,Males,Y_GE65,65 years and over,ITL,Italian,2019,20,,,,,TIPO_DATO35__OFFEND_N1,For each crime the number of offenders declined by demo social variables could not coincide because of missing values.,,,,,,,,,,,,,,,,
A,Annual,IT,Italy,OFFEND,Number of alleged offenders reported by the police forces to the judicial authority,PORNO,Child pornography and possession of paedo-pornographic materials,1,Males,Y_GE65,65 years and over,ITL,Italian,2020,31,,,,,TIPO_DATO35__OFFEND_N1,For each crime the number of offenders declined by demo social variables could not coincide because of missing values.,,,,,,,,,,,,,,,,
A,Annual,IT,Italy,OFFEND,Number of alleged offenders reported by the police forces to the judicial authority,PORNO,Child pornography and possession of paedo-pornographic materials,1,Males,Y_GE65,65 years and over,ITL,Italian,2021,80,,,,,TIPO_DATO35__OFFEND_N1,For each crime the number of offenders declined by demo social variables could not coincide because of missing values.,,,,,,,,,,,,,,,,
A,Annual,IT,Italy,OFFEND,Number of alleged offenders reported by the police forces to the judicial authority,PORNO,Child pornography and possession of paedo-pornographic materials,1,Males,Y_GE65,65 years and over,ITL,Italian,2022,44,,,,,TIPO_DATO35__OFFEND_N1,For each crime the number of offenders declined by demo social variables could not coincide because of missing values.,,,,,,,,,,,,,,,,
A,Annual,IT,Italy,OFFEND,Number of alleged offenders reported by the police forces to the judicial authority,PORNO,Child pornography and possession of paedo-pornographic materials,1,Males,Y_GE65,65 years and over,ITL,Italian,2023,47,,,,,TIPO_DATO35__OFFEND_N1,For each crime the number of offenders declined by demo social variables could not coincide because of missing values.,,,,,,,,,,,,,,,,
A,Annual,IT,Italy,OFFEND,Number of alleged offenders reported by the police forces to the judicial authority,PORNO,Child pornography and possession of paedo-pornographic materials,1,Males,Y_GE65,65 years and over,FRG,Foreign,2007,2,,,,,TIPO_DATO35__OFFEND_N1,For each crime the number of offenders declined by demo social variables could not coincide because of missing values.,,,,,,,,,,,,,,,,
A,Annual,IT,Italy,OFFEND,Number of alleged offenders reported by the police forces to the judicial authority,PORNO,Child pornography and possession of paedo-pornographic materials,1,Males,Y_GE65,65 years and over,FRG,Foreign,2008,3,,,,,TIPO_DATO35__OFFEND_N1,For each crime the number of offenders declined by demo social variables could not coincide because of missing values.,,,,,,,,,,,,,,,,
A,Annual,IT,Italy,OFFEND,Number of alleged offenders reported by the police forces to the judicial authority,PORNO,Child pornography and possession of paedo-pornographic materials,1,Males,Y_GE65,65 years and over,FRG,Foreign,2009,0,,,,,TIPO_DATO35__OFFEND_N1,For each crime the number of offenders declined by demo social variables could not coincide because of missing values.,,,,,,,,,,,,,,,,
A,Annual,IT,Italy,OFFEND,Number of alleged offenders reported by the police forces to the judicial authority,PORNO,Child pornography and possession of paedo-pornographic materials,1,Males,Y_GE65,65 years and over,FRG,Foreign,2010,0,,,,,TIPO_DATO35__OFFEND_N1,For each crime the number of offenders declined by demo social variables could not coincide because of missing values.,,,,,,,,,,,,,,,,
A,Annual,IT,Italy,OFFEND,Number of alleged offenders reported by the police forces to the judicial authority,PORNO,Child pornography and possession of paedo-pornographic materials,1,Males,Y_GE65,65 years and over,FRG,Foreign,2011,3,,,,,TIPO_DATO35__OFFEND_N1,For each crime the number of offenders declined by demo social variables could not coincide because of missing values.,,,,,,,,,,,,,,,,
A,Annual,IT,Italy,OFFEND,Number of alleged offenders reported by the police forces to the judicial authority,PORNO,Child pornography and possession of paedo-pornographic materials,1,Males,Y_GE65,65 years and over,FRG,Foreign,2012,2,,,,,TIPO_DATO35__OFFEND_N1,For each crime the number of offenders declined by demo social variables could not coincide because of missing values.,,,,,,,,,,,,,,,,
A,Annual,IT,Italy,OFFEND,Number of alleged offenders reported by the police forces to the judicial authority,PORNO,Child pornography and possession of paedo-pornographic materials,1,Males,Y_GE65,65 years and over,FRG,Foreign,2013,0,,,,,TIPO_DATO35__OFFEND_N1,For each crime the number of offenders declined by demo social variables could not coincide because of missing values.,,,,,,,,,,,,,,,,
A,Annual,IT,Italy,OFFEND,Number of alleged offenders reported by the police forces to the judicial authority,PORNO,Child pornography and possession of paedo-pornographic materials,1,Males,Y_GE65,65 years and over,FRG,Foreign,2014,0,,,,,TIPO_DATO35__OFFEND_N1,For each crime the number of offenders declined by demo social variables could not coincide because of missing values.,,,,,,,,,,,,,,,,
A,Annual,IT,Italy,OFFEND,Number of alleged offenders reported by the police forces to the judicial authority,PORNO,Child pornography and possession of paedo-pornographic materials,1,Males,Y_GE65,65 years and over,FRG,Foreign,2015,1,,,,,TIPO_DATO35__OFFEND_N1,For each crime the number of offenders declined by demo social variables could not coincide because of missing values.,,,,,,,,,,,,,,,,
A,Annual,IT,Italy,OFFEND,Number of alleged offenders reported by the police forces to the judicial authority,PORNO,Child pornography and possession of paedo-pornographic materials,1,Males,Y_GE65,65 years and over,FRG,Foreign,2016,0,,,,,TIPO_DATO35__OFFEND_N1,For each crime the number of offenders declined by demo social variables could not coincide because of missing values.,,,,,,,,,,,,,,,,
A,Annual,IT,Italy,OFFEND,Number of alleged offenders reported by the police forces to the judicial authority,PORNO,Child pornography and possession of paedo-pornographic materials,1,Males,Y_GE65,65 years and over,FRG,Foreign,2017,0,,,,,TIPO_DATO35__OFFEND_N1,For each crime the number of offenders declined by demo social variables could not coincide because of missing values.,,,,,,,,,,,,,,,,
A,Annual,IT,Italy,OFFEND,Number of alleged offenders reported by the police forces to the judicial authority,PORNO,Child pornography and possession of paedo-pornographic materials,1,Males,Y_GE65,65 years and over,FRG,Foreign,2018,2,,,,,TIPO_DATO35__OFFEND_N1,For each crime the number of offenders declined by demo social variables could not coincide because of missing values.,,,,,,,,,,,,,,,,
A,Annual,IT,Italy,OFFEND,Number of alleged offenders reported by the police forces to the judicial authority,PORNO,Child pornography and possession of paedo-pornographic materials,1,Males,Y_GE65,65 years and over,FRG,Foreign,2019,3,,,,,TIPO_DATO35__OFFEND_N1,For each crime the number of offenders declined by demo social variables could not coincide because of missing values.,,,,,,,,,,,,,,,,
A,Annual,IT,Italy,OFFEND,Number of alleged offenders reported by the police forces to the judicial authority,PORNO,Child pornography and possession of paedo-pornographic materials,1,Males,Y_GE65,65 years and over,FRG,Foreign,2020,3,,,,,TIPO_DATO35__OFFEND_N1,For each crime the number of offenders declined by demo social variables could not coincide because of missing values.,,,,,,,,,,,,,,,,
A,Annual,IT,Italy,OFFEND,Number of alleged offenders reported by the police forces to the judicial authority,PORNO,Child pornography and possession of paedo-pornographic materials,1,Males,Y_GE65,65 years and over,FRG,Foreign,2021,9,,,,,TIPO_DATO35__OFFEND_N1,For each crime the number of offenders declined by demo social variables could not coincide because of missing values.,,,,,,,,,,,,,,,,
A,Annual,IT,Italy,OFFEND,Number of alleged offenders reported by the police forces to the judicial authority,PORNO,Child pornography and possession of paedo-pornographic materials,1,Males,Y_GE65,65 years and over,FRG,Foreign,2022,3,,,,,TIPO_DATO35__OFFEND_N1,For each crime the number of offenders declined by demo social variables could not coincide because of missing values.,,,,,,,,,,,,,,,,
A,Annual,IT,Italy,OFFEND,Number of alleged offenders reported by the police forces to the judicial authority,PORNO,Child pornography and possession of paedo-pornographic materials,1,Males,Y_GE65,65 years and over,FRG,Foreign,2023,3,,,,,TIPO_DATO35__OFFEND_N1,For each crime the number of offenders declined by demo social variables could not coincide because of missing values.,,,,,,,,,,,,,,,,
A,Annual,IT,Italy,OFFEND,Number of alleged offenders reported by the police forces to the judicial authority,PORNO,Child pornography and possession of paedo-pornographic materials,1,Males,Y_GE65,65 years and over,TOTAL,Total,2007,20,,,,,TIPO_DATO35__OFFEND_N1,For each crime the number of offenders declined by demo social variables could not coincide because of missing values.,,,,,,,,,,,,,,,,
A,Annual,IT,Italy,OFFEND,Number of alleged offenders reported by the police forces to the judicial authority,PORNO,Child pornography and possession of paedo-pornographic materials,1,Males,Y_GE65,65 years and over,TOTAL,Total,2008,32,,,,,TIPO_DATO35__OFFEND_N1,For each crime the number of offenders declined by demo social variables could not coincide because of missing values.,,,,,,,,,,,,,,,,
A,Annual,IT,Italy,OFFEND,Number of alleged offenders reported by the police forces to the judicial authority,PORNO,Child pornography and possession of paedo-pornographic materials,1,Males,Y_GE65,65 years and over,TOTAL,Total,2009,56,,,,,TIPO_DATO35__OFFEND_N1,For each crime the number of offenders declined by demo social variables could not coincide because of missing values.,,,,,,,,,,,,,,,,
A,Annual,IT,Italy,OFFEND,Number of alleged offenders reported by the police forces to the judicial authority,PORNO,Child pornography and possession of paedo-pornographic materials,1,Males,Y_GE65,65 years and over,TOTAL,Total,2010,88,,,,,TIPO_DATO35__OFFEND_N1,For each crime the number of offenders declined by demo social variables could not coincide because of missing values.,,,,,,,,,,,,,,,,
A,Annual,IT,Italy,OFFEND,Number of alleged offenders reported by the police forces to the judicial authority,PORNO,Child pornography and possession of paedo-pornographic materials,1,Males,Y_GE65,65 years and over,TOTAL,Total,2011,74,,,,,TIPO_DATO35__OFFEND_N1,For each crime the number of offenders declined by demo social variables could not coincide because of missing values.,,,,,,,,,,,,,,,,
A,Annual,IT,Italy,OFFEND,Number of alleged offenders reported by the police forces to the judicial authority,PORNO,Child pornography and possession of paedo-pornographic materials,1,Males,Y_GE65,65 years and over,TOTAL,Total,2012,34,,,,,TIPO_DATO35__OFFEND_N1,For each crime the number of offenders declined by demo social variables could not coincide because of missing values.,,,,,,,,,,,,,,,,
A,Annual,IT,Italy,OFFEND,Number of alleged offenders reported by the police forces to the judicial authority,PORNO,Child pornography and possession of paedo-pornographic materials,1,Males,Y_GE65,65 years and over,TOTAL,Total,2013,42,,,,,TIPO_DATO35__OFFEND_N1,For each crime the number of offenders declined by demo social variables could not coincide because of missing values.,,,,,,,,,,,,,,,,
A,Annual,IT,Italy,OFFEND,Number of alleged offenders reported by the police forces to the judicial authority,PORNO,Child pornography and possession of paedo-pornographic materials,1,Males,Y_GE65,65 years and over,TOTAL,Total,2014,33,,,,,TIPO_DATO35__OFFEND_N1,For each crime the number of offenders declined by demo social variables could not coincide because of missing values.,,,,,,,,,,,,,,,,
A,Annual,IT,Italy,OFFEND,Number of alleged offenders reported by the police forces to the judicial authority,PORNO,Child pornography and possession of paedo-pornographic materials,1,Males,Y_GE65,65 years and over,TOTAL,Total,2015,38,,,,,TIPO_DATO35__OFFEND_N1,For each crime the number of offenders declined by demo social variables could not coincide because of missing values.,,,,,,,,,,,,,,,,
A,Annual,IT,Italy,OFFEND,Number of alleged offenders reported by the police forces to the judicial authority,PORNO,Child pornography and possession of paedo-pornographic materials,1,Males,Y_GE65,65 years and over,TOTAL,Total,2016,24,,,,,TIPO_DATO35__OFFEND_N1,For each crime the number of offenders declined by demo social variables could not coincide because of missing values.,,,,,,,,,,,,,,,,
A,Annual,IT,Italy,OFFEND,Number of alleged offenders reported by the police forces to the judicial authority,PORNO,Child pornography and possession of paedo-pornographic materials,1,Males,Y_GE65,65 years and over,TOTAL,Total,2017,22,,,,,TIPO_DATO35__OFFEND_N1,For each crime the number of offenders declined by demo social variables could not coincide because of missing values.,,,,,,,,,,,,,,,,
A,Annual,IT,Italy,OFFEND,Number of alleged offenders reported by the police forces to the judicial authority,PORNO,Child pornography and possession of paedo-pornographic materials,1,Males,Y_GE65,65 years and over,TOTAL,Total,2018,18,,,,,TIPO_DATO35__OFFEND_N1,For each crime the number of offenders declined by demo social variables could not coincide because of missing values.,,,,,,,,,,,,,,,,
A,Annual,IT,Italy,OFFEND,Number of alleged offenders reported by the police forces to the judicial authority,PORNO,Child pornography and possession of paedo-pornographic materials,1,Males,Y_GE65,65 years and over,TOTAL,Total,2019,23,,,,,TIPO_DATO35__OFFEND_N1,For each crime the number of offenders declined by demo social variables could not coincide because of missing values.,,,,,,,,,,,,,,,,
A,Annual,IT,Italy,OFFEND,Number of alleged offenders reported by the police forces to the judicial authority,PORNO,Child pornography and possession of paedo-pornographic materials,1,Males,Y_GE65,65 years and over,TOTAL,Total,2020,34,,,,,TIPO_DATO35__OFFEND_N1,For each crime the number of offenders declined by demo social variables could not coincide because of missing values.,,,,,,,,,,,,,,,,
A,Annual,IT,Italy,OFFEND,Number of alleged offenders reported by the police forces to the judicial authority,PORNO,Child pornography and possession of paedo-pornographic materials,1,Males,Y_GE65,65 years and over,TOTAL,Total,2021,89,,,,,TIPO_DATO35__OFFEND_N1,For each crime the number of offenders declined by demo social variables could not coincide because of missing values.,,,,,,,,,,,,,,,,
A,Annual,IT,Italy,OFFEND,Number of alleged offenders reported by the police forces to the judicial authority,PORNO,Child pornography and possession of paedo-pornographic materials,1,Males,Y_GE65,65 years and over,TOTAL,Total,2022,47,,,,,TIPO_DATO35__OFFEND_N1,For each crime the number of offenders declined by demo social variables could not coincide because of missing values.,,,,,,,,,,,,,,,,
A,Annual,IT,Italy,OFFEND,Number of alleged offenders reported by the police forces to the judicial authority,PORNO,Child pornography and possession of paedo-pornographic materials,1,Males,Y_GE65,65 years and over,TOTAL,Total,2023,50,,,,,TIPO_DATO35__OFFEND_N1,For each crime the number of offenders declined by demo social variables could not coincide because of missing values.,,,,,,,,,,,,,,,,
A,Annual,IT,Italy,OFFEND,Number of alleged offenders reported by the police forces to the judicial authority,PORNO,Child pornography and possession of paedo-pornographic materials,2,Females,Y_UN13,Until 13 years,ITL,Italian,2007,0,,,,,TIPO_DATO35__OFFEND_N1,For each crime the number of offenders declined by demo social variables could not coincide because of missing values.,,,,,,,,,,,,,,,,
A,Annual,IT,Italy,OFFEND,Number of alleged offenders reported by the police forces to the judicial authority,PORNO,Child pornography and possession of paedo-pornographic materials,2,Females,Y_UN13,Until 13 years,ITL,Italian,2008,0,,,,,TIPO_DATO35__OFFEND_N1,For each crime the number of offenders declined by demo social variables could not coincide because of missing values.,,,,,,,,,,,,,,,,
A,Annual,IT,Italy,OFFEND,Number of alleged offenders reported by the police forces to the judicial authority,PORNO,Child pornography and possession of paedo-pornographic materials,2,Females,Y_UN13,Until 13 years,ITL,Italian,2009,0,,,,,TIPO_DATO35__OFFEND_N1,For each crime the number of offenders declined by demo social variables could not coincide because of missing values.,,,,,,,,,,,,,,,,
A,Annual,IT,Italy,OFFEND,Number of alleged offenders reported by the police forces to the judicial authority,PORNO,Child pornography and possession of paedo-pornographic materials,2,Females,Y_UN13,Until 13 years,ITL,Italian,2010,1,,,,,TIPO_DATO35__OFFEND_N1,For each crime the number of offenders declined by demo social variables could not coincide because of missing values.,,,,,,,,,,,,,,,,
A,Annual,IT,Italy,OFFEND,Number of alleged offenders reported by the police forces to the judicial authority,PORNO,Child pornography and possession of paedo-pornographic materials,2,Females,Y_UN13,Until 13 years,ITL,Italian,2011,1,,,,,TIPO_DATO35__OFFEND_N1,For each crime the number of offenders declined by demo social variables could not coincide because of missing values.,,,,,,,,,,,,,,,,
A,Annual,IT,Italy,OFFEND,Number of alleged offenders reported by the police forces to the judicial authority,PORNO,Child pornography and possession of paedo-pornographic materials,2,Females,Y_UN13,Until 13 years,ITL,Italian,2012,0,,,,,TIPO_DATO35__OFFEND_N1,For each crime the number of offenders declined by demo social variables could not coincide because of missing values.,,,,,,,,,,,,,,,,
A,Annual,IT,Italy,OFFEND,Number of alleged offenders reported by the police forces to the judicial authority,PORNO,Child pornography and possession of paedo-pornographic materials,2,Females,Y_UN13,Until 13 years,ITL,Italian,2013,3,,,,,TIPO_DATO35__OFFEND_N1,For each crime the number of offenders declined by demo social variables could not coincide because of missing values.,,,,,,,,,,,,,,,,
A,Annual,IT,Italy,OFFEND,Number of alleged offenders reported by the police forces to the judicial authority,PORNO,Child pornography and possession of paedo-pornographic materials,2,Females,Y_UN13,Until 13 years,ITL,Italian,2014,3,,,,,TIPO_DATO35__OFFEND_N1,For each crime the number of offenders declined by demo social variables could not coincide because of missing values.,,,,,,,,,,,,,,,,
A,Annual,IT,Italy,OFFEND,Number of alleged offenders reported by the police forces to the judicial authority,PORNO,Child pornography and possession of paedo-pornographic materials,2,Females,Y_UN13,Until 13 years,ITL,Italian,2015,1,,,,,TIPO_DATO35__OFFEND_N1,For each crime the number of offenders declined by demo social variables could not coincide because of missing values.,,,,,,,,,,,,,,,,
A,Annual,IT,Italy,OFFEND,Number of alleged offenders reported by the police forces to the judicial authority,PORNO,Child pornography and possession of paedo-pornographic materials,2,Females,Y_UN13,Until 13 years,ITL,Italian,2016,6,,,,,TIPO_DATO35__OFFEND_N1,For each crime the number of offenders declined by demo social variables could not coincide because of missing values.,,,,,,,,,,,,,,,,
A,Annual,IT,Italy,OFFEND,Number of alleged offenders reported by the police forces to the judicial authority,PORNO,Child pornography and possession of paedo-pornographic materials,2,Females,Y_UN13,Until 13 years,ITL,Italian,2017,3,,,,,TIPO_DATO35__OFFEND_N1,For each crime the number of offenders declined by demo social variables could not coincide because of missing values.,,,,,,,,,,,,,,,,
A,Annual,IT,Italy,OFFEND,Number of alleged offenders reported by the police forces to the judicial authority,PORNO,Child pornography and possession of paedo-pornographic materials,2,Females,Y_UN13,Until 13 years,ITL,Italian,2018,2,,,,,TIPO_DATO35__OFFEND_N1,For each crime the number of offenders declined by demo social variables could not coincide because of missing values.,,,,,,,,,,,,,,,,
A,Annual,IT,Italy,OFFEND,Number of alleged offenders reported by the police forces to the judicial authority,PORNO,Child pornography and possession of paedo-pornographic materials,2,Females,Y_UN13,Until 13 years,ITL,Italian,2019,1,,,,,TIPO_DATO35__OFFEND_N1,For each crime the number of offenders declined by demo social variables could not coincide because of missing values.,,,,,,,,,,,,,,,,
A,Annual,IT,Italy,OFFEND,Number of alleged offenders reported by the police forces to the judicial authority,PORNO,Child pornography and possession of paedo-pornographic materials,2,Females,Y_UN13,Until 13 years,ITL,Italian,2020,0,,,,,TIPO_DATO35__OFFEND_N1,For each crime the number of offenders declined by demo social variables could not coincide because of missing values.,,,,,,,,,,,,,,,,
A,Annual,IT,Italy,OFFEND,Number of alleged offenders reported by the police forces to the judicial authority,PORNO,Child pornography and possession of paedo-pornographic materials,2,Females,Y_UN13,Until 13 years,ITL,Italian,2021,1,,,,,TIPO_DATO35__OFFEND_N1,For each crime the number of offenders declined by demo social variables could not coincide because of missing values.,,,,,,,,,,,,,,,,
A,Annual,IT,Italy,OFFEND,Number of alleged offenders reported by the police forces to the judicial authority,PORNO,Child pornography and possession of paedo-pornographic materials,2,Females,Y_UN13,Until 13 years,ITL,Italian,2022,4,,,,,TIPO_DATO35__OFFEND_N1,For each crime the number of offenders declined by demo social variables could not coincide because of missing values.,,,,,,,,,,,,,,,,
A,Annual,IT,Italy,OFFEND,Number of alleged offenders reported by the police forces to the judicial authority,PORNO,Child pornography and possession of paedo-pornographic materials,2,Females,Y_UN13,Until 13 years,ITL,Italian,2023,1,,,,,TIPO_DATO35__OFFEND_N1,For each crime the number of offenders declined by demo social variables could not coincide because of missing values.,,,,,,,,,,,,,,,,
A,Annual,IT,Italy,OFFEND,Number of alleged offenders reported by the police forces to the judicial authority,PORNO,Child pornography and possession of paedo-pornographic materials,2,Females,Y_UN13,Until 13 years,FRG,Foreign,2007,0,,,,,TIPO_DATO35__OFFEND_N1,For each crime the number of offenders declined by demo social variables could not coincide because of missing values.,,,,,,,,,,,,,,,,
A,Annual,IT,Italy,OFFEND,Number of alleged offenders reported by the police forces to the judicial authority,PORNO,Child pornography and possession of paedo-pornographic materials,2,Females,Y_UN13,Until 13 years,FRG,Foreign,2008,0,,,,,TIPO_DATO35__OFFEND_N1,For each crime the number of offenders declined by demo social variables could not coincide because of missing values.,,,,,,,,,,,,,,,,
A,Annual,IT,Italy,OFFEND,Number of alleged offenders reported by the police forces to the judicial authority,PORNO,Child pornography and possession of paedo-pornographic materials,2,Females,Y_UN13,Until 13 years,FRG,Foreign,2009,0,,,,,TIPO_DATO35__OFFEND_N1,For each crime the number of offenders declined by demo social variables could not coincide because of missing values.,,,,,,,,,,,,,,,,
A,Annual,IT,Italy,OFFEND,Number of alleged offenders reported by the police forces to the judicial authority,PORNO,Child pornography and possession of paedo-pornographic materials,2,Females,Y_UN13,Until 13 years,FRG,Foreign,2010,0,,,,,TIPO_DATO35__OFFEND_N1,For each crime the number of offenders declined by demo social variables could not coincide because of missing values.,,,,,,,,,,,,,,,,
A,Annual,IT,Italy,OFFEND,Number of alleged offenders reported by the police forces to the judicial authority,PORNO,Child pornography and possession of paedo-pornographic materials,2,Females,Y_UN13,Until 13 years,FRG,Foreign,2011,0,,,,,TIPO_DATO35__OFFEND_N1,For each crime the number of offenders declined by demo social variables could not coincide because of missing values.,,,,,,,,,,,,,,,,
A,Annual,IT,Italy,OFFEND,Number of alleged offenders reported by the police forces to the judicial authority,PORNO,Child pornography and possession of paedo-pornographic materials,2,Females,Y_UN13,Until 13 years,FRG,Foreign,2012,0,,,,,TIPO_DATO35__OFFEND_N1,For each crime the number of offenders declined by demo social variables could not coincide because of missing values.,,,,,,,,,,,,,,,,
A,Annual,IT,Italy,OFFEND,Number of alleged offenders reported by the police forces to the judicial authority,PORNO,Child pornography and possession of paedo-pornographic materials,2,Females,Y_UN13,Until 13 years,FRG,Foreign,2013,0,,,,,TIPO_DATO35__OFFEND_N1,For each crime the number of offenders declined by demo social variables could not coincide because of missing values.,,,,,,,,,,,,,,,,
A,Annual,IT,Italy,OFFEND,Number of alleged offenders reported by the police forces to the judicial authority,PORNO,Child pornography and possession of paedo-pornographic materials,2,Females,Y_UN13,Until 13 years,FRG,Foreign,2014,1,,,,,TIPO_DATO35__OFFEND_N1,For each crime the number of offenders declined by demo social variables could not coincide because of missing values.,,,,,,,,,,,,,,,,
A,Annual,IT,Italy,OFFEND,Number of alleged offenders reported by the police forces to the judicial authority,PORNO,Child pornography and possession of paedo-pornographic materials,2,Females,Y_UN13,Until 13 years,FRG,Foreign,2015,0,,,,,TIPO_DATO35__OFFEND_N1,For each crime the number of offenders declined by demo social variables could not coincide because of missing values.,,,,,,,,,,,,,,,,
A,Annual,IT,Italy,OFFEND,Number of alleged offenders reported by the police forces to the judicial authority,PORNO,Child pornography and possession of paedo-pornographic materials,2,Females,Y_UN13,Until 13 years,FRG,Foreign,2016,0,,,,,TIPO_DATO35__OFFEND_N1,For each crime the number of offenders declined by demo social variables could not coincide because of missing values.,,,,,,,,,,,,,,,,
A,Annual,IT,Italy,OFFEND,Number of alleged offenders reported by the police forces to the judicial authority,PORNO,Child pornography and possession of paedo-pornographic materials,2,Females,Y_UN13,Until 13 years,FRG,Foreign,2017,2,,,,,TIPO_DATO35__OFFEND_N1,For each crime the number of offenders declined by demo social variables could not coincide because of missing values.,,,,,,,,,,,,,,,,
A,Annual,IT,Italy,OFFEND,Number of alleged offenders reported by the police forces to the judicial authority,PORNO,Child pornography and possession of paedo-pornographic materials,2,Females,Y_UN13,Until 13 years,FRG,Foreign,2018,1,,,,,TIPO_DATO35__OFFEND_N1,For each crime the number of offenders declined by demo social variables could not coincide because of missing values.,,,,,,,,,,,,,,,,
A,Annual,IT,Italy,OFFEND,Number of alleged offenders reported by the police forces to the judicial authority,PORNO,Child pornography and possession of paedo-pornographic materials,2,Females,Y_UN13,Until 13 years,FRG,Foreign,2019,2,,,,,TIPO_DATO35__OFFEND_N1,For each crime the number of offenders declined by demo social variables could not coincide because of missing values.,,,,,,,,,,,,,,,,
A,Annual,IT,Italy,OFFEND,Number of alleged offenders reported by the police forces to the judicial authority,PORNO,Child pornography and possession of paedo-pornographic materials,2,Females,Y_UN13,Until 13 years,FRG,Foreign,2020,0,,,,,TIPO_DATO35__OFFEND_N1,For each crime the number of offenders declined by demo social variables could not coincide because of missing values.,,,,,,,,,,,,,,,,
A,Annual,IT,Italy,OFFEND,Number of alleged offenders reported by the police forces to the judicial authority,PORNO,Child pornography and possession of paedo-pornographic materials,2,Females,Y_UN13,Until 13 years,FRG,Foreign,2021,3,,,,,TIPO_DATO35__OFFEND_N1,For each crime the number of offenders declined by demo social variables could not coincide because of missing values.,,,,,,,,,,,,,,,,
A,Annual,IT,Italy,OFFEND,Number of alleged offenders reported by the police forces to the judicial authority,PORNO,Child pornography and possession of paedo-pornographic materials,2,Females,Y_UN13,Until 13 years,FRG,Foreign,2022,7,,,,,TIPO_DATO35__OFFEND_N1,For each crime the number of offenders declined by demo social variables could not coincide because of missing values.,,,,,,,,,,,,,,,,
A,Annual,IT,Italy,OFFEND,Number of alleged offenders reported by the police forces to the judicial authority,PORNO,Child pornography and possession of paedo-pornographic materials,2,Females,Y_UN13,Until 13 years,FRG,Foreign,2023,1,,,,,TIPO_DATO35__OFFEND_N1,For each crime the number of offenders declined by demo social variables could not coincide because of missing values.,,,,,,,,,,,,,,,,
A,Annual,IT,Italy,OFFEND,Number of alleged offenders reported by the police forces to the judicial authority,PORNO,Child pornography and possession of paedo-pornographic materials,2,Females,Y_UN13,Until 13 years,TOTAL,Total,2007,0,,,,,TIPO_DATO35__OFFEND_N1,For each crime the number of offenders declined by demo social variables could not coincide because of missing values.,,,,,,,,,,,,,,,,
A,Annual,IT,Italy,OFFEND,Number of alleged offenders reported by the police forces to the judicial authority,PORNO,Child pornography and possession of paedo-pornographic materials,2,Females,Y_UN13,Until 13 years,TOTAL,Total,2008,0,,,,,TIPO_DATO35__OFFEND_N1,For each crime the number of offenders declined by demo social variables could not coincide because of missing values.,,,,,,,,,,,,,,,,
A,Annual,IT,Italy,OFFEND,Number of alleged offenders reported by the police forces to the judicial authority,PORNO,Child pornography and possession of paedo-pornographic materials,2,Females,Y_UN13,Until 13 years,TOTAL,Total,2009,0,,,,,TIPO_DATO35__OFFEND_N1,For each crime the number of offenders declined by demo social variables could not coincide because of missing values.,,,,,,,,,,,,,,,,
A,Annual,IT,Italy,OFFEND,Number of alleged offenders reported by the police forces to the judicial authority,PORNO,Child pornography and possession of paedo-pornographic materials,2,Females,Y_UN13,Until 13 years,TOTAL,Total,2010,1,,,,,TIPO_DATO35__OFFEND_N1,For each crime the number of offenders declined by demo social variables could not coincide because of missing values.,,,,,,,,,,,,,,,,
A,Annual,IT,Italy,OFFEND,Number of alleged offenders reported by the police forces to the judicial authority,PORNO,Child pornography and possession of paedo-pornographic materials,2,Females,Y_UN13,Until 13 years,TOTAL,Total,2011,1,,,,,TIPO_DATO35__OFFEND_N1,For each crime the number of offenders declined by demo social variables could not coincide because of missing values.,,,,,,,,,,,,,,,,
A,Annual,IT,Italy,OFFEND,Number of alleged offenders reported by the police forces to the judicial authority,PORNO,Child pornography and possession of paedo-pornographic materials,2,Females,Y_UN13,Until 13 years,TOTAL,Total,2012,0,,,,,TIPO_DATO35__OFFEND_N1,For each crime the number of offenders declined by demo social variables could not coincide because of missing values.,,,,,,,,,,,,,,,,
A,Annual,IT,Italy,OFFEND,Number of alleged offenders reported by the police forces to the judicial authority,PORNO,Child pornography and possession of paedo-pornographic materials,2,Females,Y_UN13,Until 13 years,TOTAL,Total,2013,3,,,,,TIPO_DATO35__OFFEND_N1,For each crime the number of offenders declined by demo social variables could not coincide because of missing values.,,,,,,,,,,,,,,,,
A,Annual,IT,Italy,OFFEND,Number of alleged offenders reported by the police forces to the judicial authority,PORNO,Child pornography and possession of paedo-pornographic materials,2,Females,Y_UN13,Until 13 years,TOTAL,Total,2014,4,,,,,TIPO_DATO35__OFFEND_N1,For each crime the number of offenders declined by demo social variables could not coincide because of missing values.,,,,,,,,,,,,,,,,
A,Annual,IT,Italy,OFFEND,Number of alleged offenders reported by the police forces to the judicial authority,PORNO,Child pornography and possession of paedo-pornographic materials,2,Females,Y_UN13,Until 13 years,TOTAL,Total,2015,1,,,,,TIPO_DATO35__OFFEND_N1,For each crime the number of offenders declined by demo social variables could not coincide because of missing values.,,,,,,,,,,,,,,,,
A,Annual,IT,Italy,OFFEND,Number of alleged offenders reported by the police forces to the judicial authority,PORNO,Child pornography and possession of paedo-pornographic materials,2,Females,Y_UN13,Until 13 years,TOTAL,Total,2016,6,,,,,TIPO_DATO35__OFFEND_N1,For each crime the number of offenders declined by demo social variables could not coincide because of missing values.,,,,,,,,,,,,,,,,
A,Annual,IT,Italy,OFFEND,Number of alleged offenders reported by the police forces to the judicial authority,PORNO,Child pornography and possession of paedo-pornographic materials,2,Females,Y_UN13,Until 13 years,TOTAL,Total,2017,5,,,,,TIPO_DATO35__OFFEND_N1,For each crime the number of offenders declined by demo social variables could not coincide because of missing values.,,,,,,,,,,,,,,,,
A,Annual,IT,Italy,OFFEND,Number of alleged offenders reported by the police forces to the judicial authority,PORNO,Child pornography and possession of paedo-pornographic materials,2,Females,Y_UN13,Until 13 years,TOTAL,Total,2018,3,,,,,TIPO_DATO35__OFFEND_N1,For each crime the number of offenders declined by demo social variables could not coincide because of missing values.,,,,,,,,,,,,,,,,
A,Annual,IT,Italy,OFFEND,Number of alleged offenders reported by the police forces to the judicial authority,PORNO,Child pornography and possession of paedo-pornographic materials,2,Females,Y_UN13,Until 13 years,TOTAL,Total,2019,3,,,,,TIPO_DATO35__OFFEND_N1,For each crime the number of offenders declined by demo social variables could not coincide because of missing values.,,,,,,,,,,,,,,,,
A,Annual,IT,Italy,OFFEND,Number of alleged offenders reported by the police forces to the judicial authority,PORNO,Child pornography and possession of paedo-pornographic materials,2,Females,Y_UN13,Until 13 years,TOTAL,Total,2020,0,,,,,TIPO_DATO35__OFFEND_N1,For each crime the number of offenders declined by demo social variables could not coincide because of missing values.,,,,,,,,,,,,,,,,
A,Annual,IT,Italy,OFFEND,Number of alleged offenders reported by the police forces to the judicial authority,PORNO,Child pornography and possession of paedo-pornographic materials,2,Females,Y_UN13,Until 13 years,TOTAL,Total,2021,4,,,,,TIPO_DATO35__OFFEND_N1,For each crime the number of offenders declined by demo social variables could not coincide because of missing values.,,,,,,,,,,,,,,,,
A,Annual,IT,Italy,OFFEND,Number of alleged offenders reported by the police forces to the judicial authority,PORNO,Child pornography and possession of paedo-pornographic materials,2,Females,Y_UN13,Until 13 years,TOTAL,Total,2022,11,,,,,TIPO_DATO35__OFFEND_N1,For each crime the number of offenders declined by demo social variables could not coincide because of missing values.,,,,,,,,,,,,,,,,
A,Annual,IT,Italy,OFFEND,Number of alleged offenders reported by the police forces to the judicial authority,PORNO,Child pornography and possession of paedo-pornographic materials,2,Females,Y_UN13,Until 13 years,TOTAL,Total,2023,2,,,,,TIPO_DATO35__OFFEND_N1,For each crime the number of offenders declined by demo social variables could not coincide because of missing values.,,,,,,,,,,,,,,,,
A,Annual,IT,Italy,OFFEND,Number of alleged offenders reported by the police forces to the judicial authority,PORNO,Child pornography and possession of paedo-pornographic materials,2,Females,Y14-17,14-17 years,ITL,Italian,2007,2,,,,,TIPO_DATO35__OFFEND_N1,For each crime the number of offenders declined by demo social variables could not coincide because of missing values.,,,,,,,,,,,,,,,,
A,Annual,IT,Italy,OFFEND,Number of alleged offenders reported by the police forces to the judicial authority,PORNO,Child pornography and possession of paedo-pornographic materials,2,Females,Y14-17,14-17 years,ITL,Italian,2008,5,,,,,TIPO_DATO35__OFFEND_N1,For each crime the number of offenders declined by demo social variables could not coincide because of missing values.,,,,,,,,,,,,,,,,
A,Annual,IT,Italy,OFFEND,Number of alleged offenders reported by the police forces to the judicial authority,PORNO,Child pornography and possession of paedo-pornographic materials,2,Females,Y14-17,14-17 years,ITL,Italian,2009,0,,,,,TIPO_DATO35__OFFEND_N1,For each crime the number of offenders declined by demo social variables could not coincide because of missing values.,,,,,,,,,,,,,,,,
A,Annual,IT,Italy,OFFEND,Number of alleged offenders reported by the police forces to the judicial authority,PORNO,Child pornography and possession of paedo-pornographic materials,2,Females,Y14-17,14-17 years,ITL,Italian,2010,2,,,,,TIPO_DATO35__OFFEND_N1,For each crime the number of offenders declined by demo social variables could not coincide because of missing values.,,,,,,,,,,,,,,,,
A,Annual,IT,Italy,OFFEND,Number of alleged offenders reported by the police forces to the judicial authority,PORNO,Child pornography and possession of paedo-pornographic materials,2,Females,Y14-17,14-17 years,ITL,Italian,2011,1,,,,,TIPO_DATO35__OFFEND_N1,For each crime the number of offenders declined by demo social variables could not coincide because of missing values.,,,,,,,,,,,,,,,,
A,Annual,IT,Italy,OFFEND,Number of alleged offenders reported by the police forces to the judicial authority,PORNO,Child pornography and possession of paedo-pornographic materials,2,Females,Y14-17,14-17 years,ITL,Italian,2012,1,,,,,TIPO_DATO35__OFFEND_N1,For each crime the number of offenders declined by demo social variables could not coincide because of missing values.,,,,,,,,,,,,,,,,
A,Annual,IT,Italy,OFFEND,Number of alleged offenders reported by the police forces to the judicial authority,PORNO,Child pornography and possession of paedo-pornographic materials,2,Females,Y14-17,14-17 years,ITL,Italian,2013,18,,,,,TIPO_DATO35__OFFEND_N1,For each crime the number of offenders declined by demo social variables could not coincide because of missing values.,,,,,,,,,,,,,,,,
A,Annual,IT,Italy,OFFEND,Number of alleged offenders reported by the police forces to the judicial authority,PORNO,Child pornography and possession of paedo-pornographic materials,2,Females,Y14-17,14-17 years,ITL,Italian,2014,15,,,,,TIPO_DATO35__OFFEND_N1,For each crime the number of offenders declined by demo social variables could not coincide because of missing values.,,,,,,,,,,,,,,,,
A,Annual,IT,Italy,OFFEND,Number of alleged offenders reported by the police forces to the judicial authority,PORNO,Child pornography and possession of paedo-pornographic materials,2,Females,Y14-17,14-17 years,ITL,Italian,2015,5,,,,,TIPO_DATO35__OFFEND_N1,For each crime the number of offenders declined by demo social variables could not coincide because of missing values.,,,,,,,,,,,,,,,,
A,Annual,IT,Italy,OFFEND,Number of alleged offenders reported by the police forces to the judicial authority,PORNO,Child pornography and possession of paedo-pornographic materials,2,Females,Y14-17,14-17 years,ITL,Italian,2016,10,,,,,TIPO_DATO35__OFFEND_N1,For each crime the number of offenders declined by demo social variables could not coincide because of missing values.,,,,,,,,,,,,,,,,
A,Annual,IT,Italy,OFFEND,Number of alleged offenders reported by the police forces to the judicial authority,PORNO,Child pornography and possession of paedo-pornographic materials,2,Females,Y14-17,14-17 years,ITL,Italian,2017,5,,,,,TIPO_DATO35__OFFEND_N1,For each crime the number of offenders declined by demo social variables could not coincide because of missing values.,,,,,,,,,,,,,,,,
A,Annual,IT,Italy,OFFEND,Number of alleged offenders reported by the police forces to the judicial authority,PORNO,Child pornography and possession of paedo-pornographic materials,2,Females,Y14-17,14-17 years,ITL,Italian,2018,1,,,,,TIPO_DATO35__OFFEND_N1,For each crime the number of offenders declined by demo social variables could not coincide because of missing values.,,,,,,,,,,,,,,,,
A,Annual,IT,Italy,OFFEND,Number of alleged offenders reported by the police forces to the judicial authority,PORNO,Child pornography and possession of paedo-pornographic materials,2,Females,Y14-17,14-17 years,ITL,Italian,2019,19,,,,,TIPO_DATO35__OFFEND_N1,For each crime the number of offenders declined by demo social variables could not coincide because of missing values.,,,,,,,,,,,,,,,,
A,Annual,IT,Italy,OFFEND,Number of alleged offenders reported by the police forces to the judicial authority,PORNO,Child pornography and possession of paedo-pornographic materials,2,Females,Y14-17,14-17 years,ITL,Italian,2020,13,,,,,TIPO_DATO35__OFFEND_N1,For each crime the number of offenders declined by demo social variables could not coincide because of missing values.,,,,,,,,,,,,,,,,
A,Annual,IT,Italy,OFFEND,Number of alleged offenders reported by the police forces to the judicial authority,PORNO,Child pornography and possession of paedo-pornographic materials,2,Females,Y14-17,14-17 years,ITL,Italian,2021,18,,,,,TIPO_DATO35__OFFEND_N1,For each crime the number of offenders declined by demo social variables could not coincide because of missing values.,,,,,,,,,,,,,,,,
A,Annual,IT,Italy,OFFEND,Number of alleged offenders reported by the police forces to the judicial authority,PORNO,Child pornography and possession of paedo-pornographic materials,2,Females,Y14-17,14-17 years,ITL,Italian,2022,19,,,,,TIPO_DATO35__OFFEND_N1,For each crime the number of offenders declined by demo social variables could not coincide because of missing values.,,,,,,,,,,,,,,,,
A,Annual,IT,Italy,OFFEND,Number of alleged offenders reported by the police forces to the judicial authority,PORNO,Child pornography and possession of paedo-pornographic materials,2,Females,Y14-17,14-17 years,ITL,Italian,2023,8,,,,,TIPO_DATO35__OFFEND_N1,For each crime the number of offenders declined by demo social variables could not coincide because of missing values.,,,,,,,,,,,,,,,,
A,Annual,IT,Italy,OFFEND,Number of alleged offenders reported by the police forces to the judicial authority,PORNO,Child pornography and possession of paedo-pornographic materials,2,Females,Y14-17,14-17 years,FRG,Foreign,2007,0,,,,,TIPO_DATO35__OFFEND_N1,For each crime the number of offenders declined by demo social variables could not coincide because of missing values.,,,,,,,,,,,,,,,,
A,Annual,IT,Italy,OFFEND,Number of alleged offenders reported by the police forces to the judicial authority,PORNO,Child pornography and possession of paedo-pornographic materials,2,Females,Y14-17,14-17 years,FRG,Foreign,2008,1,,,,,TIPO_DATO35__OFFEND_N1,For each crime the number of offenders declined by demo social variables could not coincide because of missing values.,,,,,,,,,,,,,,,,
A,Annual,IT,Italy,OFFEND,Number of alleged offenders reported by the police forces to the judicial authority,PORNO,Child pornography and possession of paedo-pornographic materials,2,Females,Y14-17,14-17 years,FRG,Foreign,2009,0,,,,,TIPO_DATO35__OFFEND_N1,For each crime the number of offenders declined by demo social variables could not coincide because of missing values.,,,,,,,,,,,,,,,,
A,Annual,IT,Italy,OFFEND,Number of alleged offenders reported by the police forces to the judicial authority,PORNO,Child pornography and possession of paedo-pornographic materials,2,Females,Y14-17,14-17 years,FRG,Foreign,2010,1,,,,,TIPO_DATO35__OFFEND_N1,For each crime the number of offenders declined by demo social variables could not coincide because of missing values.,,,,,,,,,,,,,,,,
A,Annual,IT,Italy,OFFEND,Number of alleged offenders reported by the police forces to the judicial authority,PORNO,Child pornography and possession of paedo-pornographic materials,2,Females,Y14-17,14-17 years,FRG,Foreign,2011,0,,,,,TIPO_DATO35__OFFEND_N1,For each crime the number of offenders declined by demo social variables could not coincide because of missing values.,,,,,,,,,,,,,,,,
A,Annual,IT,Italy,OFFEND,Number of alleged offenders reported by the police forces to the judicial authority,PORNO,Child pornography and possession of paedo-pornographic materials,2,Females,Y14-17,14-17 years,FRG,Foreign,2012,0,,,,,TIPO_DATO35__OFFEND_N1,For each crime the number of offenders declined by demo social variables could not coincide because of missing values.,,,,,,,,,,,,,,,,
A,Annual,IT,Italy,OFFEND,Number of alleged offenders reported by the police forces to the judicial authority,PORNO,Child pornography and possession of paedo-pornographic materials,2,Females,Y14-17,14-17 years,FRG,Foreign,2013,0,,,,,TIPO_DATO35__OFFEND_N1,For each crime the number of offenders declined by demo social variables could not coincide because of missing values.,,,,,,,,,,,,,,,,
A,Annual,IT,Italy,OFFEND,Number of alleged offenders reported by the police forces to the judicial authority,PORNO,Child pornography and possession of paedo-pornographic materials,2,Females,Y14-17,14-17 years,FRG,Foreign,2014,1,,,,,TIPO_DATO35__OFFEND_N1,For each crime the number of offenders declined by demo social variables could not coincide because of missing values.,,,,,,,,,,,,,,,,
A,Annual,IT,Italy,OFFEND,Number of alleged offenders reported by the police forces to the judicial authority,PORNO,Child pornography and possession of paedo-pornographic materials,2,Females,Y14-17,14-17 years,FRG,Foreign,2015,8,,,,,TIPO_DATO35__OFFEND_N1,For each crime the number of offenders declined by demo social variables could not coincide because of missing values.,,,,,,,,,,,,,,,,
A,Annual,IT,Italy,OFFEND,Number of alleged offenders reported by the police forces to the judicial authority,PORNO,Child pornography and possession of paedo-pornographic materials,2,Females,Y14-17,14-17 years,FRG,Foreign,2016,1,,,,,TIPO_DATO35__OFFEND_N1,For each crime the number of offenders declined by demo social variables could not coincide because of missing values.,,,,,,,,,,,,,,,,
A,Annual,IT,Italy,OFFEND,Number of alleged offenders reported by the police forces to the judicial authority,PORNO,Child pornography and possession of paedo-pornographic materials,2,Females,Y14-17,14-17 years,FRG,Foreign,2017,2,,,,,TIPO_DATO35__OFFEND_N1,For each crime the number of offenders declined by demo social variables could not coincide because of missing values.,,,,,,,,,,,,,,,,
A,Annual,IT,Italy,OFFEND,Number of alleged offenders reported by the police forces to the judicial authority,PORNO,Child pornography and possession of paedo-pornographic materials,2,Females,Y14-17,14-17 years,FRG,Foreign,2018,3,,,,,TIPO_DATO35__OFFEND_N1,For each crime the number of offenders declined by demo social variables could not coincide because of missing values.,,,,,,,,,,,,,,,,
A,Annual,IT,Italy,OFFEND,Number of alleged offenders reported by the police forces to the judicial authority,PORNO,Child pornography and possession of paedo-pornographic materials,2,Females,Y14-17,14-17 years,FRG,Foreign,2019,1,,,,,TIPO_DATO35__OFFEND_N1,For each crime the number of offenders declined by demo social variables could not coincide because of missing values.,,,,,,,,,,,,,,,,
A,Annual,IT,Italy,OFFEND,Number of alleged offenders reported by the police forces to the judicial authority,PORNO,Child pornography and possession of paedo-pornographic materials,2,Females,Y14-17,14-17 years,FRG,Foreign,2020,8,,,,,TIPO_DATO35__OFFEND_N1,For each crime the number of offenders declined by demo social variables could not coincide because of missing values.,,,,,,,,,,,,,,,,
A,Annual,IT,Italy,OFFEND,Number of alleged offenders reported by the police forces to the judicial authority,PORNO,Child pornography and possession of paedo-pornographic materials,2,Females,Y14-17,14-17 years,FRG,Foreign,2021,16,,,,,TIPO_DATO35__OFFEND_N1,For each crime the number of offenders declined by demo social variables could not coincide because of missing values.,,,,,,,,,,,,,,,,
A,Annual,IT,Italy,OFFEND,Number of alleged offenders reported by the police forces to the judicial authority,PORNO,Child pornography and possession of paedo-pornographic materials,2,Females,Y14-17,14-17 years,FRG,Foreign,2022,4,,,,,TIPO_DATO35__OFFEND_N1,For each crime the number of offenders declined by demo social variables could not coincide because of missing values.,,,,,,,,,,,,,,,,
A,Annual,IT,Italy,OFFEND,Number of alleged offenders reported by the police forces to the judicial authority,PORNO,Child pornography and possession of paedo-pornographic materials,2,Females,Y14-17,14-17 years,FRG,Foreign,2023,1,,,,,TIPO_DATO35__OFFEND_N1,For each crime the number of offenders declined by demo social variables could not coincide because of missing values.,,,,,,,,,,,,,,,,
A,Annual,IT,Italy,OFFEND,Number of alleged offenders reported by the police forces to the judicial authority,PORNO,Child pornography and possession of paedo-pornographic materials,2,Females,Y14-17,14-17 years,TOTAL,Total,2007,2,,,,,TIPO_DATO35__OFFEND_N1,For each crime the number of offenders declined by demo social variables could not coincide because of missing values.,,,,,,,,,,,,,,,,
A,Annual,IT,Italy,OFFEND,Number of alleged offenders reported by the police forces to the judicial authority,PORNO,Child pornography and possession of paedo-pornographic materials,2,Females,Y14-17,14-17 years,TOTAL,Total,2008,6,,,,,TIPO_DATO35__OFFEND_N1,For each crime the number of offenders declined by demo social variables could not coincide because of missing values.,,,,,,,,,,,,,,,,
A,Annual,IT,Italy,OFFEND,Number of alleged offenders reported by the police forces to the judicial authority,PORNO,Child pornography and possession of paedo-pornographic materials,2,Females,Y14-17,14-17 years,TOTAL,Total,2009,0,,,,,TIPO_DATO35__OFFEND_N1,For each crime the number of offenders declined by demo social variables could not coincide because of missing values.,,,,,,,,,,,,,,,,
A,Annual,IT,Italy,OFFEND,Number of alleged offenders reported by the police forces to the judicial authority,PORNO,Child pornography and possession of paedo-pornographic materials,2,Females,Y14-17,14-17 years,TOTAL,Total,2010,3,,,,,TIPO_DATO35__OFFEND_N1,For each crime the number of offenders declined by demo social variables could not coincide because of missing values.,,,,,,,,,,,,,,,,
A,Annual,IT,Italy,OFFEND,Number of alleged offenders reported by the police forces to the judicial authority,PORNO,Child pornography and possession of paedo-pornographic materials,2,Females,Y14-17,14-17 years,TOTAL,Total,2011,1,,,,,TIPO_DATO35__OFFEND_N1,For each crime the number of offenders declined by demo social variables could not coincide because of missing values.,,,,,,,,,,,,,,,,
A,Annual,IT,Italy,OFFEND,Number of alleged offenders reported by the police forces to the judicial authority,PORNO,Child pornography and possession of paedo-pornographic materials,2,Females,Y14-17,14-17 years,TOTAL,Total,2012,1,,,,,TIPO_DATO35__OFFEND_N1,For each crime the number of offenders declined by demo social variables could not coincide because of missing values.,,,,,,,,,,,,,,,,
A,Annual,IT,Italy,OFFEND,Number of alleged offenders reported by the police forces to the judicial authority,PORNO,Child pornography and possession of paedo-pornographic materials,2,Females,Y14-17,14-17 years,TOTAL,Total,2013,18,,,,,TIPO_DATO35__OFFEND_N1,For each crime the number of offenders declined by demo social variables could not coincide because of missing values.,,,,,,,,,,,,,,,,
A,Annual,IT,Italy,OFFEND,Number of alleged offenders reported by the police forces to the judicial authority,PORNO,Child pornography and possession of paedo-pornographic materials,2,Females,Y14-17,14-17 years,TOTAL,Total,2014,16,,,,,TIPO_DATO35__OFFEND_N1,For each crime the number of offenders declined by demo social variables could not coincide because of missing values.,,,,,,,,,,,,,,,,
A,Annual,IT,Italy,OFFEND,Number of alleged offenders reported by the police forces to the judicial authority,PORNO,Child pornography and possession of paedo-pornographic materials,2,Females,Y14-17,14-17 years,TOTAL,Total,2015,13,,,,,TIPO_DATO35__OFFEND_N1,For each crime the number of offenders declined by demo social variables could not coincide because of missing values.,,,,,,,,,,,,,,,,
A,Annual,IT,Italy,OFFEND,Number of alleged offenders reported by the police forces to the judicial authority,PORNO,Child pornography and possession of paedo-pornographic materials,2,Females,Y14-17,14-17 years,TOTAL,Total,2016,11,,,,,TIPO_DATO35__OFFEND_N1,For each crime the number of offenders declined by demo social variables could not coincide because of missing values.,,,,,,,,,,,,,,,,
A,Annual,IT,Italy,OFFEND,Number of alleged offenders reported by the police forces to the judicial authority,PORNO,Child pornography and possession of paedo-pornographic materials,2,Females,Y14-17,14-17 years,TOTAL,Total,2017,7,,,,,TIPO_DATO35__OFFEND_N1,For each crime the number of offenders declined by demo social variables could not coincide because of missing values.,,,,,,,,,,,,,,,,
A,Annual,IT,Italy,OFFEND,Number of alleged offenders reported by the police forces to the judicial authority,PORNO,Child pornography and possession of paedo-pornographic materials,2,Females,Y14-17,14-17 years,TOTAL,Total,2018,4,,,,,TIPO_DATO35__OFFEND_N1,For each crime the number of offenders declined by demo social variables could not coincide because of missing values.,,,,,,,,,,,,,,,,
A,Annual,IT,Italy,OFFEND,Number of alleged offenders reported by the police forces to the judicial authority,PORNO,Child pornography and possession of paedo-pornographic materials,2,Females,Y14-17,14-17 years,TOTAL,Total,2019,20,,,,,TIPO_DATO35__OFFEND_N1,For each crime the number of offenders declined by demo social variables could not coincide because of missing values.,,,,,,,,,,,,,,,,
A,Annual,IT,Italy,OFFEND,Number of alleged offenders reported by the police forces to the judicial authority,PORNO,Child pornography and possession of paedo-pornographic materials,2,Females,Y14-17,14-17 years,TOTAL,Total,2020,21,,,,,TIPO_DATO35__OFFEND_N1,For each crime the number of offenders declined by demo social variables could not coincide because of missing values.,,,,,,,,,,,,,,,,
A,Annual,IT,Italy,OFFEND,Number of alleged offenders reported by the police forces to the judicial authority,PORNO,Child pornography and possession of paedo-pornographic materials,2,Females,Y14-17,14-17 years,TOTAL,Total,2021,34,,,,,TIPO_DATO35__OFFEND_N1,For each crime the number of offenders declined by demo social variables could not coincide because of missing values.,,,,,,,,,,,,,,,,
A,Annual,IT,Italy,OFFEND,Number of alleged offenders reported by the police forces to the judicial authority,PORNO,Child pornography and possession of paedo-pornographic materials,2,Females,Y14-17,14-17 years,TOTAL,Total,2022,23,,,,,TIPO_DATO35__OFFEND_N1,For each crime the number of offenders declined by demo social variables could not coincide because of missing values.,,,,,,,,,,,,,,,,
A,Annual,IT,Italy,OFFEND,Number of alleged offenders reported by the police forces to the judicial authority,PORNO,Child pornography and possession of paedo-pornographic materials,2,Females,Y14-17,14-17 years,TOTAL,Total,2023,9,,,,,TIPO_DATO35__OFFEND_N1,For each crime the number of offenders declined by demo social variables could not coincide because of missing values.,,,,,,,,,,,,,,,,
A,Annual,IT,Italy,OFFEND,Number of alleged offenders reported by the police forces to the judicial authority,PORNO,Child pornography and possession of paedo-pornographic materials,2,Females,Y18-24,18-24 years,ITL,Italian,2007,0,,,,,TIPO_DATO35__OFFEND_N1,For each crime the number of offenders declined by demo social variables could not coincide because of missing values.,,,,,,,,,,,,,,,,
A,Annual,IT,Italy,OFFEND,Number of alleged offenders reported by the police forces to the judicial authority,PORNO,Child pornography and possession of paedo-pornographic materials,2,Females,Y18-24,18-24 years,ITL,Italian,2008,6,,,,,TIPO_DATO35__OFFEND_N1,For each crime the number of offenders declined by demo social variables could not coincide because of missing values.,,,,,,,,,,,,,,,,
A,Annual,IT,Italy,OFFEND,Number of alleged offenders reported by the police forces to the judicial authority,PORNO,Child pornography and possession of paedo-pornographic materials,2,Females,Y18-24,18-24 years,ITL,Italian,2009,9,,,,,TIPO_DATO35__OFFEND_N1,For each crime the number of offenders declined by demo social variables could not coincide because of missing values.,,,,,,,,,,,,,,,,
A,Annual,IT,Italy,OFFEND,Number of alleged offenders reported by the police forces to the judicial authority,PORNO,Child pornography and possession of paedo-pornographic materials,2,Females,Y18-24,18-24 years,ITL,Italian,2010,2,,,,,TIPO_DATO35__OFFEND_N1,For each crime the number of offenders declined by demo social variables could not coincide because of missing values.,,,,,,,,,,,,,,,,
A,Annual,IT,Italy,OFFEND,Number of alleged offenders reported by the police forces to the judicial authority,PORNO,Child pornography and possession of paedo-pornographic materials,2,Females,Y18-24,18-24 years,ITL,Italian,2011,6,,,,,TIPO_DATO35__OFFEND_N1,For each crime the number of offenders declined by demo social variables could not coincide because of missing values.,,,,,,,,,,,,,,,,
A,Annual,IT,Italy,OFFEND,Number of alleged offenders reported by the police forces to the judicial authority,PORNO,Child pornography and possession of paedo-pornographic materials,2,Females,Y18-24,18-24 years,ITL,Italian,2012,0,,,,,TIPO_DATO35__OFFEND_N1,For each crime the number of offenders declined by demo social variables could not coincide because of missing values.,,,,,,,,,,,,,,,,
A,Annual,IT,Italy,OFFEND,Number of alleged offenders reported by the police forces to the judicial authority,PORNO,Child pornography and possession of paedo-pornographic materials,2,Females,Y18-24,18-24 years,ITL,Italian,2013,1,,,,,TIPO_DATO35__OFFEND_N1,For each crime the number of offenders declined by demo social variables could not coincide because of missing values.,,,,,,,,,,,,,,,,
A,Annual,IT,Italy,OFFEND,Number of alleged offenders reported by the police forces to the judicial authority,PORNO,Child pornography and possession of paedo-pornographic materials,2,Females,Y18-24,18-24 years,ITL,Italian,2014,5,,,,,TIPO_DATO35__OFFEND_N1,For each crime the number of offenders declined by demo social variables could not coincide because of missing values.,,,,,,,,,,,,,,,,
A,Annual,IT,Italy,OFFEND,Number of alleged offenders reported by the police forces to the judicial authority,PORNO,Child pornography and possession of paedo-pornographic materials,2,Females,Y18-24,18-24 years,ITL,Italian,2015,4,,,,,TIPO_DATO35__OFFEND_N1,For each crime the number of offenders declined by demo social variables could not coincide because of missing values.,,,,,,,,,,,,,,,,
A,Annual,IT,Italy,OFFEND,Number of alleged offenders reported by the police forces to the judicial authority,PORNO,Child pornography and possession of paedo-pornographic materials,2,Females,Y18-24,18-24 years,ITL,Italian,2016,3,,,,,TIPO_DATO35__OFFEND_N1,For each crime the number of offenders declined by demo social variables could not coincide because of missing values.,,,,,,,,,,,,,,,,
A,Annual,IT,Italy,OFFEND,Number of alleged offenders reported by the police forces to the judicial authority,PORNO,Child pornography and possession of paedo-pornographic materials,2,Females,Y18-24,18-24 years,ITL,Italian,2017,2,,,,,TIPO_DATO35__OFFEND_N1,For each crime the number of offenders declined by demo social variables could not coincide because of missing values.,,,,,,,,,,,,,,,,
A,Annual,IT,Italy,OFFEND,Number of alleged offenders reported by the police forces to the judicial authority,PORNO,Child pornography and possession of paedo-pornographic materials,2,Females,Y18-24,18-24 years,ITL,Italian,2018,0,,,,,TIPO_DATO35__OFFEND_N1,For each crime the number of offenders declined by demo social variables could not coincide because of missing values.,,,,,,,,,,,,,,,,
A,Annual,IT,Italy,OFFEND,Number of alleged offenders reported by the police forces to the judicial authority,PORNO,Child pornography and possession of paedo-pornographic materials,2,Females,Y18-24,18-24 years,ITL,Italian,2019,5,,,,,TIPO_DATO35__OFFEND_N1,For each crime the number of offenders declined by demo social variables could not coincide because of missing values.,,,,,,,,,,,,,,,,
A,Annual,IT,Italy,OFFEND,Number of alleged offenders reported by the police forces to the judicial authority,PORNO,Child pornography and possession of paedo-pornographic materials,2,Females,Y18-24,18-24 years,ITL,Italian,2020,13,,,,,TIPO_DATO35__OFFEND_N1,For each crime the number of offenders declined by demo social variables could not coincide because of missing values.,,,,,,,,,,,,,,,,
A,Annual,IT,Italy,OFFEND,Number of alleged offenders reported by the police forces to the judicial authority,PORNO,Child pornography and possession of paedo-pornographic materials,2,Females,Y18-24,18-24 years,ITL,Italian,2021,4,,,,,TIPO_DATO35__OFFEND_N1,For each crime the number of offenders declined by demo social variables could not coincide because of missing values.,,,,,,,,,,,,,,,,
A,Annual,IT,Italy,OFFEND,Number of alleged offenders reported by the police forces to the judicial authority,PORNO,Child pornography and possession of paedo-pornographic materials,2,Females,Y18-24,18-24 years,ITL,Italian,2022,3,,,,,TIPO_DATO35__OFFEND_N1,For each crime the number of offenders declined by demo social variables could not coincide because of missing values.,,,,,,,,,,,,,,,,
A,Annual,IT,Italy,OFFEND,Number of alleged offenders reported by the police forces to the judicial authority,PORNO,Child pornography and possession of paedo-pornographic materials,2,Females,Y18-24,18-24 years,ITL,Italian,2023,3,,,,,TIPO_DATO35__OFFEND_N1,For each crime the number of offenders declined by demo social variables could not coincide because of missing values.,,,,,,,,,,,,,,,,
A,Annual,IT,Italy,OFFEND,Number of alleged offenders reported by the police forces to the judicial authority,PORNO,Child pornography and possession of paedo-pornographic materials,2,Females,Y18-24,18-24 years,FRG,Foreign,2007,0,,,,,TIPO_DATO35__OFFEND_N1,For each crime the number of offenders declined by demo social variables could not coincide because of missing values.,,,,,,,,,,,,,,,,
A,Annual,IT,Italy,OFFEND,Number of alleged offenders reported by the police forces to the judicial authority,PORNO,Child pornography and possession of paedo-pornographic materials,2,Females,Y18-24,18-24 years,FRG,Foreign,2008,0,,,,,TIPO_DATO35__OFFEND_N1,For each crime the number of offenders declined by demo social variables could not coincide because of missing values.,,,,,,,,,,,,,,,,
A,Annual,IT,Italy,OFFEND,Number of alleged offenders reported by the police forces to the judicial authority,PORNO,Child pornography and possession of paedo-pornographic materials,2,Females,Y18-24,18-24 years,FRG,Foreign,2009,3,,,,,TIPO_DATO35__OFFEND_N1,For each crime the number of offenders declined by demo social variables could not coincide because of missing values.,,,,,,,,,,,,,,,,
A,Annual,IT,Italy,OFFEND,Number of alleged offenders reported by the police forces to the judicial authority,PORNO,Child pornography and possession of paedo-pornographic materials,2,Females,Y18-24,18-24 years,FRG,Foreign,2010,3,,,,,TIPO_DATO35__OFFEND_N1,For each crime the number of offenders declined by demo social variables could not coincide because of missing values.,,,,,,,,,,,,,,,,
A,Annual,IT,Italy,OFFEND,Number of alleged offenders reported by the police forces to the judicial authority,PORNO,Child pornography and possession of paedo-pornographic materials,2,Females,Y18-24,18-24 years,FRG,Foreign,2011,1,,,,,TIPO_DATO35__OFFEND_N1,For each crime the number of offenders declined by demo social variables could not coincide because of missing values.,,,,,,,,,,,,,,,,
A,Annual,IT,Italy,OFFEND,Number of alleged offenders reported by the police forces to the judicial authority,PORNO,Child pornography and possession of paedo-pornographic materials,2,Females,Y18-24,18-24 years,FRG,Foreign,2012,2,,,,,TIPO_DATO35__OFFEND_N1,For each crime the number of offenders declined by demo social variables could not coincide because of missing values.,,,,,,,,,,,,,,,,
A,Annual,IT,Italy,OFFEND,Number of alleged offenders reported by the police forces to the judicial authority,PORNO,Child pornography and possession of paedo-pornographic materials,2,Females,Y18-24,18-24 years,FRG,Foreign,2013,2,,,,,TIPO_DATO35__OFFEND_N1,For each crime the number of offenders declined by demo social variables could not coincide because of missing values.,,,,,,,,,,,,,,,,
A,Annual,IT,Italy,OFFEND,Number of alleged offenders reported by the police forces to the judicial authority,PORNO,Child pornography and possession of paedo-pornographic materials,2,Females,Y18-24,18-24 years,FRG,Foreign,2014,2,,,,,TIPO_DATO35__OFFEND_N1,For each crime the number of offenders declined by demo social variables could not coincide because of missing values.,,,,,,,,,,,,,,,,
A,Annual,IT,Italy,OFFEND,Number of alleged offenders reported by the police forces to the judicial authority,PORNO,Child pornography and possession of paedo-pornographic materials,2,Females,Y18-24,18-24 years,FRG,Foreign,2015,2,,,,,TIPO_DATO35__OFFEND_N1,For each crime the number of offenders declined by demo social variables could not coincide because of missing values.,,,,,,,,,,,,,,,,
A,Annual,IT,Italy,OFFEND,Number of alleged offenders reported by the police forces to the judicial authority,PORNO,Child pornography and possession of paedo-pornographic materials,2,Females,Y18-24,18-24 years,FRG,Foreign,2016,0,,,,,TIPO_DATO35__OFFEND_N1,For each crime the number of offenders declined by demo social variables could not coincide because of missing values.,,,,,,,,,,,,,,,,
A,Annual,IT,Italy,OFFEND,Number of alleged offenders reported by the police forces to the judicial authority,PORNO,Child pornography and possession of paedo-pornographic materials,2,Females,Y18-24,18-24 years,FRG,Foreign,2017,2,,,,,TIPO_DATO35__OFFEND_N1,For each crime the number of offenders declined by demo social variables could not coincide because of missing values.,,,,,,,,,,,,,,,,
A,Annual,IT,Italy,OFFEND,Number of alleged offenders reported by the police forces to the judicial authority,PORNO,Child pornography and possession of paedo-pornographic materials,2,Females,Y18-24,18-24 years,FRG,Foreign,2018,3,,,,,TIPO_DATO35__OFFEND_N1,For each crime the number of offenders declined by demo social variables could not coincide because of missing values.,,,,,,,,,,,,,,,,
A,Annual,IT,Italy,OFFEND,Number of alleged offenders reported by the police forces to the judicial authority,PORNO,Child pornography and possession of paedo-pornographic materials,2,Females,Y18-24,18-24 years,FRG,Foreign,2019,4,,,,,TIPO_DATO35__OFFEND_N1,For each crime the number of offenders declined by demo social variables could not coincide because of missing values.,,,,,,,,,,,,,,,,
A,Annual,IT,Italy,OFFEND,Number of alleged offenders reported by the police forces to the judicial authority,PORNO,Child pornography and possession of paedo-pornographic materials,2,Females,Y18-24,18-24 years,FRG,Foreign,2020,3,,,,,TIPO_DATO35__OFFEND_N1,For each crime the number of offenders declined by demo social variables could not coincide because of missing values.,,,,,,,,,,,,,,,,
A,Annual,IT,Italy,OFFEND,Number of alleged offenders reported by the police forces to the judicial authority,PORNO,Child pornography and possession of paedo-pornographic materials,2,Females,Y18-24,18-24 years,FRG,Foreign,2021,4,,,,,TIPO_DATO35__OFFEND_N1,For each crime the number of offenders declined by demo social variables could not coincide because of missing values.,,,,,,,,,,,,,,,,
A,Annual,IT,Italy,OFFEND,Number of alleged offenders reported by the police forces to the judicial authority,PORNO,Child pornography and possession of paedo-pornographic materials,2,Females,Y18-24,18-24 years,FRG,Foreign,2022,1,,,,,TIPO_DATO35__OFFEND_N1,For each crime the number of offenders declined by demo social variables could not coincide because of missing values.,,,,,,,,,,,,,,,,
A,Annual,IT,Italy,OFFEND,Number of alleged offenders reported by the police forces to the judicial authority,PORNO,Child pornography and possession of paedo-pornographic materials,2,Females,Y18-24,18-24 years,FRG,Foreign,2023,4,,,,,TIPO_DATO35__OFFEND_N1,For each crime the number of offenders declined by demo social variables could not coincide because of missing values.,,,,,,,,,,,,,,,,
A,Annual,IT,Italy,OFFEND,Number of alleged offenders reported by the police forces to the judicial authority,PORNO,Child pornography and possession of paedo-pornographic materials,2,Females,Y18-24,18-24 years,TOTAL,Total,2007,0,,,,,TIPO_DATO35__OFFEND_N1,For each crime the number of offenders declined by demo social variables could not coincide because of missing values.,,,,,,,,,,,,,,,,
A,Annual,IT,Italy,OFFEND,Number of alleged offenders reported by the police forces to the judicial authority,PORNO,Child pornography and possession of paedo-pornographic materials,2,Females,Y18-24,18-24 years,TOTAL,Total,2008,6,,,,,TIPO_DATO35__OFFEND_N1,For each crime the number of offenders declined by demo social variables could not coincide because of missing values.,,,,,,,,,,,,,,,,
A,Annual,IT,Italy,OFFEND,Number of alleged offenders reported by the police forces to the judicial authority,PORNO,Child pornography and possession of paedo-pornographic materials,2,Females,Y18-24,18-24 years,TOTAL,Total,2009,12,,,,,TIPO_DATO35__OFFEND_N1,For each crime the number of offenders declined by demo social variables could not coincide because of missing values.,,,,,,,,,,,,,,,,
A,Annual,IT,Italy,OFFEND,Number of alleged offenders reported by the police forces to the judicial authority,PORNO,Child pornography and possession of paedo-pornographic materials,2,Females,Y18-24,18-24 years,TOTAL,Total,2010,5,,,,,TIPO_DATO35__OFFEND_N1,For each crime the number of offenders declined by demo social variables could not coincide because of missing values.,,,,,,,,,,,,,,,,
A,Annual,IT,Italy,OFFEND,Number of alleged offenders reported by the police forces to the judicial authority,PORNO,Child pornography and possession of paedo-pornographic materials,2,Females,Y18-24,18-24 years,TOTAL,Total,2011,7,,,,,TIPO_DATO35__OFFEND_N1,For each crime the number of offenders declined by demo social variables could not coincide because of missing values.,,,,,,,,,,,,,,,,
A,Annual,IT,Italy,OFFEND,Number of alleged offenders reported by the police forces to the judicial authority,PORNO,Child pornography and possession of paedo-pornographic materials,2,Females,Y18-24,18-24 years,TOTAL,Total,2012,2,,,,,TIPO_DATO35__OFFEND_N1,For each crime the number of offenders declined by demo social variables could not coincide because of missing values.,,,,,,,,,,,,,,,,
A,Annual,IT,Italy,OFFEND,Number of alleged offenders reported by the police forces to the judicial authority,PORNO,Child pornography and possession of paedo-pornographic materials,2,Females,Y18-24,18-24 years,TOTAL,Total,2013,3,,,,,TIPO_DATO35__OFFEND_N1,For each crime the number of offenders declined by demo social variables could not coincide because of missing values.,,,,,,,,,,,,,,,,
A,Annual,IT,Italy,OFFEND,Number of alleged offenders reported by the police forces to the judicial authority,PORNO,Child pornography and possession of paedo-pornographic materials,2,Females,Y18-24,18-24 years,TOTAL,Total,2014,7,,,,,TIPO_DATO35__OFFEND_N1,For each crime the number of offenders declined by demo social variables could not coincide because of missing values.,,,,,,,,,,,,,,,,
A,Annual,IT,Italy,OFFEND,Number of alleged offenders reported by the police forces to the judicial authority,PORNO,Child pornography and possession of paedo-pornographic materials,2,Females,Y18-24,18-24 years,TOTAL,Total,2015,6,,,,,TIPO_DATO35__OFFEND_N1,For each crime the number of offenders declined by demo social variables could not coincide because of missing values.,,,,,,,,,,,,,,,,
A,Annual,IT,Italy,OFFEND,Number of alleged offenders reported by the police forces to the judicial authority,PORNO,Child pornography and possession of paedo-pornographic materials,2,Females,Y18-24,18-24 years,TOTAL,Total,2016,3,,,,,TIPO_DATO35__OFFEND_N1,For each crime the number of offenders declined by demo social variables could not coincide because of missing values.,,,,,,,,,,,,,,,,
A,Annual,IT,Italy,OFFEND,Number of alleged offenders reported by the police forces to the judicial authority,PORNO,Child pornography and possession of paedo-pornographic materials,2,Females,Y18-24,18-24 years,TOTAL,Total,2017,4,,,,,TIPO_DATO35__OFFEND_N1,For each crime the number of offenders declined by demo social variables could not coincide because of missing values.,,,,,,,,,,,,,,,,
A,Annual,IT,Italy,OFFEND,Number of alleged offenders reported by the police forces to the judicial authority,PORNO,Child pornography and possession of paedo-pornographic materials,2,Females,Y18-24,18-24 years,TOTAL,Total,2018,3,,,,,TIPO_DATO35__OFFEND_N1,For each crime the number of offenders declined by demo social variables could not coincide because of missing values.,,,,,,,,,,,,,,,,
A,Annual,IT,Italy,OFFEND,Number of alleged offenders reported by the police forces to the judicial authority,PORNO,Child pornography and possession of paedo-pornographic materials,2,Females,Y18-24,18-24 years,TOTAL,Total,2019,9,,,,,TIPO_DATO35__OFFEND_N1,For each crime the number of offenders declined by demo social variables could not coincide because of missing values.,,,,,,,,,,,,,,,,
A,Annual,IT,Italy,OFFEND,Number of alleged offenders reported by the police forces to the judicial authority,PORNO,Child pornography and possession of paedo-pornographic materials,2,Females,Y18-24,18-24 years,TOTAL,Total,2020,16,,,,,TIPO_DATO35__OFFEND_N1,For each crime the number of offenders declined by demo social variables could not coincide because of missing values.,,,,,,,,,,,,,,,,
A,Annual,IT,Italy,OFFEND,Number of alleged offenders reported by the police forces to the judicial authority,PORNO,Child pornography and possession of paedo-pornographic materials,2,Females,Y18-24,18-24 years,TOTAL,Total,2021,8,,,,,TIPO_DATO35__OFFEND_N1,For each crime the number of offenders declined by demo social variables could not coincide because of missing values.,,,,,,,,,,,,,,,,
A,Annual,IT,Italy,OFFEND,Number of alleged offenders reported by the police forces to the judicial authority,PORNO,Child pornography and possession of paedo-pornographic materials,2,Females,Y18-24,18-24 years,TOTAL,Total,2022,4,,,,,TIPO_DATO35__OFFEND_N1,For each crime the number of offenders declined by demo social variables could not coincide because of missing values.,,,,,,,,,,,,,,,,
A,Annual,IT,Italy,OFFEND,Number of alleged offenders reported by the police forces to the judicial authority,PORNO,Child pornography and possession of paedo-pornographic materials,2,Females,Y18-24,18-24 years,TOTAL,Total,2023,7,,,,,TIPO_DATO35__OFFEND_N1,For each crime the number of offenders declined by demo social variables could not coincide because of missing values.,,,,,,,,,,,,,,,,
A,Annual,IT,Italy,OFFEND,Number of alleged offenders reported by the police forces to the judicial authority,PORNO,Child pornography and possession of paedo-pornographic materials,2,Females,Y25-34,25-34 years,ITL,Italian,2007,2,,,,,TIPO_DATO35__OFFEND_N1,For each crime the number of offenders declined by demo social variables could not coincide because of missing values.,,,,,,,,,,,,,,,,
A,Annual,IT,Italy,OFFEND,Number of alleged offenders reported by the police forces to the judicial authority,PORNO,Child pornography and possession of paedo-pornographic materials,2,Females,Y25-34,25-34 years,ITL,Italian,2008,12,,,,,TIPO_DATO35__OFFEND_N1,For each crime the number of offenders declined by demo social variables could not coincide because of missing values.,,,,,,,,,,,,,,,,
A,Annual,IT,Italy,OFFEND,Number of alleged offenders reported by the police forces to the judicial authority,PORNO,Child pornography and possession of paedo-pornographic materials,2,Females,Y25-34,25-34 years,ITL,Italian,2009,19,,,,,TIPO_DATO35__OFFEND_N1,For each crime the number of offenders declined by demo social variables could not coincide because of missing values.,,,,,,,,,,,,,,,,
A,Annual,IT,Italy,OFFEND,Number of alleged offenders reported by the police forces to the judicial authority,PORNO,Child pornography and possession of paedo-pornographic materials,2,Females,Y25-34,25-34 years,ITL,Italian,2010,11,,,,,TIPO_DATO35__OFFEND_N1,For each crime the number of offenders declined by demo social variables could not coincide because of missing values.,,,,,,,,,,,,,,,,
A,Annual,IT,Italy,OFFEND,Number of alleged offenders reported by the police forces to the judicial authority,PORNO,Child pornography and possession of paedo-pornographic materials,2,Females,Y25-34,25-34 years,ITL,Italian,2011,9,,,,,TIPO_DATO35__OFFEND_N1,For each crime the number of offenders declined by demo social variables could not coincide because of missing values.,,,,,,,,,,,,,,,,
A,Annual,IT,Italy,OFFEND,Number of alleged offenders reported by the police forces to the judicial authority,PORNO,Child pornography and possession of paedo-pornographic materials,2,Females,Y25-34,25-34 years,ITL,Italian,2012,2,,,,,TIPO_DATO35__OFFEND_N1,For each crime the number of offenders declined by demo social variables could not coincide because of missing values.,,,,,,,,,,,,,,,,
A,Annual,IT,Italy,OFFEND,Number of alleged offenders reported by the police forces to the judicial authority,PORNO,Child pornography and possession of paedo-pornographic materials,2,Females,Y25-34,25-34 years,ITL,Italian,2013,3,,,,,TIPO_DATO35__OFFEND_N1,For each crime the number of offenders declined by demo social variables could not coincide because of missing values.,,,,,,,,,,,,,,,,
A,Annual,IT,Italy,OFFEND,Number of alleged offenders reported by the police forces to the judicial authority,PORNO,Child pornography and possession of paedo-pornographic materials,2,Females,Y25-34,25-34 years,ITL,Italian,2014,1,,,,,TIPO_DATO35__OFFEND_N1,For each crime the number of offenders declined by demo social variables could not coincide because of missing values.,,,,,,,,,,,,,,,,
A,Annual,IT,Italy,OFFEND,Number of alleged offenders reported by the police forces to the judicial authority,PORNO,Child pornography and possession of paedo-pornographic materials,2,Females,Y25-34,25-34 years,ITL,Italian,2015,6,,,,,TIPO_DATO35__OFFEND_N1,For each crime the number of offenders declined by demo social variables could not coincide because of missing values.,,,,,,,,,,,,,,,,
A,Annual,IT,Italy,OFFEND,Number of alleged offenders reported by the police forces to the judicial authority,PORNO,Child pornography and possession of paedo-pornographic materials,2,Females,Y25-34,25-34 years,ITL,Italian,2016,0,,,,,TIPO_DATO35__OFFEND_N1,For each crime the number of offenders declined by demo social variables could not coincide because of missing values.,,,,,,,,,,,,,,,,
A,Annual,IT,Italy,OFFEND,Number of alleged offenders reported by the police forces to the judicial authority,PORNO,Child pornography and possession of paedo-pornographic materials,2,Females,Y25-34,25-34 years,ITL,Italian,2017,3,,,,,TIPO_DATO35__OFFEND_N1,For each crime the number of offenders declined by demo social variables could not coincide because of missing values.,,,,,,,,,,,,,,,,
A,Annual,IT,Italy,OFFEND,Number of alleged offenders reported by the police forces to the judicial authority,PORNO,Child pornography and possession of paedo-pornographic materials,2,Females,Y25-34,25-34 years,ITL,Italian,2018,0,,,,,TIPO_DATO35__OFFEND_N1,For each crime the number of offenders declined by demo social variables could not coincide because of missing values.,,,,,,,,,,,,,,,,
A,Annual,IT,Italy,OFFEND,Number of alleged offenders reported by the police forces to the judicial authority,PORNO,Child pornography and possession of paedo-pornographic materials,2,Females,Y25-34,25-34 years,ITL,Italian,2019,4,,,,,TIPO_DATO35__OFFEND_N1,For each crime the number of offenders declined by demo social variables could not coincide because of missing values.,,,,,,,,,,,,,,,,
A,Annual,IT,Italy,OFFEND,Number of alleged offenders reported by the police forces to the judicial authority,PORNO,Child pornography and possession of paedo-pornographic materials,2,Females,Y25-34,25-34 years,ITL,Italian,2020,3,,,,,TIPO_DATO35__OFFEND_N1,For each crime the number of offenders declined by demo social variables could not coincide because of missing values.,,,,,,,,,,,,,,,,
A,Annual,IT,Italy,OFFEND,Number of alleged offenders reported by the police forces to the judicial authority,PORNO,Child pornography and possession of paedo-pornographic materials,2,Females,Y25-34,25-34 years,ITL,Italian,2021,6,,,,,TIPO_DATO35__OFFEND_N1,For each crime the number of offenders declined by demo social variables could not coincide because of missing values.,,,,,,,,,,,,,,,,
A,Annual,IT,Italy,OFFEND,Number of alleged offenders reported by the police forces to the judicial authority,PORNO,Child pornography and possession of paedo-pornographic materials,2,Females,Y25-34,25-34 years,ITL,Italian,2022,10,,,,,TIPO_DATO35__OFFEND_N1,For each crime the number of offenders declined by demo social variables could not coincide because of missing values.,,,,,,,,,,,,,,,,
A,Annual,IT,Italy,OFFEND,Number of alleged offenders reported by the police forces to the judicial authority,PORNO,Child pornography and possession of paedo-pornographic materials,2,Females,Y25-34,25-34 years,ITL,Italian,2023,2,,,,,TIPO_DATO35__OFFEND_N1,For each crime the number of offenders declined by demo social variables could not coincide because of missing values.,,,,,,,,,,,,,,,,
A,Annual,IT,Italy,OFFEND,Number of alleged offenders reported by the police forces to the judicial authority,PORNO,Child pornography and possession of paedo-pornographic materials,2,Females,Y25-34,25-34 years,FRG,Foreign,2007,3,,,,,TIPO_DATO35__OFFEND_N1,For each crime the number of offenders declined by demo social variables could not coincide because of missing values.,,,,,,,,,,,,,,,,
A,Annual,IT,Italy,OFFEND,Number of alleged offenders reported by the police forces to the judicial authority,PORNO,Child pornography and possession of paedo-pornographic materials,2,Females,Y25-34,25-34 years,FRG,Foreign,2008,5,,,,,TIPO_DATO35__OFFEND_N1,For each crime the number of offenders declined by demo social variables could not coincide because of missing values.,,,,,,,,,,,,,,,,
A,Annual,IT,Italy,OFFEND,Number of alleged offenders reported by the police forces to the judicial authority,PORNO,Child pornography and possession of paedo-pornographic materials,2,Females,Y25-34,25-34 years,FRG,Foreign,2009,4,,,,,TIPO_DATO35__OFFEND_N1,For each crime the number of offenders declined by demo social variables could not coincide because of missing values.,,,,,,,,,,,,,,,,
A,Annual,IT,Italy,OFFEND,Number of alleged offenders reported by the police forces to the judicial authority,PORNO,Child pornography and possession of paedo-pornographic materials,2,Females,Y25-34,25-34 years,FRG,Foreign,2010,5,,,,,TIPO_DATO35__OFFEND_N1,For each crime the number of offenders declined by demo social variables could not coincide because of missing values.,,,,,,,,,,,,,,,,
A,Annual,IT,Italy,OFFEND,Number of alleged offenders reported by the police forces to the judicial authority,PORNO,Child pornography and possession of paedo-pornographic materials,2,Females,Y25-34,25-34 years,FRG,Foreign,2011,1,,,,,TIPO_DATO35__OFFEND_N1,For each crime the number of offenders declined by demo social variables could not coincide because of missing values.,,,,,,,,,,,,,,,,
A,Annual,IT,Italy,OFFEND,Number of alleged offenders reported by the police forces to the judicial authority,PORNO,Child pornography and possession of paedo-pornographic materials,2,Females,Y25-34,25-34 years,FRG,Foreign,2012,2,,,,,TIPO_DATO35__OFFEND_N1,For each crime the number of offenders declined by demo social variables could not coincide because of missing values.,,,,,,,,,,,,,,,,
A,Annual,IT,Italy,OFFEND,Number of alleged offenders reported by the police forces to the judicial authority,PORNO,Child pornography and possession of paedo-pornographic materials,2,Females,Y25-34,25-34 years,FRG,Foreign,2013,0,,,,,TIPO_DATO35__OFFEND_N1,For each crime the number of offenders declined by demo social variables could not coincide because of missing values.,,,,,,,,,,,,,,,,
A,Annual,IT,Italy,OFFEND,Number of alleged offenders reported by the police forces to the judicial authority,PORNO,Child pornography and possession of paedo-pornographic materials,2,Females,Y25-34,25-34 years,FRG,Foreign,2014,2,,,,,TIPO_DATO35__OFFEND_N1,For each crime the number of offenders declined by demo social variables could not coincide because of missing values.,,,,,,,,,,,,,,,,
A,Annual,IT,Italy,OFFEND,Number of alleged offenders reported by the police forces to the judicial authority,PORNO,Child pornography and possession of paedo-pornographic materials,2,Females,Y25-34,25-34 years,FRG,Foreign,2015,8,,,,,TIPO_DATO35__OFFEND_N1,For each crime the number of offenders declined by demo social variables could not coincide because of missing values.,,,,,,,,,,,,,,,,
A,Annual,IT,Italy,OFFEND,Number of alleged offenders reported by the police forces to the judicial authority,PORNO,Child pornography and possession of paedo-pornographic materials,2,Females,Y25-34,25-34 years,FRG,Foreign,2016,1,,,,,TIPO_DATO35__OFFEND_N1,For each crime the number of offenders declined by demo social variables could not coincide because of missing values.,,,,,,,,,,,,,,,,
A,Annual,IT,Italy,OFFEND,Number of alleged offenders reported by the police forces to the judicial authority,PORNO,Child pornography and possession of paedo-pornographic materials,2,Females,Y25-34,25-34 years,FRG,Foreign,2017,4,,,,,TIPO_DATO35__OFFEND_N1,For each crime the number of offenders declined by demo social variables could not coincide because of missing values.,,,,,,,,,,,,,,,,
A,Annual,IT,Italy,OFFEND,Number of alleged offenders reported by the police forces to the judicial authority,PORNO,Child pornography and possession of paedo-pornographic materials,2,Females,Y25-34,25-34 years,FRG,Foreign,2018,15,,,,,TIPO_DATO35__OFFEND_N1,For each crime the number of offenders declined by demo social variables could not coincide because of missing values.,,,,,,,,,,,,,,,,
A,Annual,IT,Italy,OFFEND,Number of alleged offenders reported by the police forces to the judicial authority,PORNO,Child pornography and possession of paedo-pornographic materials,2,Females,Y25-34,25-34 years,FRG,Foreign,2019,2,,,,,TIPO_DATO35__OFFEND_N1,For each crime the number of offenders declined by demo social variables could not coincide because of missing values.,,,,,,,,,,,,,,,,
A,Annual,IT,Italy,OFFEND,Number of alleged offenders reported by the police forces to the judicial authority,PORNO,Child pornography and possession of paedo-pornographic materials,2,Females,Y25-34,25-34 years,FRG,Foreign,2020,6,,,,,TIPO_DATO35__OFFEND_N1,For each crime the number of offenders declined by demo social variables could not coincide because of missing values.,,,,,,,,,,,,,,,,
A,Annual,IT,Italy,OFFEND,Number of alleged offenders reported by the police forces to the judicial authority,PORNO,Child pornography and possession of paedo-pornographic materials,2,Females,Y25-34,25-34 years,FRG,Foreign,2021,5,,,,,TIPO_DATO35__OFFEND_N1,For each crime the number of offenders declined by demo social variables could not coincide because of missing values.,,,,,,,,,,,,,,,,
A,Annual,IT,Italy,OFFEND,Number of alleged offenders reported by the police forces to the judicial authority,PORNO,Child pornography and possession of paedo-pornographic materials,2,Females,Y25-34,25-34 years,FRG,Foreign,2022,3,,,,,TIPO_DATO35__OFFEND_N1,For each crime the number of offenders declined by demo social variables could not coincide because of missing values.,,,,,,,,,,,,,,,,
A,Annual,IT,Italy,OFFEND,Number of alleged offenders reported by the police forces to the judicial authority,PORNO,Child pornography and possession of paedo-pornographic materials,2,Females,Y25-34,25-34 years,FRG,Foreign,2023,4,,,,,TIPO_DATO35__OFFEND_N1,For each crime the number of offenders declined by demo social variables could not coincide because of missing values.,,,,,,,,,,,,,,,,
A,Annual,IT,Italy,OFFEND,Number of alleged offenders reported by the police forces to the judicial authority,PORNO,Child pornography and possession of paedo-pornographic materials,2,Females,Y25-34,25-34 years,TOTAL,Total,2007,5,,,,,TIPO_DATO35__OFFEND_N1,For each crime the number of offenders declined by demo social variables could not coincide because of missing values.,,,,,,,,,,,,,,,,
A,Annual,IT,Italy,OFFEND,Number of alleged offenders reported by the police forces to the judicial authority,PORNO,Child pornography and possession of paedo-pornographic materials,2,Females,Y25-34,25-34 years,TOTAL,Total,2008,17,,,,,TIPO_DATO35__OFFEND_N1,For each crime the number of offenders declined by demo social variables could not coincide because of missing values.,,,,,,,,,,,,,,,,
A,Annual,IT,Italy,OFFEND,Number of alleged offenders reported by the police forces to the judicial authority,PORNO,Child pornography and possession of paedo-pornographic materials,2,Females,Y25-34,25-34 years,TOTAL,Total,2009,23,,,,,TIPO_DATO35__OFFEND_N1,For each crime the number of offenders declined by demo social variables could not coincide because of missing values.,,,,,,,,,,,,,,,,
A,Annual,IT,Italy,OFFEND,Number of alleged offenders reported by the police forces to the judicial authority,PORNO,Child pornography and possession of paedo-pornographic materials,2,Females,Y25-34,25-34 years,TOTAL,Total,2010,16,,,,,TIPO_DATO35__OFFEND_N1,For each crime the number of offenders declined by demo social variables could not coincide because of missing values.,,,,,,,,,,,,,,,,
A,Annual,IT,Italy,OFFEND,Number of alleged offenders reported by the police forces to the judicial authority,PORNO,Child pornography and possession of paedo-pornographic materials,2,Females,Y25-34,25-34 years,TOTAL,Total,2011,10,,,,,TIPO_DATO35__OFFEND_N1,For each crime the number of offenders declined by demo social variables could not coincide because of missing values.,,,,,,,,,,,,,,,,
A,Annual,IT,Italy,OFFEND,Number of alleged offenders reported by the police forces to the judicial authority,PORNO,Child pornography and possession of paedo-pornographic materials,2,Females,Y25-34,25-34 years,TOTAL,Total,2012,4,,,,,TIPO_DATO35__OFFEND_N1,For each crime the number of offenders declined by demo social variables could not coincide because of missing values.,,,,,,,,,,,,,,,,
A,Annual,IT,Italy,OFFEND,Number of alleged offenders reported by the police forces to the judicial authority,PORNO,Child pornography and possession of paedo-pornographic materials,2,Females,Y25-34,25-34 years,TOTAL,Total,2013,3,,,,,TIPO_DATO35__OFFEND_N1,For each crime the number of offenders declined by demo social variables could not coincide because of missing values.,,,,,,,,,,,,,,,,
A,Annual,IT,Italy,OFFEND,Number of alleged offenders reported by the police forces to the judicial authority,PORNO,Child pornography and possession of paedo-pornographic materials,2,Females,Y25-34,25-34 years,TOTAL,Total,2014,3,,,,,TIPO_DATO35__OFFEND_N1,For each crime the number of offenders declined by demo social variables could not coincide because of missing values.,,,,,,,,,,,,,,,,
A,Annual,IT,Italy,OFFEND,Number of alleged offenders reported by the police forces to the judicial authority,PORNO,Child pornography and possession of paedo-pornographic materials,2,Females,Y25-34,25-34 years,TOTAL,Total,2015,14,,,,,TIPO_DATO35__OFFEND_N1,For each crime the number of offenders declined by demo social variables could not coincide because of missing values.,,,,,,,,,,,,,,,,
A,Annual,IT,Italy,OFFEND,Number of alleged offenders reported by the police forces to the judicial authority,PORNO,Child pornography and possession of paedo-pornographic materials,2,Females,Y25-34,25-34 years,TOTAL,Total,2016,1,,,,,TIPO_DATO35__OFFEND_N1,For each crime the number of offenders declined by demo social variables could not coincide because of missing values.,,,,,,,,,,,,,,,,
A,Annual,IT,Italy,OFFEND,Number of alleged offenders reported by the police forces to the judicial authority,PORNO,Child pornography and possession of paedo-pornographic materials,2,Females,Y25-34,25-34 years,TOTAL,Total,2017,7,,,,,TIPO_DATO35__OFFEND_N1,For each crime the number of offenders declined by demo social variables could not coincide because of missing values.,,,,,,,,,,,,,,,,
A,Annual,IT,Italy,OFFEND,Number of alleged offenders reported by the police forces to the judicial authority,PORNO,Child pornography and possession of paedo-pornographic materials,2,Females,Y25-34,25-34 years,TOTAL,Total,2018,15,,,,,TIPO_DATO35__OFFEND_N1,For each crime the number of offenders declined by demo social variables could not coincide because of missing values.,,,,,,,,,,,,,,,,
A,Annual,IT,Italy,OFFEND,Number of alleged offenders reported by the police forces to the judicial authority,PORNO,Child pornography and possession of paedo-pornographic materials,2,Females,Y25-34,25-34 years,TOTAL,Total,2019,6,,,,,TIPO_DATO35__OFFEND_N1,For each crime the number of offenders declined by demo social variables could not coincide because of missing values.,,,,,,,,,,,,,,,,
A,Annual,IT,Italy,OFFEND,Number of alleged offenders reported by the police forces to the judicial authority,PORNO,Child pornography and possession of paedo-pornographic materials,2,Females,Y25-34,25-34 years,TOTAL,Total,2020,9,,,,,TIPO_DATO35__OFFEND_N1,For each crime the number of offenders declined by demo social variables could not coincide because of missing values.,,,,,,,,,,,,,,,,
A,Annual,IT,Italy,OFFEND,Number of alleged offenders reported by the police forces to the judicial authority,PORNO,Child pornography and possession of paedo-pornographic materials,2,Females,Y25-34,25-34 years,TOTAL,Total,2021,11,,,,,TIPO_DATO35__OFFEND_N1,For each crime the number of offenders declined by demo social variables could not coincide because of missing values.,,,,,,,,,,,,,,,,
A,Annual,IT,Italy,OFFEND,Number of alleged offenders reported by the police forces to the judicial authority,PORNO,Child pornography and possession of paedo-pornographic materials,2,Females,Y25-34,25-34 years,TOTAL,Total,2022,13,,,,,TIPO_DATO35__OFFEND_N1,For each crime the number of offenders declined by demo social variables could not coincide because of missing values.,,,,,,,,,,,,,,,,
A,Annual,IT,Italy,OFFEND,Number of alleged offenders reported by the police forces to the judicial authority,PORNO,Child pornography and possession of paedo-pornographic materials,2,Females,Y25-34,25-34 years,TOTAL,Total,2023,6,,,,,TIPO_DATO35__OFFEND_N1,For each crime the number of offenders declined by demo social variables could not coincide because of missing values.,,,,,,,,,,,,,,,,
A,Annual,IT,Italy,OFFEND,Number of alleged offenders reported by the police forces to the judicial authority,PORNO,Child pornography and possession of paedo-pornographic materials,2,Females,Y35-44,35-44 years,ITL,Italian,2007,3,,,,,TIPO_DATO35__OFFEND_N1,For each crime the number of offenders declined by demo social variables could not coincide because of missing values.,,,,,,,,,,,,,,,,
A,Annual,IT,Italy,OFFEND,Number of alleged offenders reported by the police forces to the judicial authority,PORNO,Child pornography and possession of paedo-pornographic materials,2,Females,Y35-44,35-44 years,ITL,Italian,2008,15,,,,,TIPO_DATO35__OFFEND_N1,For each crime the number of offenders declined by demo social variables could not coincide because of missing values.,,,,,,,,,,,,,,,,
A,Annual,IT,Italy,OFFEND,Number of alleged offenders reported by the police forces to the judicial authority,PORNO,Child pornography and possession of paedo-pornographic materials,2,Females,Y35-44,35-44 years,ITL,Italian,2009,50,,,,,TIPO_DATO35__OFFEND_N1,For each crime the number of offenders declined by demo social variables could not coincide because of missing values.,,,,,,,,,,,,,,,,
A,Annual,IT,Italy,OFFEND,Number of alleged offenders reported by the police forces to the judicial authority,PORNO,Child pornography and possession of paedo-pornographic materials,2,Females,Y35-44,35-44 years,ITL,Italian,2010,18,,,,,TIPO_DATO35__OFFEND_N1,For each crime the number of offenders declined by demo social variables could not coincide because of missing values.,,,,,,,,,,,,,,,,
A,Annual,IT,Italy,OFFEND,Number of alleged offenders reported by the police forces to the judicial authority,PORNO,Child pornography and possession of paedo-pornographic materials,2,Females,Y35-44,35-44 years,ITL,Italian,2011,10,,,,,TIPO_DATO35__OFFEND_N1,For each crime the number of offenders declined by demo social variables could not coincide because of missing values.,,,,,,,,,,,,,,,,
A,Annual,IT,Italy,OFFEND,Number of alleged offenders reported by the police forces to the judicial authority,PORNO,Child pornography and possession of paedo-pornographic materials,2,Females,Y35-44,35-44 years,ITL,Italian,2012,11,,,,,TIPO_DATO35__OFFEND_N1,For each crime the number of offenders declined by demo social variables could not coincide because of missing values.,,,,,,,,,,,,,,,,
A,Annual,IT,Italy,OFFEND,Number of alleged offenders reported by the police forces to the judicial authority,PORNO,Child pornography and possession of paedo-pornographic materials,2,Females,Y35-44,35-44 years,ITL,Italian,2013,5,,,,,TIPO_DATO35__OFFEND_N1,For each crime the number of offenders declined by demo social variables could not coincide because of missing values.,,,,,,,,,,,,,,,,
A,Annual,IT,Italy,OFFEND,Number of alleged offenders reported by the police forces to the judicial authority,PORNO,Child pornography and possession of paedo-pornographic materials,2,Females,Y35-44,35-44 years,ITL,Italian,2014,6,,,,,TIPO_DATO35__OFFEND_N1,For each crime the number of offenders declined by demo social variables could not coincide because of missing values.,,,,,,,,,,,,,,,,
A,Annual,IT,Italy,OFFEND,Number of alleged offenders reported by the police forces to the judicial authority,PORNO,Child pornography and possession of paedo-pornographic materials,2,Females,Y35-44,35-44 years,ITL,Italian,2015,5,,,,,TIPO_DATO35__OFFEND_N1,For each crime the number of offenders declined by demo social variables could not coincide because of missing values.,,,,,,,,,,,,,,,,
A,Annual,IT,Italy,OFFEND,Number of alleged offenders reported by the police forces to the judicial authority,PORNO,Child pornography and possession of paedo-pornographic materials,2,Females,Y35-44,35-44 years,ITL,Italian,2016,8,,,,,TIPO_DATO35__OFFEND_N1,For each crime the number of offenders declined by demo social variables could not coincide because of missing values.,,,,,,,,,,,,,,,,
A,Annual,IT,Italy,OFFEND,Number of alleged offenders reported by the police forces to the judicial authority,PORNO,Child pornography and possession of paedo-pornographic materials,2,Females,Y35-44,35-44 years,ITL,Italian,2017,10,,,,,TIPO_DATO35__OFFEND_N1,For each crime the number of offenders declined by demo social variables could not coincide because of missing values.,,,,,,,,,,,,,,,,
A,Annual,IT,Italy,OFFEND,Number of alleged offenders reported by the police forces to the judicial authority,PORNO,Child pornography and possession of paedo-pornographic materials,2,Females,Y35-44,35-44 years,ITL,Italian,2018,5,,,,,TIPO_DATO35__OFFEND_N1,For each crime the number of offenders declined by demo social variables could not coincide because of missing values.,,,,,,,,,,,,,,,,
A,Annual,IT,Italy,OFFEND,Number of alleged offenders reported by the police forces to the judicial authority,PORNO,Child pornography and possession of paedo-pornographic materials,2,Females,Y35-44,35-44 years,ITL,Italian,2019,10,,,,,TIPO_DATO35__OFFEND_N1,For each crime the number of offenders declined by demo social variables could not coincide because of missing values.,,,,,,,,,,,,,,,,
A,Annual,IT,Italy,OFFEND,Number of alleged offenders reported by the police forces to the judicial authority,PORNO,Child pornography and possession of paedo-pornographic materials,2,Females,Y35-44,35-44 years,ITL,Italian,2020,8,,,,,TIPO_DATO35__OFFEND_N1,For each crime the number of offenders declined by demo social variables could not coincide because of missing values.,,,,,,,,,,,,,,,,
A,Annual,IT,Italy,OFFEND,Number of alleged offenders reported by the police forces to the judicial authority,PORNO,Child pornography and possession of paedo-pornographic materials,2,Females,Y35-44,35-44 years,ITL,Italian,2021,10,,,,,TIPO_DATO35__OFFEND_N1,For each crime the number of offenders declined by demo social variables could not coincide because of missing values.,,,,,,,,,,,,,,,,
A,Annual,IT,Italy,OFFEND,Number of alleged offenders reported by the police forces to the judicial authority,PORNO,Child pornography and possession of paedo-pornographic materials,2,Females,Y35-44,35-44 years,ITL,Italian,2022,22,,,,,TIPO_DATO35__OFFEND_N1,For each crime the number of offenders declined by demo social variables could not coincide because of missing values.,,,,,,,,,,,,,,,,
A,Annual,IT,Italy,OFFEND,Number of alleged offenders reported by the police forces to the judicial authority,PORNO,Child pornography and possession of paedo-pornographic materials,2,Females,Y35-44,35-44 years,ITL,Italian,2023,9,,,,,TIPO_DATO35__OFFEND_N1,For each crime the number of offenders declined by demo social variables could not coincide because of missing values.,,,,,,,,,,,,,,,,
A,Annual,IT,Italy,OFFEND,Number of alleged offenders reported by the police forces to the judicial authority,PORNO,Child pornography and possession of paedo-pornographic materials,2,Females,Y35-44,35-44 years,FRG,Foreign,2007,3,,,,,TIPO_DATO35__OFFEND_N1,For each crime the number of offenders declined by demo social variables could not coincide because of missing values.,,,,,,,,,,,,,,,,
A,Annual,IT,Italy,OFFEND,Number of alleged offenders reported by the police forces to the judicial authority,PORNO,Child pornography and possession of paedo-pornographic materials,2,Females,Y35-44,35-44 years,FRG,Foreign,2008,2,,,,,TIPO_DATO35__OFFEND_N1,For each crime the number of offenders declined by demo social variables could not coincide because of missing values.,,,,,,,,,,,,,,,,
A,Annual,IT,Italy,OFFEND,Number of alleged offenders reported by the police forces to the judicial authority,PORNO,Child pornography and possession of paedo-pornographic materials,2,Females,Y35-44,35-44 years,FRG,Foreign,2009,3,,,,,TIPO_DATO35__OFFEND_N1,For each crime the number of offenders declined by demo social variables could not coincide because of missing values.,,,,,,,,,,,,,,,,
A,Annual,IT,Italy,OFFEND,Number of alleged offenders reported by the police forces to the judicial authority,PORNO,Child pornography and possession of paedo-pornographic materials,2,Females,Y35-44,35-44 years,FRG,Foreign,2010,7,,,,,TIPO_DATO35__OFFEND_N1,For each crime the number of offenders declined by demo social variables could not coincide because of missing values.,,,,,,,,,,,,,,,,
A,Annual,IT,Italy,OFFEND,Number of alleged offenders reported by the police forces to the judicial authority,PORNO,Child pornography and possession of paedo-pornographic materials,2,Females,Y35-44,35-44 years,FRG,Foreign,2011,0,,,,,TIPO_DATO35__OFFEND_N1,For each crime the number of offenders declined by demo social variables could not coincide because of missing values.,,,,,,,,,,,,,,,,
A,Annual,IT,Italy,OFFEND,Number of alleged offenders reported by the police forces to the judicial authority,PORNO,Child pornography and possession of paedo-pornographic materials,2,Females,Y35-44,35-44 years,FRG,Foreign,2012,2,,,,,TIPO_DATO35__OFFEND_N1,For each crime the number of offenders declined by demo social variables could not coincide because of missing values.,,,,,,,,,,,,,,,,
A,Annual,IT,Italy,OFFEND,Number of alleged offenders reported by the police forces to the judicial authority,PORNO,Child pornography and possession of paedo-pornographic materials,2,Females,Y35-44,35-44 years,FRG,Foreign,2013,2,,,,,TIPO_DATO35__OFFEND_N1,For each crime the number of offenders declined by demo social variables could not coincide because of missing values.,,,,,,,,,,,,,,,,
A,Annual,IT,Italy,OFFEND,Number of alleged offenders reported by the police forces to the judicial authority,PORNO,Child pornography and possession of paedo-pornographic materials,2,Females,Y35-44,35-44 years,FRG,Foreign,2014,2,,,,,TIPO_DATO35__OFFEND_N1,For each crime the number of offenders declined by demo social variables could not coincide because of missing values.,,,,,,,,,,,,,,,,
A,Annual,IT,Italy,OFFEND,Number of alleged offenders reported by the police forces to the judicial authority,PORNO,Child pornography and possession of paedo-pornographic materials,2,Females,Y35-44,35-44 years,FRG,Foreign,2015,2,,,,,TIPO_DATO35__OFFEND_N1,For each crime the number of offenders declined by demo social variables could not coincide because of missing values.,,,,,,,,,,,,,,,,
A,Annual,IT,Italy,OFFEND,Number of alleged offenders reported by the police forces to the judicial authority,PORNO,Child pornography and possession of paedo-pornographic materials,2,Females,Y35-44,35-44 years,FRG,Foreign,2016,2,,,,,TIPO_DATO35__OFFEND_N1,For each crime the number of offenders declined by demo social variables could not coincide because of missing values.,,,,,,,,,,,,,,,,
A,Annual,IT,Italy,OFFEND,Number of alleged offenders reported by the police forces to the judicial authority,PORNO,Child pornography and possession of paedo-pornographic materials,2,Females,Y35-44,35-44 years,FRG,Foreign,2017,2,,,,,TIPO_DATO35__OFFEND_N1,For each crime the number of offenders declined by demo social variables could not coincide because of missing values.,,,,,,,,,,,,,,,,
A,Annual,IT,Italy,OFFEND,Number of alleged offenders reported by the police forces to the judicial authority,PORNO,Child pornography and possession of paedo-pornographic materials,2,Females,Y35-44,35-44 years,FRG,Foreign,2018,12,,,,,TIPO_DATO35__OFFEND_N1,For each crime the number of offenders declined by demo social variables could not coincide because of missing values.,,,,,,,,,,,,,,,,
A,Annual,IT,Italy,OFFEND,Number of alleged offenders reported by the police forces to the judicial authority,PORNO,Child pornography and possession of paedo-pornographic materials,2,Females,Y35-44,35-44 years,FRG,Foreign,2019,4,,,,,TIPO_DATO35__OFFEND_N1,For each crime the number of offenders declined by demo social variables could not coincide because of missing values.,,,,,,,,,,,,,,,,
A,Annual,IT,Italy,OFFEND,Number of alleged offenders reported by the police forces to the judicial authority,PORNO,Child pornography and possession of paedo-pornographic materials,2,Females,Y35-44,35-44 years,FRG,Foreign,2020,6,,,,,TIPO_DATO35__OFFEND_N1,For each crime the number of offenders declined by demo social variables could not coincide because of missing values.,,,,,,,,,,,,,,,,
A,Annual,IT,Italy,OFFEND,Number of alleged offenders reported by the police forces to the judicial authority,PORNO,Child pornography and possession of paedo-pornographic materials,2,Females,Y35-44,35-44 years,FRG,Foreign,2021,7,,,,,TIPO_DATO35__OFFEND_N1,For each crime the number of offenders declined by demo social variables could not coincide because of missing values.,,,,,,,,,,,,,,,,
A,Annual,IT,Italy,OFFEND,Number of alleged offenders reported by the police forces to the judicial authority,PORNO,Child pornography and possession of paedo-pornographic materials,2,Females,Y35-44,35-44 years,FRG,Foreign,2022,2,,,,,TIPO_DATO35__OFFEND_N1,For each crime the number of offenders declined by demo social variables could not coincide because of missing values.,,,,,,,,,,,,,,,,
A,Annual,IT,Italy,OFFEND,Number of alleged offenders reported by the police forces to the judicial authority,PORNO,Child pornography and possession of paedo-pornographic materials,2,Females,Y35-44,35-44 years,FRG,Foreign,2023,4,,,,,TIPO_DATO35__OFFEND_N1,For each crime the number of offenders declined by demo social variables could not coincide because of missing values.,,,,,,,,,,,,,,,,
A,Annual,IT,Italy,OFFEND,Number of alleged offenders reported by the police forces to the judicial authority,PORNO,Child pornography and possession of paedo-pornographic materials,2,Females,Y35-44,35-44 years,TOTAL,Total,2007,6,,,,,TIPO_DATO35__OFFEND_N1,For each crime the number of offenders declined by demo social variables could not coincide because of missing values.,,,,,,,,,,,,,,,,
A,Annual,IT,Italy,OFFEND,Number of alleged offenders reported by the police forces to the judicial authority,PORNO,Child pornography and possession of paedo-pornographic materials,2,Females,Y35-44,35-44 years,TOTAL,Total,2008,17,,,,,TIPO_DATO35__OFFEND_N1,For each crime the number of offenders declined by demo social variables could not coincide because of missing values.,,,,,,,,,,,,,,,,
A,Annual,IT,Italy,OFFEND,Number of alleged offenders reported by the police forces to the judicial authority,PORNO,Child pornography and possession of paedo-pornographic materials,2,Females,Y35-44,35-44 years,TOTAL,Total,2009,53,,,,,TIPO_DATO35__OFFEND_N1,For each crime the number of offenders declined by demo social variables could not coincide because of missing values.,,,,,,,,,,,,,,,,
A,Annual,IT,Italy,OFFEND,Number of alleged offenders reported by the police forces to the judicial authority,PORNO,Child pornography and possession of paedo-pornographic materials,2,Females,Y35-44,35-44 years,TOTAL,Total,2010,25,,,,,TIPO_DATO35__OFFEND_N1,For each crime the number of offenders declined by demo social variables could not coincide because of missing values.,,,,,,,,,,,,,,,,
A,Annual,IT,Italy,OFFEND,Number of alleged offenders reported by the police forces to the judicial authority,PORNO,Child pornography and possession of paedo-pornographic materials,2,Females,Y35-44,35-44 years,TOTAL,Total,2011,10,,,,,TIPO_DATO35__OFFEND_N1,For each crime the number of offenders declined by demo social variables could not coincide because of missing values.,,,,,,,,,,,,,,,,
A,Annual,IT,Italy,OFFEND,Number of alleged offenders reported by the police forces to the judicial authority,PORNO,Child pornography and possession of paedo-pornographic materials,2,Females,Y35-44,35-44 years,TOTAL,Total,2012,13,,,,,TIPO_DATO35__OFFEND_N1,For each crime the number of offenders declined by demo social variables could not coincide because of missing values.,,,,,,,,,,,,,,,,
A,Annual,IT,Italy,OFFEND,Number of alleged offenders reported by the police forces to the judicial authority,PORNO,Child pornography and possession of paedo-pornographic materials,2,Females,Y35-44,35-44 years,TOTAL,Total,2013,7,,,,,TIPO_DATO35__OFFEND_N1,For each crime the number of offenders declined by demo social variables could not coincide because of missing values.,,,,,,,,,,,,,,,,
A,Annual,IT,Italy,OFFEND,Number of alleged offenders reported by the police forces to the judicial authority,PORNO,Child pornography and possession of paedo-pornographic materials,2,Females,Y35-44,35-44 years,TOTAL,Total,2014,8,,,,,TIPO_DATO35__OFFEND_N1,For each crime the number of offenders declined by demo social variables could not coincide because of missing values.,,,,,,,,,,,,,,,,
A,Annual,IT,Italy,OFFEND,Number of alleged offenders reported by the police forces to the judicial authority,PORNO,Child pornography and possession of paedo-pornographic materials,2,Females,Y35-44,35-44 years,TOTAL,Total,2015,7,,,,,TIPO_DATO35__OFFEND_N1,For each crime the number of offenders declined by demo social variables could not coincide because of missing values.,,,,,,,,,,,,,,,,
A,Annual,IT,Italy,OFFEND,Number of alleged offenders reported by the police forces to the judicial authority,PORNO,Child pornography and possession of paedo-pornographic materials,2,Females,Y35-44,35-44 years,TOTAL,Total,2016,10,,,,,TIPO_DATO35__OFFEND_N1,For each crime the number of offenders declined by demo social variables could not coincide because of missing values.,,,,,,,,,,,,,,,,
A,Annual,IT,Italy,OFFEND,Number of alleged offenders reported by the police forces to the judicial authority,PORNO,Child pornography and possession of paedo-pornographic materials,2,Females,Y35-44,35-44 years,TOTAL,Total,2017,12,,,,,TIPO_DATO35__OFFEND_N1,For each crime the number of offenders declined by demo social variables could not coincide because of missing values.,,,,,,,,,,,,,,,,
A,Annual,IT,Italy,OFFEND,Number of alleged offenders reported by the police forces to the judicial authority,PORNO,Child pornography and possession of paedo-pornographic materials,2,Females,Y35-44,35-44 years,TOTAL,Total,2018,17,,,,,TIPO_DATO35__OFFEND_N1,For each crime the number of offenders declined by demo social variables could not coincide because of missing values.,,,,,,,,,,,,,,,,
A,Annual,IT,Italy,OFFEND,Number of alleged offenders reported by the police forces to the judicial authority,PORNO,Child pornography and possession of paedo-pornographic materials,2,Females,Y35-44,35-44 years,TOTAL,Total,2019,14,,,,,TIPO_DATO35__OFFEND_N1,For each crime the number of offenders declined by demo social variables could not coincide because of missing values.,,,,,,,,,,,,,,,,
A,Annual,IT,Italy,OFFEND,Number of alleged offenders reported by the police forces to the judicial authority,PORNO,Child pornography and possession of paedo-pornographic materials,2,Females,Y35-44,35-44 years,TOTAL,Total,2020,14,,,,,TIPO_DATO35__OFFEND_N1,For each crime the number of offenders declined by demo social variables could not coincide because of missing values.,,,,,,,,,,,,,,,,
A,Annual,IT,Italy,OFFEND,Number of alleged offenders reported by the police forces to the judicial authority,PORNO,Child pornography and possession of paedo-pornographic materials,2,Females,Y35-44,35-44 years,TOTAL,Total,2021,17,,,,,TIPO_DATO35__OFFEND_N1,For each crime the number of offenders declined by demo social variables could not coincide because of missing values.,,,,,,,,,,,,,,,,
A,Annual,IT,Italy,OFFEND,Number of alleged offenders reported by the police forces to the judicial authority,PORNO,Child pornography and possession of paedo-pornographic materials,2,Females,Y35-44,35-44 years,TOTAL,Total,2022,24,,,,,TIPO_DATO35__OFFEND_N1,For each crime the number of offenders declined by demo social variables could not coincide because of missing values.,,,,,,,,,,,,,,,,
A,Annual,IT,Italy,OFFEND,Number of alleged offenders reported by the police forces to the judicial authority,PORNO,Child pornography and possession of paedo-pornographic materials,2,Females,Y35-44,35-44 years,TOTAL,Total,2023,13,,,,,TIPO_DATO35__OFFEND_N1,For each crime the number of offenders declined by demo social variables could not coincide because of missing values.,,,,,,,,,,,,,,,,
A,Annual,IT,Italy,OFFEND,Number of alleged offenders reported by the police forces to the judicial authority,PORNO,Child pornography and possession of paedo-pornographic materials,2,Females,Y45-54,45-54 years,ITL,Italian,2007,3,,,,,TIPO_DATO35__OFFEND_N1,For each crime the number of offenders declined by demo social variables could not coincide because of missing values.,,,,,,,,,,,,,,,,
A,Annual,IT,Italy,OFFEND,Number of alleged offenders reported by the police forces to the judicial authority,PORNO,Child pornography and possession of paedo-pornographic materials,2,Females,Y45-54,45-54 years,ITL,Italian,2008,9,,,,,TIPO_DATO35__OFFEND_N1,For each crime the number of offenders declined by demo social variables could not coincide because of missing values.,,,,,,,,,,,,,,,,
A,Annual,IT,Italy,OFFEND,Number of alleged offenders reported by the police forces to the judicial authority,PORNO,Child pornography and possession of paedo-pornographic materials,2,Females,Y45-54,45-54 years,ITL,Italian,2009,57,,,,,TIPO_DATO35__OFFEND_N1,For each crime the number of offenders declined by demo social variables could not coincide because of missing values.,,,,,,,,,,,,,,,,
A,Annual,IT,Italy,OFFEND,Number of alleged offenders reported by the police forces to the judicial authority,PORNO,Child pornography and possession of paedo-pornographic materials,2,Females,Y45-54,45-54 years,ITL,Italian,2010,19,,,,,TIPO_DATO35__OFFEND_N1,For each crime the number of offenders declined by demo social variables could not coincide because of missing values.,,,,,,,,,,,,,,,,
A,Annual,IT,Italy,OFFEND,Number of alleged offenders reported by the police forces to the judicial authority,PORNO,Child pornography and possession of paedo-pornographic materials,2,Females,Y45-54,45-54 years,ITL,Italian,2011,31,,,,,TIPO_DATO35__OFFEND_N1,For each crime the number of offenders declined by demo social variables could not coincide because of missing values.,,,,,,,,,,,,,,,,
A,Annual,IT,Italy,OFFEND,Number of alleged offenders reported by the police forces to the judicial authority,PORNO,Child pornography and possession of paedo-pornographic materials,2,Females,Y45-54,45-54 years,ITL,Italian,2012,7,,,,,TIPO_DATO35__OFFEND_N1,For each crime the number of offenders declined by demo social variables could not coincide because of missing values.,,,,,,,,,,,,,,,,
A,Annual,IT,Italy,OFFEND,Number of alleged offenders reported by the police forces to the judicial authority,PORNO,Child pornography and possession of paedo-pornographic materials,2,Females,Y45-54,45-54 years,ITL,Italian,2013,12,,,,,TIPO_DATO35__OFFEND_N1,For each crime the number of offenders declined by demo social variables could not coincide because of missing values.,,,,,,,,,,,,,,,,
A,Annual,IT,Italy,OFFEND,Number of alleged offenders reported by the police forces to the judicial authority,PORNO,Child pornography and possession of paedo-pornographic materials,2,Females,Y45-54,45-54 years,ITL,Italian,2014,20,,,,,TIPO_DATO35__OFFEND_N1,For each crime the number of offenders declined by demo social variables could not coincide because of missing values.,,,,,,,,,,,,,,,,
A,Annual,IT,Italy,OFFEND,Number of alleged offenders reported by the police forces to the judicial authority,PORNO,Child pornography and possession of paedo-pornographic materials,2,Females,Y45-54,45-54 years,ITL,Italian,2015,4,,,,,TIPO_DATO35__OFFEND_N1,For each crime the number of offenders declined by demo social variables could not coincide because of missing values.,,,,,,,,,,,,,,,,
A,Annual,IT,Italy,OFFEND,Number of alleged offenders reported by the police forces to the judicial authority,PORNO,Child pornography and possession of paedo-pornographic materials,2,Females,Y45-54,45-54 years,ITL,Italian,2016,7,,,,,TIPO_DATO35__OFFEND_N1,For each crime the number of offenders declined by demo social variables could not coincide because of missing values.,,,,,,,,,,,,,,,,
A,Annual,IT,Italy,OFFEND,Number of alleged offenders reported by the police forces to the judicial authority,PORNO,Child pornography and possession of paedo-pornographic materials,2,Females,Y45-54,45-54 years,ITL,Italian,2017,11,,,,,TIPO_DATO35__OFFEND_N1,For each crime the number of offenders declined by demo social variables could not coincide because of missing values.,,,,,,,,,,,,,,,,
A,Annual,IT,Italy,OFFEND,Number of alleged offenders reported by the police forces to the judicial authority,PORNO,Child pornography and possession of paedo-pornographic materials,2,Females,Y45-54,45-54 years,ITL,Italian,2018,7,,,,,TIPO_DATO35__OFFEND_N1,For each crime the number of offenders declined by demo social variables could not coincide because of missing values.,,,,,,,,,,,,,,,,
A,Annual,IT,Italy,OFFEND,Number of alleged offenders reported by the police forces to the judicial authority,PORNO,Child pornography and possession of paedo-pornographic materials,2,Females,Y45-54,45-54 years,ITL,Italian,2019,15,,,,,TIPO_DATO35__OFFEND_N1,For each crime the number of offenders declined by demo social variables could not coincide because of missing values.,,,,,,,,,,,,,,,,
A,Annual,IT,Italy,OFFEND,Number of alleged offenders reported by the police forces to the judicial authority,PORNO,Child pornography and possession of paedo-pornographic materials,2,Females,Y45-54,45-54 years,ITL,Italian,2020,10,,,,,TIPO_DATO35__OFFEND_N1,For each crime the number of offenders declined by demo social variables could not coincide because of missing values.,,,,,,,,,,,,,,,,
A,Annual,IT,Italy,OFFEND,Number of alleged offenders reported by the police forces to the judicial authority,PORNO,Child pornography and possession of paedo-pornographic materials,2,Females,Y45-54,45-54 years,ITL,Italian,2021,21,,,,,TIPO_DATO35__OFFEND_N1,For each crime the number of offenders declined by demo social variables could not coincide because of missing values.,,,,,,,,,,,,,,,,
A,Annual,IT,Italy,OFFEND,Number of alleged offenders reported by the police forces to the judicial authority,PORNO,Child pornography and possession of paedo-pornographic materials,2,Females,Y45-54,45-54 years,ITL,Italian,2022,9,,,,,TIPO_DATO35__OFFEND_N1,For each crime the number of offenders declined by demo social variables could not coincide because of missing values.,,,,,,,,,,,,,,,,
A,Annual,IT,Italy,OFFEND,Number of alleged offenders reported by the police forces to the judicial authority,PORNO,Child pornography and possession of paedo-pornographic materials,2,Females,Y45-54,45-54 years,ITL,Italian,2023,5,,,,,TIPO_DATO35__OFFEND_N1,For each crime the number of offenders declined by demo social variables could not coincide because of missing values.,,,,,,,,,,,,,,,,
A,Annual,IT,Italy,OFFEND,Number of alleged offenders reported by the police forces to the judicial authority,PORNO,Child pornography and possession of paedo-pornographic materials,2,Females,Y45-54,45-54 years,FRG,Foreign,2007,0,,,,,TIPO_DATO35__OFFEND_N1,For each crime the number of offenders declined by demo social variables could not coincide because of missing values.,,,,,,,,,,,,,,,,
A,Annual,IT,Italy,OFFEND,Number of alleged offenders reported by the police forces to the judicial authority,PORNO,Child pornography and possession of paedo-pornographic materials,2,Females,Y45-54,45-54 years,FRG,Foreign,2008,2,,,,,TIPO_DATO35__OFFEND_N1,For each crime the number of offenders declined by demo social variables could not coincide because of missing values.,,,,,,,,,,,,,,,,
A,Annual,IT,Italy,OFFEND,Number of alleged offenders reported by the police forces to the judicial authority,PORNO,Child pornography and possession of paedo-pornographic materials,2,Females,Y45-54,45-54 years,FRG,Foreign,2009,2,,,,,TIPO_DATO35__OFFEND_N1,For each crime the number of offenders declined by demo social variables could not coincide because of missing values.,,,,,,,,,,,,,,,,
A,Annual,IT,Italy,OFFEND,Number of alleged offenders reported by the police forces to the judicial authority,PORNO,Child pornography and possession of paedo-pornographic materials,2,Females,Y45-54,45-54 years,FRG,Foreign,2010,2,,,,,TIPO_DATO35__OFFEND_N1,For each crime the number of offenders declined by demo social variables could not coincide because of missing values.,,,,,,,,,,,,,,,,
A,Annual,IT,Italy,OFFEND,Number of alleged offenders reported by the police forces to the judicial authority,PORNO,Child pornography and possession of paedo-pornographic materials,2,Females,Y45-54,45-54 years,FRG,Foreign,2011,0,,,,,TIPO_DATO35__OFFEND_N1,For each crime the number of offenders declined by demo social variables could not coincide because of missing values.,,,,,,,,,,,,,,,,
A,Annual,IT,Italy,OFFEND,Number of alleged offenders reported by the police forces to the judicial authority,PORNO,Child pornography and possession of paedo-pornographic materials,2,Females,Y45-54,45-54 years,FRG,Foreign,2012,0,,,,,TIPO_DATO35__OFFEND_N1,For each crime the number of offenders declined by demo social variables could not coincide because of missing values.,,,,,,,,,,,,,,,,
A,Annual,IT,Italy,OFFEND,Number of alleged offenders reported by the police forces to the judicial authority,PORNO,Child pornography and possession of paedo-pornographic materials,2,Females,Y45-54,45-54 years,FRG,Foreign,2013,3,,,,,TIPO_DATO35__OFFEND_N1,For each crime the number of offenders declined by demo social variables could not coincide because of missing values.,,,,,,,,,,,,,,,,
A,Annual,IT,Italy,OFFEND,Number of alleged offenders reported by the police forces to the judicial authority,PORNO,Child pornography and possession of paedo-pornographic materials,2,Females,Y45-54,45-54 years,FRG,Foreign,2014,1,,,,,TIPO_DATO35__OFFEND_N1,For each crime the number of offenders declined by demo social variables could not coincide because of missing values.,,,,,,,,,,,,,,,,
A,Annual,IT,Italy,OFFEND,Number of alleged offenders reported by the police forces to the judicial authority,PORNO,Child pornography and possession of paedo-pornographic materials,2,Females,Y45-54,45-54 years,FRG,Foreign,2015,5,,,,,TIPO_DATO35__OFFEND_N1,For each crime the number of offenders declined by demo social variables could not coincide because of missing values.,,,,,,,,,,,,,,,,
A,Annual,IT,Italy,OFFEND,Number of alleged offenders reported by the police forces to the judicial authority,PORNO,Child pornography and possession of paedo-pornographic materials,2,Females,Y45-54,45-54 years,FRG,Foreign,2016,0,,,,,TIPO_DATO35__OFFEND_N1,For each crime the number of offenders declined by demo social variables could not coincide because of missing values.,,,,,,,,,,,,,,,,
A,Annual,IT,Italy,OFFEND,Number of alleged offenders reported by the police forces to the judicial authority,PORNO,Child pornography and possession of paedo-pornographic materials,2,Females,Y45-54,45-54 years,FRG,Foreign,2017,1,,,,,TIPO_DATO35__OFFEND_N1,For each crime the number of offenders declined by demo social variables could not coincide because of missing values.,,,,,,,,,,,,,,,,
A,Annual,IT,Italy,OFFEND,Number of alleged offenders reported by the police forces to the judicial authority,PORNO,Child pornography and possession of paedo-pornographic materials,2,Females,Y45-54,45-54 years,FRG,Foreign,2018,5,,,,,TIPO_DATO35__OFFEND_N1,For each crime the number of offenders declined by demo social variables could not coincide because of missing values.,,,,,,,,,,,,,,,,
A,Annual,IT,Italy,OFFEND,Number of alleged offenders reported by the police forces to the judicial authority,PORNO,Child pornography and possession of paedo-pornographic materials,2,Females,Y45-54,45-54 years,FRG,Foreign,2019,2,,,,,TIPO_DATO35__OFFEND_N1,For each crime the number of offenders declined by demo social variables could not coincide because of missing values.,,,,,,,,,,,,,,,,
A,Annual,IT,Italy,OFFEND,Number of alleged offenders reported by the police forces to the judicial authority,PORNO,Child pornography and possession of paedo-pornographic materials,2,Females,Y45-54,45-54 years,FRG,Foreign,2020,1,,,,,TIPO_DATO35__OFFEND_N1,For each crime the number of offenders declined by demo social variables could not coincide because of missing values.,,,,,,,,,,,,,,,,
A,Annual,IT,Italy,OFFEND,Number of alleged offenders reported by the police forces to the judicial authority,PORNO,Child pornography and possession of paedo-pornographic materials,2,Females,Y45-54,45-54 years,FRG,Foreign,2021,6,,,,,TIPO_DATO35__OFFEND_N1,For each crime the number of offenders declined by demo social variables could not coincide because of missing values.,,,,,,,,,,,,,,,,
A,Annual,IT,Italy,OFFEND,Number of alleged offenders reported by the police forces to the judicial authority,PORNO,Child pornography and possession of paedo-pornographic materials,2,Females,Y45-54,45-54 years,FRG,Foreign,2022,5,,,,,TIPO_DATO35__OFFEND_N1,For each crime the number of offenders declined by demo social variables could not coincide because of missing values.,,,,,,,,,,,,,,,,
A,Annual,IT,Italy,OFFEND,Number of alleged offenders reported by the police forces to the judicial authority,PORNO,Child pornography and possession of paedo-pornographic materials,2,Females,Y45-54,45-54 years,FRG,Foreign,2023,6,,,,,TIPO_DATO35__OFFEND_N1,For each crime the number of offenders declined by demo social variables could not coincide because of missing values.,,,,,,,,,,,,,,,,
A,Annual,IT,Italy,OFFEND,Number of alleged offenders reported by the police forces to the judicial authority,PORNO,Child pornography and possession of paedo-pornographic materials,2,Females,Y45-54,45-54 years,TOTAL,Total,2007,3,,,,,TIPO_DATO35__OFFEND_N1,For each crime the number of offenders declined by demo social variables could not coincide because of missing values.,,,,,,,,,,,,,,,,
A,Annual,IT,Italy,OFFEND,Number of alleged offenders reported by the police forces to the judicial authority,PORNO,Child pornography and possession of paedo-pornographic materials,2,Females,Y45-54,45-54 years,TOTAL,Total,2008,11,,,,,TIPO_DATO35__OFFEND_N1,For each crime the number of offenders declined by demo social variables could not coincide because of missing values.,,,,,,,,,,,,,,,,
A,Annual,IT,Italy,OFFEND,Number of alleged offenders reported by the police forces to the judicial authority,PORNO,Child pornography and possession of paedo-pornographic materials,2,Females,Y45-54,45-54 years,TOTAL,Total,2009,59,,,,,TIPO_DATO35__OFFEND_N1,For each crime the number of offenders declined by demo social variables could not coincide because of missing values.,,,,,,,,,,,,,,,,
A,Annual,IT,Italy,OFFEND,Number of alleged offenders reported by the police forces to the judicial authority,PORNO,Child pornography and possession of paedo-pornographic materials,2,Females,Y45-54,45-54 years,TOTAL,Total,2010,21,,,,,TIPO_DATO35__OFFEND_N1,For each crime the number of offenders declined by demo social variables could not coincide because of missing values.,,,,,,,,,,,,,,,,
A,Annual,IT,Italy,OFFEND,Number of alleged offenders reported by the police forces to the judicial authority,PORNO,Child pornography and possession of paedo-pornographic materials,2,Females,Y45-54,45-54 years,TOTAL,Total,2011,31,,,,,TIPO_DATO35__OFFEND_N1,For each crime the number of offenders declined by demo social variables could not coincide because of missing values.,,,,,,,,,,,,,,,,
A,Annual,IT,Italy,OFFEND,Number of alleged offenders reported by the police forces to the judicial authority,PORNO,Child pornography and possession of paedo-pornographic materials,2,Females,Y45-54,45-54 years,TOTAL,Total,2012,7,,,,,TIPO_DATO35__OFFEND_N1,For each crime the number of offenders declined by demo social variables could not coincide because of missing values.,,,,,,,,,,,,,,,,
A,Annual,IT,Italy,OFFEND,Number of alleged offenders reported by the police forces to the judicial authority,PORNO,Child pornography and possession of paedo-pornographic materials,2,Females,Y45-54,45-54 years,TOTAL,Total,2013,15,,,,,TIPO_DATO35__OFFEND_N1,For each crime the number of offenders declined by demo social variables could not coincide because of missing values.,,,,,,,,,,,,,,,,
A,Annual,IT,Italy,OFFEND,Number of alleged offenders reported by the police forces to the judicial authority,PORNO,Child pornography and possession of paedo-pornographic materials,2,Females,Y45-54,45-54 years,TOTAL,Total,2014,21,,,,,TIPO_DATO35__OFFEND_N1,For each crime the number of offenders declined by demo social variables could not coincide because of missing values.,,,,,,,,,,,,,,,,
A,Annual,IT,Italy,OFFEND,Number of alleged offenders reported by the police forces to the judicial authority,PORNO,Child pornography and possession of paedo-pornographic materials,2,Females,Y45-54,45-54 years,TOTAL,Total,2015,9,,,,,TIPO_DATO35__OFFEND_N1,For each crime the number of offenders declined by demo social variables could not coincide because of missing values.,,,,,,,,,,,,,,,,
A,Annual,IT,Italy,OFFEND,Number of alleged offenders reported by the police forces to the judicial authority,PORNO,Child pornography and possession of paedo-pornographic materials,2,Females,Y45-54,45-54 years,TOTAL,Total,2016,7,,,,,TIPO_DATO35__OFFEND_N1,For each crime the number of offenders declined by demo social variables could not coincide because of missing values.,,,,,,,,,,,,,,,,
A,Annual,IT,Italy,OFFEND,Number of alleged offenders reported by the police forces to the judicial authority,PORNO,Child pornography and possession of paedo-pornographic materials,2,Females,Y45-54,45-54 years,TOTAL,Total,2017,12,,,,,TIPO_DATO35__OFFEND_N1,For each crime the number of offenders declined by demo social variables could not coincide because of missing values.,,,,,,,,,,,,,,,,
A,Annual,IT,Italy,OFFEND,Number of alleged offenders reported by the police forces to the judicial authority,PORNO,Child pornography and possession of paedo-pornographic materials,2,Females,Y45-54,45-54 years,TOTAL,Total,2018,12,,,,,TIPO_DATO35__OFFEND_N1,For each crime the number of offenders declined by demo social variables could not coincide because of missing values.,,,,,,,,,,,,,,,,
A,Annual,IT,Italy,OFFEND,Number of alleged offenders reported by the police forces to the judicial authority,PORNO,Child pornography and possession of paedo-pornographic materials,2,Females,Y45-54,45-54 years,TOTAL,Total,2019,17,,,,,TIPO_DATO35__OFFEND_N1,For each crime the number of offenders declined by demo social variables could not coincide because of missing values.,,,,,,,,,,,,,,,,
A,Annual,IT,Italy,OFFEND,Number of alleged offenders reported by the police forces to the judicial authority,PORNO,Child pornography and possession of paedo-pornographic materials,2,Females,Y45-54,45-54 years,TOTAL,Total,2020,11,,,,,TIPO_DATO35__OFFEND_N1,For each crime the number of offenders declined by demo social variables could not coincide because of missing values.,,,,,,,,,,,,,,,,
A,Annual,IT,Italy,OFFEND,Number of alleged offenders reported by the police forces to the judicial authority,PORNO,Child pornography and possession of paedo-pornographic materials,2,Females,Y45-54,45-54 years,TOTAL,Total,2021,27,,,,,TIPO_DATO35__OFFEND_N1,For each crime the number of offenders declined by demo social variables could not coincide because of missing values.,,,,,,,,,,,,,,,,
A,Annual,IT,Italy,OFFEND,Number of alleged offenders reported by the police forces to the judicial authority,PORNO,Child pornography and possession of paedo-pornographic materials,2,Females,Y45-54,45-54 years,TOTAL,Total,2022,14,,,,,TIPO_DATO35__OFFEND_N1,For each crime the number of offenders declined by demo social variables could not coincide because of missing values.,,,,,,,,,,,,,,,,
A,Annual,IT,Italy,OFFEND,Number of alleged offenders reported by the police forces to the judicial authority,PORNO,Child pornography and possession of paedo-pornographic materials,2,Females,Y45-54,45-54 years,TOTAL,Total,2023,11,,,,,TIPO_DATO35__OFFEND_N1,For each crime the number of offenders declined by demo social variables could not coincide because of missing values.,,,,,,,,,,,,,,,,
A,Annual,IT,Italy,OFFEND,Number of alleged offenders reported by the police forces to the judicial authority,PORNO,Child pornography and possession of paedo-pornographic materials,2,Females,Y55-64,55-64 years,ITL,Italian,2007,4,,,,,TIPO_DATO35__OFFEND_N1,For each crime the number of offenders declined by demo social variables could not coincide because of missing values.,,,,,,,,,,,,,,,,
A,Annual,IT,Italy,OFFEND,Number of alleged offenders reported by the police forces to the judicial authority,PORNO,Child pornography and possession of paedo-pornographic materials,2,Females,Y55-64,55-64 years,ITL,Italian,2008,13,,,,,TIPO_DATO35__OFFEND_N1,For each crime the number of offenders declined by demo social variables could not coincide because of missing values.,,,,,,,,,,,,,,,,
A,Annual,IT,Italy,OFFEND,Number of alleged offenders reported by the police forces to the judicial authority,PORNO,Child pornography and possession of paedo-pornographic materials,2,Females,Y55-64,55-64 years,ITL,Italian,2009,28,,,,,TIPO_DATO35__OFFEND_N1,For each crime the number of offenders declined by demo social variables could not coincide because of missing values.,,,,,,,,,,,,,,,,
A,Annual,IT,Italy,OFFEND,Number of alleged offenders reported by the police forces to the judicial authority,PORNO,Child pornography and possession of paedo-pornographic materials,2,Females,Y55-64,55-64 years,ITL,Italian,2010,23,,,,,TIPO_DATO35__OFFEND_N1,For each crime the number of offenders declined by demo social variables could not coincide because of missing values.,,,,,,,,,,,,,,,,
A,Annual,IT,Italy,OFFEND,Number of alleged offenders reported by the police forces to the judicial authority,PORNO,Child pornography and possession of paedo-pornographic materials,2,Females,Y55-64,55-64 years,ITL,Italian,2011,29,,,,,TIPO_DATO35__OFFEND_N1,For each crime the number of offenders declined by demo social variables could not coincide because of missing values.,,,,,,,,,,,,,,,,
A,Annual,IT,Italy,OFFEND,Number of alleged offenders reported by the police forces to the judicial authority,PORNO,Child pornography and possession of paedo-pornographic materials,2,Females,Y55-64,55-64 years,ITL,Italian,2012,14,,,,,TIPO_DATO35__OFFEND_N1,For each crime the number of offenders declined by demo social variables could not coincide because of missing values.,,,,,,,,,,,,,,,,
A,Annual,IT,Italy,OFFEND,Number of alleged offenders reported by the police forces to the judicial authority,PORNO,Child pornography and possession of paedo-pornographic materials,2,Females,Y55-64,55-64 years,ITL,Italian,2013,6,,,,,TIPO_DATO35__OFFEND_N1,For each crime the number of offenders declined by demo social variables could not coincide because of missing values.,,,,,,,,,,,,,,,,
A,Annual,IT,Italy,OFFEND,Number of alleged offenders reported by the police forces to the judicial authority,PORNO,Child pornography and possession of paedo-pornographic materials,2,Females,Y55-64,55-64 years,ITL,Italian,2014,10,,,,,TIPO_DATO35__OFFEND_N1,For each crime the number of offenders declined by demo social variables could not coincide because of missing values.,,,,,,,,,,,,,,,,
A,Annual,IT,Italy,OFFEND,Number of alleged offenders reported by the police forces to the judicial authority,PORNO,Child pornography and possession of paedo-pornographic materials,2,Females,Y55-64,55-64 years,ITL,Italian,2015,3,,,,,TIPO_DATO35__OFFEND_N1,For each crime the number of offenders declined by demo social variables could not coincide because of missing values.,,,,,,,,,,,,,,,,
A,Annual,IT,Italy,OFFEND,Number of alleged offenders reported by the police forces to the judicial authority,PORNO,Child pornography and possession of paedo-pornographic materials,2,Females,Y55-64,55-64 years,ITL,Italian,2016,4,,,,,TIPO_DATO35__OFFEND_N1,For each crime the number of offenders declined by demo social variables could not coincide because of missing values.,,,,,,,,,,,,,,,,
A,Annual,IT,Italy,OFFEND,Number of alleged offenders reported by the police forces to the judicial authority,PORNO,Child pornography and possession of paedo-pornographic materials,2,Females,Y55-64,55-64 years,ITL,Italian,2017,5,,,,,TIPO_DATO35__OFFEND_N1,For each crime the number of offenders declined by demo social variables could not coincide because of missing values.,,,,,,,,,,,,,,,,
A,Annual,IT,Italy,OFFEND,Number of alleged offenders reported by the police forces to the judicial authority,PORNO,Child pornography and possession of paedo-pornographic materials,2,Females,Y55-64,55-64 years,ITL,Italian,2018,1,,,,,TIPO_DATO35__OFFEND_N1,For each crime the number of offenders declined by demo social variables could not coincide because of missing values.,,,,,,,,,,,,,,,,
A,Annual,IT,Italy,OFFEND,Number of alleged offenders reported by the police forces to the judicial authority,PORNO,Child pornography and possession of paedo-pornographic materials,2,Females,Y55-64,55-64 years,ITL,Italian,2019,5,,,,,TIPO_DATO35__OFFEND_N1,For each crime the number of offenders declined by demo social variables could not coincide because of missing values.,,,,,,,,,,,,,,,,
A,Annual,IT,Italy,OFFEND,Number of alleged offenders reported by the police forces to the judicial authority,PORNO,Child pornography and possession of paedo-pornographic materials,2,Females,Y55-64,55-64 years,ITL,Italian,2020,1,,,,,TIPO_DATO35__OFFEND_N1,For each crime the number of offenders declined by demo social variables could not coincide because of missing values.,,,,,,,,,,,,,,,,
A,Annual,IT,Italy,OFFEND,Number of alleged offenders reported by the police forces to the judicial authority,PORNO,Child pornography and possession of paedo-pornographic materials,2,Females,Y55-64,55-64 years,ITL,Italian,2021,3,,,,,TIPO_DATO35__OFFEND_N1,For each crime the number of offenders declined by demo social variables could not coincide because of missing values.,,,,,,,,,,,,,,,,
A,Annual,IT,Italy,OFFEND,Number of alleged offenders reported by the police forces to the judicial authority,PORNO,Child pornography and possession of paedo-pornographic materials,2,Females,Y55-64,55-64 years,ITL,Italian,2022,4,,,,,TIPO_DATO35__OFFEND_N1,For each crime the number of offenders declined by demo social variables could not coincide because of missing values.,,,,,,,,,,,,,,,,
A,Annual,IT,Italy,OFFEND,Number of alleged offenders reported by the police forces to the judicial authority,PORNO,Child pornography and possession of paedo-pornographic materials,2,Females,Y55-64,55-64 years,ITL,Italian,2023,4,,,,,TIPO_DATO35__OFFEND_N1,For each crime the number of offenders declined by demo social variables could not coincide because of missing values.,,,,,,,,,,,,,,,,
A,Annual,IT,Italy,OFFEND,Number of alleged offenders reported by the police forces to the judicial authority,PORNO,Child pornography and possession of paedo-pornographic materials,2,Females,Y55-64,55-64 years,FRG,Foreign,2007,0,,,,,TIPO_DATO35__OFFEND_N1,For each crime the number of offenders declined by demo social variables could not coincide because of missing values.,,,,,,,,,,,,,,,,
A,Annual,IT,Italy,OFFEND,Number of alleged offenders reported by the police forces to the judicial authority,PORNO,Child pornography and possession of paedo-pornographic materials,2,Females,Y55-64,55-64 years,FRG,Foreign,2008,1,,,,,TIPO_DATO35__OFFEND_N1,For each crime the number of offenders declined by demo social variables could not coincide because of missing values.,,,,,,,,,,,,,,,,
A,Annual,IT,Italy,OFFEND,Number of alleged offenders reported by the police forces to the judicial authority,PORNO,Child pornography and possession of paedo-pornographic materials,2,Females,Y55-64,55-64 years,FRG,Foreign,2009,0,,,,,TIPO_DATO35__OFFEND_N1,For each crime the number of offenders declined by demo social variables could not coincide because of missing values.,,,,,,,,,,,,,,,,
A,Annual,IT,Italy,OFFEND,Number of alleged offenders reported by the police forces to the judicial authority,PORNO,Child pornography and possession of paedo-pornographic materials,2,Females,Y55-64,55-64 years,FRG,Foreign,2010,0,,,,,TIPO_DATO35__OFFEND_N1,For each crime the number of offenders declined by demo social variables could not coincide because of missing values.,,,,,,,,,,,,,,,,
A,Annual,IT,Italy,OFFEND,Number of alleged offenders reported by the police forces to the judicial authority,PORNO,Child pornography and possession of paedo-pornographic materials,2,Females,Y55-64,55-64 years,FRG,Foreign,2011,1,,,,,TIPO_DATO35__OFFEND_N1,For each crime the number of offenders declined by demo social variables could not coincide because of missing values.,,,,,,,,,,,,,,,,
A,Annual,IT,Italy,OFFEND,Number of alleged offenders reported by the police forces to the judicial authority,PORNO,Child pornography and possession of paedo-pornographic materials,2,Females,Y55-64,55-64 years,FRG,Foreign,2012,0,,,,,TIPO_DATO35__OFFEND_N1,For each crime the number of offenders declined by demo social variables could not coincide because of missing values.,,,,,,,,,,,,,,,,
A,Annual,IT,Italy,OFFEND,Number of alleged offenders reported by the police forces to the judicial authority,PORNO,Child pornography and possession of paedo-pornographic materials,2,Females,Y55-64,55-64 years,FRG,Foreign,2013,0,,,,,TIPO_DATO35__OFFEND_N1,For each crime the number of offenders declined by demo social variables could not coincide because of missing values.,,,,,,,,,,,,,,,,
A,Annual,IT,Italy,OFFEND,Number of alleged offenders reported by the police forces to the judicial authority,PORNO,Child pornography and possession of paedo-pornographic materials,2,Females,Y55-64,55-64 years,FRG,Foreign,2014,0,,,,,TIPO_DATO35__OFFEND_N1,For each crime the number of offenders declined by demo social variables could not coincide because of missing values.,,,,,,,,,,,,,,,,
A,Annual,IT,Italy,OFFEND,Number of alleged offenders reported by the police forces to the judicial authority,PORNO,Child pornography and possession of paedo-pornographic materials,2,Females,Y55-64,55-64 years,FRG,Foreign,2015,0,,,,,TIPO_DATO35__OFFEND_N1,For each crime the number of offenders declined by demo social variables could not coincide because of missing values.,,,,,,,,,,,,,,,,
A,Annual,IT,Italy,OFFEND,Number of alleged offenders reported by the police forces to the judicial authority,PORNO,Child pornography and possession of paedo-pornographic materials,2,Females,Y55-64,55-64 years,FRG,Foreign,2016,0,,,,,TIPO_DATO35__OFFEND_N1,For each crime the number of offenders declined by demo social variables could not coincide because of missing values.,,,,,,,,,,,,,,,,
A,Annual,IT,Italy,OFFEND,Number of alleged offenders reported by the police forces to the judicial authority,PORNO,Child pornography and possession of paedo-pornographic materials,2,Females,Y55-64,55-64 years,FRG,Foreign,2017,2,,,,,TIPO_DATO35__OFFEND_N1,For each crime the number of offenders declined by demo social variables could not coincide because of missing values.,,,,,,,,,,,,,,,,
A,Annual,IT,Italy,OFFEND,Number of alleged offenders reported by the police forces to the judicial authority,PORNO,Child pornography and possession of paedo-pornographic materials,2,Females,Y55-64,55-64 years,FRG,Foreign,2018,2,,,,,TIPO_DATO35__OFFEND_N1,For each crime the number of offenders declined by demo social variables could not coincide because of missing values.,,,,,,,,,,,,,,,,
A,Annual,IT,Italy,OFFEND,Number of alleged offenders reported by the police forces to the judicial authority,PORNO,Child pornography and possession of paedo-pornographic materials,2,Females,Y55-64,55-64 years,FRG,Foreign,2019,0,,,,,TIPO_DATO35__OFFEND_N1,For each crime the number of offenders declined by demo social variables could not coincide because of missing values.,,,,,,,,,,,,,,,,
A,Annual,IT,Italy,OFFEND,Number of alleged offenders reported by the police forces to the judicial authority,PORNO,Child pornography and possession of paedo-pornographic materials,2,Females,Y55-64,55-64 years,FRG,Foreign,2020,1,,,,,TIPO_DATO35__OFFEND_N1,For each crime the number of offenders declined by demo social variables could not coincide because of missing values.,,,,,,,,,,,,,,,,
A,Annual,IT,Italy,OFFEND,Number of alleged offenders reported by the police forces to the judicial authority,PORNO,Child pornography and possession of paedo-pornographic materials,2,Females,Y55-64,55-64 years,FRG,Foreign,2021,0,,,,,TIPO_DATO35__OFFEND_N1,For each crime the number of offenders declined by demo social variables could not coincide because of missing values.,,,,,,,,,,,,,,,,
A,Annual,IT,Italy,OFFEND,Number of alleged offenders reported by the police forces to the judicial authority,PORNO,Child pornography and possession of paedo-pornographic materials,2,Females,Y55-64,55-64 years,FRG,Foreign,2022,0,,,,,TIPO_DATO35__OFFEND_N1,For each crime the number of offenders declined by demo social variables could not coincide because of missing values.,,,,,,,,,,,,,,,,
A,Annual,IT,Italy,OFFEND,Number of alleged offenders reported by the police forces to the judicial authority,PORNO,Child pornography and possession of paedo-pornographic materials,2,Females,Y55-64,55-64 years,FRG,Foreign,2023,0,,,,,TIPO_DATO35__OFFEND_N1,For each crime the number of offenders declined by demo social variables could not coincide because of missing values.,,,,,,,,,,,,,,,,
A,Annual,IT,Italy,OFFEND,Number of alleged offenders reported by the police forces to the judicial authority,PORNO,Child pornography and possession of paedo-pornographic materials,2,Females,Y55-64,55-64 years,TOTAL,Total,2007,4,,,,,TIPO_DATO35__OFFEND_N1,For each crime the number of offenders declined by demo social variables could not coincide because of missing values.,,,,,,,,,,,,,,,,
A,Annual,IT,Italy,OFFEND,Number of alleged offenders reported by the police forces to the judicial authority,PORNO,Child pornography and possession of paedo-pornographic materials,2,Females,Y55-64,55-64 years,TOTAL,Total,2008,14,,,,,TIPO_DATO35__OFFEND_N1,For each crime the number of offenders declined by demo social variables could not coincide because of missing values.,,,,,,,,,,,,,,,,
A,Annual,IT,Italy,OFFEND,Number of alleged offenders reported by the police forces to the judicial authority,PORNO,Child pornography and possession of paedo-pornographic materials,2,Females,Y55-64,55-64 years,TOTAL,Total,2009,28,,,,,TIPO_DATO35__OFFEND_N1,For each crime the number of offenders declined by demo social variables could not coincide because of missing values.,,,,,,,,,,,,,,,,
A,Annual,IT,Italy,OFFEND,Number of alleged offenders reported by the police forces to the judicial authority,PORNO,Child pornography and possession of paedo-pornographic materials,2,Females,Y55-64,55-64 years,TOTAL,Total,2010,23,,,,,TIPO_DATO35__OFFEND_N1,For each crime the number of offenders declined by demo social variables could not coincide because of missing values.,,,,,,,,,,,,,,,,
A,Annual,IT,Italy,OFFEND,Number of alleged offenders reported by the police forces to the judicial authority,PORNO,Child pornography and possession of paedo-pornographic materials,2,Females,Y55-64,55-64 years,TOTAL,Total,2011,30,,,,,TIPO_DATO35__OFFEND_N1,For each crime the number of offenders declined by demo social variables could not coincide because of missing values.,,,,,,,,,,,,,,,,
A,Annual,IT,Italy,OFFEND,Number of alleged offenders reported by the police forces to the judicial authority,PORNO,Child pornography and possession of paedo-pornographic materials,2,Females,Y55-64,55-64 years,TOTAL,Total,2012,14,,,,,TIPO_DATO35__OFFEND_N1,For each crime the number of offenders declined by demo social variables could not coincide because of missing values.,,,,,,,,,,,,,,,,
A,Annual,IT,Italy,OFFEND,Number of alleged offenders reported by the police forces to the judicial authority,PORNO,Child pornography and possession of paedo-pornographic materials,2,Females,Y55-64,55-64 years,TOTAL,Total,2013,6,,,,,TIPO_DATO35__OFFEND_N1,For each crime the number of offenders declined by demo social variables could not coincide because of missing values.,,,,,,,,,,,,,,,,
A,Annual,IT,Italy,OFFEND,Number of alleged offenders reported by the police forces to the judicial authority,PORNO,Child pornography and possession of paedo-pornographic materials,2,Females,Y55-64,55-64 years,TOTAL,Total,2014,10,,,,,TIPO_DATO35__OFFEND_N1,For each crime the number of offenders declined by demo social variables could not coincide because of missing values.,,,,,,,,,,,,,,,,
A,Annual,IT,Italy,OFFEND,Number of alleged offenders reported by the police forces to the judicial authority,PORNO,Child pornography and possession of paedo-pornographic materials,2,Females,Y55-64,55-64 years,TOTAL,Total,2015,3,,,,,TIPO_DATO35__OFFEND_N1,For each crime the number of offenders declined by demo social variables could not coincide because of missing values.,,,,,,,,,,,,,,,,
A,Annual,IT,Italy,OFFEND,Number of alleged offenders reported by the police forces to the judicial authority,PORNO,Child pornography and possession of paedo-pornographic materials,2,Females,Y55-64,55-64 years,TOTAL,Total,2016,4,,,,,TIPO_DATO35__OFFEND_N1,For each crime the number of offenders declined by demo social variables could not coincide because of missing values.,,,,,,,,,,,,,,,,
A,Annual,IT,Italy,OFFEND,Number of alleged offenders reported by the police forces to the judicial authority,PORNO,Child pornography and possession of paedo-pornographic materials,2,Females,Y55-64,55-64 years,TOTAL,Total,2017,7,,,,,TIPO_DATO35__OFFEND_N1,For each crime the number of offenders declined by demo social variables could not coincide because of missing values.,,,,,,,,,,,,,,,,
A,Annual,IT,Italy,OFFEND,Number of alleged offenders reported by the police forces to the judicial authority,PORNO,Child pornography and possession of paedo-pornographic materials,2,Females,Y55-64,55-64 years,TOTAL,Total,2018,3,,,,,TIPO_DATO35__OFFEND_N1,For each crime the number of offenders declined by demo social variables could not coincide because of missing values.,,,,,,,,,,,,,,,,
A,Annual,IT,Italy,OFFEND,Number of alleged offenders reported by the police forces to the judicial authority,PORNO,Child pornography and possession of paedo-pornographic materials,2,Females,Y55-64,55-64 years,TOTAL,Total,2019,5,,,,,TIPO_DATO35__OFFEND_N1,For each crime the number of offenders declined by demo social variables could not coincide because of missing values.,,,,,,,,,,,,,,,,
A,Annual,IT,Italy,OFFEND,Number of alleged offenders reported by the police forces to the judicial authority,PORNO,Child pornography and possession of paedo-pornographic materials,2,Females,Y55-64,55-64 years,TOTAL,Total,2020,2,,,,,TIPO_DATO35__OFFEND_N1,For each crime the number of offenders declined by demo social variables could not coincide because of missing values.,,,,,,,,,,,,,,,,
A,Annual,IT,Italy,OFFEND,Number of alleged offenders reported by the police forces to the judicial authority,PORNO,Child pornography and possession of paedo-pornographic materials,2,Females,Y55-64,55-64 years,TOTAL,Total,2021,3,,,,,TIPO_DATO35__OFFEND_N1,For each crime the number of offenders declined by demo social variables could not coincide because of missing values.,,,,,,,,,,,,,,,,
A,Annual,IT,Italy,OFFEND,Number of alleged offenders reported by the police forces to the judicial authority,PORNO,Child pornography and possession of paedo-pornographic materials,2,Females,Y55-64,55-64 years,TOTAL,Total,2022,4,,,,,TIPO_DATO35__OFFEND_N1,For each crime the number of offenders declined by demo social variables could not coincide because of missing values.,,,,,,,,,,,,,,,,
A,Annual,IT,Italy,OFFEND,Number of alleged offenders reported by the police forces to the judicial authority,PORNO,Child pornography and possession of paedo-pornographic materials,2,Females,Y55-64,55-64 years,TOTAL,Total,2023,4,,,,,TIPO_DATO35__OFFEND_N1,For each crime the number of offenders declined by demo social variables could not coincide because of missing values.,,,,,,,,,,,,,,,,
A,Annual,IT,Italy,OFFEND,Number of alleged offenders reported by the police forces to the judicial authority,PORNO,Child pornography and possession of paedo-pornographic materials,2,Females,Y_GE65,65 years and over,ITL,Italian,2007,2,,,,,TIPO_DATO35__OFFEND_N1,For each crime the number of offenders declined by demo social variables could not coincide because of missing values.,,,,,,,,,,,,,,,,
A,Annual,IT,Italy,OFFEND,Number of alleged offenders reported by the police forces to the judicial authority,PORNO,Child pornography and possession of paedo-pornographic materials,2,Females,Y_GE65,65 years and over,ITL,Italian,2008,3,,,,,TIPO_DATO35__OFFEND_N1,For each crime the number of offenders declined by demo social variables could not coincide because of missing values.,,,,,,,,,,,,,,,,
A,Annual,IT,Italy,OFFEND,Number of alleged offenders reported by the police forces to the judicial authority,PORNO,Child pornography and possession of paedo-pornographic materials,2,Females,Y_GE65,65 years and over,ITL,Italian,2009,5,,,,,TIPO_DATO35__OFFEND_N1,For each crime the number of offenders declined by demo social variables could not coincide because of missing values.,,,,,,,,,,,,,,,,
A,Annual,IT,Italy,OFFEND,Number of alleged offenders reported by the police forces to the judicial authority,PORNO,Child pornography and possession of paedo-pornographic materials,2,Females,Y_GE65,65 years and over,ITL,Italian,2010,11,,,,,TIPO_DATO35__OFFEND_N1,For each crime the number of offenders declined by demo social variables could not coincide because of missing values.,,,,,,,,,,,,,,,,
A,Annual,IT,Italy,OFFEND,Number of alleged offenders reported by the police forces to the judicial authority,PORNO,Child pornography and possession of paedo-pornographic materials,2,Females,Y_GE65,65 years and over,ITL,Italian,2011,11,,,,,TIPO_DATO35__OFFEND_N1,For each crime the number of offenders declined by demo social variables could not coincide because of missing values.,,,,,,,,,,,,,,,,
A,Annual,IT,Italy,OFFEND,Number of alleged offenders reported by the police forces to the judicial authority,PORNO,Child pornography and possession of paedo-pornographic materials,2,Females,Y_GE65,65 years and over,ITL,Italian,2012,13,,,,,TIPO_DATO35__OFFEND_N1,For each crime the number of offenders declined by demo social variables could not coincide because of missing values.,,,,,,,,,,,,,,,,
A,Annual,IT,Italy,OFFEND,Number of alleged offenders reported by the police forces to the judicial authority,PORNO,Child pornography and possession of paedo-pornographic materials,2,Females,Y_GE65,65 years and over,ITL,Italian,2013,10,,,,,TIPO_DATO35__OFFEND_N1,For each crime the number of offenders declined by demo social variables could not coincide because of missing values.,,,,,,,,,,,,,,,,
A,Annual,IT,Italy,OFFEND,Number of alleged offenders reported by the police forces to the judicial authority,PORNO,Child pornography and possession of paedo-pornographic materials,2,Females,Y_GE65,65 years and over,ITL,Italian,2014,0,,,,,TIPO_DATO35__OFFEND_N1,For each crime the number of offenders declined by demo social variables could not coincide because of missing values.,,,,,,,,,,,,,,,,
A,Annual,IT,Italy,OFFEND,Number of alleged offenders reported by the police forces to the judicial authority,PORNO,Child pornography and possession of paedo-pornographic materials,2,Females,Y_GE65,65 years and over,ITL,Italian,2015,2,,,,,TIPO_DATO35__OFFEND_N1,For each crime the number of offenders declined by demo social variables could not coincide because of missing values.,,,,,,,,,,,,,,,,
A,Annual,IT,Italy,OFFEND,Number of alleged offenders reported by the police forces to the judicial authority,PORNO,Child pornography and possession of paedo-pornographic materials,2,Females,Y_GE65,65 years and over,ITL,Italian,2016,3,,,,,TIPO_DATO35__OFFEND_N1,For each crime the number of offenders declined by demo social variables could not coincide because of missing values.,,,,,,,,,,,,,,,,
A,Annual,IT,Italy,OFFEND,Number of alleged offenders reported by the police forces to the judicial authority,PORNO,Child pornography and possession of paedo-pornographic materials,2,Females,Y_GE65,65 years and over,ITL,Italian,2017,1,,,,,TIPO_DATO35__OFFEND_N1,For each crime the number of offenders declined by demo social variables could not coincide because of missing values.,,,,,,,,,,,,,,,,
A,Annual,IT,Italy,OFFEND,Number of alleged offenders reported by the police forces to the judicial authority,PORNO,Child pornography and possession of paedo-pornographic materials,2,Females,Y_GE65,65 years and over,ITL,Italian,2018,0,,,,,TIPO_DATO35__OFFEND_N1,For each crime the number of offenders declined by demo social variables could not coincide because of missing values.,,,,,,,,,,,,,,,,
A,Annual,IT,Italy,OFFEND,Number of alleged offenders reported by the police forces to the judicial authority,PORNO,Child pornography and possession of paedo-pornographic materials,2,Females,Y_GE65,65 years and over,ITL,Italian,2019,0,,,,,TIPO_DATO35__OFFEND_N1,For each crime the number of offenders declined by demo social variables could not coincide because of missing values.,,,,,,,,,,,,,,,,
A,Annual,IT,Italy,OFFEND,Number of alleged offenders reported by the police forces to the judicial authority,PORNO,Child pornography and possession of paedo-pornographic materials,2,Females,Y_GE65,65 years and over,ITL,Italian,2020,1,,,,,TIPO_DATO35__OFFEND_N1,For each crime the number of offenders declined by demo social variables could not coincide because of missing values.,,,,,,,,,,,,,,,,
A,Annual,IT,Italy,OFFEND,Number of alleged offenders reported by the police forces to the judicial authority,PORNO,Child pornography and possession of paedo-pornographic materials,2,Females,Y_GE65,65 years and over,ITL,Italian,2021,1,,,,,TIPO_DATO35__OFFEND_N1,For each crime the number of offenders declined by demo social variables could not coincide because of missing values.,,,,,,,,,,,,,,,,
A,Annual,IT,Italy,OFFEND,Number of alleged offenders reported by the police forces to the judicial authority,PORNO,Child pornography and possession of paedo-pornographic materials,2,Females,Y_GE65,65 years and over,ITL,Italian,2022,2,,,,,TIPO_DATO35__OFFEND_N1,For each crime the number of offenders declined by demo social variables could not coincide because of missing values.,,,,,,,,,,,,,,,,
A,Annual,IT,Italy,OFFEND,Number of alleged offenders reported by the police forces to the judicial authority,PORNO,Child pornography and possession of paedo-pornographic materials,2,Females,Y_GE65,65 years and over,ITL,Italian,2023,1,,,,,TIPO_DATO35__OFFEND_N1,For each crime the number of offenders declined by demo social variables could not coincide because of missing values.,,,,,,,,,,,,,,,,
A,Annual,IT,Italy,OFFEND,Number of alleged offenders reported by the police forces to the judicial authority,PORNO,Child pornography and possession of paedo-pornographic materials,2,Females,Y_GE65,65 years and over,FRG,Foreign,2007,0,,,,,TIPO_DATO35__OFFEND_N1,For each crime the number of offenders declined by demo social variables could not coincide because of missing values.,,,,,,,,,,,,,,,,
A,Annual,IT,Italy,OFFEND,Number of alleged offenders reported by the police forces to the judicial authority,PORNO,Child pornography and possession of paedo-pornographic materials,2,Females,Y_GE65,65 years and over,FRG,Foreign,2008,0,,,,,TIPO_DATO35__OFFEND_N1,For each crime the number of offenders declined by demo social variables could not coincide because of missing values.,,,,,,,,,,,,,,,,
A,Annual,IT,Italy,OFFEND,Number of alleged offenders reported by the police forces to the judicial authority,PORNO,Child pornography and possession of paedo-pornographic materials,2,Females,Y_GE65,65 years and over,FRG,Foreign,2009,0,,,,,TIPO_DATO35__OFFEND_N1,For each crime the number of offenders declined by demo social variables could not coincide because of missing values.,,,,,,,,,,,,,,,,
A,Annual,IT,Italy,OFFEND,Number of alleged offenders reported by the police forces to the judicial authority,PORNO,Child pornography and possession of paedo-pornographic materials,2,Females,Y_GE65,65 years and over,FRG,Foreign,2010,0,,,,,TIPO_DATO35__OFFEND_N1,For each crime the number of offenders declined by demo social variables could not coincide because of missing values.,,,,,,,,,,,,,,,,
A,Annual,IT,Italy,OFFEND,Number of alleged offenders reported by the police forces to the judicial authority,PORNO,Child pornography and possession of paedo-pornographic materials,2,Females,Y_GE65,65 years and over,FRG,Foreign,2011,0,,,,,TIPO_DATO35__OFFEND_N1,For each crime the number of offenders declined by demo social variables could not coincide because of missing values.,,,,,,,,,,,,,,,,
A,Annual,IT,Italy,OFFEND,Number of alleged offenders reported by the police forces to the judicial authority,PORNO,Child pornography and possession of paedo-pornographic materials,2,Females,Y_GE65,65 years and over,FRG,Foreign,2012,0,,,,,TIPO_DATO35__OFFEND_N1,For each crime the number of offenders declined by demo social variables could not coincide because of missing values.,,,,,,,,,,,,,,,,
A,Annual,IT,Italy,OFFEND,Number of alleged offenders reported by the police forces to the judicial authority,PORNO,Child pornography and possession of paedo-pornographic materials,2,Females,Y_GE65,65 years and over,FRG,Foreign,2013,0,,,,,TIPO_DATO35__OFFEND_N1,For each crime the number of offenders declined by demo social variables could not coincide because of missing values.,,,,,,,,,,,,,,,,
A,Annual,IT,Italy,OFFEND,Number of alleged offenders reported by the police forces to the judicial authority,PORNO,Child pornography and possession of paedo-pornographic materials,2,Females,Y_GE65,65 years and over,FRG,Foreign,2014,0,,,,,TIPO_DATO35__OFFEND_N1,For each crime the number of offenders declined by demo social variables could not coincide because of missing values.,,,,,,,,,,,,,,,,
A,Annual,IT,Italy,OFFEND,Number of alleged offenders reported by the police forces to the judicial authority,PORNO,Child pornography and possession of paedo-pornographic materials,2,Females,Y_GE65,65 years and over,FRG,Foreign,2015,2,,,,,TIPO_DATO35__OFFEND_N1,For each crime the number of offenders declined by demo social variables could not coincide because of missing values.,,,,,,,,,,,,,,,,
A,Annual,IT,Italy,OFFEND,Number of alleged offenders reported by the police forces to the judicial authority,PORNO,Child pornography and possession of paedo-pornographic materials,2,Females,Y_GE65,65 years and over,FRG,Foreign,2016,0,,,,,TIPO_DATO35__OFFEND_N1,For each crime the number of offenders declined by demo social variables could not coincide because of missing values.,,,,,,,,,,,,,,,,
A,Annual,IT,Italy,OFFEND,Number of alleged offenders reported by the police forces to the judicial authority,PORNO,Child pornography and possession of paedo-pornographic materials,2,Females,Y_GE65,65 years and over,FRG,Foreign,2017,0,,,,,TIPO_DATO35__OFFEND_N1,For each crime the number of offenders declined by demo social variables could not coincide because of missing values.,,,,,,,,,,,,,,,,
A,Annual,IT,Italy,OFFEND,Number of alleged offenders reported by the police forces to the judicial authority,PORNO,Child pornography and possession of paedo-pornographic materials,2,Females,Y_GE65,65 years and over,FRG,Foreign,2018,0,,,,,TIPO_DATO35__OFFEND_N1,For each crime the number of offenders declined by demo social variables could not coincide because of missing values.,,,,,,,,,,,,,,,,
A,Annual,IT,Italy,OFFEND,Number of alleged offenders reported by the police forces to the judicial authority,PORNO,Child pornography and possession of paedo-pornographic materials,2,Females,Y_GE65,65 years and over,FRG,Foreign,2019,0,,,,,TIPO_DATO35__OFFEND_N1,For each crime the number of offenders declined by demo social variables could not coincide because of missing values.,,,,,,,,,,,,,,,,
A,Annual,IT,Italy,OFFEND,Number of alleged offenders reported by the police forces to the judicial authority,PORNO,Child pornography and possession of paedo-pornographic materials,2,Females,Y_GE65,65 years and over,FRG,Foreign,2020,1,,,,,TIPO_DATO35__OFFEND_N1,For each crime the number of offenders declined by demo social variables could not coincide because of missing values.,,,,,,,,,,,,,,,,
A,Annual,IT,Italy,OFFEND,Number of alleged offenders reported by the police forces to the judicial authority,PORNO,Child pornography and possession of paedo-pornographic materials,2,Females,Y_GE65,65 years and over,FRG,Foreign,2021,0,,,,,TIPO_DATO35__OFFEND_N1,For each crime the number of offenders declined by demo social variables could not coincide because of missing values.,,,,,,,,,,,,,,,,
A,Annual,IT,Italy,OFFEND,Number of alleged offenders reported by the police forces to the judicial authority,PORNO,Child pornography and possession of paedo-pornographic materials,2,Females,Y_GE65,65 years and over,FRG,Foreign,2022,1,,,,,TIPO_DATO35__OFFEND_N1,For each crime the number of offenders declined by demo social variables could not coincide because of missing values.,,,,,,,,,,,,,,,,
A,Annual,IT,Italy,OFFEND,Number of alleged offenders reported by the police forces to the judicial authority,PORNO,Child pornography and possession of paedo-pornographic materials,2,Females,Y_GE65,65 years and over,FRG,Foreign,2023,0,,,,,TIPO_DATO35__OFFEND_N1,For each crime the number of offenders declined by demo social variables could not coincide because of missing values.,,,,,,,,,,,,,,,,
A,Annual,IT,Italy,OFFEND,Number of alleged offenders reported by the police forces to the judicial authority,PORNO,Child pornography and possession of paedo-pornographic materials,2,Females,Y_GE65,65 years and over,TOTAL,Total,2007,2,,,,,TIPO_DATO35__OFFEND_N1,For each crime the number of offenders declined by demo social variables could not coincide because of missing values.,,,,,,,,,,,,,,,,
A,Annual,IT,Italy,OFFEND,Number of alleged offenders reported by the police forces to the judicial authority,PORNO,Child pornography and possession of paedo-pornographic materials,2,Females,Y_GE65,65 years and over,TOTAL,Total,2008,3,,,,,TIPO_DATO35__OFFEND_N1,For each crime the number of offenders declined by demo social variables could not coincide because of missing values.,,,,,,,,,,,,,,,,
A,Annual,IT,Italy,OFFEND,Number of alleged offenders reported by the police forces to the judicial authority,PORNO,Child pornography and possession of paedo-pornographic materials,2,Females,Y_GE65,65 years and over,TOTAL,Total,2009,5,,,,,TIPO_DATO35__OFFEND_N1,For each crime the number of offenders declined by demo social variables could not coincide because of missing values.,,,,,,,,,,,,,,,,
A,Annual,IT,Italy,OFFEND,Number of alleged offenders reported by the police forces to the judicial authority,PORNO,Child pornography and possession of paedo-pornographic materials,2,Females,Y_GE65,65 years and over,TOTAL,Total,2010,11,,,,,TIPO_DATO35__OFFEND_N1,For each crime the number of offenders declined by demo social variables could not coincide because of missing values.,,,,,,,,,,,,,,,,
A,Annual,IT,Italy,OFFEND,Number of alleged offenders reported by the police forces to the judicial authority,PORNO,Child pornography and possession of paedo-pornographic materials,2,Females,Y_GE65,65 years and over,TOTAL,Total,2011,11,,,,,TIPO_DATO35__OFFEND_N1,For each crime the number of offenders declined by demo social variables could not coincide because of missing values.,,,,,,,,,,,,,,,,
A,Annual,IT,Italy,OFFEND,Number of alleged offenders reported by the police forces to the judicial authority,PORNO,Child pornography and possession of paedo-pornographic materials,2,Females,Y_GE65,65 years and over,TOTAL,Total,2012,13,,,,,TIPO_DATO35__OFFEND_N1,For each crime the number of offenders declined by demo social variables could not coincide because of missing values.,,,,,,,,,,,,,,,,
A,Annual,IT,Italy,OFFEND,Number of alleged offenders reported by the police forces to the judicial authority,PORNO,Child pornography and possession of paedo-pornographic materials,2,Females,Y_GE65,65 years and over,TOTAL,Total,2013,10,,,,,TIPO_DATO35__OFFEND_N1,For each crime the number of offenders declined by demo social variables could not coincide because of missing values.,,,,,,,,,,,,,,,,
A,Annual,IT,Italy,OFFEND,Number of alleged offenders reported by the police forces to the judicial authority,PORNO,Child pornography and possession of paedo-pornographic materials,2,Females,Y_GE65,65 years and over,TOTAL,Total,2014,0,,,,,TIPO_DATO35__OFFEND_N1,For each crime the number of offenders declined by demo social variables could not coincide because of missing values.,,,,,,,,,,,,,,,,
A,Annual,IT,Italy,OFFEND,Number of alleged offenders reported by the police forces to the judicial authority,PORNO,Child pornography and possession of paedo-pornographic materials,2,Females,Y_GE65,65 years and over,TOTAL,Total,2015,4,,,,,TIPO_DATO35__OFFEND_N1,For each crime the number of offenders declined by demo social variables could not coincide because of missing values.,,,,,,,,,,,,,,,,
A,Annual,IT,Italy,OFFEND,Number of alleged offenders reported by the police forces to the judicial authority,PORNO,Child pornography and possession of paedo-pornographic materials,2,Females,Y_GE65,65 years and over,TOTAL,Total,2016,3,,,,,TIPO_DATO35__OFFEND_N1,For each crime the number of offenders declined by demo social variables could not coincide because of missing values.,,,,,,,,,,,,,,,,
A,Annual,IT,Italy,OFFEND,Number of alleged offenders reported by the police forces to the judicial authority,PORNO,Child pornography and possession of paedo-pornographic materials,2,Females,Y_GE65,65 years and over,TOTAL,Total,2017,1,,,,,TIPO_DATO35__OFFEND_N1,For each crime the number of offenders declined by demo social variables could not coincide because of missing values.,,,,,,,,,,,,,,,,
A,Annual,IT,Italy,OFFEND,Number of alleged offenders reported by the police forces to the judicial authority,PORNO,Child pornography and possession of paedo-pornographic materials,2,Females,Y_GE65,65 years and over,TOTAL,Total,2018,0,,,,,TIPO_DATO35__OFFEND_N1,For each crime the number of offenders declined by demo social variables could not coincide because of missing values.,,,,,,,,,,,,,,,,
A,Annual,IT,Italy,OFFEND,Number of alleged offenders reported by the police forces to the judicial authority,PORNO,Child pornography and possession of paedo-pornographic materials,2,Females,Y_GE65,65 years and over,TOTAL,Total,2019,0,,,,,TIPO_DATO35__OFFEND_N1,For each crime the number of offenders declined by demo social variables could not coincide because of missing values.,,,,,,,,,,,,,,,,
A,Annual,IT,Italy,OFFEND,Number of alleged offenders reported by the police forces to the judicial authority,PORNO,Child pornography and possession of paedo-pornographic materials,2,Females,Y_GE65,65 years and over,TOTAL,Total,2020,2,,,,,TIPO_DATO35__OFFEND_N1,For each crime the number of offenders declined by demo social variables could not coincide because of missing values.,,,,,,,,,,,,,,,,
A,Annual,IT,Italy,OFFEND,Number of alleged offenders reported by the police forces to the judicial authority,PORNO,Child pornography and possession of paedo-pornographic materials,2,Females,Y_GE65,65 years and over,TOTAL,Total,2021,1,,,,,TIPO_DATO35__OFFEND_N1,For each crime the number of offenders declined by demo social variables could not coincide because of missing values.,,,,,,,,,,,,,,,,
A,Annual,IT,Italy,OFFEND,Number of alleged offenders reported by the police forces to the judicial authority,PORNO,Child pornography and possession of paedo-pornographic materials,2,Females,Y_GE65,65 years and over,TOTAL,Total,2022,3,,,,,TIPO_DATO35__OFFEND_N1,For each crime the number of offenders declined by demo social variables could not coincide because of missing values.,,,,,,,,,,,,,,,,
A,Annual,IT,Italy,OFFEND,Number of alleged offenders reported by the police forces to the judicial authority,PORNO,Child pornography and possession of paedo-pornographic materials,2,Females,Y_GE65,65 years and over,TOTAL,Total,2023,1,,,,,TIPO_DATO35__OFFEND_N1,For each crime the number of offenders declined by demo social variables could not coincide because of missing values.,,,,,,,,,,,,,,,,
