year,iso2,iso3,country,reports,reports_pct,population,population_pct,reports_per_capita,accounts_per_capita,reports_per_accounts,region,superregion,continent,arab_league
2019,AW,ABW,Aruba,359,0.0021133359089737366,107076,0.0006853922522864988,0.0033527587881504724,,,Caribbean,Latin America and the Caribbean,Americas,False
2020,AW,ABW,Aruba,640,0.0029423819547392694,107400,0.0006808671608578069,0.0059590316573556795,0.935,0.006373295890219978,Caribbean,Latin America and the Caribbean,Americas,False
2021,AW,ABW,Aruba,527,0.0017926584073077057,107558,0.0006760871285743658,0.004899682032019933,0.975,0.005025314904635829,Caribbean,Latin America and the Caribbean,Americas,False
2022,AW,ABW,Aruba,726,0.002264572641922499,107782,0.0006718397458169701,0.0067358185967972386,0.86,0.007832347205578185,Caribbean,Latin America and the Caribbean,Americas,False
2023,AW,ABW,Aruba,587,0.0016210826689195758,107938,0.0006669645277263386,0.005438307176341974,0.757,0.007184025332023744,Caribbean,Latin America and the Caribbean,Americas,False
2024,AW,ABW,Aruba,436,0.0020586197643834136,108066,0.0006620091053813955,0.004034571465585846,0.773,0.005219368002051547,Caribbean,Latin America and the Caribbean,Americas,False
2019,AF,AFG,Afghanistan,163120,0.9602433244339718,37856121,0.24231659788393503,0.0043089464977143326,,,Southern Asia,Asia,Asia,False
2020,AF,AFG,Afghanistan,115259,0.529900002689521,39068979,0.24767956060841048,0.002950141082519715,0.112,0.026340545379640312,Southern Asia,Asia,Asia,False
2021,AF,AFG,Afghanistan,283116,0.9630555553004334,40000412,0.25143423725684383,0.007077827098380887,0.103,0.06871676794544551,Southern Asia,Asia,Asia,False
2022,AF,AFG,Afghanistan,224918,0.7015745860549925,40578842,0.25294092608067203,0.005542740721876686,0.076,0.07293079897206166,Southern Asia,Asia,Asia,False
2023,AF,AFG,Afghanistan,197048,0.5441756350004507,41454761,0.2561549694488803,0.004753326161981732,0.086,0.055271234441648054,Southern Asia,Asia,Asia,False
2024,AF,AFG,Afghanistan,123417,0.5827263198644673,42647492,0.2612572689437957,0.002893886468165584,0.094,0.03078602625708068,Southern Asia,Asia,Asia,False
2019,AO,AGO,Angola,10163,0.05982683243147656,32375632,0.2072360504284699,0.0003139089300249027,,,Middle Africa,Sub-Saharan Africa,Africa,False
2020,AO,AGO,Angola,14622,0.06722423272218374,33451132,0.21206496529161764,0.000437115252183394,0.09,0.004856836135371044,Middle Africa,Sub-Saharan Africa,Africa,False
2021,AO,AGO,Angola,13346,0.04539813871713214,34532429,0.21706363790055744,0.0003864773022482722,0.08,0.004830966278103402,Middle Africa,Sub-Saharan Africa,Africa,False
2022,AO,AGO,Angola,22644,0.07063220785632653,35635029,0.22212455535748415,0.0006354421656286571,0.102,0.006229825153222129,Middle Africa,Sub-Saharan Africa,Africa,False
2023,AO,AGO,Angola,33998,0.09389023607824146,36749906,0.22708298930198204,0.0009251180125467532,0.134,0.0069038657652742775,Middle Africa,Sub-Saharan Africa,Africa,False
2024,AO,AGO,Angola,23504,0.11097660307813703,37885850,0.23208759151919886,0.0006203899345006117,0.133,0.00466458597368881,Middle Africa,Sub-Saharan Africa,Africa,False
2019,AI,AIA,Anguilla,40,0.00023546918205835502,14824,9.488825458454797e-05,0.002698327037236913,,,Caribbean,Latin America and the Caribbean,Americas,False
2020,AI,AIA,Anguilla,80,0.0003677977443424087,14843,9.409787028503192e-05,0.005389746008219363,0.797,0.00676254204293521,Caribbean,Latin America and the Caribbean,Americas,False
2021,AI,AIA,Anguilla,70,0.00023811401994599504,14474,9.098054165180991e-05,0.004836258118004698,0.824,0.005869245288840654,Caribbean,Latin America and the Caribbean,Americas,False
2022,AI,AIA,Anguilla,78,0.00024330119293382218,14180,8.838848412243822e-05,0.005500705218617771,0.671,0.008197772307925143,Caribbean,Latin America and the Caribbean,Americas,False
2023,AI,AIA,Anguilla,99,0.0002734023581312402,14410,8.904147607456631e-05,0.006870229007633588,0.581,0.011824834780780702,Caribbean,Latin America and the Caribbean,Americas,False
2024,AI,AIA,Anguilla,57,0.00026913148295838204,14598,8.942691429642638e-05,0.003904644471845458,0.596,0.006551416899069561,Caribbean,Latin America and the Caribbean,Americas,False
2019,AL,ALB,Albania,17545,0.10328266998034596,2885010,0.018466916038786207,0.006081434726396095,,,Southern Europe,Europe,Europe,False
2020,AL,ALB,Albania,23426,0.10770037448706582,2871954,0.01820688236586799,0.00815681588214853,0.556,0.014670532162137644,Southern Europe,Europe,Europe,False
2021,AL,ALB,Albania,15985,0.05437503726909616,2849636,0.017912216857157454,0.005609488369742662,0.652,0.00860350976954396,Southern Europe,Europe,Europe,False
2022,AL,ALB,Albania,11376,0.03548454321557899,2827608,0.01762538679918754,0.004023188504205675,0.564,0.007133312950719283,Southern Europe,Europe,Europe,False
2023,AL,ALB,Albania,8821,0.024360426273491616,2811655,0.017373623276366046,0.00313729813935209,0.54,0.005809811369170537,Southern Europe,Europe,Europe,False
2024,AL,ALB,Albania,7355,0.034727404511559645,2791764,0.017102263321266506,0.002634535010839025,0.507,0.005196321520392554,Southern Europe,Europe,Europe,False
2019,AD,AND,Andorra,92,0.0005415791187342166,76474,0.0004895092000201512,0.0012030232497319351,,,Southern Europe,Europe,Europe,False
2020,AD,AND,Andorra,126,0.0005792814473392936,77380,0.0004905540121711089,0.0016283277332644094,0.696,0.00233955134089714,Southern Europe,Europe,Europe,False
2021,AD,AND,Andorra,104,0.00035376940106262124,78364,0.0004925797406385541,0.0013271400132714001,0.774,0.0017146511799372094,Southern Europe,Europe,Europe,False
2022,AD,AND,Andorra,202,0.0006300877047773344,79705,0.0004968268072622665,0.0025343453986575496,0.641,0.003953736971384633,Southern Europe,Europe,Europe,False
2023,AD,AND,Andorra,261,0.0007207880350732697,80856,0.0004996209291800926,0.003227960819234194,0.557,0.00579526179395726,Southern Europe,Europe,Europe,False
2024,AD,AND,Andorra,106,0.0005004901262033068,81938,0.0005019497536388946,0.00129366106080207,0.582,0.0022227853278386084,Southern Europe,Europe,Europe,False
2019,AE,ARE,United Arab Emirates,330268,1.94419839550122,9377848,0.06002749787366393,0.03521788794188176,,,Western Asia,Asia,Asia,True
2020,AE,ARE,United Arab Emirates,216874,0.9970721000814442,9448524,0.0598993455323729,0.022953214703164217,0.99,0.023185065356731534,Western Asia,Asia,Asia,True
2021,AE,ARE,United Arab Emirates,327820,1.1151219716956586,9789048,0.06153191165507576,0.03348844545455289,1.061,0.03156309656414033,Western Asia,Asia,Asia,True
2022,AE,ARE,United Arab Emirates,265307,0.8275578153037635,10242086,0.06384220421661825,0.025903609870098727,1.055,0.024553184710994054,Western Asia,Asia,Asia,True
2023,AE,ARE,United Arab Emirates,295661,0.8165092384589961,10642081,0.06575895910791789,0.027782254241440183,1.123,0.024739318113481908,Western Asia,Asia,Asia,True
2024,AE,ARE,United Arab Emirates,171318,0.808895919253756,11027129,0.06755186464026838,0.015536047506109705,1.0,0.015536047506109705,Western Asia,Asia,Asia,True
2019,AR,ARG,Argentina,57372,0.3377334478262986,44973466,0.28787464188866113,0.0012756855342214452,,,South America,Latin America and the Caribbean,Americas,False
2020,AR,ARG,Argentina,76857,0.3533478904615563,45191964,0.28649650113843783,0.0017006784657555489,0.793,0.002144613449880894,South America,Latin America and the Caribbean,Americas,False
2021,AR,ARG,Argentina,91957,0.3128035847453409,45312282,0.28482354289343353,0.00202940562560941,0.863,0.0023515708292113674,South America,Latin America and the Caribbean,Americas,False
2022,AR,ARG,Argentina,136040,0.42434223444509195,45407904,0.28304201704775733,0.002995954184540207,0.797,0.0037590391274030196,South America,Latin America and the Caribbean,Americas,False
2023,AR,ARG,Argentina,134880,0.3724900006539563,45538401,0.2813883721801185,0.002961895829412192,0.682,0.0043429557616014546,South America,Latin America and the Caribbean,Americas,False
2024,AR,ARG,Argentina,137458,0.6490223751665487,45696159,0.279933312410527,0.0030080865221079086,0.703,0.004278928196455063,South America,Latin America and the Caribbean,Americas,False
2019,AM,ARM,Armenia,4793,0.02821509474014239,2903972,0.0185882915840798,0.0016504980075565468,,,Western Asia,Asia,Asia,False
2020,AM,ARM,Armenia,4594,0.02112078546886282,2890892,0.0183269406739902,0.0015891288917053974,0.607,0.0026180047639298145,Western Asia,Asia,Asia,False
2021,AM,ARM,Armenia,3486,0.011858078193310554,2870348,0.018042408164238584,0.0012144868845171387,0.69,0.0017601259195900562,Western Asia,Asia,Asia,False
2022,AM,ARM,Armenia,3971,0.012386526117182153,2880874,0.01795741084680854,0.0013784011379879856,0.666,0.0020696713783603386,Western Asia,Asia,Asia,False
2023,AM,ARM,Armenia,11058,0.030538214911265196,2943393,0.018187651449517415,0.0037568887335126503,0.558,0.006732775508087186,Western Asia,Asia,Asia,False
2024,AM,ARM,Armenia,4794,0.022635374198289183,2973840,0.018217655487826046,0.0016120571382455008,0.54,0.0029852909967509273,Western Asia,Asia,Asia,False
2019,AS,ASM,American Samoa,33,0.00019426207519814288,50209,0.000321387235188584,0.0006572526837817921,,,Polynesia,Oceania,Oceania,False
2020,AS,ASM,American Samoa,67,0.00030803061088676727,49762,0.00031546845119745056,0.0013464089063944375,0.617,0.002182186234026641,Polynesia,Oceania,Oceania,False
2021,AS,ASM,American Samoa,114,0.00038778568962633474,49225,0.00030941807121806985,0.0023158963941086845,0.628,0.0036877331116380325,Polynesia,Oceania,Oceania,False
2022,AS,ASM,American Samoa,223,0.0006955918721056711,48342,0.00030133117767608663,0.004612965950932936,0.677,0.006813834491776862,Polynesia,Oceania,Oceania,False
2023,AS,ASM,American Samoa,90,0.00024854759830112745,47521,0.0002936391384135646,0.001893899539151112,0.64,0.0029592180299236126,Polynesia,Oceania,Oceania,False
2024,AS,ASM,American Samoa,57,0.00026913148295838204,46765,0.000286481000621481,0.001218860258740511,0.633,0.0019255296346611548,Polynesia,Oceania,Oceania,False
2019,AG,ATG,Antigua and Barbuda,196,0.0011537989920859398,91364,0.000584819919850421,0.0021452650934722646,,,Caribbean,Latin America and the Caribbean,Americas,False
2020,AG,ATG,Antigua and Barbuda,124,0.0005700865037307334,91846,0.0005822618738933532,0.0013500860135444114,0.681,0.0019825051593897374,Caribbean,Latin America and the Caribbean,Americas,False
2021,AG,ATG,Antigua and Barbuda,149,0.0005068426995993323,92349,0.0005804865303995436,0.0016134446501857086,0.733,0.0022011523194893703,Caribbean,Latin America and the Caribbean,Americas,False
2022,AG,ATG,Antigua and Barbuda,351,0.0010948553682022,92840,0.0005787014715040314,0.0037806979750107713,0.673,0.005617679011903077,Caribbean,Latin America and the Caribbean,Americas,False
2023,AG,ATG,Antigua and Barbuda,261,0.0007207880350732697,93316,0.0005766130729614316,0.002796948004629431,0.602,0.004646093030945899,Caribbean,Latin America and the Caribbean,Americas,False
2024,AG,ATG,Antigua and Barbuda,307,0.001449532724003917,93772,0.0005744444860531919,0.003273898391844047,0.622,0.005263502237691394,Caribbean,Latin America and the Caribbean,Americas,False
2019,AU,AUS,Australia,33645,0.19805901575883386,25482714,0.16311456108588943,0.0013203067773707305,,,Australia and New Zealand,Oceania,Oceania,False
2020,AU,AUS,Australia,36193,0.16639629701230996,25743791,0.16320392819261417,0.001405892395568314,0.799,0.0017595649506487031,Australia and New Zealand,Oceania,Oceania,False
2021,AU,AUS,Australia,65535,0.22292574710229696,25956418,0.1631566235305229,0.0025248090857528955,0.827,0.0030529735015149885,Australia and New Zealand,Oceania,Oceania,False
2022,AU,AUS,Australia,182050,0.5678587458154144,26200984,0.16331912963866416,0.006948212326682082,0.81,0.008578039909484051,Australia and New Zealand,Oceania,Oceania,False
2023,AU,AUS,Australia,74919,0.20689930574580187,26451124,0.16344532441300394,0.00283235600876545,0.783,0.003617312910300702,Australia and New Zealand,Oceania,Oceania,False
2024,AU,AUS,Australia,73370,0.3464241562220437,26713205,0.16364430018618087,0.0027465816999495195,0.779,0.0035257788189339144,Australia and New Zealand,Oceania,Oceania,False
2019,AT,AUT,Austria,10217,0.060144715827255335,8880876,0.05684638578128724,0.001150449572767371,,,Western Europe,Europe,Europe,False
2020,AT,AUT,Austria,10363,0.04764360030775476,8921405,0.05655765077479184,0.0011615883372630208,0.799,0.0014538026749224288,Western Europe,Europe,Europe,False
2021,AT,AUT,Austria,7580,0.025784346731294892,8967056,0.05636504158505679,0.0008453164561479263,0.814,0.0010384723048500325,Western Europe,Europe,Europe,False
2022,AT,AUT,Austria,18501,0.057709171416264665,9064677,0.056503036607160155,0.002040999364897392,0.82,0.002489023615728527,Western Europe,Europe,Europe,False
2023,AT,AUT,Austria,19630,0.05421099282945702,9130429,0.056418242564470956,0.0021499537425897514,0.816,0.002634747233565872,Western Europe,Europe,Europe,False
2024,AT,AUT,Austria,19870,0.09381829063829915,9120813,0.055873829460524146,0.0021785338653473106,0.801,0.0027197676221564424,Western Europe,Europe,Europe,False
2019,AZ,AZE,Azerbaijan,11445,0.06737361971644683,10110475,0.0647170349278675,0.001131994293047557,,,Western Asia,Asia,Asia,False
2020,AZ,AZE,Azerbaijan,10462,0.04809875001637849,10181730,0.06454753815382457,0.001027526756258514,0.422,0.0024348975266789436,Western Asia,Asia,Asia,False
2021,AZ,AZE,Azerbaijan,42763,0.14546385478500837,10234370,0.0643311127583967,0.00417837150699066,0.507,0.008241363919113728,Western Asia,Asia,Asia,False
2022,AZ,AZE,Azerbaijan,10077,0.031432642579411876,10295304,0.06417392906485717,0.0009787957694109858,0.4,0.0024469894235274645,Western Asia,Asia,Asia,False
2023,AZ,AZE,Azerbaijan,86394,0.23858912452919562,10318207,0.06375769477605293,0.008372966349676839,0.584,0.014337271146706916,Western Asia,Asia,Asia,False
2024,AZ,AZE,Azerbaijan,16627,0.07850612573945645,10336578,0.06332156973039638,0.0016085594284684932,0.649,0.0024785199205986028,Western Asia,Asia,Asia,False
2019,BI,BDI,Burundi,582,0.0034260765989490654,12255336,0.078446265676415,4.748951803524603e-05,,,Eastern Africa,Sub-Saharan Africa,Africa,False
2020,BI,BDI,Burundi,1117,0.005135376005380881,12617036,0.0799862707612732,8.85310939906964e-05,0.057,0.001553177087556077,Eastern Africa,Sub-Saharan Africa,Africa,False
2021,BI,BDI,Burundi,1486,0.005054820480567838,12965482,0.08149831250081467,0.0001146120136528669,0.061,0.0018788854697191295,Eastern Africa,Sub-Saharan Africa,Africa,False
2022,BI,BDI,Burundi,2274,0.007093165547839893,13321098,0.08303467271272522,0.00017070664895641485,0.055,0.0031037572537529973,Eastern Africa,Sub-Saharan Africa,Africa,False
2023,BI,BDI,Burundi,2133,0.00589057807973672,13689450,0.08458909331359972,0.0001558134183623155,0.07,0.002225905976604507,Eastern Africa,Sub-Saharan Africa,Africa,False
2024,BI,BDI,Burundi,2278,0.010755816108406917,14047786,0.08605631967917099,0.00016216078462470883,0.077,0.0021059842159053092,Eastern Africa,Sub-Saharan Africa,Africa,False
2019,BE,BEL,Belgium,21448,0.12625857541968996,11490618,0.07355131449796205,0.0018665662717183705,,,Western Europe,Europe,Europe,False
2020,BE,BEL,Belgium,22154,0.10185239035202151,11540107,0.0731590306246304,0.0019197395656730047,0.76,0.002525973112727638,Western Europe,Europe,Europe,False
2021,BE,BEL,Belgium,15762,0.053616474034125346,11570844,0.07273190925028292,0.0013622169653311374,0.817,0.0016673402268434976,Western Europe,Europe,Europe,False
2022,BE,BEL,Belgium,50255,0.15675771090883633,11641820,0.07256719479734018,0.00431676490445652,0.809,0.0053359269523566375,Western Europe,Europe,Europe,False
2023,BE,BEL,Belgium,41926,0.11578451784858966,11712893,0.07237566147282826,0.003579474345065732,0.784,0.00456565605237976,Western Europe,Europe,Europe,False
2024,BE,BEL,Belgium,26781,0.12644930254576192,11738764,0.07191131950773909,0.002281415658411737,0.764,0.0029861461497535827,Western Europe,Europe,Europe,False
2019,BJ,BEN,Benin,3480,0.020485818839076887,12726755,0.08146381330782305,0.0002734396945647182,,,Western Africa,Sub-Saharan Africa,Africa,False
2020,BJ,BEN,Benin,3977,0.01828414536562199,13070169,0.0828589279232935,0.00030428068680672757,0.13,0.0023406206677440583,Western Africa,Sub-Saharan Africa,Africa,False
2021,BJ,BEN,Benin,3683,0.012528199078015712,13413417,0.08431393837650927,0.00027457582210409177,0.132,0.0020801198644249375,Western Africa,Sub-Saharan Africa,Africa,False
2022,BJ,BEN,Benin,6203,0.019348683330365372,13759500,0.08576737286901895,0.0004508157999927323,0.096,0.0046959979165909615,Western Africa,Sub-Saharan Africa,Africa,False
2023,BJ,BEN,Benin,8489,0.023443561799758567,14111034,0.08719412188052683,0.0006015859645721214,0.155,0.0038811997714330413,Western Africa,Sub-Saharan Africa,Africa,False
2024,BJ,BEN,Benin,6127,0.028929273615543975,14462724,0.08859821753944848,0.00042364080238273234,0.164,0.002583175624284953,Western Africa,Sub-Saharan Africa,Africa,False
2019,BQ,BES,"Bonaire, Sint Eustatius, and Saba",42,0.0002472426411612728,25625,0.00016402533214577994,0.0016390243902439025,,,Caribbean,Latin America and the Caribbean,Americas,False
2020,BQ,BES,"Bonaire, Sint Eustatius, and Saba",123,0.0005654890319264533,26453,0.00016769999074647642,0.004649756171322723,0.76,0.006118100225424635,Caribbean,Latin America and the Caribbean,Americas,False
2021,BQ,BES,"Bonaire, Sint Eustatius, and Saba",74,0.0002517205353714805,27323,0.00017174667262349056,0.002708340958167112,0.787,0.003441348104405479,Caribbean,Latin America and the Caribbean,Americas,False
2022,BQ,BES,"Bonaire, Sint Eustatius, and Saba",89,0.0002776128996296176,28627,0.00017844126480768963,0.003108953086247249,0.696,0.004466886618171335,Caribbean,Latin America and the Caribbean,Americas,False
2023,BQ,BES,"Bonaire, Sint Eustatius, and Saba",74,0.00020436135860314925,29898,0.00018474407020661928,0.0024750819452806208,0.695,0.003561268986015282,Caribbean,Latin America and the Caribbean,Americas,False
2024,BQ,BES,"Bonaire, Sint Eustatius, and Saba",71,0.000335233952456932,30676,0.00018792026462235753,0.002314512974312166,0.653,0.0035444302822544653,Caribbean,Latin America and the Caribbean,Americas,False
2019,BF,BFA,Burkina Faso,3266,0.01922605871506469,20961952,0.13417721518922524,0.00015580610050056407,,,Western Africa,Sub-Saharan Africa,Africa,False
2020,BF,BFA,Burkina Faso,3250,0.014941783363910352,21478690,0.1361651273672716,0.00015131276628137005,0.094,0.0016097102795890432,Western Africa,Sub-Saharan Africa,Africa,False
2021,BF,BFA,Burkina Faso,2528,0.008599317748906793,21995243,0.13825750462230071,0.00011493394276207814,0.101,0.0011379598293275062,Western Africa,Sub-Saharan Africa,Africa,False
2022,BF,BFA,Burkina Faso,3051,0.00951681973898835,22509038,0.1403060470997432,0.00013554555285747884,0.089,0.0015229837399716724,Western Africa,Sub-Saharan Africa,Africa,False
2023,BF,BFA,Burkina Faso,3682,0.010168358410497236,23025776,0.14227960324790587,0.0001599077486031307,0.121,0.0013215516413481877,Western Africa,Sub-Saharan Africa,Africa,False
2024,BF,BFA,Burkina Faso,4532,0.021398313697673463,23548781,0.14425913277656624,0.00019245157530659441,0.143,0.0013458152119342269,Western Africa,Sub-Saharan Africa,Africa,False
2019,BD,BGD,Bangladesh,556642,3.2768009109831713,164913055,1.0556065803531816,0.0033753664923616873,,,Southern Asia,Asia,Asia,False
2020,BD,BGD,Bangladesh,817687,3.759292927226389,166298024,1.054253849694073,0.004916997690844481,0.272,0.01807719739281059,Southern Asia,Asia,Asia,False
2021,BD,BGD,Bangladesh,1743240,5.929855487580806,167658854,1.053868547025129,0.010397542142331476,0.297,0.035008559401789485,Southern Asia,Asia,Asia,False
2022,BD,BGD,Bangladesh,2145098,6.691088491794309,169384898,1.0558303503140916,0.012664045173614002,0.26,0.04870786605236155,Southern Asia,Asia,Asia,False
2023,BD,BGD,Bangladesh,2491368,6.880261476492036,171466990,1.0595193537587024,0.0145297237678226,0.304,0.04779514397310066,Southern Asia,Asia,Asia,False
2024,BD,BGD,Bangladesh,1112857,5.254471135624845,173562364,1.0632378853619098,0.0064118566626575795,0.343,0.018693459657893815,Southern Asia,Asia,Asia,False
2019,BG,BGR,Bulgaria,16892,0.09943863558324333,6975469,0.04464989735014991,0.0024216292839950976,,,Eastern Europe,Europe,Europe,False
2020,BG,BGR,Bulgaria,16962,0.0779823167441992,6933652,0.04395620066681615,0.00244632987060787,0.621,0.003939339566196249,Eastern Europe,Europe,Europe,False
2021,BG,BGR,Bulgaria,13584,0.04620772638494853,6877226,0.043228806587115524,0.0019752150067483603,0.648,0.0030481713067104324,Eastern Europe,Europe,Europe,False
2022,BG,BGR,Bulgaria,31937,0.09961936152214716,6825864,0.042547797728203295,0.004678821611447283,0.657,0.007121494081350507,Eastern Europe,Europe,Europe,False
2023,BG,BGR,Bulgaria,17726,0.04895283030539761,6795803,0.041992250536569464,0.0026083746100350465,0.668,0.0039047524102321053,Eastern Europe,Europe,Europe,False
2024,BG,BGR,Bulgaria,30672,0.14482106746139461,6757688,0.041397395918481225,0.004538830440233405,0.649,0.006993575408680131,Eastern Europe,Europe,Europe,False
2019,BH,BHR,Bahrain,26093,0.15360243418621644,1485670,0.009509756691083742,0.017563119669913238,,,Western Asia,Asia,Asia,True
2020,BH,BHR,Bahrain,22960,0.1055579526262713,1483077,0.009402033764650966,0.015481326997856483,0.87,0.017794628733168373,Western Asia,Asia,Asia,True
2021,BH,BHR,Bahrain,32346,0.11002908698818795,1501764,0.009439774917313022,0.021538670523464407,0.878,0.02453151540257905,Western Asia,Asia,Asia,True
2022,BH,BHR,Bahrain,25896,0.08077599605402896,1533459,0.009558541359232018,0.01688731162685145,0.987,0.017109738223760336,Western Asia,Asia,Asia,True
2023,BH,BHR,Bahrain,27503,0.07595338440084343,1569666,0.009699193447887593,0.01752156191189718,0.972,0.018026298263268705,Western Asia,Asia,Asia,True
2024,BH,BHR,Bahrain,14027,0.06622995283258289,1607048,0.009844728302934883,0.008728426282226791,0.732,0.011924079620528404,Western Asia,Asia,Asia,True
2019,BS,BHS,Bahamas,421,0.0024783131411641865,394674,0.0025263037634850167,0.0010667031524752074,,,Caribbean,Latin America and the Caribbean,Americas,False
2020,BS,BHS,Bahamas,670,0.0030803061088676724,395862,0.0025095850654701414,0.0016925090056635899,0.658,0.0025722021362668537,Caribbean,Latin America and the Caribbean,Americas,False
2021,BS,BHS,Bahamas,858,0.002918597558766625,396373,0.0024915179104706957,0.0021646277622340573,0.697,0.003105635239934085,Caribbean,Latin America and the Caribbean,Americas,False
2022,BS,BHS,Bahamas,1513,0.004719419293703499,397538,0.0024779817490173375,0.003805925471275702,0.583,0.006528174050215612,Caribbean,Latin America and the Caribbean,Americas,False
2023,BS,BHS,Bahamas,1087,0.0030019026594813947,399440,0.0024681975852341963,0.0027213098337672743,0.587,0.004635962238104386,Caribbean,Latin America and the Caribbean,Americas,False
2024,BS,BHS,Bahamas,863,0.004074745084089187,401283,0.0024582477359647117,0.0021506019442637738,0.62,0.0034687128133286675,Caribbean,Latin America and the Caribbean,Americas,False
2019,BA,BIH,Bosnia and Herzegovina,15675,0.09227448571911788,3345533,0.021414718498718736,0.004685352079922691,,,Southern Europe,Europe,Europe,False
2020,BA,BIH,Bosnia and Herzegovina,21263,0.09775604297440794,3299350,0.020916378651547538,0.006444602724779123,0.55,0.011717459499598404,Southern Europe,Europe,Europe,False
2021,BA,BIH,Bosnia and Herzegovina,10930,0.03717980340013895,3244908,0.020396814111530413,0.0033683543570418636,0.63,0.005346594217526768,Southern Europe,Europe,Europe,False
2022,BA,BIH,Bosnia and Herzegovina,12115,0.03778966605632379,3204802,0.019976557876767158,0.003780264740224201,0.559,0.006762548730275851,Southern Europe,Europe,Europe,False
2023,BA,BIH,Bosnia and Herzegovina,15762,0.043528969382470785,3185073,0.0196810271565057,0.004948709181861766,0.675,0.007331421010165579,Southern Europe,Europe,Europe,False
2024,BA,BIH,Bosnia and Herzegovina,7595,0.03586058970296336,3164253,0.01938411986869503,0.00240025054886572,0.653,0.003675728252474303,Southern Europe,Europe,Europe,False
2019,BL,BLM,Saint Barthélemy,7,4.120710686021213e-05,10298,6.591738030974603e-05,0.0006797436395416586,,,Caribbean,Latin America and the Caribbean,Americas,False
2020,BL,BLM,Saint Barthélemy,12,5.51696616513613e-05,10543,6.68378256696821e-05,0.0011381959594043442,0.566,0.002010946924742658,Caribbean,Latin America and the Caribbean,Americas,False
2021,BL,BLM,Saint Barthélemy,9,3.061465970734222e-05,10764,6.766025634517631e-05,0.0008361204013377926,0.534,0.0015657685418310723,Caribbean,Latin America and the Caribbean,Americas,False
2022,BL,BLM,Saint Barthélemy,14,4.366944488555783e-05,10920,6.806785942292139e-05,0.001282051282051282,0.269,0.00476598989610142,Caribbean,Latin America and the Caribbean,Americas,False
2023,BL,BLM,Saint Barthélemy,19,5.2471159641349124e-05,11085,6.849581972842246e-05,0.0017140279657194407,0.763,0.002246432458347891,Caribbean,Latin America and the Caribbean,Americas,False
2024,BL,BLM,Saint Barthélemy,0,0.0,11258,6.896617352713852e-05,0.0,0.507,0.0,Caribbean,Latin America and the Caribbean,Americas,False
2019,BY,BLR,Belarus,1828,0.010760941620066826,9435420,0.06039601558770478,0.0001937380635944134,,,Eastern Europe,Europe,Europe,False
2020,BY,BLR,Belarus,2603,0.01196721910654112,9350944,0.05928073270596224,0.00027836761721597306,0.413,0.0006740136010071988,Eastern Europe,Europe,Europe,False
2021,BY,BLR,Belarus,5636,0.019171580234508975,9251365,0.058152148591861026,0.0006092073980434239,0.461,0.0013214911020464726,Eastern Europe,Europe,Europe,False
2022,BY,BLR,Belarus,6598,0.020580785525350753,9173237,0.05717972587629498,0.0007192662742715576,0.449,0.0016019293413620436,Eastern Europe,Europe,Europe,False
2023,BY,BLR,Belarus,15618,0.04313129322518898,9115680,0.0563271063583208,0.0017133115686377759,0.594,0.002884362910164606,Eastern Europe,Europe,Europe,False
2024,BY,BLR,Belarus,22291,0.1052492962565841,9056696,0.05548105062342701,0.002461272852704783,0.705,0.0034911671669571394,Eastern Europe,Europe,Europe,False
2019,BZ,BLZ,Belize,1907,0.011225993254632076,385828,0.002469680618581151,0.004942616917382875,,,Central America,Latin America and the Caribbean,Americas,False
2020,BZ,BLZ,Belize,2780,0.0127809716158987,390812,0.002477570361910254,0.007113394675700849,0.648,0.010977460919291433,Central America,Latin America and the Caribbean,Americas,False
2021,BZ,BLZ,Belize,8297,0.028223314621313157,395346,0.002485062402920854,0.020986680022056628,0.696,0.030153275893759525,Central America,Latin America and the Caribbean,Americas,False
2022,BZ,BLZ,Belize,6103,0.019036758724039957,402733,0.002510363848806905,0.015153960564443441,0.617,0.02456071404285809,Central America,Latin America and the Caribbean,Americas,False
2023,BZ,BLZ,Belize,2502,0.006909623232771342,411106,0.002540283488071524,0.006086021609998394,0.54,0.011270410388885915,Central America,Latin America and the Caribbean,Americas,False
2024,BZ,BLZ,Belize,1816,0.008574434614954768,417072,0.0025549706808767735,0.004354164268999118,0.548,0.007945555235399849,Central America,Latin America and the Caribbean,Americas,False
2019,BM,BMU,Bermuda,67,0.00039441087994774465,64107,0.0004103481743558835,0.0010451276771647402,,,North America,Americas,Americas,False
2020,BM,BMU,Bermuda,55,0.000252860949235406,64382,0.00040815260288963996,0.0008542760398869249,0.74,0.0011544270809282769,North America,Americas,Americas,False
2021,BM,BMU,Bermuda,91,0.0003095482259297936,64648,0.00040636382870707526,0.0014076228189580497,0.809,0.0017399540407392455,North America,Americas,Americas,False
2022,BM,BMU,Bermuda,275,0.0008577926673948858,64749,0.00040360126646288806,0.004247169840460857,0.701,0.006058730157576115,North America,Americas,Americas,False
2023,BM,BMU,Bermuda,167,0.00046119387684764765,64698,0.00039977830805498207,0.002581223530866487,0.537,0.004806747729732751,North America,Americas,Americas,False
2024,BM,BMU,Bermuda,131,0.0006185302503078604,64636,0.0003959582156777514,0.0020267343276192834,0.548,0.0036984203058746043,North America,Americas,Americas,False
2019,BO,BOL,Bolivia,22597,0.1330224276743162,11671386,0.07470840840006267,0.0019361025331524465,,,South America,Latin America and the Caribbean,Americas,False
2020,BO,BOL,Bolivia,120161,0.552436809474102,11816300,0.07490996864845535,0.010169088462547498,0.698,0.014568894645483523,South America,Latin America and the Caribbean,Americas,False
2021,BO,BOL,Bolivia,36551,0.12433293632922951,11937360,0.0750357522932603,0.0030618997835367284,0.709,0.00431861746620131,South America,Latin America and the Caribbean,Americas,False
2022,BO,BOL,Bolivia,46298,0.14441485423653974,12077154,0.07528077112646271,0.003833519055896778,0.61,0.006284457468683243,South America,Latin America and the Caribbean,Americas,False
2023,BO,BOL,Bolivia,33300,0.09196261137141715,12244160,0.07565843717509799,0.0027196639050780127,0.605,0.004495312239798368,South America,Latin America and the Caribbean,Americas,False
2024,BO,BOL,Bolivia,27612,0.1303729562709973,12413315,0.0760435988929678,0.0022243856697425307,0.611,0.003640565744259461,South America,Latin America and the Caribbean,Americas,False
2019,BR,BRA,Brazil,398069,2.343324545819683,207455460,1.3279200285641197,0.001918816694436483,,,South America,Latin America and the Caribbean,Americas,False
2020,BR,BRA,Brazil,432196,1.9870089239226458,208660842,1.3228148517201066,0.0020712846543579078,0.703,0.0029463508596840795,South America,Latin America and the Caribbean,Americas,False
2021,BR,BRA,Brazil,437091,1.4868213584602132,209550294,1.3171893914202026,0.0020858524779736173,0.799,0.002610578820993263,South America,Latin America and the Caribbean,Americas,False
2022,BR,BRA,Brazil,611230,1.906576771242822,210306414,1.3109072732500648,0.0029063783095079542,0.706,0.004116683157943279,South America,Latin America and the Caribbean,Americas,False
2023,BR,BRA,Brazil,567985,1.5685700846785098,211140729,1.3046691304385838,0.0026900778579768947,0.663,0.004057432666631817,South America,Latin America and the Caribbean,Americas,False
2024,BR,BRA,Brazil,593695,2.8031932592101163,211998574,1.2986969658900263,0.002800466950310713,0.678,0.004130482227596922,South America,Latin America and the Caribbean,Americas,False
2019,BB,BRB,Barbados,755,0.004444480811351451,281208,0.0018000091942263605,0.002684845381354727,,,Caribbean,Latin America and the Caribbean,Americas,False
2020,BB,BRB,Barbados,633,0.0029101996521093084,281698,0.0017858372204778634,0.002247087306264155,0.696,0.003228573715896775,Caribbean,Latin America and the Caribbean,Americas,False
2021,BB,BRB,Barbados,597,0.0020307724272537004,282146,0.0017735108404650793,0.0021159257972822583,0.846,0.0025010943230286743,Caribbean,Latin America and the Caribbean,Americas,False
2022,BB,BRB,Barbados,2486,0.007754445713249769,282318,0.0017597785656190772,0.008805673035371461,0.749,0.011756572810909827,Caribbean,Latin America and the Caribbean,Americas,False
2023,BB,BRB,Barbados,1269,0.003504521136045897,282336,0.001744595016584924,0.004494644678680721,0.639,0.007033872736589547,Caribbean,Latin America and the Caribbean,Americas,False
2024,BB,BRB,Barbados,2201,0.010392252526164892,282468,0.0017303905759338926,0.0077920330798532935,0.637,0.012232391020177855,Caribbean,Latin America and the Caribbean,Americas,False
2019,BN,BRN,Brunei Darussalam,2070,0.012185530171519873,442680,0.002833589620850492,0.004676063973976688,,,South-Eastern Asia,Asia,Asia,False
2020,BN,BRN,Brunei Darussalam,2119,0.00974204275326955,447404,0.002836337907229295,0.004736211567174187,0.99,0.004784052088054734,South-Eastern Asia,Asia,Asia,False
2021,BN,BRN,Brunei Darussalam,3214,0.010932835144377545,451720,0.0028394175953403047,0.007115027007880988,1.165,0.006107319320069518,South-Eastern Asia,Asia,Asia,False
2022,BN,BRN,Brunei Darussalam,2988,0.00932030723700334,455370,0.002838467137858582,0.00656169708149417,0.944,0.006950950298192977,South-Eastern Asia,Asia,Asia,False
2023,BN,BRN,Brunei Darussalam,2638,0.007285206270204158,458948,0.0028359061319548967,0.005747927869824032,0.663,0.00866957446428964,South-Eastern Asia,Asia,Asia,False
2024,BN,BRN,Brunei Darussalam,1585,0.007483743868228694,462722,0.0028346212246246746,0.003425382843262261,0.644,0.005318917458481772,South-Eastern Asia,Asia,Asia,False
2019,BT,BTN,Bhutan,4597,0.02706129574805645,764824,0.004895629683241522,0.00601053314226541,,,Southern Asia,Asia,Asia,False
2020,BT,BTN,Bhutan,15379,0.07070451887802379,770006,0.004881487886996988,0.019972571642298893,0.722,0.02766284160983226,Southern Asia,Asia,Asia,False
2021,BT,BTN,Bhutan,14518,0.049384847736799374,775442,0.004874266490228187,0.0187222255178337,0.706,0.026518733028093062,Southern Asia,Asia,Asia,False
2022,BT,BTN,Bhutan,6812,0.021248304182887135,780914,0.004867687213680517,0.008723111635852347,0.605,0.014418366340251813,Southern Asia,Asia,Asia,False
2023,BT,BTN,Bhutan,5895,0.01627986768872385,786385,0.004859186756620252,0.007496328134437966,0.579,0.012947026138925677,Southern Asia,Asia,Asia,False
2024,BT,BTN,Bhutan,3244,0.015316886503806864,791524,0.00484885250798497,0.004098422789454268,0.592,0.00692301146867275,Southern Asia,Asia,Asia,False
2019,BW,BWA,Botswana,1582,0.009312806150407941,2332083,0.014927636630888854,0.0006783635059301063,,,Southern Africa,Sub-Saharan Africa,Africa,False
2020,BW,BWA,Botswana,9195,0.042273753240355594,2365894,0.014998692091904285,0.003886480121256489,0.505,0.00769600024011186,Southern Africa,Sub-Saharan Africa,Africa,False
2021,BW,BWA,Botswana,1998,0.006796454455029974,2401440,0.015094950389962858,0.0008320007995202878,0.496,0.0016774209667747737,Southern Africa,Sub-Saharan Africa,Africa,False
2022,BW,BWA,Botswana,4494,0.014017891808264061,2439892,0.01520862872372807,0.0018418848047372588,0.413,0.0044597695029957845,Southern Africa,Sub-Saharan Africa,Africa,False
2023,BW,BWA,Botswana,4987,0.013772298585863584,2480244,0.015325786730401574,0.002010689270894315,0.445,0.004518402855942281,Southern Africa,Sub-Saharan Africa,Africa,False
2024,BW,BWA,Botswana,2571,0.012139246362912283,2521139,0.015444422611479524,0.0010197771721432258,0.511,0.001995650043333123,Southern Africa,Sub-Saharan Africa,Africa,False
2019,CF,CAF,Central African Republic,221,0.0013009672308724116,4944704,0.03165099379366114,4.4694283014716354e-05,,,Middle Africa,Sub-Saharan Africa,Africa,False
2020,CF,CAF,Central African Republic,321,0.0014757884491739147,5026628,0.03186653570808526,6.385990767568239e-05,0.029,0.0022020657819200825,Middle Africa,Sub-Saharan Africa,Africa,False
2021,CF,CAF,Central African Republic,241,0.0008197925543854973,5112100,0.03213359313100853,4.7143052757183936e-05,0.028,0.001683680455613712,Middle Africa,Sub-Saharan Africa,Africa,False
2022,CF,CAF,Central African Republic,248,0.0007735730236870243,5098040,0.03177771703776833,4.8646146362131326e-05,0.021,0.002316483160101492,Middle Africa,Sub-Saharan Africa,Africa,False
2023,CF,CAF,Central African Republic,302,0.0008340152742993389,5152420,0.03183754907398452,5.8613234169574684e-05,0.027,0.0021708605247990624,Middle Africa,Sub-Saharan Africa,Africa,False
2024,CF,CAF,Central African Republic,161,0.0007601783992333247,5330690,0.03265564856629792,3.0202469098747067e-05,0.034,0.0008883079146690313,Middle Africa,Sub-Saharan Africa,Africa,False
2019,CA,CAN,Canada,36908,0.2172674142852442,37782934,0.24184812873334952,0.0009768431429914893,,,North America,Americas,Americas,False
2020,CA,CAN,Canada,43350,0.19930040271554267,38171902,0.2419925003657583,0.0011356520825187072,0.849,0.0013376349617417046,North America,Americas,Americas,False
2021,CA,CAN,Canada,62084,0.21118672591895937,38454057,0.24171417262467682,0.0016144980489314821,0.871,0.0018536142926882688,North America,Americas,Americas,False
2022,CA,CAN,Canada,178300,0.5561615730782115,38821259,0.24198534800666868,0.004592844348505029,0.857,0.005359211608523954,North America,Americas,Americas,False
2023,CA,CAN,Canada,112174,0.309784203242563,39299104,0.24283485278056163,0.0028543653310772682,0.819,0.0034851835544288993,North America,Americas,Americas,False
2024,CA,CAN,Canada,101874,0.48100878412109144,39742430,0.24346094544058944,0.0025633560907070856,0.794,0.0032284081746940625,North America,Americas,Americas,False
2019,CH,CHE,Switzerland,8567,0.0504316120673482,8577524,0.054904633096132645,0.0009987730725090364,,,Western Europe,Europe,Europe,False
2020,CH,CHE,Switzerland,7959,0.03659127809026538,8640582,0.05477736065641593,0.0009211185079893924,0.818,0.0011260617457083037,Western Europe,Europe,Europe,False
2021,CH,CHE,Switzerland,7180,0.024423695188746347,8707024,0.054730534730918094,0.000824621592865714,0.862,0.0009566375787305267,Western Europe,Europe,Europe,False
2022,CH,CHE,Switzerland,13928,0.04344485916900353,8792182,0.054804487948419404,0.0015841346323358639,0.831,0.0019062991965533862,Western Europe,Europe,Europe,False
2023,CH,CHE,Switzerland,13728,0.03791179366086531,8870561,0.05481248057248307,0.0015475909584523459,0.784,0.001973968059250441,Western Europe,Europe,Europe,False
2024,CH,CHE,Switzerland,15951,0.07531432078366933,8921981,0.05465579053578192,0.0017878316485991173,0.749,0.002386958142321919,Western Europe,Europe,Europe,False
2019,CL,CHL,Chile,28641,0.16860182108333366,19197744,0.12288453994340114,0.0014918940475505873,,,South America,Latin America and the Caribbean,Americas,False
2020,CL,CHL,Chile,42619,0.1959396508266139,19370624,0.1228009475505037,0.002200187252615094,0.835,0.0026349547935510106,South America,Latin America and the Caribbean,Americas,False
2021,CL,CHL,Chile,45087,0.15336924024721543,19456334,0.12229845280354605,0.0023173430308094014,0.928,0.002497136886648062,South America,Latin America and the Caribbean,Americas,False
2022,CL,CHL,Chile,64404,0.20089192345781903,19553036,0.12188033935341769,0.003293810741206634,0.844,0.003902619361619235,South America,Latin America and the Caribbean,Americas,False
2023,CL,CHL,Chile,64495,0.17811197058256906,19658835,0.12147478739114134,0.003280713226394138,0.774,0.004238647579320591,South America,Latin America and the Caribbean,Americas,False
2024,CL,CHL,Chile,53432,0.2522847964461802,19764772,0.1210784060646943,0.002703395718402418,0.747,0.003619003639092929,South America,Latin America and the Caribbean,Americas,False
2019,CN,CHN,China,3441,0.02025623638656999,1423520358,9.111937542916277,2.417246778847964e-06,,,Eastern Asia,Asia,Asia,False
2020,CN,CHN,China,4627,0.02127250203840406,1426106093,9.040864121256329,3.244499145408251e-06,0.646,5.022444497535992e-06,Eastern Asia,Asia,Asia,False
2021,CN,CHN,China,7644,0.02600205097810266,1426437267,8.966286802817978,5.358805589871062e-06,0.68,7.880596455692737e-06,Eastern Asia,Asia,Asia,False
2022,CN,CHN,China,7348,0.02292022007279135,1425179569,8.883600966585322,5.1558415232936864e-06,0.72,7.160891004574565e-06,Eastern Asia,Asia,Asia,False
2023,CN,CHN,China,14004,0.03867400629565543,1422584932,8.790358236413361,9.844051968350246e-06,0.742,1.3266916399393863e-05,Eastern Asia,Asia,Asia,False
2024,CN,CHN,China,4628,0.021851587774234946,1419321278,8.694719981285132,3.2607134633544187e-06,0.765,4.262370540332573e-06,Eastern Asia,Asia,Asia,False
2019,CI,CIV,Côte d'Ivoire,18916,0.11135337619539609,28193009,0.18046312840639855,0.0006709464747093863,,,Western Africa,Sub-Saharan Africa,Africa,False
2020,CI,CIV,Côte d'Ivoire,20274,0.0932091433599749,28915450,0.18331080397044575,0.0007011476563567228,0.221,0.003172613829668429,Western Africa,Sub-Saharan Africa,Africa,False
2021,CI,CIV,Côte d'Ivoire,17676,0.06012719166522012,29639736,0.1863091913566844,0.0005963615870262812,0.234,0.002548553790710603,Western Africa,Sub-Saharan Africa,Africa,False
2022,CI,CIV,Côte d'Ivoire,27116,0.08458147625119901,30395002,0.18946178784756543,0.0008921203558400818,0.179,0.004983912602458558,Western Africa,Sub-Saharan Africa,Africa,False
2023,CI,CIV,Côte d'Ivoire,38169,0.10540903643950815,31165654,0.1925770877855109,0.0012247135901592183,0.239,0.00512432464501765,Western Africa,Sub-Saharan Africa,Africa,False
2024,CI,CIV,Côte d'Ivoire,25609,0.12091558152774043,31934230,0.19562814422060337,0.0008019294656548788,0.234,0.0034270489985251226,Western Africa,Sub-Saharan Africa,Africa,False
2019,CM,CMR,Cameroon,5906,0.03476702473091612,25506095,0.16326422259968068,0.00023155249755009538,,,Middle Africa,Sub-Saharan Africa,Africa,False
2020,CM,CMR,Cameroon,7108,0.03267882958482301,26210558,0.16616301871470093,0.00027118842719792537,0.16,0.0016949276699870335,Middle Africa,Sub-Saharan Africa,Africa,False
2021,CM,CMR,Cameroon,8325,0.028318560229291554,26915758,0.16918683444859997,0.00030929836714983094,0.165,0.0018745355584838237,Middle Africa,Sub-Saharan Africa,Africa,False
2022,CM,CMR,Cameroon,9931,0.03097723265417677,27632772,0.17224392307341013,0.00035939210152350986,0.138,0.0026042905907500712,Middle Africa,Sub-Saharan Africa,Africa,False
2023,CM,CMR,Cameroon,13440,0.0371164413463017,28372687,0.17531894036652734,0.00047369500111145625,0.174,0.002722385063858944,Middle Africa,Sub-Saharan Africa,Africa,False
2024,CM,CMR,Cameroon,10944,0.05167324472800935,29123744,0.17841119048356363,0.00037577586178480347,0.185,0.0020312208745124514,Middle Africa,Sub-Saharan Africa,Africa,False
2019,CD,COD,Democratic Republic of the Congo,3856,0.022699229150425423,92947442,0.5949555139961217,4.1485810873633294e-05,,,Middle Africa,Sub-Saharan Africa,Africa,False
2020,CD,COD,Democratic Republic of the Congo,6461,0.02970426532745378,95989998,0.6085329367691487,6.730909609978323e-05,0.044,0.0015297521840859827,Middle Africa,Sub-Saharan Africa,Africa,False
2021,CD,COD,Democratic Republic of the Congo,5368,0.01825994370100145,99148932,0.6232294830425915,5.414077480935448e-05,0.05,0.0010828154961870895,Middle Africa,Sub-Saharan Africa,Africa,False
2022,CD,COD,Democratic Republic of the Congo,12052,0.037593153554338773,102396968,0.6382731156737529,0.00011769879748783187,0.049,0.002402016275261875,Middle Africa,Sub-Saharan Africa,Africa,False
2023,CD,COD,Democratic Republic of the Congo,13302,0.036735335028906635,105789732,0.6536900687586942,0.00012573999147667752,0.062,0.002028064378656089,Middle Africa,Sub-Saharan Africa,Africa,False
2024,CD,COD,Democratic Republic of the Congo,11389,0.053774358937070395,109276264,0.6694231466887014,0.00010422208431283851,0.066,0.0015791224895884623,Middle Africa,Sub-Saharan Africa,Africa,False
2019,CG,COG,Congo,859,0.005056700684703174,5616661,0.03595218287122921,0.00015293783975924485,,,Middle Africa,Sub-Saharan Africa,Africa,False
2020,CG,COG,Congo,1165,0.005356054651986326,5752790,0.03647007257272983,0.0002025104340676437,0.152,0.0013323054872871297,Middle Africa,Sub-Saharan Africa,Africa,False
2021,CG,COG,Congo,1151,0.003915274813683433,5892183,0.037037031978139165,0.00019534355942441028,0.156,0.00125220230400263,Middle Africa,Sub-Saharan Africa,Africa,False
2022,CG,COG,Congo,2302,0.007180504437611008,6035104,0.03761873724127387,0.0003814350175241388,0.126,0.0030272620438423713,Middle Africa,Sub-Saharan Africa,Africa,False
2023,CG,COG,Congo,3691,0.010193213170327349,6182885,0.038204941485030876,0.0005969705081042264,0.165,0.0036180030794195537,Middle Africa,Sub-Saharan Africa,Africa,False
2024,CG,COG,Congo,3304,0.015600182801657793,6332961,0.03879553093503293,0.0005217148818696341,0.171,0.0030509642214598485,Middle Africa,Sub-Saharan Africa,Africa,False
2019,CK,COK,Cook Islands,9,5.298056596312988e-05,16129,0.00010324154467041112,0.000558001116002232,,,Polynesia,Oceania,Oceania,False
2020,CK,COK,Cook Islands,17,7.815702067276185e-05,15644,9.917584603779826e-05,0.0010866785988238301,0.683,0.0015910374799763252,Polynesia,Oceania,Oceania,False
2021,CK,COK,Cook Islands,61,0.00020749936023865286,15182,9.543088181275239e-05,0.004017915953102358,0.706,0.0056910990837143885,Polynesia,Oceania,Oceania,False
2022,CK,COK,Cook Islands,91,0.00028385139175612586,14724,9.177941045266435e-05,0.006180385764737843,0.619,0.009984468117508633,Polynesia,Oceania,Oceania,False
2023,CK,COK,Cook Islands,37,0.00010218067930157463,14222,8.78797968586039e-05,0.0026016031500492197,0.601,0.00432879059908356,Polynesia,Oceania,Oceania,False
2024,CK,COK,Cook Islands,22,0.00010387530921200709,13729,8.41034461142374e-05,0.001602447374171462,0.704,0.002276203656493554,Polynesia,Oceania,Oceania,False
2019,CO,COL,Colombia,264582,1.5575226781840923,49907985,0.31946044161372106,0.005301396159352056,,,South America,Latin America and the Caribbean,Americas,False
2020,CO,COL,Colombia,763997,3.51245466605459,50629998,0.32097116380350504,0.015089809010065534,0.764,0.019751058913698345,South America,Latin America and the Caribbean,Americas,False
2021,CO,COL,Colombia,440203,1.4974072274612409,51188174,0.3217581730473327,0.008599701173165506,0.813,0.010577738220375776,South America,Latin America and the Caribbean,Americas,False
2022,CO,COL,Colombia,647907,2.020981359104794,51737944,0.32249918489221424,0.012522859431754768,0.74,0.01692278301588482,South America,Latin America and the Caribbean,Americas,False
2023,CO,COL,Colombia,602660,1.664329951023972,52321152,0.3232999725192053,0.011518477269002028,0.703,0.0163847471820797,South America,Latin America and the Caribbean,Americas,False
2024,CO,COL,Colombia,262696,1.2403467376707917,52886364,0.3239802946210172,0.004967178307058507,0.692,0.007178003333899577,South America,Latin America and the Caribbean,Americas,False
2019,KM,COM,Comoros,585,0.0034437367876034427,786578,0.005034876788626861,0.0007437278947542392,,,Eastern Africa,Sub-Saharan Africa,Africa,True
2020,KM,COM,Comoros,1029,0.004730798486604231,802164,0.0050853549834482484,0.001282780079883914,0.228,0.0056262284205434825,Eastern Africa,Sub-Saharan Africa,Africa,True
2021,KM,COM,Comoros,3963,0.013480655157799691,818174,0.0051428709192640545,0.0048437129510348655,0.243,0.019932975107139365,Eastern Africa,Sub-Saharan Africa,Africa,True
2022,KM,COM,Comoros,4194,0.013082117989287823,834188,0.0051997611278651965,0.00502764364867392,0.222,0.022647043462495135,Eastern Africa,Sub-Saharan Africa,Africa,True
2023,KM,COM,Comoros,2979,0.008226925503767319,850387,0.005254664379918267,0.0035031109365500647,0.276,0.012692430929529219,Eastern Africa,Sub-Saharan Africa,Africa,True
2024,KM,COM,Comoros,2139,0.0100995130183856,866628,0.0053089373806605965,0.002468187042191113,0.294,0.008395194021058209,Eastern Africa,Sub-Saharan Africa,Africa,True
2019,CV,CPV,Cabo Verde,2481,0.01460497601716947,514104,0.0032907738285843533,0.0048258718080388405,,,Western Africa,Sub-Saharan Africa,Africa,False
2020,CV,CPV,Cabo Verde,3006,0.013820000243666006,514680,0.0032628371540995914,0.005840522266262532,0.537,0.010876205337546614,Western Africa,Sub-Saharan Africa,Africa,False
2021,CV,CPV,Cabo Verde,3855,0.013113279241311584,516649,0.003247547731371144,0.00746154545929635,0.54,0.013817676776474722,Western Africa,Sub-Saharan Africa,Africa,False
2022,CV,CPV,Cabo Verde,3584,0.011179377890702804,519741,0.0032397122091876,0.006895742302416011,0.483,0.014276899176844745,Western Africa,Sub-Saharan Africa,Africa,False
2023,CV,CPV,Cabo Verde,2992,0.008262826823521925,522330,0.003227552685498142,0.00572817950337909,0.442,0.012959682134341833,Western Africa,Sub-Saharan Africa,Africa,False
2024,CV,CPV,Cabo Verde,1360,0.0064213827512877115,524877,0.003215380908012425,0.0025910832442648467,0.499,0.00519255159171312,Western Africa,Sub-Saharan Africa,Africa,False
2019,CR,CRI,Costa Rica,12764,0.0751382159948211,4999554,0.03200208801681025,0.0025530277300735227,,,Central America,Latin America and the Caribbean,Americas,False
2020,CR,CRI,Costa Rica,36562,0.16809276410808932,5034320,0.031915299490220435,0.007262549857776224,0.762,0.009530905325165649,Central America,Latin America and the Caribbean,Americas,False
2021,CR,CRI,Costa Rica,16623,0.05654527647946108,5059988,0.03180602798063136,0.0032851856565667744,0.804,0.004086051811650217,Central America,Latin America and the Caribbean,Americas,False
2022,CR,CRI,Costa Rica,24533,0.07652446366981358,5081764,0.031676263513961786,0.004827654334203635,0.737,0.006550412936504254,Central America,Latin America and the Caribbean,Americas,False
2023,CR,CRI,Costa Rica,18042,0.04982550853943269,5105526,0.03154778425933909,0.0035338180630164256,0.738,0.004788371359100848,Central America,Latin America and the Caribbean,Americas,False
2024,CR,CRI,Costa Rica,15129,0.07143316150311162,5129910,0.031425676251430376,0.002949174546921876,0.745,0.00395862355291527,Central America,Latin America and the Caribbean,Americas,False
2019,CU,CUB,Cuba,4412,0.025972250781036557,11202846,0.07170928921475209,0.0003938284967944753,,,Caribbean,Latin America and the Caribbean,Americas,False
2020,CU,CUB,Cuba,12122,0.05573055321148347,11176354,0.0708530020178938,0.0010846113142085514,0.555,0.001954254620195588,Caribbean,Latin America and the Caribbean,Americas,False
2021,CU,CUB,Cuba,13779,0.04687104401194094,11122168,0.06991162560331818,0.0012388771685520304,0.596,0.0020786529673691785,Caribbean,Latin America and the Caribbean,Americas,False
2022,CU,CUB,Cuba,12362,0.03856011983394756,11059820,0.06893940228963502,0.0011177397100495306,0.597,0.0018722608208534852,Caribbean,Latin America and the Caribbean,Americas,False
2023,CU,CUB,Cuba,19242,0.05313947651678105,11019930,0.06809374277851461,0.001746109095066847,0.599,0.0029150402254872238,Caribbean,Latin America and the Caribbean,Americas,False
2024,CU,CUB,Cuba,7714,0.03642246069370103,10979783,0.0672618244509083,0.0007025639759911466,0.601,0.0011689916405842706,Caribbean,Latin America and the Caribbean,Americas,False
2019,CW,CUW,Curaçao,388,0.002284051065966044,189543,0.0012132625768159053,0.002047028906369531,,,Caribbean,Latin America and the Caribbean,Americas,False
2020,CW,CUW,Curaçao,1335,0.006137624858713944,185018,0.0011729299848006493,0.007215514166189235,0.791,0.009122015380770208,Caribbean,Latin America and the Caribbean,Americas,False
2021,CW,CUW,Curaçao,366,0.001244996161431917,185314,0.0011648451081707545,0.0019750261717948994,0.734,0.002690771351219209,Caribbean,Latin America and the Caribbean,Americas,False
2022,CW,CUW,Curaçao,528,0.0016469619213981808,185344,0.0011553085473335113,0.002848756906077348,0.568,0.005015417088164346,Caribbean,Latin America and the Caribbean,Americas,False
2023,CW,CUW,Curaçao,463,0.0012786393112602446,185427,0.0011457802764801256,0.0024969394964055934,0.541,0.004615414965629562,Caribbean,Latin America and the Caribbean,Americas,False
2024,CW,CUW,Curaçao,434,0.0020491765544550494,185482,0.001136257221367979,0.002339849688918601,0.578,0.0040481828528003486,Caribbean,Latin America and the Caribbean,Americas,False
2019,KY,CYM,Cayman Islands,117,0.0006887473575206885,67327,0.0004309593575562508,0.0017377872176095772,,,Caribbean,Latin America and the Caribbean,Americas,False
2020,KY,CYM,Cayman Islands,152,0.0006988157142505764,68684,0.0004354253265955085,0.0022130336031681323,0.908,0.002437261677497943,Caribbean,Latin America and the Caribbean,Americas,False
2021,KY,CYM,Cayman Islands,175,0.0005952850498649877,70108,0.0004406842485923096,0.002496148798995835,1.008,0.0024763380942418997,Caribbean,Latin America and the Caribbean,Americas,False
2022,KY,CYM,Cayman Islands,336,0.0010480666772533878,71592,0.0004462558783704934,0.004693261816962789,0.88,0.005333252064730442,Caribbean,Latin America and the Caribbean,Americas,False
2023,KY,CYM,Cayman Islands,275,0.0007594509948090005,73038,0.0004513123754014,0.0037651633396314247,0.744,0.005060703413483098,Caribbean,Latin America and the Caribbean,Americas,False
2024,KY,CYM,Cayman Islands,309,0.0014589759339322815,74458,0.00045612749586815423,0.004149990598726799,0.722,0.0057479094165191124,Caribbean,Latin America and the Caribbean,Americas,False
2019,CY,CYP,Cyprus,2502,0.014728597337750107,1286672,0.008235972767323902,0.001944551525175025,,,Southern Europe,Europe,Europe,False
2020,CY,CYP,Cyprus,3302,0.015180851897732918,1302248,0.008255660134941875,0.0025356153359421553,0.825,0.00307347313447534,Southern Europe,Europe,Europe,False
2021,CY,CYP,Cyprus,2657,0.009038127871378698,1317308,0.008280323017981374,0.0020169922296076545,1.003,0.0020109593515529956,Southern Europe,Europe,Europe,False
2022,CY,CYP,Cyprus,7361,0.022960770271613654,1331370,0.008298855860796232,0.0055288912924281,0.876,0.006311519740214726,Southern Europe,Europe,Europe,False
2023,CY,CYP,Cyprus,7564,0.0208890448172192,1344976,0.008310801410469528,0.005623892173540643,0.651,0.00863885126503939,Southern Europe,Europe,Europe,False
2024,CY,CYP,Cyprus,5734,0.027073682864620394,1358282,0.00832079517772151,0.004221509230042068,0.607,0.0069547104284053834,Southern Europe,Europe,Europe,False
2019,CZ,CZE,Czechia,14448,0.08505146855947783,10554875,0.06756163424906104,0.0013688461492912044,,,Eastern Europe,Europe,Europe,False
2020,CZ,CZE,Czechia,11044,0.05077447860646952,10550130,0.06688302662738152,0.0010468117454476864,0.69,0.0015171184716633137,Eastern Europe,Europe,Europe,False
2021,CZ,CZE,Czechia,15004,0.05103803936099586,10530682,0.06619366811682775,0.0014247890117658096,0.75,0.0018997186823544127,Eastern Europe,Europe,Europe,False
2022,CZ,CZE,Czechia,61994,0.19337454044537655,10673213,0.06652955696656568,0.005808372792710124,0.769,0.00755315057569587,Eastern Europe,Europe,Europe,False
2023,CZ,CZE,Czechia,34342,0.09484024023174799,10809716,0.06679480004072566,0.0031769567304080885,0.767,0.004142055711092683,Eastern Europe,Europe,Europe,False
2024,CZ,CZE,Czechia,22825,0.10777063330745737,10735859,0.0657675532738401,0.0021260525124258806,0.748,0.0028423161930827283,Eastern Europe,Europe,Europe,False
2019,DE,DEU,Germany,87895,0.5174140939254779,83559186,0.5348613946334051,0.0010518891364020707,,,Western Europe,Europe,Europe,False
2020,DE,DEU,Germany,92768,0.4264982643394571,83628708,0.5301679793497818,0.0011092841467788789,0.787,0.001409509716364522,Western Europe,Europe,Europe,False
2021,DE,DEU,Germany,79701,0.27111322148165357,83697082,0.5261023804778189,0.0009522554203263622,0.865,0.0011008733182963726,Western Europe,Europe,Europe,False
2022,DE,DEU,Germany,138193,0.4310579712192781,84086227,0.5241363991611592,0.0016434677227222954,0.851,0.0019312194156548713,Western Europe,Europe,Europe,False
2023,DE,DEU,Germany,173560,0.47931023512381865,84548231,0.5224357590377103,0.002052792801779614,0.814,0.0025218584788447348,Western Europe,Europe,Europe,False
2024,DE,DEU,Germany,211342,0.997873436340182,84552242,0.5179645224623032,0.0024995434183755884,0.776,0.003221061106154109,Western Europe,Europe,Europe,False
2019,DJ,DJI,Djibouti,4045,0.023811821035651153,1088709,0.006968813866735607,0.0037154097192178995,,,Eastern Africa,Sub-Saharan Africa,Africa,True
2020,DJ,DJI,Djibouti,6120,0.028136527442194262,1105188,0.007006389346127727,0.005537519408462633,0.261,0.021216549457711238,Eastern Africa,Sub-Saharan Africa,Africa,True
2021,DJ,DJI,Djibouti,1281,0.00435748656501171,1121248,0.007047930797706823,0.0011424769542509774,0.166,0.006882391290668539,Eastern Africa,Sub-Saharan Africa,Africa,True
2022,DJ,DJI,Djibouti,1784,0.0055647349768453685,1137096,0.007087883761755148,0.0015689088696117127,0.083,0.018902516501345935,Eastern Africa,Sub-Saharan Africa,Africa,True
2023,DJ,DJI,Djibouti,635,0.0017536413880135102,1152944,0.007124207882811574,0.0005507639573127576,0.154,0.003576389333199725,Eastern Africa,Sub-Saharan Africa,Africa,True
2024,DJ,DJI,Djibouti,550,0.0025968827303001775,1168722,0.0071595562495100715,0.0004705995095497475,0.183,0.002571582019397527,Eastern Africa,Sub-Saharan Africa,Africa,True
2019,DM,DMA,Dominica,108,0.0006357667915575586,67880,0.00043449910423631384,0.0015910430170889805,,,Caribbean,Latin America and the Caribbean,Americas,False
2020,DM,DMA,Dominica,115,0.0005287092574922124,67573,0.00042838209181233323,0.0017018631702011159,0.583,0.0029191478048046587,Caribbean,Latin America and the Caribbean,Americas,False
2021,DM,DMA,Dominica,128,0.00043540849361553384,67202,0.0004224177394006446,0.0019047052171066337,0.63,0.003023341614454974,Caribbean,Latin America and the Caribbean,Americas,False
2022,DM,DMA,Dominica,394,0.0012289829489221273,66826,0.000416547873058255,0.005895908778020531,0.55,0.01071983414185551,Caribbean,Latin America and the Caribbean,Americas,False
2023,DM,DMA,Dominica,274,0.0007566893548278769,66510,0.0004109749183705347,0.004119681250939708,0.474,0.008691310655990946,Caribbean,Latin America and the Caribbean,Americas,False
2024,DM,DMA,Dominica,188,0.0008876617332662424,66205,0.0004055698630630845,0.002839664677894419,0.537,0.0052880161599523625,Caribbean,Latin America and the Caribbean,Americas,False
2019,DK,DNK,Denmark,6148,0.036191613282369174,5814618,0.037219303365886074,0.0010573351508216017,,,Northern Europe,Europe,Europe,False
2020,DK,DNK,Denmark,6504,0.029901956615037823,5831530,0.0369692483664537,0.001115316220614487,0.836,0.001334110311739817,Northern Europe,Europe,Europe,False
2021,DK,DNK,Denmark,5891,0.02003899559288367,5856776,0.03681447096955373,0.0010058434879530991,0.853,0.0011791834559825313,Northern Europe,Europe,Europe,False
2022,DK,DNK,Denmark,30215,0.09424801980122355,5902904,0.036794692276465236,0.005118667015421562,0.838,0.006108194529142676,Northern Europe,Europe,Europe,False
2023,DK,DNK,Denmark,12048,0.0332722384925776,5948136,0.036754393430414055,0.002025508495434536,0.797,0.002541415929027021,Northern Europe,Europe,Europe,False
2024,DK,DNK,Denmark,10409,0.0491471860721719,5977412,0.03661744832432049,0.0017413890827669232,0.783,0.002223996274287258,Northern Europe,Europe,Europe,False
2019,DO,DOM,Dominican Republic,32325,0.19028853275090818,10894044,0.06973265114188258,0.0029672176833506455,,,Caribbean,Latin America and the Caribbean,Americas,False
2020,DO,DOM,Dominican Republic,104747,0.4815713790829285,11008300,0.06978761607887334,0.009515274838076723,0.642,0.014821300370836017,Caribbean,Latin America and the Caribbean,Americas,False
2021,DO,DOM,Dominican Republic,144150,0.49034479964593125,11123476,0.06991984741819178,0.012959078618949687,0.691,0.01875409351512256,Caribbean,Latin America and the Caribbean,Americas,False
2022,DO,DOM,Dominican Republic,130635,0.40748270947320336,11230734,0.0700047640227311,0.011631920050817694,0.655,0.017758656566133884,Caribbean,Latin America and the Caribbean,Americas,False
2023,DO,DOM,Dominican Republic,102724,0.28368670542094465,11331266,0.0700175329933065,0.009065536013363379,0.635,0.014276434666713982,Caribbean,Latin America and the Caribbean,Americas,False
2024,DO,DOM,Dominican Republic,79020,0.3731012242696728,11427557,0.07000487467163496,0.006914863780596325,0.631,0.010958579683987836,Caribbean,Latin America and the Caribbean,Americas,False
2019,DZ,DZA,Algeria,700535,4.123860086331243,43294546,0.27712789415612676,0.01618067550587088,,,Northern Africa,Africa,Africa,True
2020,DZ,DZA,Algeria,1102939,5.070730954340898,44042091,0.27920682921239454,0.025042839133137436,0.565,0.04432360908519901,Northern Africa,Africa,Africa,True
2021,DZ,DZA,Algeria,1171653,3.985528654454071,44761099,0.28135892164918386,0.02617569778615132,0.591,0.04429052078875012,Northern Africa,Africa,Africa,True
2022,DZ,DZA,Algeria,731167,2.2806897863313327,45477390,0.2834751455532391,0.01607759372294672,0.529,0.030392426697441816,Northern Africa,Africa,Africa,True
2023,DZ,DZA,Algeria,762754,2.10645194216198,46164219,0.2852553921991353,0.016522623289695424,0.541,0.030540893326608917,Northern Africa,Africa,Africa,True
2024,DZ,DZA,Algeria,327865,1.5480490115815777,46814308,0.28678305996455045,0.007003521231158645,0.542,0.012921625887746577,Northern Africa,Africa,Africa,True
2019,EC,ECU,Ecuador,98669,0.5808377181128959,17340022,0.11099328265229783,0.005690246529098983,,,South America,Latin America and the Caribbean,Americas,False
2020,EC,ECU,Ecuador,242631,1.115489181344287,17546064,0.11123406685204261,0.01382822951061845,0.788,0.017548514607383818,South America,Latin America and the Caribbean,Americas,False
2021,EC,ECU,Ecuador,118322,0.4024875295435718,17682454,0.1111482135313813,0.006691492029330318,0.811,0.008250914956017654,South America,Latin America and the Caribbean,Americas,False
2022,EC,ECU,Ecuador,168314,0.5250127818905558,17823897,0.11110206184657787,0.00944316498238292,0.735,0.01284784351344615,South America,Latin America and the Caribbean,Americas,False
2023,EC,ECU,Ecuador,136302,0.3764170527071142,17980083,0.11110153575733635,0.007580721401564164,0.692,0.010954799713243013,South America,Latin America and the Caribbean,Americas,False
2024,EC,ECU,Ecuador,75948,0.35859645381970523,18135478,0.11109739942668352,0.0041878135222021716,0.74,0.005659207462435367,South America,Latin America and the Caribbean,Americas,False
2019,EG,EGY,Egypt,276596,1.6282458470153194,107553158,0.6884465351913189,0.002571714351706902,,,Northern Africa,Africa,Africa,True
2020,EG,EGY,Egypt,449940,2.068586463617792,109315124,0.6930081761331389,0.004115990391228939,0.474,0.008683524032128563,Northern Africa,Africa,Africa,True
2021,EG,EGY,Egypt,622633,2.1179663797290678,110957008,0.6974525831079319,0.005611479718342802,0.489,0.011475418646917795,Northern Africa,Africa,Africa,True
2022,EG,EGY,Egypt,431044,1.3445323000893132,112618250,0.7019856418915217,0.003827479116395433,0.414,0.009245118638636312,Northern Africa,Africa,Africa,True
2023,EG,EGY,Egypt,627802,1.7337631034293823,114535772,0.7077331160458002,0.005481274444109915,0.4,0.013703186110274787,Northern Africa,Africa,Africa,True
2024,EG,EGY,Egypt,302829,1.4298389096983135,116538258,0.7139099061803552,0.0025985372117026152,0.431,0.006029088658242727,Northern Africa,Africa,Africa,True
2019,ER,ERI,Eritrea,62,0.0003649772321904503,3240194,0.020740444763581008,1.9134656752033982e-05,,,Eastern Africa,Sub-Saharan Africa,Africa,False
2020,ER,ERI,Eritrea,615,0.0028274451596322667,3291270,0.020865155125851714,0.0001868579606048729,0.002,0.09342898030243645,Eastern Africa,Sub-Saharan Africa,Africa,False
2021,ER,ERI,Eritrea,1199,0.004078552998789259,3350183,0.021058550778823095,0.00035789089730322194,0.003,0.11929696576774064,Eastern Africa,Sub-Saharan Africa,Africa,False
2022,ER,ERI,Eritrea,228,0.0007111881024219418,3409447,0.021252175742298634,6.687301489068461e-05,0.003,0.022291004963561536,Eastern Africa,Sub-Saharan Africa,Africa,False
2023,ER,ERI,Eritrea,37,0.00010218067930157463,3470390,0.02144404220363735,1.0661625926769037e-05,0.004,0.0026654064816922594,Eastern Africa,Sub-Saharan Africa,Africa,False
2024,ER,ERI,Eritrea,22,0.00010387530921200709,3535603,0.021658998935963004,6.222418071259698e-06,0.004,0.0015556045178149243,Eastern Africa,Sub-Saharan Africa,Africa,False
2019,EH,ESH,Western Sahara,7,4.120710686021213e-05,538440,0.0034465482864614147,1.3000520020800832e-05,,,Northern Africa,Africa,Africa,False
2020,EH,ESH,Western Sahara,4,1.8389887217120432e-05,549365,0.0034827242814213137,7.2811336725128105e-06,0.629,1.157572920908237e-05,Northern Africa,Africa,Africa,False
2021,EH,ESH,Western Sahara,77,0.0002619254219405946,558619,0.0035113623875219287,0.00013783992309606368,0.627,0.00021984038771302023,Northern Africa,Africa,Africa,False
2022,EH,ESH,Western Sahara,12,3.7430952759049565e-05,568738,0.0035451262117649697,2.1099346271921343e-05,0.573,3.682259384279467e-05,Northern Africa,Africa,Africa,False
2023,EH,ESH,Western Sahara,20,5.523279962247277e-05,579729,0.0035822294159078595,3.449887792399552e-05,0.576,5.989388528471445e-05,Northern Africa,Africa,Africa,False
2024,EH,ESH,Western Sahara,14,6.610246949854998e-05,590506,0.003617422212188351,2.370848052348325e-05,,,Northern Africa,Africa,Africa,False
2019,ES,ESP,Spain,46836,0.2757108652721279,47435119,0.30363165460876473,0.0009873697165174182,,,Southern Europe,Europe,Europe,False
2020,ES,ESP,Spain,70544,0.324324050961136,47679489,0.3022662784597862,0.0014795460580544393,0.8,0.001849432572568049,Southern Europe,Europe,Europe,False
2021,ES,ESP,Spain,33136,0.11271637378472132,47735664,0.3000564161136384,0.0006941560507045634,0.871,0.0007969644669397972,Southern Europe,Europe,Europe,False
2022,ES,ESP,Spain,77727,0.24244963875855377,47828382,0.29812963208807547,0.0016251229238739458,0.856,0.0018985080886377871,Southern Europe,Europe,Europe,False
2023,ES,ESP,Spain,104748,0.2892762647427389,47911580,0.2960525887761742,0.002186277304985559,0.836,0.002615164240413348,Southern Europe,Europe,Europe,False
2024,ES,ESP,Spain,71461,0.33741061234541997,47910526,0.2934984588641394,0.0014915511468189683,0.829,0.0017992173061748714,Southern Europe,Europe,Europe,False
2019,EE,EST,Estonia,1951,0.011485009354896268,1326822,0.008492972458471339,0.0014704308490513423,,,Northern Europe,Europe,Europe,False
2020,EE,EST,Estonia,4695,0.02158513012109511,1329670,0.008429503145044695,0.003530951288665609,0.744,0.00474590226971184,Northern Europe,Europe,Europe,False
2021,EE,EST,Estonia,2729,0.009283045149037435,1331750,0.008371102414315174,0.0020491834052937864,0.793,0.002584090044506666,Northern Europe,Europe,Europe,False
2022,EE,EST,Estonia,6408,0.01998812877333247,1350092,0.008415556086447874,0.004746343212166282,0.808,0.005874187143770151,Northern Europe,Europe,Europe,False
2023,EE,EST,Estonia,4338,0.011979994238114343,1367196,0.00844810200716466,0.0031729174163762914,0.787,0.004031661266043572,Northern Europe,Europe,Europe,False
2024,EE,EST,Estonia,4542,0.021445529747315284,1360546,0.008334664374458536,0.003338365626741029,0.731,0.004566847642600587,Northern Europe,Europe,Europe,False
2019,ET,ETH,Ethiopia,15054,0.08861882666766191,115737382,0.7408336594822639,0.00013007033457867573,,,Eastern Africa,Sub-Saharan Africa,Africa,False
2020,ET,ETH,Ethiopia,17451,0.08023048045649217,118917672,0.7538839637845431,0.00014674858418015448,0.058,0.0025301480031061116,Eastern Africa,Sub-Saharan Africa,Africa,False
2021,ET,ETH,Ethiopia,6851,0.023304559295000173,122138588,0.7677376601372979,5.609201901040481e-05,0.053,0.0010583399813283926,Eastern Africa,Sub-Saharan Africa,Africa,False
2022,ET,ETH,Ethiopia,11146,0.03476711662103053,125384286,0.7815604352830926,8.889471205347055e-05,0.051,0.0017430335696758934,Eastern Africa,Sub-Saharan Africa,Africa,False
2023,ET,ETH,Ethiopia,9347,0.025813048903562646,128691692,0.795204595018283,7.26309511883642e-05,0.055,0.0013205627488793491,Eastern Africa,Sub-Saharan Africa,Africa,False
2024,ET,ETH,Ethiopia,5908,0.02789524212838809,132059768,0.8089942152994896,4.4737319241693657e-05,0.062,0.0007215696651886074,Eastern Africa,Sub-Saharan Africa,Africa,False
2019,FI,FIN,Finland,4850,0.02855063832457555,5521759,0.03534471625381267,0.0008783432960402654,,,Northern Europe,Europe,Europe,False
2020,FI,FIN,Finland,4419,0.020316227903113798,5529612,0.0350552255408311,0.0007991519115626919,0.804,0.0009939700392570794,Northern Europe,Europe,Europe,False
2021,FI,FIN,Finland,6079,0.020678501817881487,5541075,0.03483004040578296,0.0010970795378153157,0.852,0.0012876520396893376,Northern Europe,Europe,Europe,False
2022,FI,FIN,Finland,10904,0.03401225907372304,5569299,0.03471522540441545,0.0019578765657940075,0.833,0.002350392035767116,Northern Europe,Europe,Europe,False
2023,FI,FIN,Finland,16364,0.04519147665110722,5601186,0.03461053915393448,0.0029215241200702853,0.804,0.003633736467749111,Northern Europe,Europe,Europe,False
2024,FI,FIN,Finland,26695,0.12604324451884225,5617310,0.03441147417087675,0.004752274665275728,0.781,0.006084858726345362,Northern Europe,Europe,Europe,False
2019,FJ,FJI,Fiji,3560,0.020956757203193597,914900,0.005856264444104354,0.0038911356432396985,,,Melanesia,Oceania,Oceania,False
2020,FJ,FJI,Fiji,1806,0.008303034078529876,914963,0.005800449349161468,0.0019738503087010075,0.678,0.002911283641151928,Melanesia,Oceania,Oceania,False
2021,FJ,FJI,Fiji,8175,0.02780831590083585,916711,0.00576225392553353,0.008917750523338326,0.716,0.012454958831478109,Melanesia,Oceania,Oceania,False
2022,FJ,FJI,Fiji,6046,0.01885896169843447,919422,0.005731051963950662,0.006575870492548579,0.59,0.011145543207709456,Melanesia,Oceania,Oceania,False
2023,FJ,FJI,Fiji,3638,0.010046846251327797,924146,0.0057104319186957785,0.003936607419174027,0.579,0.006798976544342016,Melanesia,Oceania,Oceania,False
2024,FJ,FJI,Fiji,2496,0.011785125990598624,928784,0.005689703190018638,0.002687384795603714,0.6,0.004478974659339524,Melanesia,Oceania,Oceania,False
2019,FK,FLK,Falkland Islands,1,5.886729551458876e-06,3516,2.2505875817543894e-05,0.0002844141069397042,,,South America,Latin America and the Caribbean,Americas,False
2020,FK,FLK,Falkland Islands,5,2.2987359021400542e-05,3506,2.2226445679399175e-05,0.001426126640045636,0.941,0.001515543719495894,South America,Latin America and the Caribbean,Americas,False
2021,FK,FLK,Falkland Islands,15,5.102443284557037e-05,3498,2.198769757482597e-05,0.004288164665523156,0.935,0.004586272369543482,South America,Latin America and the Caribbean,Americas,False
2022,FK,FLK,Falkland Islands,25,7.798115158135326e-05,3490,2.1754288405310957e-05,0.0071633237822349575,0.739,0.009693266281779375,South America,Latin America and the Caribbean,Americas,False
2023,FK,FLK,Falkland Islands,8,2.2093119848989108e-05,3476,2.147870720577325e-05,0.0023014959723820483,0.698,0.0032972721667364592,South America,Latin America and the Caribbean,Americas,False
2024,FK,FLK,Falkland Islands,3,1.4164814892546423e-05,3470,2.1257116907014624e-05,0.0008645533141210375,0.72,0.0012007684918347744,South America,Latin America and the Caribbean,Americas,False
2019,FR,FRA,France,71422,0.4204419980242958,65729459,0.42073351587268004,0.0010866056268620742,,,Western Europe,Europe,Europe,False
2020,FR,FRA,France,89871,0.4131793885224576,65905278,0.4178094927132634,0.001363638887920327,0.759,0.0017966256757843571,Western Europe,Europe,Europe,False
2021,FR,FRA,France,98233,0.3341522074479276,66083548,0.41538738367509875,0.001486497062778772,0.803,0.001851179405702082,Western Europe,Europe,Europe,False
2022,FR,FRA,France,227465,0.7095193057781007,66277409,0.4131283295537972,0.0034320140668142292,0.805,0.004263371511570471,Western Europe,Europe,Europe,False
2023,FR,FRA,France,310519,0.8575416852985311,66438822,0.4105350992043976,0.004673758363747027,0.782,0.005976673099420751,Western Europe,Europe,Europe,False
2024,FR,FRA,France,160216,0.7564766609414059,66548530,0.407674317636879,0.002407506221399631,0.757,0.003180325259444691,Western Europe,Europe,Europe,False
2019,FO,FRO,Faroe Islands,58,0.00034143031398461477,51842,0.0003318400495259131,0.0011187839975309595,,,Northern Europe,Europe,Europe,False
2020,FO,FRO,Faroe Islands,56,0.0002574584210396861,52586,0.00033337132700995005,0.0010649222226448104,0.817,0.001303454372882265,Northern Europe,Europe,Europe,False
2021,FO,FRO,Faroe Islands,76,0.0002585237930842232,53300,0.0003350326703082402,0.001425891181988743,0.907,0.0015720961212665303,Northern Europe,Europe,Europe,False
2022,FO,FRO,Faroe Islands,412,0.0012851293780607018,54011,0.000336667871363682,0.007628075762344708,0.807,0.009452386322608064,Northern Europe,Europe,Europe,False
2023,FO,FRO,Faroe Islands,175,0.00048328699669663666,54714,0.00033808572671365866,0.0031984501224549475,0.667,0.004795277544909966,Northern Europe,Europe,Europe,False
2024,FO,FRO,Faroe Islands,101,0.0004768821013823962,55400,0.0003393787540774093,0.0018231046931407942,0.644,0.0028309079086037176,Northern Europe,Europe,Europe,False
2019,FM,FSM,Micronesia,68,0.00040029760949920353,110282,0.0007059138216468645,0.0006166010772383526,,,Micronesia,Oceania,Oceania,False
2020,FM,FSM,Micronesia,60,0.0002758483082568065,110916,0.0007031570019898,0.0005409499080385157,0.381,0.0014198160315971539,Micronesia,Oceania,Oceania,False
2021,FM,FSM,Micronesia,200,0.0006803257712742716,111624,0.0007016451555438461,0.0017917293771948686,0.4,0.004479323442987172,Micronesia,Oceania,Oceania,False
2022,FM,FSM,Micronesia,291,0.0009077006044069519,112114,0.0006988424900495797,0.0025955723638439445,0.323,0.008035827751838837,Micronesia,Oceania,Oceania,False
2023,FM,FSM,Micronesia,192,0.0005302348763757386,112630,0.000695957074967273,0.0017046967948148805,0.331,0.005150141374063083,Micronesia,Oceania,Oceania,False
2024,FM,FSM,Micronesia,271,0.00127955494529336,113160,0.0006932147980397046,0.002394839165782962,0.366,0.006543276409243066,Micronesia,Oceania,Oceania,False
2019,GA,GAB,Gabon,1201,0.00706996219130211,2267706,0.014515560189618656,0.0005296100993691422,,,Middle Africa,Sub-Saharan Africa,Africa,False
2020,GA,GAB,Gabon,1511,0.006946779896267244,2322539,0.014723841107183708,0.0006505811097251758,0.377,0.0017256793361410498,Middle Africa,Sub-Saharan Africa,Africa,False
2021,GA,GAB,Gabon,1873,0.006371250847983553,2376722,0.014939578203383513,0.0007880601938299894,0.355,0.002219887869943632,Middle Africa,Sub-Saharan Africa,Africa,False
2022,GA,GAB,Gabon,2440,0.007610960394340078,2430747,0.015151625008121604,0.0010038066487380217,0.282,0.00355959804517029,Middle Africa,Sub-Saharan Africa,Africa,False
2023,GA,GAB,Gabon,3114,0.00859974690121901,2484788,0.015353864764217174,0.0012532256272969767,0.306,0.004095508585937832,Middle Africa,Sub-Saharan Africa,Africa,False
2024,GA,GAB,Gabon,3584,0.016922232191628795,2538952,0.015553544520258963,0.0014116060484798453,0.305,0.004628216552392935,Middle Africa,Sub-Saharan Africa,Africa,False
2019,GB,GBR,United Kingdom of Great Britain and Northern Ireland,74330,0.43756060755993825,67110958,0.4295764751832775,0.001107568752035994,,,Northern Europe,Europe,Europe,False
2020,GB,GBR,United Kingdom of Great Britain and Northern Ireland,75578,0.34746772402388204,67351862,0.4269801774527637,0.0011221367569615225,0.779,0.0014404836417991301,Northern Europe,Europe,Europe,False
2021,GB,GBR,United Kingdom of Great Britain and Northern Ireland,97727,0.3324309832466037,67668792,0.425351896440767,0.0014441960187496772,0.843,0.0017131625370696052,Northern Europe,Europe,Europe,False
2022,GB,GBR,United Kingdom of Great Britain and Northern Ireland,316900,0.988489077445234,68179316,0.4249835253698659,0.0046480372434361174,0.844,0.005507153132033315,Northern Europe,Europe,Europe,False
2023,GB,GBR,United Kingdom of Great Britain and Northern Ireland,178648,0.49336145934777575,68682962,0.4244019651390248,0.0026010526453416494,0.828,0.0031413679291565815,Northern Europe,Europe,Europe,False
2024,GB,GBR,United Kingdom of Great Britain and Northern Ireland,176427,0.8330185990157626,69138192,0.42353851011055427,0.002551802338134616,0.79,0.0032301295419425516,Northern Europe,Europe,Europe,False
2019,GE,GEO,Georgia,6157,0.0362445938483323,3796722,0.024302774131324485,0.0016216620547935825,,,Western Asia,Asia,Asia,False
2020,GE,GEO,Georgia,6913,0.03178232258298839,3795678,0.02406287247104692,0.001821281994942669,0.778,0.0023409794279468754,Western Asia,Asia,Asia,False
2021,GE,GEO,Georgia,7168,0.024382875642469895,3788451,0.023813411911105493,0.0018920661769150505,0.843,0.0022444438634816734,Western Asia,Asia,Asia,False
2022,GE,GEO,Georgia,12966,0.040444144456153054,3794784,0.023654104748383822,0.0034167952642363835,0.817,0.004182123946433762,Western Asia,Asia,Asia,False
2023,GE,GEO,Georgia,15055,0.041576489915816375,3807492,0.02352704426246375,0.003954046390642449,0.766,0.005161940457757766,Western Asia,Asia,Asia,False
2024,GE,GEO,Georgia,12089,0.057079482411997895,3807670,0.023325673294908467,0.0031749074893570083,0.788,0.004029070417965746,Western Asia,Asia,Asia,False
2019,GG,GGY,Guernsey,29,0.00017071515699230739,62784,0.0004018796664757326,0.00046190112130479105,,,Channel Islands,Northern Europe,Europe,False
2020,GG,GGY,Guernsey,39,0.00017930140036692422,63106,0.0004000633431386664,0.000618007796406047,0.698,0.0008853979891204112,Channel Islands,Northern Europe,Europe,False
2021,GG,GGY,Guernsey,69,0.00023471239108962372,63414,0.0003986071623813648,0.0010880878039549627,0.771,0.0014112682282165533,Channel Islands,Northern Europe,Europe,False
2022,GG,GGY,Guernsey,245,0.0007642152854972618,63726,0.00039722457963233416,0.0038445846279383613,0.702,0.005476616279114475,Channel Islands,Northern Europe,Europe,False
2023,GG,GGY,Guernsey,122,0.0003369200776970839,64017,0.0003955703104695012,0.0019057437868066295,0.536,0.003555492139564607,Channel Islands,Northern Europe,Europe,False
2024,GG,GGY,Guernsey,102,0.0004816037063465784,64280,0.0003937773702544381,0.0015868077162414437,0.566,0.002803547201840007,Channel Islands,Northern Europe,Europe,False
2019,GH,GHA,Ghana,12707,0.07480267241038793,31258945,0.20008814970347968,0.0004065076412527678,,,Western Africa,Sub-Saharan Africa,Africa,False
2020,GH,GHA,Ghana,13178,0.06058548343680326,31887809,0.20215420837808215,0.00041326138148908256,0.261,0.0015833769405711976,Western Africa,Sub-Saharan Africa,Africa,False
2021,GH,GHA,Ghana,19733,0.06712434222277601,32518665,0.20440553789510524,0.0006068207289567391,0.274,0.0022146741932727704,Western Africa,Sub-Saharan Africa,Africa,False
2022,GH,GHA,Ghana,21909,0.06833956199983474,33149152,0.20662928739240416,0.000660921884215922,0.195,0.003389342995979087,Western Africa,Sub-Saharan Africa,Africa,False
2023,GH,GHA,Ghana,20586,0.05685112065141122,33787914,0.2087804119389663,0.0006092711139255297,0.215,0.0028338191345373474,Western Africa,Sub-Saharan Africa,Africa,False
2024,GH,GHA,Ghana,23626,0.11155263888376725,34427414,0.2109013153326202,0.0006862554358570179,0.229,0.0029967486281965846,Western Africa,Sub-Saharan Africa,Africa,False
2019,GI,GIB,Gibraltar,49,0.00028844974802148495,35494,0.00022719668835833416,0.0013805150166225277,,,Southern Europe,Europe,Europe,False
2020,GI,GIB,Gibraltar,114,0.0005241117856879323,36173,0.00022932037066768576,0.003151521853316009,0.801,0.003934484211380785,Southern Europe,Europe,Europe,False
2021,GI,GIB,Gibraltar,123,0.000418400349333677,36858,0.00023168169159889525,0.0033371316946117532,0.895,0.0037286387649293332,Southern Europe,Europe,Europe,False
2022,GI,GIB,Gibraltar,120,0.0003743095275904957,37610,0.00023443518249964044,0.0031906407870247273,0.813,0.003924527413314548,Southern Europe,Europe,Europe,False
2023,GI,GIB,Gibraltar,148,0.0004087227172062985,38470,0.00023771169913869303,0.0038471536262022353,0.628,0.006126040806054515,Southern Europe,Europe,Europe,False
2024,GI,GIB,Gibraltar,94,0.0004438308666331212,39329,0.00024092828554350955,0.002390093823895853,0.707,0.0033806136122996504,Southern Europe,Europe,Europe,False
2019,GN,GIN,Guinea,3438,0.020238576197915616,13034346,0.08343269978353242,0.00026376467219759245,,,Western Africa,Sub-Saharan Africa,Africa,False
2020,GN,GIN,Guinea,6277,0.02885833051546624,13371183,0.08476721980000161,0.00046944238217366406,0.15,0.0031296158811577606,Western Africa,Sub-Saharan Africa,Africa,False
2021,GN,GIN,Guinea,3808,0.012953402685062131,13710513,0.08618142179523154,0.0002777430720498934,0.176,0.0015780856366471216,Western Africa,Sub-Saharan Africa,Africa,False
2022,GN,GIN,Guinea,4559,0.014220642802375581,14055137,0.08761017302984442,0.00032436539039071624,0.139,0.0023335639596454402,Western Africa,Sub-Saharan Africa,Africa,False
2023,GN,GIN,Guinea,6158,0.017006179003759368,14405468,0.0890134721904879,0.0004274765665370955,0.181,0.002361748986392793,Western Africa,Sub-Saharan Africa,Africa,False
2024,GN,GIN,Guinea,3069,0.01449060563507499,14754786,0.0903873806743466,0.00020800030579908106,0.204,0.0010196093421523582,Western Africa,Sub-Saharan Africa,Africa,False
2019,GP,GLP,Guadeloupe,1556,0.00915975118207001,410256,0.0026260439674067938,0.0037927537927537926,,,Caribbean,Latin America and the Caribbean,Americas,False
2020,GP,GLP,Guadeloupe,705,0.0032412176220174764,407394,0.002582692701401354,0.0017305114950146542,0.625,0.002768818392023447,Caribbean,Latin America and the Caribbean,Americas,False
2021,GP,GLP,Guadeloupe,314,0.0010681114609006064,399151,0.002508979838390326,0.0007866697064519443,0.709,0.0011095482460535182,Caribbean,Latin America and the Caribbean,Americas,False
2022,GP,GLP,Guadeloupe,596,0.0018590706536994617,384698,0.002397945914311265,0.0015492672174017021,0.608,0.002548136870726484,Caribbean,Latin America and the Caribbean,Americas,False
2023,GP,GLP,Guadeloupe,809,0.0022341667447290233,376516,0.00232654687062397,0.002148647069447248,0.39,0.005509351460121149,Caribbean,Latin America and the Caribbean,Americas,False
2024,GP,GLP,Guadeloupe,11,5.1937654606003546e-05,375106,0.0022978882116779908,2.9325044120861835e-05,0.555,5.283791733488618e-05,Caribbean,Latin America and the Caribbean,Americas,False
2019,GM,GMB,Gambia,276,0.0016247373562026499,2456844,0.015726230366063083,0.00011233924498258742,,,Western Africa,Sub-Saharan Africa,Africa,False
2020,GM,GMB,Gambia,377,0.0017332468702136008,2515734,0.015948609553570338,0.00014985686086048844,0.175,0.0008563249192027911,Western Africa,Sub-Saharan Africa,Africa,False
2021,GM,GMB,Gambia,298,0.0010136853991986646,2576010,0.01619226095761219,0.00011568278073454683,0.183,0.0006321463428117314,Western Africa,Sub-Saharan Africa,Africa,False
2022,GM,GMB,Gambia,437,0.0013631105296420549,2636470,0.016433962393108934,0.00016575193345647778,0.133,0.0012462551387705096,Western Africa,Sub-Saharan Africa,Africa,False
2023,GM,GMB,Gambia,808,0.0022314051047478997,2697846,0.016670380989719947,0.00029949819226153014,0.144,0.0020798485573717373,Western Africa,Sub-Saharan Africa,Africa,False
2024,GM,GMB,Gambia,800,0.0037772839713457124,2759988,0.016907604489324924,0.0002898563327086929,0.161,0.0018003498926005771,Western Africa,Sub-Saharan Africa,Africa,False
2019,GW,GNB,Guinea-Bissau,236,0.0013892681741442946,1967696,0.01259519960827015,0.00011993722607557265,,,Western Africa,Sub-Saharan Africa,Africa,False
2020,GW,GNB,Guinea-Bissau,319,0.0014665935055653545,2013255,0.012763121191180485,0.00015844987346361986,0.141,0.0011237579678270912,Western Africa,Sub-Saharan Africa,Africa,False
2021,GW,GNB,Guinea-Bissau,168,0.0005714736478703881,2058842,0.012941450900614593,8.159926793799621e-05,0.142,0.0005746427319577199,Western Africa,Sub-Saharan Africa,Africa,False
2022,GW,GNB,Guinea-Bissau,222,0.000692472626042417,2105529,0.01312443699476962,0.00010543668598247757,0.113,0.0009330680175440492,Western Africa,Sub-Saharan Africa,Africa,False
2023,GW,GNB,Guinea-Bissau,265,0.0007318345949977642,2153339,0.013305793410751601,0.0001230646916254245,0.139,0.0008853574937080898,Western Africa,Sub-Saharan Africa,Africa,False
2024,GW,GNB,Guinea-Bissau,154,0.0007271271644840497,2201352,0.013485416950285435,6.995700823857339e-05,0.199,0.0003515427549677055,Western Africa,Sub-Saharan Africa,Africa,False
2019,GQ,GNQ,Equatorial Guinea,157,0.0009242165395790434,1670177,0.010690783889453359,9.400201296030301e-05,,,Middle Africa,Sub-Saharan Africa,Africa,False
2020,GQ,GNQ,Equatorial Guinea,198,0.0009102994172474615,1716468,0.010881626572283783,0.00011535315543313363,0.091,0.0012676170926717981,Middle Africa,Sub-Saharan Africa,Africa,False
2021,GQ,GNQ,Equatorial Guinea,157,0.0005340557304503032,1758786,0.01105536153997652,8.926611878875543e-05,0.086,0.0010379781254506446,Middle Africa,Sub-Saharan Africa,Africa,False
2022,GQ,GNQ,Equatorial Guinea,266,0.0008297194528255987,1803545,0.011242073948984684,0.00014748730971503345,0.06,0.002458121828583891,Middle Africa,Sub-Saharan Africa,Africa,False
2023,GQ,GNQ,Equatorial Guinea,567,0.001565849869297103,1847549,0.011416272732830598,0.0003068930783432537,0.104,0.002950894984069747,Middle Africa,Sub-Saharan Africa,Africa,False
2024,GQ,GNQ,Equatorial Guinea,576,0.002719644459368913,1892516,0.011593496789739392,0.0003043567399165978,0.078,0.003902009486110228,Middle Africa,Sub-Saharan Africa,Africa,False
2019,GR,GRC,Greece,18911,0.1113239425476388,10718576,0.06860948247921114,0.0017643201858157278,,,Southern Europe,Europe,Europe,False
2020,GR,GRC,Greece,28722,0.13204858516253326,10699369,0.06782913402234668,0.002684457373140416,0.712,0.003770305299354517,Southern Europe,Europe,Europe,False
2021,GR,GRC,Greece,14616,0.04971820736472377,10579561,0.06650091130429485,0.0013815318045805492,0.715,0.0019322123140986702,Southern Europe,Europe,Europe,False
2022,GR,GRC,Greece,43345,0.1352037206117503,10412480,0.06490432462307515,0.004162793109806694,0.723,0.005757666818543145,Southern Europe,Europe,Europe,False
2023,GR,GRC,Greece,24985,0.06899957492837411,10242908,0.06329241135433615,0.0024392486977331046,0.717,0.003402020498930411,Southern Europe,Europe,Europe,False
2024,GR,GRC,Greece,16742,0.0790491103103374,10047816,0.06155262229745593,0.001666232741523133,0.735,0.002266983321800181,Southern Europe,Europe,Europe,False
2019,GD,GRD,Grenada,347,0.00204269515435623,115982,0.0007423994565046575,0.002991843561932024,,,Caribbean,Latin America and the Caribbean,Americas,False
2020,GD,GRD,Grenada,266,0.0012229274999385087,116341,0.0007375490350219565,0.0022863822728015058,0.665,0.0034381688312804595,Caribbean,Latin America and the Caribbean,Americas,False
2021,GD,GRD,Grenada,438,0.0014899134390906547,116688,0.0007334764021187229,0.003753599341834636,0.791,0.004745384755796,Caribbean,Latin America and the Caribbean,Americas,False
2022,GD,GRD,Grenada,841,0.002623285939196724,116913,0.0007287561949369972,0.007193383113939425,0.623,0.011546361338586556,Caribbean,Latin America and the Caribbean,Americas,False
2023,GD,GRD,Grenada,460,0.0012703543913168737,117081,0.0007234604483196598,0.003928903921216935,0.516,0.007614154886079332,Caribbean,Latin America and the Caribbean,Americas,False
2024,GD,GRD,Grenada,486,0.0022947000125925206,117208,0.0007180127257744583,0.004146474643369053,0.557,0.007444299180195786,Caribbean,Latin America and the Caribbean,Americas,False
2019,GL,GRL,Greenland,84,0.0004944852823225456,56084,0.00035899304304639696,0.0014977533699450823,,,North America,Americas,Americas,False
2020,GL,GRL,Greenland,152,0.0006988157142505764,56080,0.00035552169814623665,0.002710413694721826,0.792,0.003422239513537659,North America,Americas,Americas,False
2021,GL,GRL,Greenland,289,0.0009830707394913225,56042,0.0003522683097451106,0.005156846650726241,0.788,0.006544221637977463,North America,Americas,Americas,False
2022,GL,GRL,Greenland,379,0.0011821942579733154,55990,0.0003490036125539715,0.006769065904625826,0.735,0.009209613475681395,North America,Americas,Americas,False
2023,GL,GRL,Greenland,208,0.0005744211160737167,55922,0.00034555013359069376,0.0037194663996280536,0.69,0.0053905310139537015,North America,Americas,Americas,False
2024,GL,GRL,Greenland,246,0.0011615148211888066,55840,0.0003420741810050999,0.004405444126074499,0.704,0.00625773313362855,North America,Americas,Americas,False
2019,GT,GTM,Guatemala,72598,0.42736479197681143,17103802,0.10948124113192802,0.004244553345507625,,,Central America,Latin America and the Caribbean,Americas,False
2020,GT,GTM,Guatemala,121725,0.5596272553759962,17357326,0.11003755375887705,0.0070128889668834935,0.514,0.013643752853858937,Central America,Latin America and the Caribbean,Americas,False
2021,GT,GTM,Guatemala,65076,0.2213643994572225,17598650,0.11062143908668126,0.003697783636813051,0.519,0.0071248239630309265,Central America,Latin America and the Caribbean,Americas,False
2022,GT,GTM,Guatemala,87390,0.2725909134677784,17847877,0.11125153687120805,0.004896380673174742,0.484,0.010116488994162691,Central America,Latin America and the Caribbean,Americas,False
2023,GT,GTM,Guatemala,75230,0.2077581757799313,18124838,0.11199599785790357,0.004150657787948229,0.5,0.008301315575896457,Central America,Latin America and the Caribbean,Americas,False
2024,GT,GTM,Guatemala,38486,0.18171568865151388,18406359,0.11275680838486479,0.0020909078215849207,0.561,0.0037271084163724073,Central America,Latin America and the Caribbean,Americas,False
2019,GF,GUF,French Guiana,555,0.003267134901059676,285568,0.0018279175043982865,0.0019434950694755715,,,South America,Latin America and the Caribbean,Americas,False
2020,GF,GUF,French Guiana,594,0.0027308982517423846,289056,0.0018324835944964085,0.002054965127864497,0.43,0.004778988669452319,South America,Latin America and the Caribbean,Americas,False
2021,GF,GUF,French Guiana,315,0.0010715130897569777,293016,0.0018418373906761596,0.0010750266197067737,0.505,0.00212876558357777,South America,Latin America and the Caribbean,Americas,False
2022,GF,GUF,French Guiana,612,0.0019089785907115278,298306,0.0018594368931331492,0.0020515846144562966,0.396,0.005180769228424991,South America,Latin America and the Caribbean,Americas,False
2023,GF,GUF,French Guiana,876,0.0024191966234643073,303402,0.0018747648802203726,0.002887258488737714,0.268,0.010773352569916843,South America,Latin America and the Caribbean,Americas,False
2024,GF,GUF,French Guiana,842,0.003975591379841363,308522,0.001889996605874918,0.002729140871639624,0.297,0.009189026503837117,South America,Latin America and the Caribbean,Americas,False
2019,GU,GUM,Guam,250,0.0014716823878647188,161808,0.0010357311587841703,0.0015450410362899238,,,Micronesia,Oceania,Oceania,False
2020,GU,GUM,Guam,313,0.001439008674739674,162158,0.0010280079801711383,0.0019302162088826946,0.885,0.002181035264274231,Micronesia,Oceania,Oceania,False
2021,GU,GUM,Guam,695,0.002364132055178094,163730,0.0010291725911738868,0.004244793257191718,0.998,0.004253299856905529,Micronesia,Oceania,Oceania,False
2022,GU,GUM,Guam,628,0.001958886527723594,165180,0.0010296198735785856,0.003801913064535658,0.819,0.004642140493938533,Micronesia,Oceania,Oceania,False
2023,GU,GUM,Guam,501,0.0013835816305429428,166506,0.0010288646783672268,0.0030089005801592736,0.622,0.004837460739805906,Micronesia,Oceania,Oceania,False
2024,GU,GUM,Guam,376,0.0017753234665324848,167777,0.0010277969173798827,0.0022410699917151935,0.652,0.0034372239136736095,Micronesia,Oceania,Oceania,False
2019,GY,GUY,Guyana,2063,0.012144323064659662,807665,0.00516985443463498,0.0025542768350739478,,,South America,Latin America and the Caribbean,Americas,False
2020,GY,GUY,Guyana,2496,0.01147528962348315,807482,0.005119068685137651,0.003091090575393631,0.634,0.004875537185163456,South America,Latin America and the Caribbean,Americas,False
2021,GY,GUY,Guyana,3254,0.0110689002986324,815482,0.005125949569386573,0.003990278142252067,0.611,0.006530733457041026,South America,Latin America and the Caribbean,Americas,False
2022,GY,GUY,Guyana,4145,0.012929274932188371,821637,0.005121526722772057,0.0050448068916078516,0.568,0.008881702273957485,South America,Latin America and the Caribbean,Americas,False
2023,GY,GUY,Guyana,4264,0.011775632879511194,826353,0.00510615481461805,0.0051600224117296116,0.604,0.008543083463128496,South America,Latin America and the Caribbean,Americas,False
2024,GY,GUY,Guyana,3523,0.016634214288813683,831086,0.005091208144606097,0.004239031821014913,0.634,0.006686170064692291,South America,Latin America and the Caribbean,Americas,False
2019,HK,HKG,Hong Kong,7114,0.04187819402907844,7485813,0.047916603461705266,0.0009503309794139928,,,Eastern Asia,Asia,Asia,False
2020,HK,HKG,Hong Kong,8180,0.037607319359011286,7490236,0.04748469012546496,0.001092088420177949,0.856,0.001275804229179847,Eastern Asia,Asia,Asia,False
2021,HK,HKG,Hong Kong,20722,0.07048855316172728,7484602,0.04704664529557965,0.00276861748961401,0.881,0.00314258511874462,Eastern Asia,Asia,Asia,False
2022,HK,HKG,Hong Kong,37581,0.11722438630315347,7465915,0.04653744072193042,0.005033676381260703,0.899,0.005599195084828368,Eastern Asia,Asia,Asia,False
2023,HK,HKG,Hong Kong,23424,0.06468865491784011,7442734,0.045989730839025765,0.003147230574141169,0.862,0.0036510795523679454,Eastern Asia,Asia,Asia,False
2024,HK,HKG,Hong Kong,12753,0.060214628108214846,7414910,0.045423518364550955,0.0017199129861319962,0.831,0.0020696907173670233,Eastern Asia,Asia,Asia,False
2019,HN,HND,Honduras,31996,0.18835179872847818,9943634,0.06364908759360274,0.003217737096920502,,,Central America,Latin America and the Caribbean,Americas,False
2020,HN,HND,Honduras,84527,0.3886104992003847,10119640,0.06415391578866944,0.0083527674897526,0.481,0.017365420976616634,Central America,Latin America and the Caribbean,Americas,False
2021,HN,HND,Honduras,44142,0.15015470097794448,10289876,0.06468001188406516,0.004289847613324009,0.503,0.008528524082155087,Central America,Latin America and the Caribbean,Americas,False
2022,HN,HND,Honduras,70697,0.22052133893387726,10463872,0.06522466742815415,0.006756294419503602,0.418,0.016163383778716754,Central America,Latin America and the Caribbean,Americas,False
2023,HN,HND,Honduras,45162,0.12472118482750577,10644851,0.06577607533891904,0.004242614574877563,0.426,0.009959189142905077,Central America,Latin America and the Caribbean,Americas,False
2024,HN,HND,Honduras,23415,0.11055638023632483,10825704,0.06631794107456365,0.0021629078349084735,0.423,0.005113257292927833,Central America,Latin America and the Caribbean,Americas,False
2019,HR,HRV,Croatia,13068,0.07692778177846459,3986334,0.025516478376351827,0.003278199970198182,,,Southern Europe,Europe,Europe,False
2020,HR,HRV,Croatia,12582,0.05784539024145233,3953958,0.025066295694702166,0.00318212788299724,0.684,0.004652233747071988,Southern Europe,Europe,Europe,False
2021,HR,HRV,Croatia,4744,0.016137327294625723,3924610,0.024669278953441322,0.0012087825287098591,0.712,0.0016977282706599145,Southern Europe,Europe,Europe,False
2022,HR,HRV,Croatia,11693,0.03647334421763054,3907027,0.024353751336772738,0.0029928126936414824,0.731,0.004094135011821453,Southern Europe,Europe,Europe,False
2023,HR,HRV,Croatia,16339,0.045122435651579126,3896024,0.024074096306865796,0.004193762666759753,0.698,0.006008255969569847,Southern Europe,Europe,Europe,False
2024,HR,HRV,Croatia,8828,0.04168232862379994,3875325,0.02374012581489235,0.0022780024901137325,0.694,0.003282424337339672,Southern Europe,Europe,Europe,False
2019,HT,HTI,Haiti,3437,0.020232689468364155,11105163,0.07108402144811808,0.0003094956823236183,,,Caribbean,Latin America and the Caribbean,Americas,False
2020,HT,HTI,Haiti,4541,0.020877119463235973,11243848,0.07128088328563065,0.00040386529593783196,0.2,0.0020193264796891596,Caribbean,Latin America and the Caribbean,Americas,False
2021,HT,HTI,Haiti,4314,0.014674626886386039,11374586,0.07149827244335318,0.0003792665508880939,0.211,0.001797471805156843,Caribbean,Latin America and the Caribbean,Americas,False
2022,HT,HTI,Haiti,5229,0.016310537664755848,11503606,0.07170566264328526,0.00045455312012598485,0.18,0.002525295111811027,Caribbean,Latin America and the Caribbean,Americas,False
2023,HT,HTI,Haiti,8089,0.02233890580730911,11637398,0.0719091669387374,0.0006950866508131801,0.22,0.003159484776423546,Caribbean,Latin America and the Caribbean,Americas,False
2024,HT,HTI,Haiti,7007,0.03308428598402426,11772557,0.07211833442175603,0.0005951977977256767,0.224,0.002657133025561057,Caribbean,Latin America and the Caribbean,Americas,False
2019,HU,HUN,Hungary,57500,0.33848694920888533,9770346,0.06253987308601727,0.00588515493719465,,,Eastern Europe,Europe,Europe,False
2020,HU,HUN,Hungary,66123,0.3039986281144136,9749456,0.06180711756636975,0.006782224567196364,0.735,0.009227516417954237,Eastern Europe,Europe,Europe,False
2021,HU,HUN,Hungary,31710,0.10786565103553578,9707850,0.06102151798221105,0.003266428714905978,0.756,0.004320672903314786,Eastern Europe,Europe,Europe,False
2022,HU,HUN,Hungary,109434,0.3413515736861525,9684306,0.060365382730453686,0.011300138595372761,0.722,0.015651161489435957,Eastern Europe,Europe,Europe,False
2023,HU,HUN,Hungary,25643,0.07081673403595345,9686464,0.059854063324298955,0.0026473024624878595,0.724,0.0036564951139335077,Eastern Europe,Europe,Europe,False
2024,HU,HUN,Hungary,33619,0.1587356372908394,9676134,0.0592757094080516,0.0034744248064361243,0.729,0.004766014823643518,Eastern Europe,Europe,Europe,False
2019,ID,IDN,Indonesia,840221,4.946153790456328,272489381,1.744201413647726,0.00308349997683029,,,South-Eastern Asia,Asia,Asia,False
2020,ID,IDN,Indonesia,986648,4.53608636074936,274814866,1.7422012809584604,0.003590227902736528,0.618,0.0058094302633277155,South-Eastern Asia,Asia,Asia,False
2021,ID,IDN,Indonesia,1861135,6.330890521602707,276758053,1.7396433306922976,0.006724772702458634,0.689,0.00976019260153648,South-Eastern Asia,Asia,Asia,False
2022,ID,IDN,Indonesia,1878011,5.857978418497953,278830528,1.738040035047889,0.006735313430242473,0.604,0.011151181175898134,South-Eastern Asia,Asia,Asia,False
2023,ID,IDN,Indonesia,1925549,5.31767310401264,281190066,1.7375141245069206,0.006847855713366488,0.499,0.01372315774221741,South-Eastern Asia,Asia,Asia,False
2024,ID,IDN,Indonesia,1450403,6.84823000486467,283487930,1.7366386368119824,0.005116277790027956,0.502,0.01019178842635051,South-Eastern Asia,Asia,Asia,False
2019,IM,IMN,Isle of Man,56,0.00032965685488169706,83956,0.0005374013965124332,0.0006670160560293487,,,Northern Europe,Europe,Europe,False
2020,IM,IMN,Isle of Man,57,0.00026205589284396616,84064,0.0005329275326848295,0.0006780548153787591,0.704,0.000963146044572101,Northern Europe,Europe,Europe,False
2021,IM,IMN,Isle of Man,100,0.0003401628856371358,84106,0.0005286727536387402,0.001188975816231898,0.799,0.0014880798701275317,Northern Europe,Europe,Europe,False
2022,IM,IMN,Isle of Man,516,0.0016095309686391312,84132,0.0005244217169385735,0.0061332192269291114,0.754,0.008134243006537282,Northern Europe,Europe,Europe,False
2023,IM,IMN,Isle of Man,303,0.0008367769142804623,84166,0.0005200738983547501,0.003600028515077347,0.561,0.006417163128480119,Northern Europe,Europe,Europe,False
2024,IM,IMN,Isle of Man,206,0.0009726506226215209,84160,0.0005155616596237323,0.002447718631178707,0.596,0.004106910454997831,Northern Europe,Europe,Europe,False
2019,IN,IND,India,1987430,11.699462912455912,1389030312,8.891167152638296,0.0014308039089070649,,,Southern Asia,Asia,Asia,False
2020,IN,IND,India,2725518,12.530492157057912,1402617696,8.891958365404456,0.0019431652743100711,0.323,0.006015991561331489,Southern Asia,Asia,Asia,False
2021,IN,IND,India,4699515,15.986005834950042,1414203896,8.889390387189433,0.003323081638575828,0.334,0.009949346223280921,Southern Asia,Asia,Asia,False
2022,IN,IND,India,5675324,17.702732044691686,1425423212,8.88511967148215,0.003981501039285728,0.328,0.012138722680749168,Southern Asia,Asia,Asia,False
2023,IN,IND,India,8923738,24.644151641872295,1438069596,8.886040216918477,0.006205358923393858,0.322,0.01927130100432875,Southern Asia,Asia,Asia,False
2024,IN,IND,India,2252528,10.63554738675927,1450935791,8.888389548662461,0.001552465666621632,0.337,0.004606723046354991,Southern Asia,Asia,Asia,False
2019,IE,IRL,Ireland,6653,0.0391644117058559,4933491,0.03157921950880843,0.0013485379825360986,,,Northern Europe,Europe,Europe,False
2020,IE,IRL,Ireland,6959,0.03199380628598528,4982606,0.03158745624667667,0.001396658696272593,0.764,0.0018280872987861164,Northern Europe,Europe,Europe,False
2021,IE,IRL,Ireland,7327,0.02492373463063294,5028426,0.03160763583916291,0.0014571160040935274,0.79,0.0018444506380930726,Northern Europe,Europe,Europe,False
2022,IE,IRL,Ireland,19770,0.06166749467053416,5110016,0.031852367283596986,0.003868872426231151,0.798,0.004848211060440038,Northern Europe,Europe,Europe,False
2023,IE,IRL,Ireland,13265,0.03663315434960506,5196630,0.032110729064078664,0.002552615829874361,0.79,0.0032311592783219757,Northern Europe,Europe,Europe,False
2024,IE,IRL,Ireland,27946,0.1319499723290341,5255018,0.032192084142497454,0.00531796465778043,0.778,0.006835430151388727,Northern Europe,Europe,Europe,False
2019,IR,IRN,Iran,60580,0.3566180762273787,87051648,0.557216603981952,0.0006959087092756705,,,Southern Asia,Asia,Asia,False
2020,IR,IRN,Iran,145800,0.6703113890640399,87723443,0.5561267372074643,0.001662041468208219,0.426,0.0039015057939160067,Southern Asia,Asia,Asia,False
2021,IR,IRN,Iran,223144,0.7590530695261303,88455488,0.5560127269804596,0.002522669933153271,0.558,0.004520913858697618,Southern Asia,Asia,Asia,False
2022,IR,IRN,Iran,263769,0.8227604148584786,89524246,0.5580333142555891,0.002946341486081882,0.54,0.00545618793718867,Southern Asia,Asia,Asia,False
2023,IR,IRN,Iran,69083,0.1907823748159643,90608707,0.5598843175911097,0.0007624322461637158,0.536,0.0014224482204546935,Southern Asia,Asia,Asia,False
2024,IR,IRN,Iran,107073,0.5055564083298744,91567738,0.5609412425293618,0.001169331058500102,0.522,0.002240097813218586,Southern Asia,Asia,Asia,False
2019,IR,IRQ,Iraq,1026809,6.044546884003936,41192170,0.26367060940704123,0.02492728593807998,,,Western Asia,Asia,Asia,True
2020,IR,IRQ,Iraq,919966,4.229517745896354,42116604,0.26700011722953965,0.021843309113906716,0.614,0.03557542200962006,Western Asia,Asia,Asia,True
2021,IR,IRQ,Iraq,1220470,4.151585970335551,43071210,0.27073663226467126,0.028336097360626738,0.68,0.041670731412686374,Western Asia,Asia,Asia,True
2022,IR,IRQ,Iraq,905883,2.825671981518841,44070551,0.27470586723064905,0.020555290992390816,0.567,0.03625271779963107,Western Asia,Asia,Asia,True
2023,IR,IRQ,Iraq,749746,2.0705285292875235,45074049,0.2785190739498494,0.016633650995054827,0.694,0.023967796822845572,Western Asia,Asia,Asia,True
2024,IR,IRQ,Iraq,588225,2.77736608005604,46042015,0.28205201599121643,0.012775830944844616,0.738,0.0173114240445049,Western Asia,Asia,Asia,True
2019,IS,ISL,Iceland,550,0.0032377012533023816,360700,0.002308836577755427,0.001524812863875797,,,Northern Europe,Europe,Europe,False
2020,IS,ISL,Iceland,632,0.0029056021803050285,366614,0.0023241660457236873,0.0017238839760620162,0.847,0.002035282144110999,Northern Europe,Europe,Europe,False
2021,IS,ISL,Iceland,567,0.00192872356156256,372644,0.0023423623713760573,0.001521559450843164,0.962,0.0015816626308141,Northern Europe,Europe,Europe,False
2022,IS,ISL,Iceland,2739,0.008543614967253064,380356,0.002370880836874056,0.007201148397816782,0.825,0.008728664724626403,Northern Europe,Europe,Europe,False
2023,IS,ISL,Iceland,1299,0.003587370335479606,387558,0.002394776987127465,0.0033517563822705247,0.733,0.004572655364625545,Northern Europe,Europe,Europe,False
2024,IS,ISL,Iceland,1702,0.008036171649038004,393396,0.002409932208285858,0.004326429348544469,0.79,0.005476492846258821,Northern Europe,Europe,Europe,False
2019,IL,ISR,Israel,28691,0.16889615756090662,8657474,0.05541639213242748,0.003314015150377581,,,Western Asia,Asia,Asia,False
2020,IL,ISR,Israel,23597,0.10848654216559772,8800376,0.055790381951593894,0.002681362705411678,0.781,0.003433242900655157,Western Asia,Asia,Asia,False
2021,IL,ISR,Israel,23411,0.07963553315650987,8942924,0.05621335287211349,0.002617823879527546,0.797,0.0032845970884912744,Western Asia,Asia,Asia,False
2022,IL,ISR,Israel,22250,0.0694032249074044,9103151,0.05674285737853721,0.002444208604251429,0.775,0.0031538175538728115,Western Asia,Asia,Asia,False
2023,IL,ISR,Israel,71189,0.1965983886162107,9256314,0.05719610420330835,0.007690858369757119,0.749,0.010268168717966781,Western Asia,Asia,Asia,False
2024,IL,ISR,Israel,24312,0.1147916598891962,9387021,0.05750461175953929,0.0025899590509065656,0.722,0.0035872009015326394,Western Asia,Asia,Asia,False
2019,IT,ITA,Italy,57113,0.3362087848724708,60130136,0.3848923133413042,0.0009498232300688626,,,Southern Europe,Europe,Europe,False
2020,IT,ITA,Italy,62399,0.28687764311527447,59912769,0.37981971069049936,0.0010414975144947816,0.679,0.0015338696826138166,Southern Europe,Europe,Europe,False
2021,IT,ITA,Italy,37480,0.1274930495367985,59729350,0.3754462218813412,0.0006274972019618496,0.716,0.000876392740170181,Southern Europe,Europe,Europe,False
2022,IT,ITA,Italy,96512,0.3010446760567826,59619114,0.3716250431017514,0.0016188096991847278,0.745,0.0021728989250801717,Southern Europe,Europe,Europe,False
2023,IT,ITA,Italy,90424,0.24971853365312388,59499453,0.36765573357038744,0.001519745063874789,0.728,0.002087561900926908,Southern Europe,Europe,Europe,False
2024,IT,ITA,Italy,132908,0.6275390725795199,59342867,0.36353264017764275,0.002239662603426289,0.712,0.003145593544138046,Southern Europe,Europe,Europe,False
2019,JM,JAM,Jamaica,2567,0.015111234758594935,2823271,0.018071725405367736,0.0009092290467333813,,,Caribbean,Latin America and the Caribbean,Americas,False
2020,JM,JAM,Jamaica,2253,0.010358103975043083,2830739,0.01794559800800249,0.0007959052388793173,0.506,0.0015729352547022082,Caribbean,Latin America and the Caribbean,Americas,False
2021,JM,JAM,Jamaica,3743,0.012732296809397992,2837682,0.01783707650929883,0.001319034338590441,0.587,0.0022470772378031367,Caribbean,Latin America and the Caribbean,Americas,False
2022,JM,JAM,Jamaica,5953,0.01856887181455184,2839144,0.017697294384013802,0.0020967587413671164,0.495,0.004235876245186094,Caribbean,Latin America and the Caribbean,Americas,False
2023,JM,JAM,Jamaica,6118,0.016895713404514418,2839786,0.017547448797771575,0.002154387689776624,0.569,0.003786270105055579,Caribbean,Latin America and the Caribbean,Americas,False
2024,JM,JAM,Jamaica,7401,0.03494459833991202,2839175,0.017392701698695463,0.002606743156022436,0.548,0.004756830576683278,Caribbean,Latin America and the Caribbean,Americas,False
2019,JE,JEY,Jersey,388,0.002284051065966044,102856,0.0006583800805145889,0.0037722641362681808,,,Channel Islands,Northern Europe,Europe,False
2020,JE,JEY,Jersey,94,0.0004321623496023302,103130,0.0006537973026002387,0.0009114709589838068,0.696,0.0013095847111836306,Channel Islands,Northern Europe,Europe,False
2021,JE,JEY,Jersey,194,0.0006599159981360434,103328,0.0006494982318500909,0.0018775162589036852,0.748,0.0025100484744701675,Channel Islands,Northern Europe,Europe,False
2022,JE,JEY,Jersey,690,0.00215227978364535,103490,0.0006450863344027596,0.0066673108512899796,0.656,0.01016358361477131,Channel Islands,Northern Europe,Europe,False
2023,JE,JEY,Jersey,261,0.0007207880350732697,103674,0.0006406166544451485,0.0025175068001620465,0.484,0.005201460330913319,Channel Islands,Northern Europe,Europe,False
2024,JE,JEY,Jersey,213,0.001005701857370796,103846,0.0006361575107567265,0.0020511141497987404,0.543,0.0037773741248595585,Channel Islands,Northern Europe,Europe,False
2019,JO,JOR,Jordan,123537,0.7272289085985751,10671892,0.06831065872873725,0.011575922994722961,,,Western Asia,Asia,Asia,True
2020,JO,JOR,Jordan,115267,0.5299367824639553,10865228,0.0688806046595228,0.010608797164679839,0.615,0.017250076690536322,Western Asia,Asia,Asia,True
2021,JO,JOR,Jordan,113846,0.3872618387824536,11066356,0.06956080302554625,0.01028757795248951,0.666,0.015446813742476742,Western Asia,Asia,Asia,True
2022,JO,JOR,Jordan,73355,0.22881229497000674,11256264,0.07016390069407426,0.006516815881361702,0.584,0.011158931303701545,Western Asia,Asia,Asia,True
2023,JO,JOR,Jordan,129080,0.3564724887634393,11439214,0.07068455931248051,0.011283992064489745,0.562,0.02007827769482161,Western Asia,Asia,Asia,True
2024,JO,JOR,Jordan,65889,0.3111018294849971,11552876,0.07077257514243329,0.005703255189443737,0.557,0.010239237323956438,Western Asia,Asia,Asia,True
2019,JP,JPN,Japan,26333,0.15501524927856658,126699424,0.8110015650450343,0.00020783835607650434,,,Eastern Asia,Asia,Asia,False
2020,JP,JPN,Japan,33886,0.15578992955983575,126304543,0.8007133668142717,0.0002682880535817306,0.743,0.0003610875552916967,Eastern Asia,Asia,Asia,False
2021,JP,JPN,Japan,49487,0.1683364072152494,125679338,0.7899940752854011,0.0003937560524069597,0.811,0.00048551917682732385,Eastern Asia,Asia,Asia,False
2022,JP,JPN,Japan,92510,0.28856145331163957,124997578,0.7791499603946568,0.0007400943400679332,0.744,0.0009947504570805555,Eastern Asia,Asia,Asia,False
2023,JP,JPN,Japan,110856,0.3061443617474421,124370946,0.7685060799882151,0.000891333575608567,0.781,0.0011412721838778067,Eastern Asia,Asia,Asia,False
2024,JP,JPN,Japan,125601,0.593038305106241,123753041,0.7581074524886381,0.0010149326350695495,0.786,0.001291262894490521,Eastern Asia,Asia,Asia,False
2019,KZ,KAZ,Kazakhstan,10680,0.0628702716095808,19209555,0.12296014201941961,0.0005559733164042582,,,Central Asia,Asia,Asia,False
2020,KZ,KAZ,Kazakhstan,9238,0.04247144452793964,19482117,0.12350776247010814,0.0004741784478555385,0.635,0.0007467377131583283,Central Asia,Asia,Asia,False
2021,KZ,KAZ,Kazakhstan,16752,0.056984086601932986,19743603,0.12410416575226607,0.0008484773523859855,0.723,0.0011735509714882234,Central Asia,Asia,Asia,False
2022,KZ,KAZ,Kazakhstan,17055,0.05319874160879919,20034609,0.124882138187289,0.0008512769078747681,0.608,0.001400126493215079,Central Asia,Asia,Asia,False
2023,KZ,KAZ,Kazakhstan,143064,0.3950912622594722,20330104,0.12562265571890666,0.007037052048528625,0.715,0.009842030837102972,Central Asia,Asia,Asia,False
2024,KZ,KAZ,Kazakhstan,131229,0.6196114978446582,20592571,0.12614947814495653,0.0063726379770646414,0.757,0.00841828002254246,Central Asia,Asia,Asia,False
2019,KE,KEN,Kenya,12788,0.0752794975040561,51202828,0.3277487168586631,0.00024975183011375854,,,Eastern Africa,Sub-Saharan Africa,Africa,False
2020,KE,KEN,Kenya,14434,0.06635990802297909,52217334,0.33103415221735416,0.00027642161892064423,0.202,0.0013684238560427932,Eastern Africa,Sub-Saharan Africa,Africa,False
2021,KE,KEN,Kenya,17983,0.06117149172412613,53219166,0.33452456466336783,0.000337904581217977,0.211,0.0016014435128814076,Eastern Africa,Sub-Saharan Africa,Africa,False
2022,KE,KEN,Kenya,21745,0.06782800564546107,54252460,0.3381729689219474,0.000400811318048988,0.193,0.0020767425805647047,Eastern Africa,Sub-Saharan Africa,Africa,False
2023,KE,KEN,Kenya,46030,0.12711828833112107,55339002,0.3419477045505467,0.0008317822572947738,0.235,0.0035394989672118036,Eastern Africa,Sub-Saharan Africa,Africa,False
2024,KE,KEN,Kenya,27466,0.1296836019462267,56432944,0.34570653833285575,0.0004867015266827121,0.265,0.0018366095346517438,Eastern Africa,Sub-Saharan Africa,Africa,False
2019,KG,KGZ,Kyrgyzstan,6280,0.03696866158316174,6494035,0.041568243818197854,0.0009670412925092027,,,Central Asia,Asia,Asia,False
2020,KG,KGZ,Kyrgyzstan,4612,0.02120353996133986,6664140,0.042247617144869146,0.0006920622916085197,0.487,0.0014210724673686236,Central Asia,Asia,Asia,False
2021,KG,KGZ,Kyrgyzstan,3822,0.01300102548905133,6820478,0.042872100508791845,0.0005603712818954918,0.539,0.0010396498736465524,Central Asia,Asia,Asia,False
2022,KG,KGZ,Kyrgyzstan,6993,0.021812887720336134,6955788,0.04335765565564501,0.0010053497892690232,0.411,0.0024461065432336334,Central Asia,Asia,Asia,False
2023,KG,KGZ,Kyrgyzstan,113762,0.31416968753258734,7073516,0.04370827936690229,0.01608280804058406,0.435,0.03697197250708979,Central Asia,Asia,Asia,False
2024,KG,KGZ,Kyrgyzstan,7317,0.034547983522920725,7186009,0.04402127763915253,0.001018228616190155,0.456,0.002232957491645077,Central Asia,Asia,Asia,False
2019,KH,KHM,Cambodia,91458,0.5383885113173259,16481304,0.10549663854811987,0.005549196835396035,,,South-Eastern Asia,Asia,Asia,False
2020,KH,KHM,Cambodia,188328,0.8658326699564644,16725474,0.10603189940764496,0.011259949942225853,0.713,0.015792356160204562,South-Eastern Asia,Asia,Asia,False
2021,KH,KHM,Cambodia,395793,1.3463408899497888,16974306,0.10669694307334303,0.023317183041238917,0.739,0.03155234511669677,South-Eastern Asia,Asia,Asia,False
2022,KH,KHM,Cambodia,227955,0.7110477363490953,17201724,0.10722385815603416,0.013251869405647945,0.65,0.020387491393304532,South-Eastern Asia,Asia,Asia,False
2023,KH,KHM,Cambodia,172906,0.4775041225761638,17423880,0.10766467690118768,0.00992350727851661,0.684,0.01450805157677867,South-Eastern Asia,Asia,Asia,False
2024,KH,KHM,Cambodia,77710,0.36691592176659416,17638800,0.1080547647548846,0.004405628500805043,0.724,0.0060851222386809995,South-Eastern Asia,Asia,Asia,False
2019,KI,KIR,Kiribati,136,0.0008005952189984071,123920,0.0007932105037855629,0.0010974822466107165,,,Micronesia,Oceania,Oceania,False
2020,KI,KIR,Kiribati,82,0.0003769926879509689,126099,0.0007994103176630224,0.0006502827143752131,0.44,0.0014779152599436662,Micronesia,Oceania,Oceania,False
2021,KI,KIR,Kiribati,179,0.0006088915652904731,128377,0.0008069510153125881,0.0013943307601828989,0.441,0.0031617477555167775,Micronesia,Oceania,Oceania,False
2022,KI,KIR,Kiribati,250,0.0007798115158135326,130468,0.0008132488537719513,0.0019161786798295368,0.341,0.00561929231621565,Micronesia,Oceania,Oceania,False
2023,KI,KIR,Kiribati,279,0.0007704975547334952,132530,0.0008189220558058484,0.0021051837319852108,0.387,0.005439751245439821,Micronesia,Oceania,Oceania,False
2024,KI,KIR,Kiribati,199,0.0009395993878722461,134518,0.0008240532714979231,0.001479355922627455,0.383,0.003862548100854974,Micronesia,Oceania,Oceania,False
2019,KN,KNA,Saint Kitts and Nevis,93,0.0005474658482856754,46952,0.00030053921541106963,0.0019807462940875788,,,Caribbean,Latin America and the Caribbean,Americas,False
2020,KN,KNA,Saint Kitts and Nevis,59,0.0002712508364525264,46870,0.00029713448630731295,0.0012588009387668017,0.75,0.001678401251689069,Caribbean,Latin America and the Caribbean,Americas,False
2021,KN,KNA,Saint Kitts and Nevis,80,0.00027213030850970865,46763,0.0002939424533137755,0.0017107542287706093,0.841,0.0020341905217248625,Caribbean,Latin America and the Caribbean,Americas,False
2022,KN,KNA,Saint Kitts and Nevis,292,0.0009108198504702061,46710,0.0002911583986854083,0.006251338043245558,0.848,0.007371860900053724,Caribbean,Latin America and the Caribbean,Americas,False
2023,KN,KNA,Saint Kitts and Nevis,182,0.0005026184765645022,46758,0.0002889244509572916,0.00389238205226913,0.687,0.005665767179431048,Caribbean,Latin America and the Caribbean,Americas,False
2024,KN,KNA,Saint Kitts and Nevis,216,0.0010198666722633423,46843,0.00028695882630411706,0.004611147876950665,0.707,0.006522132782108438,Caribbean,Latin America and the Caribbean,Americas,False
2019,KR,KOR,South Korea,83322,0.4904940796866565,51767846,0.3313653906193789,0.001609531909054126,,,Eastern Asia,Asia,Asia,False
2020,KR,KOR,South Korea,100709,0.4630067879372454,51858482,0.32875919372193374,0.0019419966824327792,0.893,0.002174688334191242,Eastern Asia,Asia,Asia,False
2021,KR,KOR,South Korea,53329,0.18140546528142815,51848398,0.3259082032484882,0.001028556369282615,0.912,0.0011278030364940954,Eastern Asia,Asia,Asia,False
2022,KR,KOR,South Korea,69407,0.21649751151227942,51782512,0.3227769915184744,0.0013403559873650008,0.92,0.0014569086819184792,Eastern Asia,Asia,Asia,False
2023,KR,KOR,South Korea,55678,0.15376259086900193,51748739,0.3197629497264037,0.00107592959898018,0.934,0.0011519588854177515,Eastern Asia,Asia,Asia,False
2024,KR,KOR,South Korea,39066,0.1844542195307395,51717590,0.316820419821052,0.0007553716250119157,0.947,0.000797646911311421,Eastern Asia,Asia,Asia,False
2019,KW,KWT,Kuwait,63492,0.37376023268122693,4442194,0.028434433026575247,0.014292937228765786,,,Western Asia,Asia,Asia,True
2020,KW,KWT,Kuwait,68582,0.3153038112811384,4400144,0.027894912035805536,0.01558630808446269,0.988,0.015775615470103938,Western Asia,Asia,Asia,True
2021,KW,KWT,Kuwait,78803,0.2680585587686321,4360742,0.02741071363574664,0.018071007181805297,0.93,0.01943119051807021,Western Asia,Asia,Asia,True
2022,KW,KWT,Kuwait,58456,0.18233864787358345,4589510,0.028607886584257503,0.012736871692185004,0.837,0.015217289954820794,Western Asia,Asia,Asia,True
2023,KW,KWT,Kuwait,70754,0.1953970752244219,4838782,0.029899534467941857,0.014622274779066302,0.959,0.015247418956273517,Western Asia,Asia,Asia,True
2024,KW,KWT,Kuwait,38381,0.18121992013027474,4934508,0.030228649404783554,0.00777808040842167,0.801,0.009710462432486478,Western Asia,Asia,Asia,True
2019,LA,LAO,Lao People's Democratic Republic,23599,0.138920930684878,7237636,0.046328025320985525,0.0032605950340691353,,,South-Eastern Asia,Asia,Asia,False
2020,LA,LAO,Lao People's Democratic Republic,24402,0.11218750696804321,7346532,0.04657367211351049,0.0033215672374393795,0.491,0.006764902723909123,South-Eastern Asia,Asia,Asia,False
2021,LA,LAO,Lao People's Democratic Republic,43809,0.14902195856877282,7453194,0.04684922116595411,0.0058778826902935845,0.511,0.011502705851846545,South-Eastern Asia,Asia,Asia,False
2022,LA,LAO,Lao People's Democratic Republic,26507,0.08268185539867724,7559008,0.04711771922351082,0.003506677066620382,0.442,0.00793365852176557,South-Eastern Asia,Asia,Asia,False
2023,LA,LAO,Lao People's Democratic Republic,20337,0.05616347229611143,7664992,0.04736309519637351,0.0026532317320096355,0.488,0.005436950270511548,South-Eastern Asia,Asia,Asia,False
2024,LA,LAO,Lao People's Democratic Republic,25,0.00011804012410455351,7769819,0.04759768035427766,3.217578170096369e-06,0.543,5.9255583243027055e-06,South-Eastern Asia,Asia,Asia,False
2019,LB,LBN,Lebanon,28136,0.16562902265984694,5794594,0.037091129970729504,0.0048555601997309905,,,Western Asia,Asia,Asia,True
2020,LB,LBN,Lebanon,37892,0.17420740160778186,5702398,0.03615061020801896,0.0066449237671590096,0.643,0.010334251581895815,Western Asia,Asia,Asia,True
2021,LB,LBN,Lebanon,46528,0.15827098742924656,5718122,0.03594292087820441,0.008136937267165687,0.752,0.010820395302082031,Western Asia,Asia,Asia,True
2022,LB,LBN,Lebanon,24863,0.07755381487068744,5744488,0.03580723458247792,0.004328149001268694,0.905,0.0047824850842748,Western Asia,Asia,Asia,True
2023,LB,LBN,Lebanon,43757,0.12084108065402704,5773492,0.0356752428719431,0.0075789487540642644,0.856,0.008853912095869467,Western Asia,Asia,Asia,True
2024,LB,LBN,Lebanon,38238,0.18054473062039672,5805962,0.03556715071806468,0.0065859886785342376,0.689,0.009558764410064206,Western Asia,Asia,Asia,True
2019,LR,LBR,Liberia,880,0.005180322005283811,5043720,0.032284794078061,0.00017447439588240426,,,Western Africa,Sub-Saharan Africa,Africa,False
2020,LR,LBR,Liberia,1926,0.008854730695043488,5149464,0.032645260089566905,0.0003740195096033296,0.131,0.0028551107603307603,Western Africa,Sub-Saharan Africa,Africa,False
2021,LR,LBR,Liberia,1770,0.006020883075777304,5259323,0.03305900616704587,0.00033654521694142,0.143,0.0023534630555344057,Western Africa,Sub-Saharan Africa,Africa,False
2022,LR,LBR,Liberia,6375,0.019885193653245082,5373294,0.03349346342765815,0.0011864230767942346,0.12,0.00988685897328529,Western Africa,Sub-Saharan Africa,Africa,False
2023,LR,LBR,Liberia,2987,0.008249018623616308,5493031,0.03394223375179397,0.000543779927693836,0.157,0.0034635664184320767,Western Africa,Sub-Saharan Africa,Africa,False
2024,LR,LBR,Liberia,1885,0.008900225357483336,5612817,0.03438395018636285,0.0003358384925074165,0.166,0.0020231234488398584,Western Africa,Sub-Saharan Africa,Africa,False
2019,LY,LBY,Libya,150848,0.8880013793784685,6951032,0.04449347639242712,0.021701525759052757,,,Northern Africa,Africa,Africa,True
2020,LY,LBY,Libya,189955,0.873312756582028,7045399,0.0446646258309165,0.026961567400228148,0.868,0.03106171359473289,Northern Africa,Africa,Africa,True
2021,LY,LBY,Libya,270811,0.9211985122227838,7135175,0.044850220138210085,0.037954359914087604,0.914,0.04152555789287484,Northern Africa,Africa,Africa,True
2022,LY,LBY,Libya,163336,0.5094851749876766,7223804,0.04502828527204554,0.022610801732715895,0.825,0.027407032403291995,Northern Africa,Africa,Africa,True
2023,LY,LBY,Libya,206430,0.5700853413033528,7305659,0.04514272457025955,0.02825617784788477,0.852,0.03316452799047508,Northern Africa,Africa,Africa,True
2024,LY,LBY,Libya,77226,0.36463066496393,7381023,0.04521592760932675,0.010462777314201569,0.863,0.012123728058170996,Northern Africa,Africa,Africa,True
2019,LC,LCA,Saint Lucia,429,0.002525406977575858,177662,0.001137212431597407,0.0024146975717936306,,,Caribbean,Latin America and the Caribbean,Americas,False
2020,LC,LCA,Saint Lucia,359,0.001650492377736559,178250,0.0011300239424851405,0.0020140252454417954,0.598,0.0033679351930464806,Caribbean,Latin America and the Caribbean,Americas,False
2021,LC,LCA,Saint Lucia,446,0.0015171264699416257,178522,0.0011221520144234082,0.0024982915270946996,0.664,0.003762487239600451,Caribbean,Latin America and the Caribbean,Americas,False
2022,LC,LCA,Saint Lucia,834,0.0026014512167539445,178781,0.0011143992651546988,0.0046649252437339535,0.597,0.007813945131882669,Caribbean,Latin America and the Caribbean,Americas,False
2023,LC,LCA,Saint Lucia,619,0.001709455148315532,179284,0.0011078217901840767,0.003452622654559247,0.503,0.006864060943457748,Caribbean,Latin America and the Caribbean,Americas,False
2024,LC,LCA,Saint Lucia,645,0.003045435201897481,179744,0.0011011064038427773,0.003588436888018515,0.509,0.0070499742397220335,Caribbean,Latin America and the Caribbean,Americas,False
2019,LI,LIE,Liechtenstein,16,9.418767282334201e-05,38440,0.00024605400069009875,0.0004162330905306972,,,Western Europe,Europe,Europe,False
2020,LI,LIE,Liechtenstein,26,0.00011953426691128281,38767,0.000245765151070527,0.00067067351097583,0.393,0.0017065483739843001,Western Europe,Europe,Europe,False
2021,LI,LIE,Liechtenstein,17,5.782769055831308e-05,39044,0.0002454224311353646,0.0004354062083802889,0.478,0.0009108916493311484,Western Europe,Europe,Europe,False
2022,LI,LIE,Liechtenstein,48,0.00014972381103619826,39317,0.0002450754605248169,0.0012208459445023781,0.356,0.0034293425407370174,Western Europe,Europe,Europe,False
2023,LI,LIE,Liechtenstein,32,8.837247939595643e-05,39598,0.0002446817744344675,0.0008081216223041567,0.277,0.002917406578715367,Western Europe,Europe,Europe,False
2024,LI,LIE,Liechtenstein,46,0.0002171938283523785,39870,0.000244242435470511,0.0011537496864810635,0.265,0.004353772401815334,Western Europe,Europe,Europe,False
2019,LK,LKA,Sri Lanka,73202,0.4309203766258926,22410552,0.14344968723396187,0.00326640771722178,,,Southern Asia,Asia,Asia,False
2020,LK,LKA,Sri Lanka,130267,0.5988988595281569,22561807,0.14303159660997947,0.005773783988135347,0.368,0.015689630402541704,Southern Asia,Asia,Asia,False
2021,LK,LKA,Sri Lanka,152811,0.5198063071709635,22700372,0.14268979827674308,0.00673165179848154,0.381,0.017668377423836062,Southern Asia,Asia,Asia,False
2022,LK,LKA,Sri Lanka,146025,0.45548790638668435,22834965,0.14233765453730132,0.006394798503085071,0.329,0.0194370775169759,Southern Asia,Asia,Asia,False
2023,LK,LKA,Sri Lanka,137361,0.3793416294471241,22971617,0.1419449469465372,0.005979596473334898,0.342,0.017484200214429525,Southern Asia,Asia,Asia,False
2024,LK,LKA,Sri Lanka,64181,0.30303732820617396,23103564,0.1415317466618716,0.002777969667363875,0.354,0.007847371941705861,Southern Asia,Asia,Asia,False
2019,LS,LSO,Lesotho,878,0.005168548546180892,2209406,0.014142382555897719,0.0003973918781790219,,,Southern Africa,Sub-Saharan Africa,Africa,False
2020,LS,LSO,Lesotho,1030,0.004735395958408511,2235726,0.014173486164580832,0.0004607004615055691,0.246,0.0018727661036811753,Southern Africa,Sub-Saharan Africa,Africa,False
2021,LS,LSO,Lesotho,850,0.002891384527915654,2261542,0.01421558077437595,0.0003758497520718165,0.245,0.0015340806207012917,Southern Africa,Sub-Saharan Africa,Africa,False
2022,LS,LSO,Lesotho,2708,0.008446918339292186,2286110,0.014250056236752275,0.001184544925659745,0.211,0.005613956993648081,Southern Africa,Sub-Saharan Africa,Africa,False
2023,LS,LSO,Lesotho,1214,0.0033526309370840966,2311472,0.014282920109995139,0.0005252064485314986,0.257,0.0020436048580992163,Southern Africa,Sub-Saharan Africa,Africa,False
2024,LS,LSO,Lesotho,653,0.003083208041610938,2337422,0.014318977727673758,0.0002793676109833825,0.263,0.0010622342622942302,Southern Africa,Sub-Saharan Africa,Africa,False
2019,LT,LTU,Lithuania,11857,0.06979895229164788,2795058,0.017891134314798805,0.0042421302169758195,,,Northern Europe,Europe,Europe,False
2020,LT,LTU,Lithuania,7624,0.03505112503583155,2795764,0.017723872412555547,0.002726982678080124,0.754,0.003616687901963029,Northern Europe,Europe,Europe,False
2021,LT,LTU,Lithuania,3509,0.011936315657007096,2794488,0.017565568044734213,0.0012556861936784127,0.777,0.0016160697473338644,Northern Europe,Europe,Europe,False
2022,LT,LTU,Lithuania,16603,0.05178884238820833,2816920,0.017558765070111334,0.005894026099427744,0.776,0.007595394458025443,Northern Europe,Europe,Europe,False
2023,LT,LTU,Lithuania,12005,0.03315348797338928,2854099,0.01763589089680386,0.00420623110831124,0.776,0.005420400912772216,Northern Europe,Europe,Europe,False
2024,LT,LTU,Lithuania,8096,0.03822611379001861,2859110,0.017514822916430715,0.0028316504086936143,0.733,0.0038630974197730074,Northern Europe,Europe,Europe,False
2019,LU,LUX,Luxembourg,1506,0.008865414704497067,620163,0.0039696562754935934,0.002428393825494265,,,Western Europe,Europe,Europe,False
2020,LU,LUX,Luxembourg,1488,0.0068410380447688005,630597,0.003997698221931569,0.002359668694903401,0.65,0.0036302595306206167,Western Europe,Europe,Europe,False
2021,LU,LUX,Luxembourg,2005,0.006820265857024573,640274,0.0040246286669594405,0.003131471838619091,0.729,0.004295571795087916,Western Europe,Europe,Europe,False
2022,LU,LUX,Luxembourg,2004,0.006250969110761277,653312,0.004072303056346852,0.00306744710031348,0.621,0.004939528341889662,Western Europe,Europe,Europe,False
2023,LU,LUX,Luxembourg,3000,0.008284919943370914,665098,0.0041097368254158165,0.004510613473503153,0.466,0.009679428054727796,Western Europe,Europe,Europe,False
2024,LU,LUX,Luxembourg,2123,0.010023967338958686,673036,0.004122998540239048,0.003154363213854831,0.469,0.006725721138283222,Western Europe,Europe,Europe,False
2019,LV,LVA,Latvia,1347,0.007929424705815105,1914263,0.012253175585926913,0.0007036650658765279,,,Northern Europe,Europe,Europe,False
2020,LV,LVA,Latvia,1418,0.006519215018469193,1901124,0.012052261641700535,0.0007458745457950139,0.735,0.0010147953004013795,Northern Europe,Europe,Europe,False
2021,LV,LVA,Latvia,1537,0.005228303552242778,1885587,0.01185240614837718,0.0008151307789033335,0.78,0.0010450394601324788,Northern Europe,Europe,Europe,False
2022,LV,LVA,Latvia,3688,0.011503779481281232,1881063,0.011725268484400989,0.001960593558004171,0.804,0.002438549201497725,Northern Europe,Europe,Europe,False
2023,LV,LVA,Latvia,4671,0.012899620351828517,1882396,0.011631597390482952,0.002481411987700781,0.802,0.003094029909851348,Northern Europe,Europe,Europe,False
2024,LV,LVA,Latvia,6619,0.03125230325792159,1871872,0.01146703225906838,0.003536032378282276,0.756,0.004677291505664386,Northern Europe,Europe,Europe,False
2019,MO,MAC,Macao,959,0.005645373639849061,670974,0.004294896905802246,0.0014292655155043266,,,Eastern Asia,Asia,Asia,False
2020,MO,MAC,Macao,937,0.004307831080610462,683066,0.004330327822146172,0.0013717561699747901,0.642,0.002136691853543287,Eastern Asia,Asia,Asia,False
2021,MO,MAC,Macao,1005,0.003418637000653215,694402,0.004364865972371156,0.0014472884582705694,0.663,0.0021829388510868314,Eastern Asia,Asia,Asia,False
2022,MO,MAC,Macao,1005,0.0031348422935704007,704356,0.00439047666590579,0.0014268352935163469,0.552,0.002584846546225266,Eastern Asia,Asia,Asia,False
2023,MO,MAC,Macao,726,0.0020049506262957615,713912,0.004411365598011505,0.001016932058853192,0.456,0.0022301141641517365,Eastern Asia,Asia,Asia,False
2024,MO,MAC,Macao,604,0.002851849398366013,720262,0.004412303613164314,0.000838583737584379,0.455,0.0018430411815041298,Eastern Asia,Asia,Asia,False
2019,MF,MAF,Saint Martin (French part),53,0.0003119966662273204,34266,0.00021933627439247984,0.0015467226988851923,,,Caribbean,Latin America and the Caribbean,Americas,False
2020,MF,MAF,Saint Martin (French part),56,0.0002574584210396861,31786,0.0002015087856147696,0.0017617819165670421,0.462,0.0038133807717901343,Caribbean,Latin America and the Caribbean,Americas,False
2021,MF,MAF,Saint Martin (French part),20,6.803257712742716e-05,29961,0.00018832858977683273,0.0006675344614665732,0.434,0.0015380978374805834,Caribbean,Latin America and the Caribbean,Americas,False
2022,MF,MAF,Saint Martin (French part),50,0.00015596230316270652,28870,0.00017995596167946345,0.0017319016279875303,0.463,0.003740608267791642,Caribbean,Latin America and the Caribbean,Americas,False
2023,MF,MAF,Saint Martin (French part),50,0.00013808199905618193,27514,0.00017001298908505326,0.0018172566693319765,0.382,0.004757216411863813,Caribbean,Latin America and the Caribbean,Americas,False
2024,MF,MAF,Saint Martin (French part),0,0.0,26129,0.0001600654777127911,0.0,0.475,0.0,Caribbean,Latin America and the Caribbean,Americas,False
2019,MA,MAR,Morocco,322889,1.9007602181410048,36210898,0.23178554426329595,0.008916901204714668,,,Northern Africa,Africa,Africa,True
2020,MA,MAR,Morocco,705863,3.2451852401845698,36584208,0.23192724239470638,0.01929419928948578,0.593,0.03253659239373656,Northern Africa,Africa,Africa,True
2021,MA,MAR,Morocco,347443,1.1818721347442338,36954442,0.23228790587262632,0.009401927919788371,0.634,0.01482953930565989,Northern Africa,Africa,Africa,True
2022,MA,MAR,Morocco,258172,0.8053019946424455,37329064,0.23268401838289704,0.006916112335417786,0.566,0.012219279744554393,Northern Africa,Africa,Africa,True
2023,MA,MAR,Morocco,543638,1.5013324360580926,37712505,0.2330310278743555,0.014415324572048449,0.557,0.02588029546148734,Northern Africa,Africa,Africa,True
2024,MA,MAR,Morocco,205763,0.9715316022450099,38081173,0.23328413441419277,0.005403273685923487,0.555,0.009735628262925202,Northern Africa,Africa,Africa,True
2019,MC,MCO,Monaco,340,0.002001488047496018,38109,0.00024393527347291817,0.00892177700805584,,,Western Europe,Europe,Europe,False
2020,MC,MCO,Monaco,886,0.004073360018592176,38050,0.00024121969711954895,0.02328515111695138,0.33,0.07056106399076176,Western Europe,Europe,Europe,False
2021,MC,MCO,Monaco,494,0.0016804046550474509,38527,0.00024217267709128647,0.012822176655332624,0.417,0.030748625072740107,Western Europe,Europe,Europe,False
2022,MC,MCO,Monaco,391,0.001219625210732365,38932,0.00024267563214772672,0.0100431521627453,0.359,0.02797535421377521,Western Europe,Europe,Europe,False
2023,MC,MCO,Monaco,304,0.000839538554261586,38956,0.00024071476349485116,0.00780367594208851,0.385,0.020269288161268856,Western Europe,Europe,Europe,False
2024,MC,MCO,Monaco,114,0.0005382629659167641,38631,0.0002366523582809458,0.0029509979032383317,0.325,0.009079993548425636,Western Europe,Europe,Europe,False
2019,MD,MDA,Moldova,10516,0.06190484796314154,3112562,0.019923473790217878,0.0033785672381787092,,,Eastern Europe,Europe,Europe,False
2020,MD,MDA,Moldova,5993,0.02755264852305069,3069131,0.019456894881477484,0.001952669990300186,0.422,0.0046271800718013885,Eastern Europe,Europe,Europe,False
2021,MD,MDA,Moldova,9547,0.03247535069177736,3023778,0.019006837106178422,0.003157308506113875,0.465,0.00678991076583629,Eastern Europe,Europe,Europe,False
2022,MD,MDA,Moldova,8372,0.026114328041563578,3039984,0.01894919446519508,0.0027539618629571733,0.457,0.006026174754829701,Eastern Europe,Europe,Europe,False
2023,MD,MDA,Moldova,30972,0.08553351349536133,3067070,0.01895186953671201,0.010098237079688432,0.468,0.021577429657453913,Eastern Europe,Europe,Europe,False
2024,MD,MDA,Moldova,12276,0.05796242254029996,3034960,0.018592074791963432,0.004044863853230355,0.464,0.008717378994030939,Eastern Europe,Europe,Europe,False
2019,MG,MDG,Madagascar,5642,0.03321292812933098,28219554,0.18063304264803018,0.00019993228808648075,,,Eastern Africa,Sub-Saharan Africa,Africa,False
2020,MG,MDG,Madagascar,49461,0.22739555291149843,28953556,0.18355237868209984,0.0017082875761443603,0.107,0.01596530444994729,Eastern Africa,Sub-Saharan Africa,Africa,False
2021,MG,MDG,Madagascar,79174,0.2693205630743459,29691083,0.1866319478768029,0.002666591851836459,0.109,0.02446414542969228,Eastern Africa,Sub-Saharan Africa,Africa,False
2022,MG,MDG,Madagascar,56537,0.17635281467819877,30437260,0.18972519550356304,0.0018574930857771035,0.098,0.018954011079358197,Eastern Africa,Sub-Saharan Africa,Africa,False
2023,MG,MDG,Madagascar,48070,0.1327520338926133,31195932,0.1927641799307285,0.001540906038646321,0.124,0.01242666160198646,Eastern Africa,Sub-Saharan Africa,Africa,False
2024,MG,MDG,Madagascar,54441,0.2570488958550399,31964956,0.1958163707837402,0.0017031464082102913,0.121,0.014075590150498276,Eastern Africa,Sub-Saharan Africa,Africa,False
2019,MV,MDV,Maldives,4865,0.028638939267847434,487731,0.00312196055698706,0.009974760677504609,,,Southern Asia,Asia,Asia,False
2020,MV,MDV,Maldives,6627,0.03046744564696428,502118,0.0031831997865512133,0.013198092878566393,0.701,0.018827521938040506,Southern Asia,Asia,Asia,False
2021,MV,MDV,Maldives,9638,0.032784898917707146,516154,0.0032444362647331975,0.01867272170708742,0.751,0.0248638105287449,Southern Asia,Asia,Asia,False
2022,MV,MDV,Maldives,7813,0.02437066949220452,524106,0.003266920652995388,0.014907289746730622,0.713,0.020907839756985448,Southern Asia,Asia,Asia,False
2023,MV,MDV,Maldives,8332,0.023009984322722155,525994,0.0032501930719198774,0.015840484872451016,0.699,0.022661637871889868,Southern Asia,Asia,Asia,False
2024,MV,MDV,Maldives,4962,0.023428603832271782,527799,0.0032332809932004067,0.0094013061790568,0.711,0.013222652853807033,Southern Asia,Asia,Asia,False
2019,MX,MEX,Mexico,827988,4.874141427853332,125762982,0.8050074105051217,0.006583717933787543,,,Central America,Latin America and the Caribbean,Americas,False
2020,MX,MEX,Mexico,793721,3.649109917965012,126799054,0.803848341680035,0.006259676038277068,0.772,0.008108388650617963,Central America,Latin America and the Caribbean,Americas,False
2021,MX,MEX,Mexico,786215,2.674411631312007,127648148,0.8023696038337982,0.006159235463408369,0.783,0.00786620110269268,Central America,Latin America and the Caribbean,Americas,False
2022,MX,MEX,Mexico,815792,2.5446559844342134,128613118,0.8016867798505128,0.0063429921666310896,0.734,0.008641678701132275,Central America,Latin America and the Caribbean,Americas,False
2023,MX,MEX,Mexico,717468,1.9813883139768147,129739759,0.8016807527354962,0.0055300549772101856,0.7,0.007900078538871693,Central America,Latin America and the Caribbean,Americas,False
2024,MX,MEX,Mexico,426358,2.0130940493187692,130861007,0.801650641028432,0.0032580981132141217,0.707,0.004608342451505123,Central America,Latin America and the Caribbean,Americas,False
2019,MH,MHL,Marshall Islands,34,0.00020014880474960176,44006,0.00028168190307930506,0.0007726219151933827,,,Micronesia,Oceania,Oceania,False
2020,MH,MHL,Marshall Islands,37,0.000170106456758364,42706,0.00027073661984723934,0.0008663887978270032,0.387,0.002238730743739026,Micronesia,Oceania,Oceania,False
2021,MH,MHL,Marshall Islands,105,0.00035717102991899256,41367,0.00026002432406455853,0.002538255130901443,0.405,0.0062672966195097355,Micronesia,Oceania,Oceania,False
2022,MH,MHL,Marshall Islands,132,0.0004117404803495452,40077,0.0002498127840743975,0.0032936597050677446,0.487,0.006763161612048757,Micronesia,Oceania,Oceania,False
2023,MH,MHL,Marshall Islands,70,0.00019331479867865466,38827,0.00023991765382006845,0.001802869137455894,0.528,0.003414524881545254,Micronesia,Oceania,Oceania,False
2024,MH,MHL,Marshall Islands,95,0.0004485524715973034,37548,0.00023001793245665277,0.002530094811974007,0.611,0.004140908039237327,Micronesia,Oceania,Oceania,False
2019,MK,MKD,North Macedonia,8092,0.04763541553040523,1897641,0.012146778353890731,0.00426424176121827,,,Southern Europe,Europe,Europe,False
2020,MK,MKD,North Macedonia,8939,0.041096800458459884,1872016,0.011867730158290395,0.004775066025076709,0.576,0.008290045182424842,Southern Europe,Europe,Europe,False
2021,MK,MKD,North Macedonia,6045,0.02056284643676486,1851108,0.011635678354013993,0.003265611730920076,0.648,0.005039524276111229,Southern Europe,Europe,Europe,False
2022,MK,MKD,North Macedonia,9369,0.029224216366627948,1840233,0.011470762010020228,0.005091203124821694,0.575,0.008854266304037729,Southern Europe,Europe,Europe,False
2023,MK,MKD,North Macedonia,12310,0.03399578816763199,1831802,0.011318969740204214,0.00672015861976349,0.454,0.014802111497276409,Southern Europe,Europe,Europe,False
2024,MK,MKD,North Macedonia,5162,0.02437292482510821,1823009,0.011167698972778048,0.002831582290597578,0.551,0.005138987823226094,Southern Europe,Europe,Europe,False
2019,ML,MLI,Mali,2258,0.013292235327194141,21068404,0.13485861322464307,0.00010717470578217505,,,Western Africa,Sub-Saharan Africa,Africa,False
2020,ML,MLI,Mali,2942,0.013525762048192079,21713836,0.13765584607683465,0.00013548964816718705,0.102,0.00132832988399203,Western Africa,Sub-Saharan Africa,Africa,False
2021,ML,MLI,Mali,2637,0.008970095294251272,22388630,0.1407302531602847,0.00011778299967438829,0.102,0.0011547352909253754,Western Africa,Sub-Saharan Africa,Africa,False
2022,ML,MLI,Mali,2930,0.009139390965334601,23072640,0.14381915897762576,0.00012699023605447838,0.074,0.0017160842710064645,Western Africa,Sub-Saharan Africa,Africa,False
2023,ML,MLI,Mali,4194,0.01158231808083254,23769128,0.14687288286782124,0.000176447364833914,0.091,0.001938982031141912,Western Africa,Sub-Saharan Africa,Africa,False
2024,ML,MLI,Mali,3175,0.014991095761278297,24478596,0.14995515184195407,0.00012970515139021862,0.089,0.0014573612515754902,Western Africa,Sub-Saharan Africa,Africa,False
2019,MT,MLT,Malta,1978,0.011643951052785656,504016,0.0032262006558746313,0.003924478587981334,,,Southern Europe,Europe,Europe,False
2020,MT,MLT,Malta,1649,0.007581231005257899,518206,0.003285190390684178,0.003182132202251614,0.95,0.0033496128444753834,Southern Europe,Europe,Europe,False
2021,MT,MLT,Malta,750,0.0025512216422785188,524376,0.003296118039879057,0.0014302714083024395,1.008,0.0014189200479190868,Southern Europe,Europe,Europe,False
2022,MT,MLT,Malta,4713,0.014701006696116715,528192,0.003292390000394844,0.00892289167575427,0.789,0.011309114924910355,Southern Europe,Europe,Europe,False
2023,MT,MLT,Malta,1713,0.004730689287664793,532956,0.003293212277779082,0.0032141490104248757,0.684,0.004699048260855081,Southern Europe,Europe,Europe,False
2024,MT,MLT,Malta,1236,0.005835903735729126,539607,0.003305616450387159,0.002290555904574996,0.692,0.003310051885223983,Southern Europe,Europe,Europe,False
2019,MM,MMR,Myanmar,233681,1.3756168483144615,52640713,0.33695260231085566,0.004439168595607738,,,South-Eastern Asia,Asia,Asia,False
2020,MM,MMR,Myanmar,319617,1.4694301456685954,53016522,0.33610064071411044,0.006028630093841312,0.531,0.011353352342450681,South-Eastern Asia,Asia,Asia,False
2021,MM,MMR,Myanmar,540301,1.8379034727263013,53387102,0.33558017529227746,0.010120440701201576,0.377,0.02684467029496439,South-Eastern Asia,Asia,Asia,False
2022,MM,MMR,Myanmar,253461,0.790607226438455,53756788,0.33508328650291097,0.00471495804399623,0.276,0.01708318131882692,South-Eastern Asia,Asia,Asia,False
2023,MM,MMR,Myanmar,209858,0.5795522431586445,54133798,0.3345005745622766,0.0038766539159140467,0.338,0.011469390283769369,South-Eastern Asia,Asia,Asia,False
2024,MM,MMR,Myanmar,84567,0.3992919670059911,54500091,0.3338659382795203,0.001551685482506809,0.359,0.0043222436838629774,South-Eastern Asia,Asia,Asia,False
2019,ME,MNE,Montenegro,3720,0.02189863393142702,611666,0.0039152670756011955,0.006081750497820706,,,Southern Europe,Europe,Europe,False
2020,ME,MNE,Montenegro,6784,0.03118924872023626,607935,0.003854031447263416,0.011159087731418655,0.685,0.016290639023968836,Southern Europe,Europe,Europe,False
2021,ME,MNE,Montenegro,2517,0.008561899831486709,603850,0.003795675008736038,0.004168253705390411,0.821,0.0050770447081491,Southern Europe,Europe,Europe,False
2022,ME,MNE,Montenegro,2578,0.008041416351069149,614648,0.0038312979540823986,0.004194270541838581,0.754,0.005562693026311115,Southern Europe,Europe,Europe,False
2023,ME,MNE,Montenegro,8490,0.02344632343973969,633552,0.003914809524635228,0.013400636411849383,0.648,0.020679994462730528,Southern Europe,Europe,Europe,False
2024,ME,MNE,Montenegro,1891,0.008928554987268428,638478,0.003911297258950111,0.0029617308662162204,0.642,0.00461328795360782,Southern Europe,Europe,Europe,False
2019,MN,MNG,Mongolia,4636,0.027290878200563345,3232114,0.020688724775922943,0.0014343553476145953,,,Eastern Asia,Asia,Asia,False
2020,MN,MNG,Mongolia,10757,0.04945500419864113,3290786,0.020862086785946175,0.0032688239223091385,0.787,0.004153524678918854,Eastern Asia,Asia,Asia,False
2021,MN,MNG,Mongolia,21656,0.07366567451357814,3339674,0.020992493399230802,0.006484465250201067,0.85,0.007628782647295373,Eastern Asia,Asia,Asia,False
2022,MN,MNG,Mongolia,25716,0.08021453176264322,3386015,0.021106116577280513,0.007594768481533602,0.73,0.010403792440456989,Eastern Asia,Asia,Asia,False
2023,MN,MNG,Mongolia,80203,0.2214918114060592,3431932,0.021206404654235848,0.02336963552890908,0.72,0.032457827123484835,Eastern Asia,Asia,Asia,False
2024,MN,MNG,Mongolia,7562,0.03570477673914535,3475540,0.021291054782422367,0.00217577700155947,0.744,0.002924431453708965,Eastern Asia,Asia,Asia,False
2019,MP,MNP,Northern Mariana Islands,101,0.0005945596846973465,48129,0.00030807317895977535,0.0020985268756882544,,,Micronesia,Oceania,Oceania,False
2020,MP,MNP,Northern Mariana Islands,77,0.0003540053289295684,47528,0.0003013059070879874,0.0016200976266621781,0.658,0.00246215444781486,Micronesia,Oceania,Oceania,False
2021,MP,MNP,Northern Mariana Islands,317,0.0010783163474697205,46979,0.00029530018421033424,0.006747695778965069,0.744,0.009069483573877782,Micronesia,Oceania,Oceania,False
2022,MP,MNP,Northern Mariana Islands,158,0.0004928408779941526,46078,0.0002872189401547044,0.003428968271192326,0.698,0.004912561993112215,Micronesia,Oceania,Oceania,False
2023,MP,MNP,Northern Mariana Islands,114,0.00031482695784809477,45143,0.00027894513216059313,0.002525308464213721,0.593,0.004258530293783678,Micronesia,Oceania,Oceania,False
2024,MP,MNP,Northern Mariana Islands,109,0.0005146549410958534,44278,0.00027124571250973875,0.002461719138172456,0.702,0.0035067224190490826,Micronesia,Oceania,Oceania,False
2019,MZ,MOZ,Mozambique,4688,0.02759698813723921,29884380,0.1912895748476372,0.00015687124845822467,,,Eastern Africa,Sub-Saharan Africa,Africa,False
2020,MZ,MOZ,Mozambique,6824,0.03137314759240746,30783688,0.1951545833267462,0.0002216758433882256,0.095,0.0023334299304023746,Eastern Africa,Sub-Saharan Africa,Africa,False
2021,MZ,MOZ,Mozambique,6691,0.022760298677980757,31707800,0.1993086098236326,0.00021102063214729498,0.093,0.002269039055347258,Eastern Africa,Sub-Saharan Africa,Africa,False
2022,MZ,MOZ,Mozambique,12312,0.03840415753078485,32656246,0.20355684633776,0.00037701822799840495,0.075,0.0050269097066454,Eastern Africa,Sub-Saharan Africa,Africa,False
2023,MZ,MOZ,Mozambique,12533,0.03461163388342256,33635160,0.20783652285941775,0.0003726160363143805,0.093,0.004006624046391188,Eastern Africa,Sub-Saharan Africa,Africa,False
2024,MZ,MOZ,Mozambique,17887,0.08445534799432595,34631766,0.21215316961336436,0.0005164911312925827,0.105,0.0049189631551674546,Eastern Africa,Sub-Saharan Africa,Africa,False
2019,MR,MRT,Mauritania,7739,0.04555739999874024,4467708,0.02859774784898959,0.0017322081031258085,,,Western Africa,Sub-Saharan Africa,Africa,True
2020,MR,MRT,Mauritania,25236,0.11602179845281281,4600131,0.0291627386735939,0.00548593072675539,0.199,0.027567491089223066,Western Africa,Sub-Saharan Africa,Africa,True
2021,MR,MRT,Mauritania,5943,0.020215880293414982,4734874,0.029762429264410105,0.0012551548362216185,0.207,0.006063549933437771,Western Africa,Sub-Saharan Africa,Africa,True
2022,MR,MRT,Mauritania,6606,0.020605739493856783,4875638,0.030391414100829083,0.0013548996049337543,0.171,0.007923389502536574,Western Africa,Sub-Saharan Africa,Africa,True
2023,MR,MRT,Mauritania,8875,0.02450955483247229,5022442,0.03103439619562089,0.0017670686888967557,0.251,0.007040114298393449,Western Africa,Sub-Saharan Africa,Africa,True
2024,MR,MRT,Mauritania,4929,0.023272790868453772,5169396,0.03166756631430945,0.0009534963078858729,0.299,0.0031889508624945583,Western Africa,Sub-Saharan Africa,Africa,True
2019,MS,MSR,Montserrat,8,4.709383641167101e-05,4540,2.9060488114803547e-05,0.001762114537444934,,,Caribbean,Latin America and the Caribbean,Americas,False
2020,MS,MSR,Montserrat,1,4.597471804280108e-06,4508,2.857867002930162e-05,0.00022182786157941438,0.601,0.00036909793940002395,Caribbean,Latin America and the Caribbean,Americas,False
2021,MS,MSR,Montserrat,2,6.803257712742716e-06,4480,2.8160344521217935e-05,0.0004464285714285714,0.633,0.0007052584066802076,Caribbean,Latin America and the Caribbean,Americas,False
2022,MS,MSR,Montserrat,24,7.486190551809913e-05,4453,2.775697600826639e-05,0.005389624971929036,0.569,0.00947210012641307,Caribbean,Latin America and the Caribbean,Americas,False
2023,MS,MSR,Montserrat,15,4.1424599716854575e-05,4420,2.731181986464838e-05,0.003393665158371041,0.616,0.005509196685667274,Caribbean,Latin America and the Caribbean,Americas,False
2024,MS,MSR,Montserrat,13,6.138086453436783e-05,4389,2.6886883603713885e-05,0.002961950330371383,0.572,0.005178234843306614,Caribbean,Latin America and the Caribbean,Americas,False
2019,MQ,MTQ,Martinique,611,0.003596791755941373,359612,0.002301872302189589,0.001699053424246132,,,Caribbean,Latin America and the Caribbean,Americas,False
2020,MQ,MTQ,Martinique,474,0.002179201635228771,356614,0.0022607705931298504,0.001329168232318417,0.64,0.0020768253629975266,Caribbean,Latin America and the Caribbean,Americas,False
2021,MQ,MTQ,Martinique,317,0.0010783163474697205,353278,0.002220631739233667,0.0008973103335050583,0.663,0.0013534092511388511,Caribbean,Latin America and the Caribbean,Americas,False
2022,MQ,MTQ,Martinique,716,0.0022333801812899575,349459,0.002178289934622224,0.0020488812707642385,0.569,0.0036008458185663246,Caribbean,Latin America and the Caribbean,Americas,False
2023,MQ,MTQ,Martinique,748,0.0020657067058804813,346002,0.002137996447241644,0.002161837214813787,0.393,0.005500858052961291,Caribbean,Latin America and the Caribbean,Americas,False
2024,MQ,MTQ,Martinique,6,2.8329629785092846e-05,343194,0.0021023962477769386,1.748282312627843e-05,0.44,3.973368892336007e-05,Caribbean,Latin America and the Caribbean,Americas,False
2019,MU,MUS,Mauritius,4153,0.024447587827208715,1286270,0.008233399569918141,0.003228715588484533,,,Eastern Africa,Sub-Saharan Africa,Africa,False
2020,MU,MUS,Mauritius,4292,0.019732348983970225,1283223,0.0081350502863821,0.003344703142010391,0.731,0.0045755172941318615,Eastern Africa,Sub-Saharan Africa,Africa,False
2021,MU,MUS,Mauritius,7430,0.025274102402839192,1279624,0.00804344926286138,0.005806393127981344,0.786,0.007387268610663288,Eastern Africa,Sub-Saharan Africa,Africa,False
2022,MU,MUS,Mauritius,5751,0.017938784109774505,1276130,0.007954527238587241,0.004506594155767829,0.673,0.006696276605895734,Eastern Africa,Sub-Saharan Africa,Africa,False
2023,MU,MUS,Mauritius,4533,0.012518514034433452,1273588,0.007869684623931629,0.0035592357968196936,0.631,0.005640627253280022,Eastern Africa,Sub-Saharan Africa,Africa,False
2024,MU,MUS,Mauritius,3689,0.017418000712867917,1271169,0.0077871435278308,0.0029020531495025444,0.677,0.004286636853031823,Eastern Africa,Sub-Saharan Africa,Africa,False
2019,MW,MWI,Malawi,448,0.0026372548390535765,19025752,0.12178362111700439,2.354703246420956e-05,,,Eastern Africa,Sub-Saharan Africa,Africa,False
2020,MW,MWI,Malawi,819,0.003765329407705409,19533888,0.12383596706773171,4.1927137086073186e-05,0.035,0.0011979182024592337,Eastern Africa,Sub-Saharan Africa,Africa,False
2021,MW,MWI,Malawi,969,0.003296178361823846,20047258,0.12601287767538893,4.833578736802809e-05,0.041,0.0011789216431226362,Eastern Africa,Sub-Saharan Africa,Africa,False
2022,MW,MWI,Malawi,1932,0.00602638339420698,20568728,0.1282114730780501,9.392899745672168e-05,0.038,0.0024718157225453075,Eastern Africa,Sub-Saharan Africa,Africa,False
2023,MW,MWI,Malawi,1719,0.004747259127551535,21104482,0.13040764948432446,8.145189254111994e-05,0.061,0.0013352769269036056,Eastern Africa,Sub-Saharan Africa,Africa,False
2024,MW,MWI,Malawi,1560,0.007365703744124139,21655286,0.13265963866191272,7.203783870598615e-05,0.082,0.0008785102281217822,Eastern Africa,Sub-Saharan Africa,Africa,False
2019,MY,MYS,Malaysia,183407,1.079667406844418,33440596,0.21405287282157426,0.005484561339756026,,,South-Eastern Asia,Asia,Asia,False
2020,MY,MYS,Malaysia,204506,0.9402105688061078,33889558,0.21484438676150816,0.0060344841322510015,0.86,0.00701684201424535,South-Eastern Asia,Asia,Asia,False
2021,MY,MYS,Malaysia,269671,0.9173206553265204,34282398,0.21549199524408766,0.007866165021478369,0.917,0.008578151604665615,South-Eastern Asia,Asia,Asia,False
2022,MY,MYS,Malaysia,197659,0.6165470576167482,34695493,0.2162681263858016,0.005696964732566273,0.785,0.007257279914097163,South-Eastern Asia,Asia,Asia,False
2023,MY,MYS,Malaysia,195642,0.5402927691869909,35126298,0.21705048042713998,0.005569673183322649,0.831,0.006702374468498977,South-Eastern Asia,Asia,Asia,False
2024,MY,MYS,Malaysia,129564,0.6117500255792949,35557674,0.21782525451282836,0.0036437703996048784,0.702,0.0051905561247932745,South-Eastern Asia,Asia,Asia,False
2019,YT,MYT,Mayotte,460,0.002707895593671083,274910,0.001759695768202785,0.0016732748899639881,,,Eastern Africa,Sub-Saharan Africa,Africa,False
2020,YT,MYT,Mayotte,657,0.0030205389754120312,284370,0.0018027764854109363,0.0023103702922249183,0.351,0.0065822515448003376,Eastern Africa,Sub-Saharan Africa,Africa,False
2021,YT,MYT,Mayotte,966,0.0032859734752547316,294421,0.001850668927294979,0.003281015960138713,0.386,0.008500041347509618,Eastern Africa,Sub-Saharan Africa,Africa,False
2022,YT,MYT,Mayotte,1823,0.00568638557331228,305268,0.0019028332701754918,0.005971801826591716,0.239,0.024986618521304252,Eastern Africa,Sub-Saharan Africa,Africa,False
2023,YT,MYT,Mayotte,1963,0.005421099282945703,316016,0.0019527086122956383,0.0062117107994531925,0.165,0.03764673211789814,Eastern Africa,Sub-Saharan Africa,Africa,False
2024,YT,MYT,Mayotte,1052,0.004967128422319612,326506,0.002000166055573982,0.00322199285771165,0.246,0.013097531941917276,Eastern Africa,Sub-Saharan Africa,Africa,False
2019,NA,NAM,Namibia,897,0.005280396407658611,2650494,0.016965781802942316,0.0003384274780474885,,,Southern Africa,Sub-Saharan Africa,Africa,False
2020,NA,NAM,Namibia,789,0.003627405253577006,2728762,0.01729911020108632,0.0002891421091322732,0.312,0.0009267375292701064,Southern Africa,Sub-Saharan Africa,Africa,False
2021,NA,NAM,Namibia,906,0.00308187574387245,2810548,0.017666517851209828,0.0003223570634623568,0.328,0.000982795925190112,Southern Africa,Sub-Saharan Africa,Africa,False
2022,NA,NAM,Namibia,1318,0.004111166311368944,2889662,0.018012189267010797,0.0004561087075235789,0.282,0.0016174067642680105,Southern Africa,Sub-Saharan Africa,Africa,False
2023,NA,NAM,Namibia,1345,0.0037144057746112936,2963095,0.01830939295969237,0.0004539172723115526,0.268,0.0016937211653416141,Southern Africa,Sub-Saharan Africa,Africa,False
2024,NA,NAM,Namibia,1387,0.0065488660853206294,3030131,0.018562492481432026,0.0004577359856719066,0.246,0.0018607153889101894,Southern Africa,Sub-Saharan Africa,Africa,False
2019,NC,NCL,New Caledonia,362,0.002130996097628113,283606,0.0018153587648209197,0.001276418693539629,,,Melanesia,Oceania,Oceania,False
2020,NC,NCL,New Caledonia,665,0.003057318749846272,284176,0.001801546613630616,0.002340099093519509,0.697,0.0033573875086363113,Melanesia,Oceania,Oceania,False
2021,NC,NCL,New Caledonia,2375,0.008078868533881975,285214,0.0017927956478291636,0.00832708071833781,0.721,0.011549349123908197,Melanesia,Oceania,Oceania,False
2022,NC,NCL,New Caledonia,1203,0.0037524530140947187,287123,0.0017897296704292545,0.0041898419840974074,0.621,0.006746927510623844,Melanesia,Oceania,Oceania,False
2023,NC,NCL,New Caledonia,966,0.0026677442217654347,289870,0.0017911486932501415,0.0033325283747886983,0.49,0.0068010783158953024,Melanesia,Oceania,Oceania,False
2024,NC,NCL,New Caledonia,549,0.0025921611253359954,292640,0.0017927039457258675,0.0018760251503553854,0.536,0.0035000469223048234,Melanesia,Oceania,Oceania,False
2019,NE,NER,Niger,666,0.003920561881271611,22947758,0.146888336700526,2.902244306393679e-05,,,Western Africa,Sub-Saharan Africa,Africa,False
2020,NE,NER,Niger,700,0.0032182302629960753,23717614,0.15035888739759193,2.9513930026856834e-05,0.024,0.001229747084452368,Western Africa,Sub-Saharan Africa,Africa,False
2021,NE,NER,Niger,828,0.0028165486930754845,24502140,0.1540153356935524,3.379296665515747e-05,0.025,0.0013517186662062987,Western Africa,Sub-Saharan Africa,Africa,False
2022,NE,NER,Niger,1075,0.00335318951799819,25311973,0.1577776391832218,4.247002001779948e-05,0.018,0.002359445556544416,Western Africa,Sub-Saharan Africa,Africa,False
2023,NE,NER,Niger,1387,0.0038303946538184863,26159867,0.1616456052459637,5.302014723545804e-05,0.022,0.0024100066925208203,Western Africa,Sub-Saharan Africa,Africa,False
2024,NE,NER,Niger,938,0.004428865456402848,27032412,0.16559975278460665,3.469908641522629e-05,0.024,0.0014457952673010953,Western Africa,Sub-Saharan Africa,Africa,False
2019,NG,NGA,Nigeria,39052,0.22988856244357203,209485641,1.3409151939432826,0.00018641850493227838,,,Western Africa,Sub-Saharan Africa,Africa,False
2020,NG,NGA,Nigeria,46610,0.21428816079749588,213996181,1.3566384747847615,0.00021780762526785467,0.158,0.0013785292738471816,Western Africa,Sub-Saharan Africa,Africa,False
2021,NG,NGA,Nigeria,57654,0.1961175100852343,218529286,1.3736294602088768,0.00026382733891328416,0.154,0.0017131645383979491,Western Africa,Sub-Saharan Africa,Africa,False
2022,NG,NGA,Nigeria,123256,0.3844657927724511,223150896,1.3909710456984388,0.000552343737844548,0.143,0.003862543621290546,Western Africa,Sub-Saharan Africa,Africa,False
2023,NG,NGA,Nigeria,339660,0.9380186359884549,227882945,1.4081217068021659,0.0014905020645577492,0.162,0.009200630028134255,Western Africa,Sub-Saharan Africa,Africa,False
2024,NG,NGA,Nigeria,438319,2.0695691662953517,232679478,1.4253875693686275,0.0018837888230091354,0.164,0.011486517213470337,Western Africa,Sub-Saharan Africa,Africa,False
2019,NI,NIC,Nicaragua,19065,0.11223049889856347,6483657,0.04150181435880239,0.0029404701698439633,,,Central America,Latin America and the Caribbean,Americas,False
2020,NI,NIC,Nicaragua,45487,0.2091251999612893,6565267,0.0416208072864381,0.006928431090464409,0.525,0.013197011600884588,Central America,Latin America and the Caribbean,Americas,False
2021,NI,NIC,Nicaragua,37012,0.12590108723201668,6644741,0.04176745442282638,0.005570119286816447,0.564,0.009876098026270297,Central America,Latin America and the Caribbean,Americas,False
2022,NI,NIC,Nicaragua,79591,0.2482639134204595,6730654,0.04195432328720912,0.011825151018013999,0.493,0.023986107541610548,Central America,Latin America and the Caribbean,Americas,False
2023,NI,NIC,Nicaragua,48018,0.13260842861359487,6823613,0.04216409255250518,0.0070370344859827195,0.522,0.013480908976978389,Central America,Latin America and the Caribbean,Americas,False
2024,NI,NIC,Nicaragua,24771,0.1169588765677558,6916140,0.04236806816290494,0.003581622118696267,0.56,0.00639575378338619,Central America,Latin America and the Caribbean,Americas,False
2019,NU,NIU,Niue,0,0.0,1793,1.1476972508775939e-05,0.0,,,Polynesia,Oceania,Oceania,False
2020,NU,NIU,Niue,0,0.0,1798,1.1398502376371853e-05,0.0,0.619,0.0,Polynesia,Oceania,Oceania,False
2021,NU,NIU,Niue,1,3.401628856371358e-06,1814,1.1402425214618155e-05,0.0005512679162072767,0.805,0.0006848048648537599,Polynesia,Oceania,Oceania,False
2022,NU,NIU,Niue,1,3.1192460632541303e-06,1822,1.1357109878073515e-05,0.0005488474204171241,0.62,0.0008852377748663292,Polynesia,Oceania,Oceania,False
2023,NU,NIU,Niue,0,0.0,1818,1.1233685184147227e-05,0.0,0.724,0.0,Polynesia,Oceania,Oceania,False
2024,NU,NIU,Niue,0,0.0,1818,1.1137013987594407e-05,0.0,0.412,0.0,Polynesia,Oceania,Oceania,False
2019,NL,NLD,Netherlands,25753,0.15160094613872044,17537507,0.11225738188034892,0.0014684527282013344,,,Western Europe,Europe,Europe,False
2020,NL,NLD,Netherlands,25704,0.11817341525721589,17636731,0.11180885440207515,0.0014574129412077556,0.88,0.0016561510695542677,Western Europe,Europe,Europe,False
2021,NL,NLD,Netherlands,36790,0.12514592562590227,17730564,0.111450622945425,0.0020749480952777363,0.907,0.002287704625444031,Western Europe,Europe,Europe,False
2022,NL,NLD,Netherlands,57012,0.17783445655824448,17904421,0.11160399374329685,0.0031842414786828347,0.881,0.0036143490109907315,Western Europe,Europe,Europe,False
2023,NL,NLD,Netherlands,72913,0.20135945594366786,18092524,0.11179632497394289,0.004030007090221353,0.85,0.0047411848120251215,Western Europe,Europe,Europe,False
2024,NL,NLD,Netherlands,273046,1.2892153490500768,18228742,0.11166873191982929,0.014978872376382308,0.809,0.018515293419508413,Western Europe,Europe,Europe,False
2019,NO,NOR,Norway,8031,0.047276325027766235,5347730,0.034230758613695685,0.0015017586901358146,,,Northern Europe,Europe,Europe,False
2020,NO,NOR,Norway,6979,0.032085755722070876,5379274,0.03410215098562587,0.0012973869708068411,0.832,0.0015593593399120687,Northern Europe,Europe,Europe,False
2021,NO,NOR,Norway,7807,0.02655651648169119,5408090,0.033994124464677124,0.0014435780469629759,0.865,0.0016688763548704923,Northern Europe,Europe,Europe,False
2022,NO,NOR,Norway,47026,0.14668566537058872,5456802,0.0340139955526297,0.008617868121291556,0.847,0.010174578655598059,Northern Europe,Europe,Europe,False
2023,NO,NOR,Norway,13300,0.036729811748944394,5519167,0.03410373187939181,0.0024097839402214137,0.817,0.0029495519464154394,Northern Europe,Europe,Europe,False
2024,NO,NOR,Norway,24472,0.11554711668346535,5576660,0.03416245347857988,0.0043882897648413206,0.775,0.005662309373988801,Northern Europe,Europe,Europe,False
2019,NP,NPL,Nepal,63366,0.3730185047577431,28414064,0.18187809893508092,0.0022300928160082977,,,Southern Asia,Asia,Asia,False
2020,NP,NPL,Nepal,178371,0.8200556432012472,28966574,0.18363490688228648,0.00615782177070716,0.442,0.013931723463138371,Southern Asia,Asia,Asia,False
2021,NP,NPL,Nepal,263130,0.8950706009769955,29475010,0.18527375811748747,0.008927223434360159,0.457,0.019534405764464243,Southern Asia,Asia,Asia,False
2022,NP,NPL,Nepal,182978,0.5707534061621142,29715436,0.18522583519586241,0.006157675088462441,0.41,0.015018719727957174,Southern Asia,Asia,Asia,False
2023,NP,NPL,Nepal,174824,0.482800948059959,29694614,0.1834873186692909,0.00588739762705789,0.435,0.013534247418523885,Southern Asia,Asia,Asia,False
2024,NP,NPL,Nepal,57599,0.2719597243319271,29651054,0.18164147587729212,0.0019425616371006576,0.481,0.00403858968212195,Southern Asia,Asia,Asia,False
2019,NR,NRU,Nauru,31,0.00018248861609522515,11587,7.416825457846448e-05,0.00267541209976698,,,Micronesia,Oceania,Oceania,False
2020,NR,NRU,Nauru,33,0.00015171656954124358,11643,7.381132545500416e-05,0.0028343210512754443,0.848,0.0033423597302776466,Micronesia,Oceania,Oceania,False
2021,NR,NRU,Nauru,49,0.00016667981396219656,11708,7.359404322643295e-05,0.004185172531602323,0.841,0.004976423937695985,Micronesia,Oceania,Oceania,False
2022,NR,NRU,Nauru,105,0.0003275208366416837,11801,7.355941474815892e-05,0.00889755105499534,0.648,0.013730788665116265,Micronesia,Oceania,Oceania,False
2023,NR,NRU,Nauru,46,0.00012703543913168737,11875,7.337734409337093e-05,0.0038736842105263156,0.655,0.005914021695460024,Micronesia,Oceania,Oceania,False
2024,NR,NRU,Nauru,25,0.00011804012410455351,11946,7.31808410868002e-05,0.0020927507115352417,0.438,0.004777969661039365,Micronesia,Oceania,Oceania,False
2019,NZ,NZL,New Zealand,4973,0.02927470605940499,4989402,0.031937105180831954,0.0009967126320949886,,,Australia and New Zealand,Oceania,Oceania,False
2020,NZ,NZL,New Zealand,6511,0.029934138917667788,5069895,0.032140828812823014,0.001284247504139632,0.82,0.00156615549285321,Australia and New Zealand,Oceania,Oceania,False
2021,NZ,NZL,New Zealand,9971,0.033917641326878814,5107696,0.03210591050661758,0.0019521522032634674,0.892,0.002188511438636174,Australia and New Zealand,Oceania,Oceania,False
2022,NZ,NZL,New Zealand,32766,0.10220521650858483,5131734,0.031987742537346715,0.006384976306254377,0.814,0.00784395123618474,Australia and New Zealand,Oceania,Oceania,False
2023,NZ,NZL,New Zealand,16474,0.04549525704903082,5172836,0.03196370249352223,0.0031847133757961785,0.787,0.004046649778648257,Australia and New Zealand,Oceania,Oceania,False
2024,NZ,NZL,New Zealand,28340,0.13381028468492187,5213944,0.03194046603879754,0.0054354246996131915,0.791,0.006871586219485703,Australia and New Zealand,Oceania,Oceania,False
2019,OM,OMN,Oman,41494,0.24426395600823458,4591241,0.029388481170197968,0.009037643634912652,,,Western Asia,Asia,Asia,True
2020,OM,OMN,Oman,41533,0.19094679644716575,4522496,0.028670568077381643,0.009183645491339296,0.802,0.01145092954032331,Western Asia,Asia,Asia,True
2021,OM,OMN,Oman,64156,0.21823490090936085,4500424,0.02828872552043699,0.014255545699694073,0.832,0.01713406935059384,Western Asia,Asia,Asia,True
2022,OM,OMN,Oman,55355,0.1726658658314324,4730226,0.029485014506103278,0.011702400688677454,0.905,0.012930829490251329,Western Asia,Asia,Asia,True
2023,OM,OMN,Oman,99862,0.2757828917949688,5049269,0.031200164112251863,0.019777516309786625,0.848,0.023322542818144606,Western Asia,Asia,Asia,True
2024,OM,OMN,Oman,48920,0.23098091484779035,5281538,0.03235454487459372,0.009262453474726491,0.609,0.015209283209731512,Western Asia,Asia,Asia,True
2019,PK,PAK,Pakistan,1158390,6.819128645114447,230800898,1.4773539103997768,0.005019001269223831,,,Southern Asia,Asia,Asia,False
2020,PK,PAK,Pakistan,1288513,5.923902186948375,235001746,1.489804204801187,0.005482993305079529,0.206,0.026616472354754995,Southern Asia,Asia,Asia,False
2021,PK,PAK,Pakistan,2030801,6.90803128314781,239477800,1.505307444906992,0.008480122165812447,0.315,0.026921022748610943,Southern Asia,Asia,Asia,False
2022,PK,PAK,Pakistan,2059884,6.4252850577601714,243700667,1.5190643537205293,0.008452516873907448,0.301,0.028081451408330394,Southern Asia,Asia,Asia,False
2023,PK,PAK,Pakistan,1924739,5.315436175627931,247504496,1.5293661109598609,0.00777658196560599,0.295,0.026361294798664375,Southern Asia,Asia,Asia,False
2024,PK,PAK,Pakistan,1036608,4.894453478710921,251269164,1.539267433508885,0.004125488314992762,0.264,0.015626849678002885,Southern Asia,Asia,Asia,False
2019,PA,PAN,Panama,7132,0.041984155161004705,4234700,0.027106266303911584,0.0016841806975700759,,,Central America,Latin America and the Caribbean,Americas,False
2020,PA,PAN,Panama,8928,0.04104622826861281,4293261,0.02721732241984683,0.002079538141287008,0.644,0.003229096492681689,Central America,Latin America and the Caribbean,Americas,False
2021,PA,PAN,Panama,10613,0.036101487052669225,4345405,0.02731430845629978,0.0024423500226100903,0.782,0.0031232097475832354,Central America,Latin America and the Caribbean,Americas,False
2022,PA,PAN,Panama,14003,0.043678802623747584,4400773,0.027431428380603303,0.0031819409908213853,0.642,0.004956294378226457,Central America,Latin America and the Caribbean,Americas,False
2023,PA,PAN,Panama,31973,0.08829791511646609,4458759,0.027551317336624373,0.007170829372029302,0.57,0.012580402407068952,Central America,Latin America and the Caribbean,Americas,False
2024,PA,PAN,Panama,10422,0.04920856693670627,4515577,0.027662290545137285,0.0023080106927641803,0.627,0.00368103778750268,Central America,Latin America and the Caribbean,Americas,False
2019,PE,PER,Peru,160839,0.9468156943270941,32449303,0.20770761765752402,0.004956624183884628,,,South America,Latin America and the Caribbean,Americas,False
2020,PE,PER,Peru,490878,2.2567977643414108,32838580,0.20818166416389164,0.014948210306292172,0.814,0.01836389472517466,South America,Latin America and the Caribbean,Americas,False
2021,PE,PER,Peru,192943,0.6563204764348589,33155882,0.20841095089840367,0.005819269111887899,0.838,0.0069442352170499995,South America,Latin America and the Caribbean,Americas,False
2022,PE,PER,Peru,220424,0.6875566942467284,33475438,0.20866313259200742,0.006584648720653035,0.733,0.008983149687111917,South America,Latin America and the Caribbean,Americas,False
2023,PE,PER,Peru,159605,0.44077154918723827,33845617,0.2091369671293848,0.004715677069796069,0.697,0.006765677288086182,South America,Latin America and the Caribbean,Americas,False
2024,PE,PER,Peru,137811,0.650689101718905,34217848,0.20961752024278288,0.004027459587756658,0.712,0.005656544364826767,South America,Latin America and the Caribbean,Americas,False
2019,PH,PHL,Philippines,801272,4.716871561156556,110804684,0.7092595159573927,0.0072313910484145235,,,South-Eastern Asia,Asia,Asia,False
2020,PH,PHL,Philippines,1339597,6.158759436598221,112081264,0.7105442458569304,0.011952015459069055,0.807,0.014810428078152483,South-Eastern Asia,Asia,Asia,False
2021,PH,PHL,Philippines,3188793,10.847090285794991,113100950,0.7109289548386258,0.02819421941195012,0.824,0.034216285694114223,South-Eastern Asia,Asia,Asia,False
2022,PH,PHL,Philippines,2576182,8.035745561726152,113964338,0.7103762397628478,0.022605159168300526,0.725,0.031179529887311073,South-Eastern Asia,Asia,Asia,False
2023,PH,PHL,Philippines,2740905,7.569392832461686,114891199,0.7099293509324592,0.023856527078283864,0.734,0.032502080488125154,South-Eastern Asia,Asia,Asia,False
2024,PH,PHL,Philippines,1721249,8.127057822993546,115843670,0.7096548807284216,0.014858377673980806,0.78,0.01904920214612924,South-Eastern Asia,Asia,Asia,False
2019,PW,PLW,Palau,81,0.0004768250936681689,17798,0.00011392479459631575,0.004551073154286998,,,Micronesia,Oceania,Oceania,False
2020,PW,PLW,Palau,91,0.00041836993418948985,17792,0.00011279318925495439,0.005114658273381295,0.987,0.005182024593091484,Micronesia,Oceania,Oceania,False
2021,PW,PLW,Palau,157,0.0005340557304503032,17783,0.000111780224692147,0.008828656582129,0.986,0.008954012760779919,Micronesia,Oceania,Oceania,False
2022,PW,PLW,Palau,113,0.00035247480514771675,17759,0.0001106975380486869,0.006362970888000451,0.825,0.007712691985455092,Micronesia,Oceania,Oceania,False
2023,PW,PLW,Palau,110,0.00030378039792360023,17728,0.00010954387840734987,0.006204873646209386,0.8,0.007756092057761732,Micronesia,Oceania,Oceania,False
2024,PW,PLW,Palau,74,0.0003493987673494784,17696,0.0001084051702554844,0.004181735985533454,0.851,0.004913908326126268,Micronesia,Oceania,Oceania,False
2019,PG,PNG,Papua New Guinea,1353,0.007964745083123859,9609010,0.061507163193838865,0.00014080534831371807,,,Melanesia,Oceania,Oceania,False
2020,PG,PNG,Papua New Guinea,3140,0.01443606146543954,9815746,0.06222736602161429,0.00031989417819083745,0.103,0.0031057687202993927,Melanesia,Oceania,Oceania,False
2021,PG,PNG,Papua New Guinea,7076,0.02406992578768373,10012896,0.06293897344087612,0.0007066886543114,0.112,0.006309720127780357,Melanesia,Oceania,Oceania,False
2022,PG,PNG,Papua New Guinea,12578,0.03923387698361045,10203170,0.06359962831759788,0.0012327541342543543,0.085,0.014502989814757108,Melanesia,Oceania,Oceania,False
2023,PG,PNG,Papua New Guinea,11108,0.030676296910321376,10389635,0.06419905872838146,0.0010691424674687802,0.106,0.0100862496931017,Melanesia,Oceania,Oceania,False
2024,PG,PNG,Papua New Guinea,9287,0.043849545302359544,10576502,0.06479133702630374,0.0008780785934706957,0.122,0.007197365520251604,Melanesia,Oceania,Oceania,False
2019,PL,POL,Poland,77741,0.45764024205996445,38225884,0.24468344662111435,0.0020337266758827604,,,Eastern Europe,Europe,Europe,False
2020,PL,POL,Poland,381254,1.7528045152690086,38171012,0.24198685817047746,0.009988050618097315,0.685,0.014581095792842794,Eastern Europe,Europe,Europe,False
2021,PL,POL,Poland,37758,0.12843870235886973,38040302,0.2391133950917803,0.0009925788706935082,0.72,0.0013785817648520949,Eastern Europe,Europe,Europe,False
2022,PL,POL,Poland,235310,0.7339897911443294,38385739,0.23927061227994056,0.006130141196447983,0.663,0.00924606515301355,Eastern Europe,Europe,Europe,False
2023,PL,POL,Poland,108800,0.3004664299462519,38762844,0.23952122460847652,0.0028068115951450827,0.688,0.004079668016199248,Eastern Europe,Europe,Europe,False
2024,PL,POL,Poland,79173,0.37382362982919265,38539201,0.23609000033427524,0.0020543498034637513,0.756,0.002717393919925597,Eastern Europe,Europe,Europe,False
2019,PR,PRI,Puerto Rico,7849,0.046204940249400715,3288028,0.02104662965091218,0.0023871451216352173,,,Caribbean,Latin America and the Caribbean,Americas,False
2020,PR,PRI,Puerto Rico,11859,0.05452141812695781,3275805,0.02076711405841535,0.0036201788568000844,0.816,0.004436493697058928,Caribbean,Latin America and the Caribbean,Americas,False
2021,PR,PRI,Puerto Rico,6703,0.022801118224257212,3253210,0.020448998749971293,0.0020604264710854816,0.819,0.00251578323697861,Caribbean,Latin America and the Caribbean,Americas,False
2022,PR,PRI,Puerto Rico,6796,0.021198396245875068,3240968,0.020201992144522594,0.002096904381653876,0.682,0.003074639855797472,Caribbean,Latin America and the Caribbean,Americas,False
2023,PR,PRI,Puerto Rico,5358,0.014796867018860453,3242022,0.02003292327177083,0.0016526723137597463,0.708,0.00233428292903919,Caribbean,Latin America and the Caribbean,Americas,False
2024,PR,PRI,Puerto Rico,4998,0.02359858161098234,3242204,0.019861645378786874,0.001541543962070246,0.734,0.0021001961336106893,Caribbean,Latin America and the Caribbean,Americas,False
2019,KP,PRK,North Korea,1,5.886729551458876e-06,26037632,0.1666665848620327,3.8405950279964014e-08,,,Eastern Asia,Asia,Asia,False
2020,KP,PRK,North Korea,9,4.1377246238520975e-05,26136312,0.16569233283737272,3.4434850639983175e-07,,,Eastern Asia,Asia,Asia,False
2021,KP,PRK,North Korea,2,6.803257712742716e-06,26232534,0.16489223105012574,7.62412049099031e-08,,,Eastern Asia,Asia,Asia,False
2022,KP,PRK,North Korea,1,3.1192460632541303e-06,26328845,0.16411612822599697,3.798115716811733e-08,,,Eastern Asia,Asia,Asia,False
2023,KP,PRK,North Korea,1,2.7616399811236385e-06,26418204,0.1632419069673152,3.785268673071038e-08,,,Eastern Asia,Asia,Asia,False
2024,KP,PRK,North Korea,2,9.443209928364283e-06,26498823,0.16233100242342594,7.547505034468889e-08,,,Eastern Asia,Asia,Asia,False
2019,PT,PRT,Portugal,30369,0.1787740897482546,10343213,0.06620678820603118,0.0029361282611119,,,Southern Europe,Europe,Europe,False
2020,PT,PRT,Portugal,26982,0.12404898422308588,10370519,0.06574437456379836,0.0026017984249390026,0.766,0.003396603687909925,Southern Europe,Europe,Europe,False
2021,PT,PRT,Portugal,34415,0.11706705709202028,10390956,0.06531537965732515,0.0033120147944039027,0.837,0.003957006922824257,Southern Europe,Europe,Europe,False
2022,PT,PRT,Portugal,42674,0.13311070650330678,10417072,0.06493294803062734,0.004096544595256709,0.785,0.005218528146823833,Southern Europe,Europe,Europe,False
2023,PT,PRT,Portugal,45675,0.1261379061378222,10430738,0.06445304011568839,0.004378884792236177,0.726,0.006031521752391429,Southern Europe,Europe,Europe,False
2024,PT,PRT,Portugal,26681,0.1259771420493437,10425292,0.06386502905872171,0.0025592568534291414,0.719,0.0035594671118625056,Southern Europe,Europe,Europe,False
2019,PY,PRY,Paraguay,6157,0.0362445938483323,6515058,0.0417028118009374,0.0009450414716185182,,,South America,Latin America and the Caribbean,Americas,False
2020,PY,PRY,Paraguay,9035,0.04153815775167078,6603740,0.04186470861120237,0.0013681641009488563,0.599,0.002284080302084902,South America,Latin America and the Caribbean,Americas,False
2021,PY,PRY,Paraguay,13309,0.0452722784494464,6684182,0.04201537231306329,0.0019911187337508167,0.626,0.0031807008526370875,South America,Latin America and the Caribbean,Americas,False
2022,PY,PRY,Paraguay,19132,0.05967741568217802,6760464,0.04214013857012096,0.002829983267420698,0.656,0.004313998883263259,South America,Latin America and the Caribbean,Americas,False
2023,PY,PRY,Paraguay,18486,0.05105167669105158,6844146,0.042290968931980484,0.0027009943972556984,0.611,0.0044206127614659545,South America,Latin America and the Caribbean,Americas,False
2024,PY,PRY,Paraguay,15361,0.07252857385480187,6929153,0.04244778541429139,0.0022168654668182387,0.545,0.004067643058382089,South America,Latin America and the Caribbean,Americas,False
2019,PS,PSE,Palestine,37008,0.21785608724039007,4957768,0.03173461630835977,0.007464649414817313,,,Western Asia,Asia,Asia,True
2020,PS,PSE,Palestine,38033,0.17485564513218538,5069692,0.032139541885135355,0.007502033654115477,0.601,0.012482585115000795,Western Asia,Asia,Asia,True
2021,PS,PSE,Palestine,39095,0.13298668013983825,5185336,0.03259393933443619,0.007539530707363997,0.643,0.011725553199632966,Western Asia,Asia,Asia,True
2022,PS,PSE,Palestine,28452,0.08874878899170652,5305270,0.03306944803668884,0.005362969273948357,0.556,0.009645628190554598,Western Asia,Asia,Asia,True
2023,PS,PSE,Palestine,70472,0.19461829274974504,5409202,0.03342424222522528,0.013028169404655253,0.45,0.02895148756590056,Western Asia,Asia,Asia,True
2024,PS,PSE,Palestine,14342,0.06771725839630026,5495443,0.03366492054952022,0.0026097987004869306,0.415,0.006288671567438387,Western Asia,Asia,Asia,True
2019,PF,PYF,French Polynesia,320,0.0018837534564668402,279034,0.0017860934450718265,0.0011468136499494686,,,Polynesia,Oceania,Oceania,False
2020,PF,PYF,French Polynesia,249,0.0011447704792657471,279209,0.0017700580923272573,0.000891805063590357,0.745,0.0011970537766313517,Polynesia,Oceania,Oceania,False
2021,PF,PYF,French Polynesia,477,0.0016225769644891378,279792,0.0017587140880090644,0.001704837879567679,0.755,0.0022580634166459324,Polynesia,Oceania,Oceania,False
2022,PF,PYF,French Polynesia,776,0.002420534945085205,280378,0.0017476859239267265,0.0027676921869761537,0.617,0.0044857247762984664,Polynesia,Oceania,Oceania,False
2023,PF,PYF,French Polynesia,661,0.001825444027522725,281118,0.0017370688182602313,0.002351325777787264,0.52,0.0045217803418985845,Polynesia,Oceania,Oceania,False
2024,PF,PYF,French Polynesia,372,0.0017564370466757566,281806,0.0017263351836017762,0.0013200570605310035,0.632,0.002088697880587031,Polynesia,Oceania,Oceania,False
2019,QA,QAT,Qatar,53467,0.3147457689278517,2797921,0.01790946034507913,0.01910954598074785,,,Western Asia,Asia,Asia,True
2020,QA,QAT,Qatar,56683,0.2605984942820094,2803375,0.017772122691524717,0.02021955678423329,0.988,0.020465138445580254,Western Asia,Asia,Asia,True
2021,QA,QAT,Qatar,73536,0.2501421795821242,2814982,0.017694389049336408,0.02612308000548494,0.998,0.02617543086721938,Western Asia,Asia,Asia,True
2022,QA,QAT,Qatar,61167,0.1907949239510654,2892455,0.018029598931055504,0.021147087854435073,0.968,0.021846165138879207,Western Asia,Asia,Asia,True
2023,QA,QAT,Qatar,66272,0.18301940482902576,2979082,0.018408178947062537,0.022245779068854096,0.952,0.023367414988292118,Western Asia,Asia,Asia,True
2024,QA,QAT,Qatar,36417,0.17194668798062104,3048423,0.018674548729980475,0.011946176760902276,0.84,0.014221639001074139,Western Asia,Asia,Asia,True
2019,RE,REU,Réunion,1242,0.0073113181029119245,857328,0.005487746730063501,0.0014486870835899446,,,Eastern Africa,Sub-Saharan Africa,Africa,False
2020,RE,REU,Réunion,2101,0.009659288260792508,861446,0.005461175905515031,0.002438922462928611,0.679,0.003591932935093683,Eastern Africa,Sub-Saharan Africa,Africa,False
2021,RE,REU,Réunion,3198,0.010878409082675603,868079,0.005456563328489809,0.0036839965026224573,0.687,0.005362440324050156,Eastern Africa,Sub-Saharan Africa,Africa,False
2022,RE,REU,Réunion,4528,0.014123946174414702,871540,0.005432588113686164,0.005195401243775386,0.591,0.008790865048689317,Eastern Africa,Sub-Saharan Africa,Africa,False
2023,RE,REU,Réunion,10121,0.027950558248952345,874883,0.005406028710100264,0.011568404003735357,0.506,0.022862458505405844,Eastern Africa,Sub-Saharan Africa,Africa,False
2024,RE,REU,Réunion,2744,0.012956084021715795,878590,0.005382216237272041,0.0031231860139541764,0.606,0.005153772300254417,Eastern Africa,Sub-Saharan Africa,Africa,False
2019,RO,ROU,Romania,106764,0.6284907938319554,19501542,0.12482914746945865,0.00547464400507406,,,Eastern Europe,Europe,Europe,False
2020,RO,ROU,Romania,59324,0.2727404173171132,19392469,0.12293943491669493,0.003059125684305593,0.626,0.004886782243299669,Eastern Europe,Europe,Europe,False
2021,RO,ROU,Romania,32765,0.11145436947900755,19248161,0.12098992079461401,0.001702240541317168,0.697,0.002442238940196798,Eastern Europe,Europe,Europe,False
2022,RO,ROU,Romania,96287,0.3003428456925505,19166772,0.1194726320592661,0.005023641957028549,0.673,0.0074645497132667885,Eastern Europe,Europe,Europe,False
2023,RO,ROU,Romania,133054,0.3674472460484246,19118478,0.1181358432629509,0.006959445202698667,0.674,0.010325586354152323,Eastern Europe,Europe,Europe,False
2024,RO,ROU,Romania,89328,0.42177152824046227,19015088,0.11648586415365157,0.0046977431816250335,0.686,0.006848022130648736,Eastern Europe,Europe,Europe,False
2019,RU,RUS,Russian Federation,72037,0.42406233669844307,146533067,0.9379564872200907,0.0004916091737846448,,,Eastern Europe,Europe,Europe,False
2020,RU,RUS,Russian Federation,64580,0.2969047291204094,146371298,0.9279274683457356,0.00044120671800013686,0.678,0.0006507473716816178,Eastern Europe,Europe,Europe,False
2021,RU,RUS,Russian Federation,81897,0.27858319845024515,145836175,0.916695743673355,0.0005615684860083584,0.727,0.0007724463356373568,Eastern Europe,Europe,Europe,False
2022,RU,RUS,Russian Federation,89326,0.27862977384623844,145579899,0.9074461629977193,0.0006135874568782329,0.733,0.0008370906642267843,Eastern Europe,Europe,Europe,False
2023,RU,RUS,Russian Federation,158015,0.43638054161725176,145440500,0.8986979043041611,0.0010864580361041112,0.735,0.0014781741987811038,Eastern Europe,Europe,Europe,False
2024,RU,RUS,Russian Federation,243970,1.151929963111517,144820423,0.8871656087130576,0.0016846380845055259,0.734,0.002295147254094722,Eastern Europe,Europe,Europe,False
2019,RW,RWA,Rwanda,873,0.005139114898423599,12776103,0.08177968929185153,6.83306952049463e-05,,,Eastern Africa,Sub-Saharan Africa,Africa,False
2020,RW,RWA,Rwanda,1456,0.006693918947031838,13065837,0.08283146501322985,0.00011143564702360821,0.065,0.0017143945695939724,Eastern Africa,Sub-Saharan Africa,Africa,False
2021,RW,RWA,Rwanda,1248,0.0042452328127514545,13355260,0.08394837561840203,9.344632751440256e-05,0.069,0.001354294601658008,Eastern Africa,Sub-Saharan Africa,Africa,False
2022,RW,RWA,Rwanda,1817,0.005667670096932755,13651030,0.08509124459872551,0.0001331035094055174,0.057,0.0023351492878160946,Eastern Africa,Sub-Saharan Africa,Africa,False
2023,RW,RWA,Rwanda,1559,0.004305396730571752,13954472,0.08622670261771032,0.00011172045778586248,0.065,0.0017187762736286534,Eastern Africa,Sub-Saharan Africa,Africa,False
2024,RW,RWA,Rwanda,2122,0.010019245733994504,14256566,0.08733529975636019,0.00014884369770392112,0.09,0.0016538188633769015,Eastern Africa,Sub-Saharan Africa,Africa,False
2019,SA,SAU,Saudi Arabia,514832,3.030676748436676,30472812,0.19505612135476716,0.01689479789393903,,,Western Asia,Asia,Asia,True
2020,SA,SAU,Saudi Arabia,510240,2.3458140134158825,30991207,0.19647015941942825,0.016464024779673795,0.793,0.020761695812955606,Western Asia,Asia,Asia,True
2021,SA,SAU,Saudi Arabia,708980,2.4116868265901656,31328374,0.1969236172164211,0.022630603171425366,0.823,0.02749769522651928,Western Asia,Asia,Asia,True
2022,SA,SAU,Saudi Arabia,602745,1.8801099683961109,32175352,0.20055927992848102,0.018733128389706505,0.793,0.023623112723463437,Western Asia,Asia,Asia,True
2023,SA,SAU,Saudi Arabia,833909,2.302956435018832,33264292,0.20554487579843078,0.025069194318039296,0.943,0.02658451147193987,Western Asia,Asia,Asia,True
2024,SA,SAU,Saudi Arabia,490682,2.3168065670348215,33962756,0.20805483422951365,0.014447649654815998,0.996,0.014505672344192769,Western Asia,Asia,Asia,True
2019,SD,SDN,Sudan,15884,0.09350481219537278,45548176,0.2915533540306124,0.00034872966153463533,,,Northern Africa,Africa,Africa,True
2020,SD,SDN,Sudan,103515,0.4759072938200554,46789231,0.29662244757625783,0.002212368055375819,,,Northern Africa,Africa,Africa,True
2021,SD,SDN,Sudan,31198,0.10612401706107362,48066924,0.3021386473024998,0.0006490533906434288,,,Northern Africa,Africa,Africa,True
2022,SD,SDN,Sudan,33949,0.10589528460141448,49383346,0.30782222100379925,0.0006874584804358944,,,Northern Africa,Africa,Africa,True
2023,SD,SDN,Sudan,57742,0.15946261579004112,50042790,0.30922164389240436,0.0011538525330022566,0.06,0.01923087555003761,Northern Africa,Africa,Africa,True
2024,SD,SDN,Sudan,21066,0.09946533017546098,50448962,0.30904884238372865,0.00041757053395865705,0.072,0.0057995907494257926,Northern Africa,Africa,Africa,True
2019,SN,SEN,Senegal,3590,0.021133359089737364,16352922,0.10467486683332808,0.00021953263153826576,,,Western Africa,Sub-Saharan Africa,Africa,False
2020,SN,SEN,Senegal,4223,0.0194151234294749,16789220,0.10643602005974961,0.0002515304463221043,0.23,0.001093610636183062,Western Africa,Sub-Saharan Africa,Africa,False
2021,SN,SEN,Senegal,3752,0.012762911469105334,17220866,0.10824676774860006,0.00021787522183843716,0.221,0.0009858607323006206,Western Africa,Sub-Saharan Africa,Africa,False
2022,SN,SEN,Senegal,3893,0.01214322492424833,17651103,0.11002498147101704,0.00022055278925062078,0.174,0.0012675447658081654,Western Africa,Sub-Saharan Africa,Africa,False
2023,SN,SEN,Senegal,9203,0.025415372746280845,18077574,0.11170394675969479,0.0005090837963102792,0.206,0.0024712805646130063,Western Africa,Sub-Saharan Africa,Africa,False
2024,SN,SEN,Senegal,5174,0.024429584084678397,18501984,0.11334260429386572,0.0002796456855653967,0.268,0.0010434540506171518,Western Africa,Sub-Saharan Africa,Africa,False
2019,SG,SGP,Singapore,18426,0.10846887871518124,5669562,0.03629080156765239,0.003249986506894183,,,South-Eastern Asia,Asia,Asia,False
2020,SG,SGP,Singapore,22769,0.10467983551165377,5620150,0.03562919528952518,0.004051315356351699,0.844,0.004800136678141823,South-Eastern Asia,Asia,Asia,False
2021,SG,SGP,Singapore,53603,0.1823375115880739,5546290,0.03486282080682719,0.009664658717809563,0.895,0.010798501360681076,South-Eastern Asia,Asia,Asia,False
2022,SG,SGP,Singapore,74792,0.23329465156290294,5649884,0.035217537533682494,0.013237793908689099,0.847,0.015629036491958796,South-Eastern Asia,Asia,Asia,False
2023,SG,SGP,Singapore,35063,0.09683138265813813,5789090,0.03577162517199938,0.006056737760166106,0.85,0.0071255738354895366,South-Eastern Asia,Asia,Asia,False
2024,SG,SGP,Singapore,18893,0.08920528258829319,5832387,0.03572902948298337,0.003239325511150066,0.882,0.0036727046611678754,South-Eastern Asia,Asia,Asia,False
2019,SH,SHN,"Saint Helena, Ascension and Tristan da Cunha",2,1.1773459102917752e-05,5458,3.493659562347969e-05,0.00036643459142543056,,,Western Africa,Sub-Saharan Africa,Africa,False
2020,SH,SHN,"Saint Helena, Ascension and Tristan da Cunha",0,0.0,5430,3.442373075845337e-05,0.0,0.378,0.0,Western Africa,Sub-Saharan Africa,Africa,False
2021,SH,SHN,"Saint Helena, Ascension and Tristan da Cunha",0,0.0,5390,3.3880414502090326e-05,0.0,0.361,0.0,Western Africa,Sub-Saharan Africa,Africa,False
2022,SH,SHN,"Saint Helena, Ascension and Tristan da Cunha",1,3.1192460632541303e-06,5343,3.330463121764368e-05,0.00018716077110237696,0.365,0.0005127692358969231,Western Africa,Sub-Saharan Africa,Africa,False
2023,SH,SHN,"Saint Helena, Ascension and Tristan da Cunha",4,1.1046559924494554e-05,5288,3.267531752132593e-05,0.0007564296520423601,0.492,0.0015374586423625206,Western Africa,Sub-Saharan Africa,Africa,False
2024,SH,SHN,"Saint Helena, Ascension and Tristan da Cunha",2,9.443209928364283e-06,5238,3.208783238009873e-05,0.00038182512409316535,0.441,0.0008658166079210098,Western Africa,Sub-Saharan Africa,Africa,False
2019,SB,SLB,Solomon Islands,462,0.002719669052774001,728147,0.004660860625403053,0.0006344872669941646,,,Melanesia,Oceania,Oceania,False
2020,SB,SLB,Solomon Islands,467,0.0021470193325988105,744498,0.004719778766520629,0.0006272683069665734,0.187,0.0033543759730832803,Melanesia,Oceania,Oceania,False
2021,SB,SLB,Solomon Islands,1466,0.0049867879034404105,762592,0.004793494073465319,0.0019223910033150098,0.2,0.009611955016575049,Melanesia,Oceania,Oceania,False
2022,SB,SLB,Solomon Islands,1570,0.004897216319308985,781066,0.0048686346783904325,0.0020100734124901096,0.169,0.011893925517692956,Melanesia,Oceania,Oceania,False
2023,SB,SLB,Solomon Islands,1294,0.003573562135573988,800006,0.004943352887474636,0.0016174878688409837,0.211,0.007665819283606558,Melanesia,Oceania,Oceania,False
2024,SB,SLB,Solomon Islands,649,0.003064321621754209,819198,0.005018382609796129,0.000792238262300445,0.21,0.003772563153811643,Melanesia,Oceania,Oceania,False
2019,SL,SLE,Sierra Leone,728,0.0042855391134620615,7731991,0.04949238602627049,9.415427410611317e-05,,,Western Africa,Sub-Saharan Africa,Africa,False
2020,SL,SLE,Sierra Leone,958,0.004404377988500344,7912558,0.05016201955849839,0.00012107336211627137,0.105,0.0011530796392025845,Western Africa,Sub-Saharan Africa,Africa,False
2021,SL,SLE,Sierra Leone,1185,0.004030930194800059,8094602,0.05088097792012048,0.00014639385605370097,0.113,0.001295520850032752,Western Africa,Sub-Saharan Africa,Africa,False
2022,SL,SLE,Sierra Leone,1676,0.0052278564020139225,8276807,0.051591990416360055,0.00020249354612231506,0.09,0.002249928290247945,Western Africa,Sub-Saharan Africa,Africa,False
2023,SL,SLE,Sierra Leone,1247,0.0034437650564611774,8460512,0.052278728440428954,0.00014739060709328229,0.115,0.0012816574529850634,Western Africa,Sub-Saharan Africa,Africa,False
2024,SL,SLE,Sierra Leone,883,0.00416917718337283,8642022,0.05294077001930615,0.00010217516224790911,0.132,0.0007740542594538569,Western Africa,Sub-Saharan Africa,Africa,False
2019,SV,SLV,El Salvador,25015,0.14725653972974376,6222318,0.03982898640650401,0.004020205974686604,,,Central America,Latin America and the Caribbean,Americas,False
2020,SV,SLV,El Salvador,73197,0.3365211436578911,6234674,0.03952499800050267,0.011740309116402878,0.661,0.01776143587958075,Central America,Latin America and the Caribbean,Americas,False
2021,SV,SLV,El Salvador,35868,0.12200962382032787,6255782,0.039322539368221825,0.005733575754398091,0.704,0.008144283742042744,Central America,Latin America and the Caribbean,Americas,False
2022,SV,SLV,El Salvador,46619,0.1454161322228443,6280319,0.03914724091786651,0.00742303058172682,0.63,0.011782588224963206,Central America,Latin America and the Caribbean,Americas,False
2023,SV,SLV,El Salvador,27560,0.07611079787976748,6309624,0.038988080113498226,0.004367930640557979,0.611,0.007148822652304385,Central America,Latin America and the Caribbean,Americas,False
2024,SV,SLV,El Salvador,17847,0.08426648379575867,6338193,0.03882758201159128,0.002815786770772048,0.614,0.0045859719393681565,Central America,Latin America and the Caribbean,Americas,False
2019,SM,SMR,San Marino,7,4.120710686021213e-05,34653,0.00022181345696966684,0.00020200271260785503,,,Southern Europe,Europe,Europe,False
2020,SM,SMR,San Marino,12,5.51696616513613e-05,34768,0.0002204133095782517,0.0003451449608835711,0.442,0.0007808709522252739,Southern Europe,Europe,Europe,False
2021,SM,SMR,San Marino,5,1.700814428185679e-05,34572,0.0002173123729436488,0.00014462570866597245,0.464,0.000311693337642182,Southern Europe,Europe,Europe,False
2022,SM,SMR,San Marino,36,0.0001122928582771487,34090,0.00021249389448053027,0.0010560281607509534,0.376,0.00280858553391211,Southern Europe,Europe,Europe,False
2023,SM,SMR,San Marino,38,0.00010494231928269825,33732,0.00020843491123853373,0.0011265267401873592,0.285,0.003952725404166173,Southern Europe,Europe,Europe,False
2024,SM,SMR,San Marino,18,8.498888935527853e-05,33581,0.0002057162083154058,0.0005360173907864566,0.268,0.0020000648909942412,Southern Europe,Europe,Europe,False
2019,SO,SOM,Somalia,17245,0.10151665111490832,16030971,0.10261406216173137,0.0010757302224550216,,,Eastern Africa,Sub-Saharan Africa,Africa,True
2020,SO,SOM,Somalia,21745,0.09997202438407095,16651190,0.1055609726275969,0.0013059126705058316,0.13,0.01004548208081409,Eastern Africa,Sub-Saharan Africa,Africa,True
2021,SO,SOM,Somalia,29636,0.10081067278742156,17271432,0.10856461506580092,0.0017158970952727024,0.139,0.012344583419228073,Eastern Africa,Sub-Saharan Africa,Africa,True
2022,SO,SOM,Somalia,22310,0.06959037967119965,17801897,0.11096492879645843,0.0012532372252238061,0.109,0.011497589222236754,Eastern Africa,Sub-Saharan Africa,Africa,True
2023,SO,SOM,Somalia,20951,0.05785911924452135,18358615,0.11344053978380807,0.0011412080922226433,0.158,0.00722283602672559,Eastern Africa,Sub-Saharan Africa,Africa,True
2024,SO,SOM,Somalia,8457,0.03993061318208836,19009151,0.1164494942680386,0.00044489098960811033,0.158,0.0028157657570133565,Eastern Africa,Sub-Saharan Africa,Africa,True
2019,PM,SPM,Saint Pierre and Miquelon,5,2.9433647757294378e-05,5876,3.761220884638451e-05,0.0008509189925119128,,,North America,Americas,Americas,False
2020,PM,SPM,Saint Pierre and Miquelon,15,6.896207706420163e-05,5827,3.694053022642869e-05,0.002574223442594817,0.847,0.00303922484367747,North America,Americas,Americas,False
2021,PM,SPM,Saint Pierre and Miquelon,62,0.0002109009890950242,5779,3.632558727413358e-05,0.010728499740439523,0.807,0.013294299554447983,North America,Americas,Americas,False
2022,PM,SPM,Saint Pierre and Miquelon,60,0.00018715476379524784,5732,3.572939287657376e-05,0.0104675505931612,0.76,0.01377309288573842,North America,Americas,Americas,False
2023,PM,SPM,Saint Pierre and Miquelon,16,4.4186239697978216e-05,5682,3.510990055903441e-05,0.0028159098908834917,0.935,0.0030116683324957127,North America,Americas,Americas,False
2024,PM,SPM,Saint Pierre and Miquelon,12,5.665925957018569e-05,5628,3.447696079327905e-05,0.0021321961620469083,0.777,0.0027441392046935755,North America,Americas,Americas,False
2019,RS,SRB,Serbia,32473,0.19115976872452406,6966152,0.044590259339628846,0.004661540546344668,,,Southern Europe,Europe,Europe,False
2020,RS,SRB,Serbia,45737,0.21027456791235932,6907812,0.04379238681731368,0.0066210545394113215,0.528,0.012539876021612351,Southern Europe,Europe,Europe,False
2021,RS,SRB,Serbia,22695,0.07719996689534797,6835430,0.04296608565863141,0.0033202007774200014,0.575,0.005774262221600003,Southern Europe,Europe,Europe,False
2022,RS,SRB,Serbia,27575,0.08601321019423264,6791214,0.042331813174265175,0.00406039332584719,0.698,0.0058171824152538545,Southern Europe,Europe,Europe,False
2023,RS,SRB,Serbia,32007,0.08839181087582429,6773201,0.04185258950657381,0.004725535238065429,0.703,0.006721956241913839,Southern Europe,Europe,Europe,False
2024,RS,SRB,Serbia,15761,0.07441721584047473,6736216,0.041265859084409925,0.0023397408871687012,0.721,0.0032451329919122073,Southern Europe,Europe,Europe,False
2019,SS,SSD,South Sudan,633,0.003726299806073468,10423384,0.06671996186080033,6.072883815850975e-05,,,Eastern Africa,Sub-Saharan Africa,Africa,False
2020,SS,SSD,South Sudan,1751,0.00805017312929447,10698467,0.06782341575252271,0.00016366830873993442,0.04,0.004091707718498361,Eastern Africa,Sub-Saharan Africa,Africa,False
2021,SS,SSD,South Sudan,1840,0.006258997095723299,10865780,0.06830002417226773,0.00016933897060312283,0.045,0.0037630882356249518,Eastern Africa,Sub-Saharan Africa,Africa,False
2022,SS,SSD,South Sudan,2840,0.008858658819641731,11021178,0.0686985343204207,0.0002576857029257671,0.043,0.005992690765715514,Eastern Africa,Sub-Saharan Africa,Africa,False
2023,SS,SSD,South Sudan,2760,0.0076221263479012424,11483374,0.07095743034533636,0.0002403474797563852,0.066,0.0036416284811573514,Eastern Africa,Sub-Saharan Africa,Africa,False
2024,SS,SSD,South Sudan,932,0.004400535826617755,11943408,0.07316496257180799,7.803467820910078e-05,0.072,0.0010838149751263998,Eastern Africa,Sub-Saharan Africa,Africa,False
2019,ST,STP,Sao Tome and Principe,692,0.004073616849609543,213392,0.0013659197532586253,0.0032428582139911524,,,Middle Africa,Sub-Saharan Africa,Africa,False
2020,ST,STP,Sao Tome and Principe,576,0.0026481437592653424,217434,0.0013784326839288306,0.002649079720742846,0.307,0.0086289241718008,Middle Africa,Sub-Saharan Africa,Africa,False
2021,ST,STP,Sao Tome and Principe,412,0.0014014710888249995,221961,0.00139520049782903,0.0018561819418726714,0.308,0.006026564746339842,Middle Africa,Sub-Saharan Africa,Africa,False
2022,ST,STP,Sao Tome and Principe,450,0.0014036607284643586,226305,0.0014106315866945262,0.001988466892026248,0.274,0.007257178438052,Middle Africa,Sub-Saharan Africa,Africa,False
2023,ST,STP,Sao Tome and Principe,948,0.002618034702105209,230872,0.0014265915103599774,0.004106171385009876,0.269,0.015264577639441917,Middle Africa,Sub-Saharan Africa,Africa,False
2024,ST,STP,Sao Tome and Principe,288,0.0013598222296844565,235536,0.0014428865382739471,0.0012227430201752598,0.289,0.004230944706488789,Middle Africa,Sub-Saharan Africa,Africa,False
2019,SR,SUR,Suriname,3366,0.019814731670210577,605768,0.003877514045006237,0.005556582718136316,,,South America,Latin America and the Caribbean,Americas,False
2020,SR,SUR,Suriname,2666,0.012256859830210768,612316,0.0038818049950447757,0.004353961026659438,0.662,0.006576980402808818,South America,Latin America and the Caribbean,Americas,False
2021,SR,SUR,Suriname,2062,0.007014158701837741,617896,0.0038839652317594815,0.0033371311677045977,0.691,0.004829422818675251,South America,Latin America and the Caribbean,Americas,False
2022,SR,SUR,Suriname,3096,0.009657185811834787,623164,0.0038843809111195407,0.004968194568364026,0.575,0.008640338379763525,South America,Latin America and the Caribbean,Americas,False
2023,SR,SUR,Suriname,3417,0.009436523815499472,628886,0.0038859776351582035,0.0054334171853086255,0.546,0.009951313526206273,South America,Latin America and the Caribbean,Americas,False
2024,SR,SUR,Suriname,1723,0.008135325353285828,634431,0.0038865054571856476,0.002715819372004205,0.548,0.004955874766431031,South America,Latin America and the Caribbean,Americas,False
2019,SK,SVK,Slovakia,6769,0.03984727233382513,5450626,0.03488939473375313,0.0012418757038182404,,,Eastern Europe,Europe,Europe,False
2020,SK,SVK,Slovakia,6554,0.03013183020525183,5455024,0.03458237153902419,0.0012014612584655905,0.738,0.001627996285183727,Eastern Europe,Europe,Europe,False
2021,SK,SVK,Slovakia,7275,0.024746849930101632,5442759,0.03421204655936598,0.0013366382748161364,0.744,0.0017965568209894307,Eastern Europe,Europe,Europe,False
2022,SK,SVK,Slovakia,39748,0.12398379252222519,5473196,0.03411618460825052,0.007262301587591601,0.711,0.01021420757748467,Eastern Europe,Europe,Europe,False
2023,SK,SVK,Slovakia,13164,0.036354228711511574,5518054,0.034096854491267516,0.0023856236274599706,0.724,0.0032950602589226115,Eastern Europe,Europe,Europe,False
2024,SK,SVK,Slovakia,8646,0.04082299652031879,5506760,0.03373424815529449,0.0015700702409402261,0.724,0.0021686053051660583,Eastern Europe,Europe,Europe,False
2019,SI,SVN,Slovenia,6890,0.04055956660955166,2083440,0.013336075629494782,0.0033070306800291826,,,Southern Europe,Europe,Europe,False
2020,SI,SVN,Slovenia,5242,0.024099947198036327,2102420,0.013328386744233431,0.002493317224912244,0.698,0.0035720877147739885,Southern Europe,Europe,Europe,False
2021,SI,SVN,Slovenia,3162,0.010755950443846234,2113494,0.013284981960608701,0.0014961007696260315,0.775,0.001930452605969073,Southern Europe,Europe,Europe,False
2022,SI,SVN,Slovenia,14795,0.04614924550584486,2115228,0.013184893969910913,0.0069945178486669046,0.774,0.009036844765719514,Southern Europe,Europe,Europe,False
2023,SI,SVN,Slovenia,6204,0.01713321444289105,2118396,0.013089875555201733,0.0029286309075357017,0.769,0.0038083626886029932,Southern Europe,Europe,Europe,False
2024,SI,SVN,Slovenia,4696,0.022172656911799333,2118696,0.012979068749978173,0.0022164576701895885,0.746,0.002971122882291674,Southern Europe,Europe,Europe,False
2019,SE,SWE,Sweden,16404,0.0965659115621314,10279125,0.06579656165045816,0.0015958556783772938,,,Northern Europe,Europe,Europe,False
2020,SE,SWE,Sweden,19699,0.09056559707251385,10353686,0.06563766099844716,0.001902607438548938,0.821,0.0023174268435431646,Northern Europe,Europe,Europe,False
2021,SE,SWE,Sweden,19635,0.06679098259485161,10416132,0.06547363073626848,0.0018850567561931818,0.908,0.0020760536962479976,Northern Europe,Europe,Europe,False
2022,SE,SWE,Sweden,48883,0.15247810531005165,10487338,0.06537093852606791,0.0046611447061208474,0.822,0.00567049234321271,Northern Europe,Europe,Europe,False
2023,SE,SWE,Sweden,29237,0.08074206812811183,10551494,0.06519920892102221,0.0027708872317038706,0.801,0.003459284933463009,Northern Europe,Europe,Europe,False
2024,SE,SWE,Sweden,51148,0.24150065070798815,10606999,0.06497816074224415,0.004822099068737538,0.814,0.005923954629898696,Northern Europe,Europe,Europe,False
2019,SZ,SWZ,Eswatini,259,0.0015246629538278487,1179874,0.007552359989860291,0.00021951496515729645,,,Southern Africa,Sub-Saharan Africa,Africa,False
2020,SZ,SWZ,Eswatini,317,0.0014573985619567944,1192730,0.007561365817224694,0.0002657768313029772,0.3,0.000885922771009924,Southern Africa,Sub-Saharan Africa,Africa,False
2021,SZ,SWZ,Eswatini,384,0.0013062254808466015,1206594,0.0075843979324184,0.00031825120960323025,0.346,0.000919801183824365,Southern Africa,Sub-Saharan Africa,Africa,False
2022,SZ,SWZ,Eswatini,834,0.0026014512167539445,1218916,0.007597894041790262,0.0006842144987841656,0.279,0.002452381716072278,Southern Africa,Sub-Saharan Africa,Africa,False
2023,SZ,SWZ,Eswatini,847,0.002339109064011722,1230506,0.0076034747091332615,0.000688334717587724,0.337,0.0020425362539695075,Southern Africa,Sub-Saharan Africa,Africa,False
2024,SZ,SWZ,Eswatini,412,0.0019453012452430418,1242822,0.007613490648014332,0.00033150362642437936,0.371,0.0008935407720333675,Southern Africa,Sub-Saharan Africa,Africa,False
2019,SX,SXM,Sint Maarten (Dutch part),107,0.0006298800620060997,40384,0.0002584975224731776,0.0026495641838351824,,,Caribbean,Latin America and the Caribbean,Americas,False
2020,SX,SXM,Sint Maarten (Dutch part),153,0.0007034131860548566,41008,0.00025997207199680584,0.0037309793211080765,0.904,0.004127189514500085,Caribbean,Latin America and the Caribbean,Americas,False
2021,SX,SXM,Sint Maarten (Dutch part),88,0.0002993433393606795,41571,0.00026130662546686406,0.0021168603112746865,0.832,0.0025443032587436137,Caribbean,Latin America and the Caribbean,Americas,False
2022,SX,SXM,Sint Maarten (Dutch part),174,0.0005427488150062187,42138,0.0002626596575424049,0.004129289477431297,0.72,0.005735124274210135,Caribbean,Latin America and the Caribbean,Americas,False
2023,SX,SXM,Sint Maarten (Dutch part),115,0.0003175885978292184,42749,0.0002641522595913696,0.0026901214063486866,0.69,0.003898726675867662,Caribbean,Latin America and the Caribbean,Americas,False
2024,SX,SXM,Sint Maarten (Dutch part),116,0.0005477061758451283,43350,0.00026556081208042767,0.0026758938869665514,0.726,0.0036858042520200433,Caribbean,Latin America and the Caribbean,Americas,False
2019,SC,SYC,Seychelles,1501,0.008835981056739772,117650,0.0007530763054419906,0.012758181045473863,,,Eastern Africa,Sub-Saharan Africa,Africa,False
2020,SC,SYC,Seychelles,511,0.0023493080919871354,120291,0.000762590238796522,0.004248031856082334,0.76,0.0055895156001083334,Eastern Africa,Sub-Saharan Africa,Africa,False
2021,SC,SYC,Seychelles,812,0.0027621226313735425,122988,0.0007730768866016857,0.006602270140176277,0.74,0.008921986675913889,Eastern Africa,Sub-Saharan Africa,Africa,False
2022,SC,SYC,Seychelles,482,0.0015034766024884909,125522,0.0007824188507769175,0.0038399643090454264,0.624,0.006153788956803568,Eastern Africa,Sub-Saharan Africa,Africa,False
2023,SC,SYC,Seychelles,837,0.0023114926642004855,127950,0.0007906215727786787,0.006541617819460727,0.624,0.010483361890161422,Eastern Africa,Sub-Saharan Africa,Africa,False
2024,SC,SYC,Seychelles,929,0.0043863710117252085,130418,0.0007989367933080788,0.007123249858148415,0.535,0.013314485716165262,Eastern Africa,Sub-Saharan Africa,Africa,False
2019,SY,SYR,Syrian Arab Republic,31698,0.18659755332214345,20353534,0.1302827385245044,0.0015573708231700696,,,Western Asia,Asia,Asia,True
2020,SY,SYR,Syrian Arab Republic,97973,0.45042810508073505,21049429,0.13344380782968332,0.004654425542849642,,,Western Asia,Asia,Asia,True
2021,SY,SYR,Syrian Arab Republic,77152,0.26244246952676303,21628840,0.13595437187372753,0.0035670891272948525,,,Western Asia,Asia,Asia,True
2022,SY,SYR,Syrian Arab Republic,62504,0.19496535593763617,22462172,0.14001391630306603,0.002782633843245435,,,Western Asia,Asia,Asia,True
2023,SY,SYR,Syrian Arab Republic,97131,0.2682408530065201,23594623,0.14579459121047275,0.0041166582742178165,,,Western Asia,Asia,Asia,True
2024,SY,SYR,Syrian Arab Republic,39135,0.18478001027326807,24672760,0.1511445947373816,0.0015861622291142134,,,Western Asia,Asia,Asia,True
2019,TC,TCA,Turks and Caicos Islands,115,0.0006769738984177707,43166,0.00027630507267920924,0.0026641338090163556,,,Caribbean,Latin America and the Caribbean,Americas,False
2020,TC,TCA,Turks and Caicos Islands,113,0.0005195143138836523,44386,0.00028138705588300387,0.0025458477898436444,0.872,0.0029195502177106016,Caribbean,Latin America and the Caribbean,Americas,False
2021,TC,TCA,Turks and Caicos Islands,151,0.0005136459573120751,45244,0.00028439433649955005,0.0033374591106003007,0.904,0.0036918795471242265,Caribbean,Latin America and the Caribbean,Americas,False
2022,TC,TCA,Turks and Caicos Islands,226,0.0007049496102954335,45848,0.00028578527644891025,0.004929331704763566,0.677,0.007281139888867897,Caribbean,Latin America and the Caribbean,Americas,False
2023,TC,TCA,Turks and Caicos Islands,228,0.0006296539156961895,46198,0.00028546412988846736,0.004935278583488463,0.664,0.00743264846910913,Caribbean,Latin America and the Caribbean,Americas,False
2024,TC,TCA,Turks and Caicos Islands,203,0.0009584858077289747,46534,0.0002850659014844434,0.004362401684789616,0.737,0.0059191339006643365,Caribbean,Latin America and the Caribbean,Americas,False
2019,TD,TCD,Chad,340,0.002001488047496018,16685223,0.10680192173664028,2.0377312308022493e-05,,,Middle Africa,Sub-Saharan Africa,Africa,False
2020,TD,TCD,Chad,624,0.0028688224058707875,17224679,0.10919663209885558,3.6227090211666646e-05,0.028,0.001293824650416666,Middle Africa,Sub-Saharan Africa,Africa,False
2021,TD,TCD,Chad,713,0.0024253613745927782,17828274,0.11206480760238219,3.999265436463451e-05,0.033,0.0012118986171101367,Middle Africa,Sub-Saharan Africa,Africa,False
2022,TD,TCD,Chad,1257,0.003920892301510442,18455316,0.11503789881809451,6.811045662940694e-05,0.027,0.0025226095047928498,Middle Africa,Sub-Saharan Africa,Africa,False
2023,TD,TCD,Chad,1601,0.004421385609778945,19319064,0.11937529319493514,8.287150971703391e-05,0.052,0.001593682879173729,Middle Africa,Sub-Saharan Africa,Africa,False
2024,TD,TCD,Chad,998,0.004712161754253777,20299123,0.12435182441523616,4.91646855876483e-05,0.081,0.0006069714270080036,Middle Africa,Sub-Saharan Africa,Africa,False
2019,TG,TGO,Togo,803,0.004727043829821477,8463068,0.05417200154818816,9.488284863125288e-05,,,Western Africa,Sub-Saharan Africa,Africa,False
2020,TG,TGO,Togo,1097,0.005043426569295279,8669720,0.05496208232618386,0.0001265323447585389,0.106,0.0011937013656465934,Western Africa,Sub-Saharan Africa,Africa,False
2021,TG,TGO,Togo,1391,0.004731665739212559,8878378,0.05580763019410755,0.00015667276162380112,0.112,0.0013988639430696527,Western Africa,Sub-Saharan Africa,Africa,False
2022,TG,TGO,Togo,2917,0.009098840766512298,9089738,0.05665924985120757,0.0003209113397987929,0.087,0.0036886360896412978,Western Africa,Sub-Saharan Africa,Africa,False
2023,TG,TGO,Togo,3436,0.009488994975140823,9304338,0.05749285145153908,0.00036929010962413446,0.1,0.0036929010962413445,Western Africa,Sub-Saharan Africa,Africa,False
2024,TG,TGO,Togo,2285,0.010788867343156192,9515236,0.058290053040298044,0.00024014117989296324,0.097,0.002475682266937765,Western Africa,Sub-Saharan Africa,Africa,False
2019,TH,THA,Thailand,355396,2.0921201356702785,71522271,0.45781323928177503,0.004969025661950807,,,South-Eastern Asia,Asia,Asia,False
2020,TH,THA,Thailand,397743,1.8286122278497832,71641484,0.4541744302674116,0.005551853169317375,0.787,0.007054451295193615,South-Eastern Asia,Asia,Asia,False
2021,TH,THA,Thailand,589515,2.005311235263761,71727332,0.45086303140798656,0.008218833512446832,0.812,0.010121716148333536,South-Eastern Asia,Asia,Asia,False
2022,TH,THA,Thailand,525932,1.640511320539371,71735329,0.4471492939587011,0.00733156183057305,0.728,0.010070826690347597,South-Eastern Asia,Asia,Asia,False
2023,TH,THA,Thailand,432468,1.1943209193565776,71702435,0.443059725922321,0.006031426966183227,0.683,0.008830786187676758,South-Eastern Asia,Asia,Asia,False
2024,TH,THA,Thailand,315935,1.4917202643588847,71668011,0.4390361061441528,0.004408312657093274,0.711,0.006200158448795041,South-Eastern Asia,Asia,Asia,False
2019,TJ,TJK,Tajikistan,5065,0.029816285178139203,9529966,0.061001203453189844,0.0005314814344563244,,,Central Asia,Asia,Asia,False
2020,TJ,TJK,Tajikistan,3510,0.016137126033023183,9749310,0.06180619199276188,0.00036002547872618677,0.104,0.0034617834492902577,Central Asia,Asia,Asia,False
2021,TJ,TJK,Tajikistan,4036,0.013728974064314801,9966908,0.06264990247573286,0.0004049400275391325,0.145,0.0027926898450974656,Central Asia,Asia,Asia,False
2022,TJ,TJK,Tajikistan,8885,0.02771450127201295,10182222,0.06346905272060234,0.000872599320659086,0.109,0.008005498354670515,Central Asia,Asia,Asia,False
2023,TJ,TJK,Tajikistan,22892,0.06321946244788233,10389798,0.06420006592897828,0.00220331521363553,0.156,0.014123815472022627,Central Asia,Asia,Asia,False
2024,TJ,TJK,Tajikistan,5399,0.02549194520161938,10590928,0.06487971027371026,0.00050977591387648,0.164,0.003108389718759024,Central Asia,Asia,Asia,False
2019,TK,TKL,Tokelau,0,0.0,2014,1.289159098308686e-05,0.0,,,Polynesia,Oceania,Oceania,False
2020,TK,TKL,Tokelau,0,0.0,2128,1.3490552311968467e-05,0.0,0.368,0.0,Polynesia,Oceania,Oceania,False
2021,TK,TKL,Tokelau,4,1.3606515425485432e-05,2205,1.3860169569036954e-05,0.0018140589569160999,0.473,0.0038352197820636365,Polynesia,Oceania,Oceania,False
2022,TK,TKL,Tokelau,4,1.2476984253016521e-05,2290,1.4274303853341574e-05,0.0017467248908296944,0.266,0.0065666349279311816,Polynesia,Oceania,Oceania,False
2023,TK,TKL,Tokelau,0,0.0,2398,1.4817589148286607e-05,0.0,0.053,0.0,Polynesia,Oceania,Oceania,False
2024,TK,TKL,Tokelau,132,0.0006232518552720425,2506,1.5351681547256094e-05,0.052673583399840386,0.078,0.6753023512800049,Polynesia,Oceania,Oceania,False
2019,TM,TKM,Turkmenistan,106,0.0006239933324546408,6803944,0.04355196778541606,1.5579199358489723e-05,,,Central Asia,Asia,Asia,False
2020,TM,TKM,Turkmenistan,187,0.0008597272274003803,6949912,0.044059281672733736,2.6906815510757546e-05,0.025,0.0010762726204303018,Central Asia,Asia,Asia,False
2021,TM,TKM,Turkmenistan,161,0.0005476622458757887,7092044,0.0445791076784903,2.27014948017807e-05,0.055,0.00041275445094146726,Central Asia,Asia,Asia,False
2022,TM,TKM,Turkmenistan,178,0.0005552257992592352,7230193,0.04506810995646431,2.4618983200033525e-05,0.028,0.0008792494000011973,Central Asia,Asia,Asia,False
2023,TM,TKM,Turkmenistan,140,0.00038662959735730933,7364438,0.04550592852044601,1.9010276140555462e-05,0.017,0.001118251537679733,Central Asia,Asia,Asia,False
2024,TM,TKM,Turkmenistan,318,0.0015014703786099207,7494498,0.04591107208800786,4.2431127475115744e-05,0.032,0.001325972733597367,Central Asia,Asia,Asia,False
2019,TL,TLS,Timor-Leste,1309,0.007705728982859669,1300944,0.008327327676216958,0.0010061924264226593,,,South-Eastern Asia,Asia,Asia,False
2020,TL,TLS,Timor-Leste,1758,0.008082355431924431,1326054,0.008406579349386763,0.0013257378658787652,0.331,0.004005250350086904,South-Eastern Asia,Asia,Asia,False
2021,TL,TLS,Timor-Leste,3783,0.012868361963652847,1350138,0.008486685542675926,0.002801935802118006,0.317,0.008838914202265003,South-Eastern Asia,Asia,Asia,False
2022,TL,TLS,Timor-Leste,3945,0.012305425719537544,1369296,0.008535260772561224,0.002881042521120342,0.262,0.010996345500459321,South-Eastern Asia,Asia,Asia,False
2023,TL,TLS,Timor-Leste,6416,0.017718682118889266,1384286,0.008553703591211458,0.004634880364317778,0.422,0.010983128825397578,South-Eastern Asia,Asia,Asia,False
2024,TL,TLS,Timor-Leste,7614,0.03595030019728282,1400638,0.008580266775333472,0.0054360941228211715,0.418,0.013005009863208544,South-Eastern Asia,Asia,Asia,False
2019,TO,TON,Tonga,37,0.00021780899340397838,105670,0.0006763924623549099,0.0003501466830699347,,,Polynesia,Oceania,Oceania,False
2020,TO,TON,Tonga,68,0.0003126280826910474,105704,0.0006701152920978923,0.0006433058351623402,0.725,0.0008873183933273658,Polynesia,Oceania,Oceania,False
2021,TO,TON,Tonga,188,0.0006395062249978154,105490,0.0006630881123980536,0.001782159446393023,0.71,0.002510083727314117,Polynesia,Oceania,Oceania,False
2022,TO,TON,Tonga,717,0.0022364994273532117,105042,0.00065476044775664,0.006825841092134575,0.599,0.011395394143797288,Polynesia,Oceania,Oceania,False
2023,TO,TON,Tonga,193,0.0005329965163568622,104598,0.0006463261842087083,0.0018451595632803686,0.614,0.0030051458685348025,Polynesia,Oceania,Oceania,False
2024,TO,TON,Tonga,75,0.00035412037231366056,104176,0.0006381790809524944,0.0007199354937797573,0.641,0.001123144296068264,Polynesia,Oceania,Oceania,False
2019,TT,TTO,Trinidad and Tobago,3537,0.020821362423510043,1484894,0.009504789523952225,0.0023819882092593813,,,Caribbean,Latin America and the Caribbean,Americas,False
2020,TT,TTO,Trinidad and Tobago,3411,0.01568197632439945,1481024,0.009389018678233451,0.0023031362084611727,0.671,0.003432393753295339,Caribbean,Latin America and the Caribbean,Americas,False
2021,TT,TTO,Trinidad and Tobago,4552,0.015484214554202421,1487718,0.009351484694289577,0.0030597196511704503,0.784,0.003902703636697003,Caribbean,Latin America and the Caribbean,Americas,False
2022,TT,TTO,Trinidad and Tobago,9306,0.02902770386464294,1495922,0.009324561209125955,0.006220912587688396,0.655,0.009497576469753275,Caribbean,Latin America and the Caribbean,Americas,False
2023,TT,TTO,Trinidad and Tobago,6155,0.016997894083815995,1502932,0.009286834401089529,0.004095328331554588,0.542,0.007555956331281527,Caribbean,Latin America and the Caribbean,Americas,False
2024,TT,TTO,Trinidad and Tobago,6570,0.031020944614676665,1507782,0.009236627736107297,0.004357393840754167,0.578,0.007538743669124857,Caribbean,Latin America and the Caribbean,Americas,False
2019,TN,TUN,Tunisia,65917,0.3880355518435147,11875081,0.07601225776714304,0.005550867400399206,,,Northern Africa,Africa,Africa,True
2020,TN,TUN,Tunisia,112952,0.5192936352370469,11974057,0.07591007628993994,0.009433060156636969,0.69,0.013671101676285463,Northern Africa,Africa,Africa,True
2021,TN,TUN,Tunisia,164562,0.5597788478621835,12048622,0.07573512199239418,0.013658159414412702,0.68,0.020085528550606913,Northern Africa,Africa,Africa,True
2022,TN,TUN,Tunisia,91739,0.2861565145968707,12119334,0.07554369258346444,0.007569640377928358,0.584,0.012961712975904724,Northern Africa,Africa,Africa,True
2023,TN,TUN,Tunisia,124191,0.3429708308957258,12200431,0.07538822935363616,0.010179230553412416,0.569,0.01788968462814133,Northern Africa,Africa,Africa,True
2024,TN,TUN,Tunisia,53556,0.25287027546173874,12277109,0.07520920498362,0.004362264764449024,0.589,0.007406222010949108,Northern Africa,Africa,Africa,True
2019,TR,TUR,Türkiye,222881,1.3120401691587058,85357672,0.5463734829654845,0.0026111419721006448,,,Western Asia,Asia,Asia,False
2020,TR,TUR,Türkiye,225126,1.0350104374103637,86091692,0.5457821778909197,0.002614956156280446,0.708,0.003693440898701195,Western Asia,Asia,Asia,False
2021,TR,TUR,Türkiye,289046,0.9832272144187155,86686252,0.5448916789225708,0.0033343926324095777,0.808,0.004126723554962348,Western Asia,Asia,Asia,False
2022,TR,TUR,Türkiye,276331,0.8619443839050771,87058472,0.542663354731716,0.00317408511373827,0.731,0.004342113698684365,Western Asia,Asia,Asia,False
2023,TR,TUR,Türkiye,817503,2.257648969488518,87270502,0.539257065638334,0.009367460725732963,0.668,0.014023144799001441,Western Asia,Asia,Asia,False
2024,TR,TUR,Türkiye,480449,2.2684903834363452,87473805,0.5358619306012682,0.005492490008866082,0.667,0.0082346177044469,Western Asia,Asia,Asia,False
2019,TV,TUV,Tuvalu,4,2.3546918205835504e-05,10581,6.772886007549258e-05,0.00037803610244778376,,,Polynesia,Oceania,Oceania,False
2020,TV,TUV,Tuvalu,10,4.5974718042801084e-05,10400,6.593127069759024e-05,0.0009615384615384616,0.54,0.0017806267806267807,Polynesia,Oceania,Oceania,False
2021,TV,TUV,Tuvalu,25,8.504072140928395e-05,10194,6.407735536814634e-05,0.002452422993917991,0.517,0.004743564785141182,Polynesia,Oceania,Oceania,False
2022,TV,TUV,Tuvalu,50,0.00015596230316270652,9992,6.228333803606507e-05,0.0050040032025620495,0.498,0.010048199201931826,Polynesia,Oceania,Oceania,False
2023,TV,TUV,Tuvalu,17,4.694787967910185e-05,9816,6.065448502067613e-05,0.0017318663406682966,0.525,0.0032987930298443743,Polynesia,Oceania,Oceania,False
2024,TV,TUV,Tuvalu,21,9.915370424782495e-05,9646,5.909110941932653e-05,0.0021770682148040637,0.319,0.006824665250169479,Polynesia,Oceania,Oceania,False
2019,TW,TWN,Taiwan,33621,0.19791773424959885,23674138,0.15153788677912314,0.0014201573041434498,,,Eastern Asia,Asia,Asia,False
2020,TW,TWN,Taiwan,29468,0.13547829912852624,23663459,0.15001556932407004,0.0012452955419577502,0.826,0.001507621721498487,Eastern Asia,Asia,Asia,False
2021,TW,TWN,Taiwan,38316,0.13033681126072497,23558332,0.14808275568420382,0.0016264309374704458,0.894,0.0018192739792734292,Eastern Asia,Asia,Asia,False
2022,TW,TWN,Taiwan,72902,0.2273992765033526,23420111,0.14598505707117354,0.00311279481126285,0.845,0.0036837808417311837,Eastern Asia,Asia,Asia,False
2023,TW,TWN,Taiwan,36790,0.10160073490553866,23317145,0.14408001447915986,0.0015778089470216015,0.802,0.0019673428267102263,Eastern Asia,Asia,Asia,False
2024,TW,TWN,Taiwan,26407,0.12468342228915778,23213962,0.14220804152996977,0.001137548170364025,0.794,0.0014326803153199305,Eastern Asia,Asia,Asia,False
2019,TZ,TZA,Tanzania,6785,0.03994146000664847,59174891,0.37877780101328096,0.00011466011825860398,,,Eastern Africa,Sub-Saharan Africa,Africa,False
2020,TZ,TZA,Tanzania,5752,0.026444657818219183,60972798,0.3865398125122586,9.433715015013744e-05,0.089,0.0010599679792150274,Eastern Africa,Sub-Saharan Africa,Africa,False
2021,TZ,TZA,Tanzania,7068,0.024042712756832757,62830412,0.3949388500736754,0.00011249329385266485,0.098,0.001147890753598621,Eastern Africa,Sub-Saharan Africa,Africa,False
2022,TZ,TZA,Tanzania,8385,0.026154878240385884,64711821,0.4033695178415066,0.0001295744714091727,0.074,0.0017510063703942255,Eastern Africa,Sub-Saharan Africa,Africa,False
2023,TZ,TZA,Tanzania,10940,0.030212341393492607,66617606,0.4116398314221988,0.00016422085176702388,0.083,0.0019785644791207695,Eastern Africa,Sub-Saharan Africa,Africa,False
2024,TZ,TZA,Tanzania,7735,0.03652161439794886,68560157,0.41999748487385513,0.00011282062845917929,0.097,0.0011630992624657658,Eastern Africa,Sub-Saharan Africa,Africa,False
2019,UG,UGA,Uganda,4976,0.029292366248059365,42999638,0.2752401914184703,0.00011572190444952118,,,Eastern Africa,Sub-Saharan Africa,Africa,False
2020,UG,UGA,Uganda,6575,0.030228377113141712,44457152,0.28183812720729956,0.00014789521380047016,0.073,0.002025961832883153,Eastern Africa,Sub-Saharan Africa,Africa,False
2021,UG,UGA,Uganda,4538,0.015436591750213221,45910930,0.28858651921641076,9.884356513797476e-05,0.059,0.0016753146633555047,Eastern Africa,Sub-Saharan Africa,Africa,False
2022,UG,UGA,Uganda,5510,0.017187045808530258,47312720,0.2949153455930441,0.00011645916785168977,0.043,0.0027083527407369716,Eastern Africa,Sub-Saharan Africa,Africa,False
2023,UG,UGA,Uganda,7659,0.021151400615425947,48656602,0.3006561875678484,0.0001574092658587215,0.053,0.002969986148277764,Eastern Africa,Sub-Saharan Africa,Africa,False
2024,UG,UGA,Uganda,8162,0.03853773971765463,50015092,0.306390967653917,0.0001631907425062819,0.047,0.0034721434575804657,Eastern Africa,Sub-Saharan Africa,Africa,False
2019,UA,UKR,Ukraine,24460,0.1439894048286841,44957458,0.28777217486360784,0.0005440699071553378,,,Eastern Europe,Europe,Europe,False
2020,UA,UKR,Ukraine,41904,0.19265245848655366,44680014,0.28325097094289636,0.0009378689988772161,0.589,0.0015923072986030835,Eastern Europe,Europe,Europe,False
2021,UA,UKR,Ukraine,67852,0.23080732116250938,44298640,0.27845200094227807,0.0015316948782174802,0.646,0.0023710447031230343,Eastern Europe,Europe,Europe,False
2022,UA,UKR,Ukraine,52328,0.16322390799796213,41048766,0.25587011296450507,0.0012747764451676818,0.74,0.0017226708718482188,Eastern Europe,Europe,Europe,False
2023,UA,UKR,Ukraine,105117,0.2902953098957735,37732836,0.2331566560665881,0.002785822936818213,0.649,0.004292485264743009,Eastern Europe,Europe,Europe,False
2024,UA,UKR,Ukraine,166347,0.7854248209768065,37860222,0.23193059515260145,0.004393714331627533,0.564,0.00779027363763747,Eastern Europe,Europe,Europe,False
2019,UY,URY,Uruguay,5187,0.030534466183417187,3397206,0.021745476781176058,0.0015268429409344031,,,South America,Latin America and the Caribbean,Americas,False
2020,UY,URY,Uruguay,5894,0.027097498814426958,3398968,0.02154791147119682,0.0017340557486860719,0.833,0.002081699578254588,South America,Latin America and the Caribbean,Americas,False
2021,UY,URY,Uruguay,6320,0.021498294372266982,3396694,0.021350909212757552,0.0018606327211105858,0.902,0.002062785721852091,South America,Latin America and the Caribbean,Americas,False
2022,UY,URY,Uruguay,8235,0.02568699133089776,3390913,0.021136647380893464,0.002428549479152075,0.818,0.0029688868938289427,South America,Latin America and the Caribbean,Americas,False
2023,UY,URY,Uruguay,9808,0.027086164934860647,3388080,0.020935436797967843,0.0028948549030719463,0.73,0.003965554661742392,South America,Latin America and the Caribbean,Americas,False
2024,UY,URY,Uruguay,9782,0.046186739759629704,3386588,0.020746137473167968,0.0028884529207568207,0.762,0.003790620630914463,South America,Latin America and the Caribbean,Americas,False
2019,US,USA,United States of America,2189815,12.890848672727916,337790066,2.1621903520466312,0.006482769093629888,,,North America,Americas,Americas,False
2020,US,USA,United States of America,1136262,5.223932507274925,339436158,2.151870886312309,0.003347498412352405,0.723,0.004630011635342192,North America,Americas,Americas,False
2021,US,USA,United States of America,1909740,6.496226692166637,340161441,2.1381837882575776,0.005614216574300083,0.809,0.006939699102966728,North America,Americas,Americas,False
2022,US,USA,United States of America,3225532,10.061227992900221,341534046,2.1288911567096678,0.00944424732402813,0.725,0.013026548033142248,North America,Americas,Americas,False
2023,US,USA,United States of America,2984032,8.240822076152334,343477335,2.122396176721603,0.008687711519597064,0.701,0.012393311725530763,North America,Americas,Americas,False
2024,US,USA,United States of America,3342846,15.783598268096414,345426571,2.1160729113937142,0.009677443140296234,0.73,0.013256771425063334,North America,Americas,Americas,False
2019,UZ,UZB,Uzbekistan,4760,0.028020832664944248,32964701,0.21100667436531997,0.0001443968807725573,,,Central Asia,Asia,Asia,False
2020,UZ,UZB,Uzbekistan,4849,0.022293140778954244,33586372,0.2129223253924967,0.00014437403361101342,0.136,0.0010615737765515693,Central Asia,Asia,Asia,False
2021,UZ,UZB,Uzbekistan,7168,0.024382875642469895,34243696,0.21524872255353852,0.0002093231992247566,0.183,0.0011438426187145169,Central Asia,Asia,Asia,False
2022,UZ,UZB,Uzbekistan,20820,0.06494270303695099,34938956,0.21778570928494834,0.0005958964543760266,0.153,0.003894748067817167,Central Asia,Asia,Asia,False
2023,UZ,UZB,Uzbekistan,188050,0.5193263984503002,35652307,0.22030076618623132,0.005274553481209505,0.246,0.021441274313859778,Central Asia,Asia,Asia,False
2024,UZ,UZB,Uzbekistan,14945,0.0705643861897021,36361859,0.2227516679306576,0.0004110075890234325,0.317,0.0012965539085912697,Central Asia,Asia,Asia,False
2019,VC,VCT,Saint Vincent and the Grenadines,253,0.0014893425765190955,104167,0.0006667717765318814,0.002428792227864871,,,Caribbean,Latin America and the Caribbean,Americas,False
2020,VC,VCT,Saint Vincent and the Grenadines,303,0.0013930339566968729,103526,0.0006563077625229547,0.0029268009968510325,0.702,0.004169232189246485,Caribbean,Latin America and the Caribbean,Americas,False
2021,VC,VCT,Saint Vincent and the Grenadines,407,0.0013844629445431426,102841,0.0006464370515416459,0.003957565562372984,0.789,0.005015925934566519,Caribbean,Latin America and the Caribbean,Americas,False
2022,VC,VCT,Saint Vincent and the Grenadines,703,0.002192829982467654,102046,0.0006360854196585565,0.006889050036258158,0.718,0.0095947772092732,Caribbean,Latin America and the Caribbean,Americas,False
2023,VC,VCT,Saint Vincent and the Grenadines,444,0.0012261681516188953,101322,0.0006260833059560866,0.004382069047196068,0.6,0.007303448411993447,Caribbean,Latin America and the Caribbean,Americas,False
2024,VC,VCT,Saint Vincent and the Grenadines,489,0.002308864827485067,100616,0.0006163706267193613,0.004860062017969309,0.619,0.007851473373132972,Caribbean,Latin America and the Caribbean,Americas,False
2019,VE,VEN,Venezuela,37802,0.22253015050424843,28938098,0.18523243458018068,0.0013063056182890803,,,South America,Latin America and the Caribbean,Americas,False
2020,VE,VEN,Venezuela,127975,0.5883614541527469,28444078,0.18032251984243955,0.004499179055830181,0.49,0.009181998073122817,South America,Latin America and the Caribbean,Americas,False
2021,VE,VEN,Venezuela,150778,0.5128907957059606,28237826,0.17749707783263513,0.0053395753624942656,0.533,0.01001796503282226,South America,Latin America and the Caribbean,Americas,False
2022,VE,VEN,Venezuela,301190,0.9394857217915116,28213016,0.17586076987038754,0.01067556903522828,0.511,0.02089152453077941,South America,Latin America and the Caribbean,Americas,False
2023,VE,VEN,Venezuela,249567,0.689214205169083,28300854,0.17487507386056866,0.008818355799439834,0.482,0.01829534398224032,South America,Latin America and the Caribbean,Americas,False
2024,VE,VEN,Venezuela,126226,0.595989308208855,28405543,0.17401151249516741,0.004443710158964396,0.531,0.008368569037597733,South America,Latin America and the Caribbean,Americas,False
2019,VG,VGB,British Virgin Islands,60,0.0003532037730875326,36394,0.00023295757807272256,0.0016486233994614497,,,Caribbean,Latin America and the Caribbean,Americas,False
2020,VG,VGB,British Virgin Islands,63,0.0002896407236696468,37134,0.00023541267366195348,0.0016965584100824044,0.824,0.0020589301093233065,Caribbean,Latin America and the Caribbean,Americas,False
2021,VG,VGB,British Virgin Islands,79,0.0002687286796533373,37810,0.00023766576480965408,0.002089394340121661,0.852,0.002452340774790682,Caribbean,Latin America and the Caribbean,Americas,False
2022,VG,VGB,British Virgin Islands,180,0.0005614642913857435,38319,0.00023885460670576236,0.004697408596257731,0.718,0.006542351805372885,Caribbean,Latin America and the Caribbean,Americas,False
2023,VG,VGB,British Virgin Islands,237,0.0006545086755263023,38985,0.00024089395869305815,0.006079261254328588,0.79,0.007695267410542515,Caribbean,Latin America and the Caribbean,Americas,False
2024,VG,VGB,British Virgin Islands,93,0.00043910926166893915,39471,0.0002417981733247188,0.002356160218894885,0.593,0.003973288733380919,Caribbean,Latin America and the Caribbean,Americas,False
2019,VI,VIR,U.S. Virgin Islands,131,0.0007711615712411128,89372,0.0005720691506159081,0.0014657834668576287,,,Caribbean,Latin America and the Caribbean,Americas,False
2020,VI,VIR,U.S. Virgin Islands,216,0.0009930539097245034,87706,0.0005560161565195048,0.0024627733564408366,0.316,0.007793586571015305,Caribbean,Latin America and the Caribbean,Americas,False
2021,VI,VIR,U.S. Virgin Islands,200,0.0006803257712742716,87223,0.000548265564771025,0.002292973183678617,0.314,0.0073024623684032385,Caribbean,Latin America and the Caribbean,Americas,False
2022,VI,VIR,U.S. Virgin Islands,281,0.0008765081437744106,86507,0.000539225853031013,0.0032482920457304033,0.305,0.010650137854853782,Caribbean,Latin America and the Caribbean,Americas,False
2023,VI,VIR,U.S. Virgin Islands,248,0.0006848867153186623,85701,0.0005295588855701879,0.0028937818695231095,0.35,0.008267948198637456,Caribbean,Latin America and the Caribbean,Americas,False
2024,VI,VIR,U.S. Virgin Islands,255,0.0012040092658664459,84905,0.0005201255074899357,0.003003356692774277,0.483,0.006218129798704508,Caribbean,Latin America and the Caribbean,Americas,False
2019,VN,VNM,Viet Nam,379554,2.234331748174422,97173776,0.6220082296296437,0.0039059303407124983,,,South-Eastern Asia,Asia,Asia,False
2020,VN,VNM,Viet Nam,843963,3.880096096355653,98079191,0.6217774703482363,0.008604913961820913,0.737,0.011675595606269896,South-Eastern Asia,Asia,Asia,False
2021,VN,VNM,Viet Nam,716065,2.4357873670375567,98935098,0.6218853671697454,0.007237724674816616,0.781,0.009267253104758792,South-Eastern Asia,Asia,Asia,False
2022,VN,VNM,Viet Nam,957432,2.9864659968335285,99680655,0.6213414662751582,0.009604993065103755,0.71,0.013528159246625008,South-Eastern Asia,Asia,Asia,False
2023,VN,VNM,Viet Nam,533236,1.4726058569744445,100352192,0.6200907219290969,0.005313645764708358,0.733,0.007249175668087801,South-Eastern Asia,Asia,Asia,False
2024,VN,VNM,Viet Nam,381160,1.799686948147665,100987686,0.6186475641126468,0.0037743215544120893,0.752,0.0050190446202288425,South-Eastern Asia,Asia,Asia,False
2019,VU,VUT,Vanuatu,478,0.0028138567255973426,291984,0.0018689862470733039,0.0016370760041646117,,,Melanesia,Oceania,Oceania,False
2020,VU,VUT,Vanuatu,462,0.0021240319735774103,298858,0.0018946238171288871,0.0015458846676347964,0.354,0.004366905840776261,Melanesia,Oceania,Oceania,False
2021,VU,VUT,Vanuatu,1414,0.0048099032029091,305868,0.0019226223790214036,0.00462290922881766,0.353,0.013096060138293654,Melanesia,Oceania,Oceania,False
2022,VU,VUT,Vanuatu,1861,0.0058049169237159364,313046,0.0019513160367131731,0.005944813222337931,0.279,0.021307574273612656,Melanesia,Oceania,Oceania,False
2023,VU,VUT,Vanuatu,1321,0.0036481264150643265,320408,0.0019798474161068455,0.00412286834286285,0.358,0.011516392019169973,Melanesia,Oceania,Oceania,False
2024,VU,VUT,Vanuatu,915,0.004320268542226659,327778,0.002007958289783124,0.0027915235311704876,0.393,0.00710311331086638,Melanesia,Oceania,Oceania,False
2019,WF,WLF,Wallis and Futuna,4,2.3546918205835504e-05,11686,7.480195244704719e-05,0.0003422899195618689,,,Polynesia,Oceania,Oceania,False
2020,WF,WLF,Wallis and Futuna,5,2.2987359021400542e-05,11616,7.364015773300081e-05,0.00043044077134986227,0.537,0.0008015656822157583,Polynesia,Oceania,Oceania,False
2021,WF,WLF,Wallis and Futuna,24,8.16390925529126e-05,11568,7.271403246014488e-05,0.002074688796680498,0.521,0.003982128208599804,Polynesia,Oceania,Oceania,False
2022,WF,WLF,Wallis and Futuna,8,2.4953968506033042e-05,11478,7.154605223958715e-05,0.0006969855375500958,0.425,0.001639965970706108,Polynesia,Oceania,Oceania,False
2023,WF,WLF,Wallis and Futuna,23,6.351771956584369e-05,11370,7.025687598666336e-05,0.0020228671943711522,0.418,0.004839395201844862,Polynesia,Oceania,Oceania,False
2024,WF,WLF,Wallis and Futuna,14,6.610246949854998e-05,11278,6.908869293294265e-05,0.001241354850150736,0.409,0.0030350974331313837,Polynesia,Oceania,Oceania,False
2019,WS,WSM,Samoa,122,0.0007181810052779828,209780,0.0013427993825382133,0.0005815616359996186,,,Polynesia,Oceania,Oceania,False
2020,WS,WSM,Samoa,162,0.0007447904322933776,211944,0.0013436285804548141,0.0007643528479220926,0.703,0.0010872728988934462,Polynesia,Oceania,Oceania,False
2021,WS,WSM,Samoa,463,0.0015749541604999388,213779,0.0013437701543306806,0.002165788033436399,0.657,0.00329648102501735,Polynesia,Oceania,Oceania,False
2022,WS,WSM,Samoa,847,0.0026420014155762485,215260,0.0013417845622141081,0.003934776549289231,0.498,0.007901157729496448,Polynesia,Oceania,Oceania,False
2023,WS,WSM,Samoa,366,0.0010107602330912517,216663,0.0013387920423833283,0.0016892593566968056,0.512,0.0032993346810484482,Polynesia,Oceania,Oceania,False
2024,WS,WSM,Samoa,0,0.0,218020,0.0013355840426707,0.0,0.512,0.0,Polynesia,Oceania,Oceania,False
2019,XK,XKX,Kosovo,694,0.00408539030871246,1755042,0.011234003784577324,0.00039543213210851936,,,Southern Europe,Europe,Europe,False
2020,XK,XKX,Kosovo,1229,0.0056502928474602525,1751417,0.011103187339553983,0.0007017175235823337,0.569,0.0012332469658740486,Southern Europe,Europe,Europe,False
2021,XK,XKX,Kosovo,3361,0.011432874586264134,1741446,0.010946365920780556,0.0019300052944507037,0.585,0.0032991543494883826,Southern Europe,Europe,Europe,False
2022,XK,XKX,Kosovo,5038,0.01571476166667431,1717946,0.01070850795093133,0.0029325718037703165,0.561,0.005227400719733184,Southern Europe,Europe,Europe,False
2023,XK,XKX,Kosovo,6020,0.016625072686364303,1700030,0.01050473147613081,0.0035411139803415235,0.514,0.0068893268100029634,Southern Europe,Europe,Europe,False
2024,XK,XKX,Kosovo,4850,0.022899784076283382,1684790,0.010320973485236072,0.0028786970482968205,0.522,0.005514745303250614,Southern Europe,Europe,Europe,False
2019,YE,YEM,Yemen,41984,0.24714845348844944,35111408,0.22474772133877055,0.001195736724656556,,,Western Asia,Asia,Asia,True
2020,YE,YEM,Yemen,69709,0.32048516200456206,36134864,0.22907860576967393,0.0019291341459040775,0.106,0.01819937873494413,Western Asia,Asia,Asia,True
2021,YE,YEM,Yemen,243340,0.8277523659094063,37140230,0.2334557304458201,0.006551924961153983,0.114,0.05747302597503494,Western Asia,Asia,Asia,True
2022,YE,YEM,Yemen,211626,0.6601135673822186,38222876,0.2382554350098678,0.005536632042026351,0.09,0.061518133800292786,Western Asia,Asia,Asia,True
2023,YE,YEM,Yemen,320910,0.8862378863423868,39390799,0.24340144945985778,0.008146826369274713,0.103,0.07909540164344382,Western Asia,Asia,Asia,True
2024,YE,YEM,Yemen,216027,1.0199941555973753,40583164,0.24861125694655542,0.005323069438351332,0.107,0.04974831250795638,Western Asia,Asia,Asia,True
2019,ZA,ZAF,South Africa,38031,0.22387821157153254,59587886,0.3814213772883852,0.0006382337510681281,,,Southern Africa,Sub-Saharan Africa,Africa,False
2020,ZA,ZAF,South Africa,105925,0.4869872008683705,60562381,0.3839379553655381,0.0017490230445199966,0.419,0.004174279342529825,Southern Africa,Sub-Saharan Africa,Africa,False
2021,ZA,ZAF,South Africa,50875,0.17305786806789283,61502603,0.3865925199624312,0.0008272007609173875,0.464,0.0017827602605978178,Southern Africa,Sub-Saharan Africa,Africa,False
2022,ZA,ZAF,South Africa,82398,0.2570196371200138,62378410,0.3888246193136771,0.0013209378052438335,0.429,0.003079109103132479,Southern Africa,Sub-Saharan Africa,Africa,False
2023,ZA,ZAF,South Africa,92959,0.2567192910052723,63212384,0.3905984717246564,0.0014705820935340772,0.428,0.0034359394708740124,Southern Africa,Sub-Saharan Africa,Africa,False
2024,ZA,ZAF,South Africa,67838,0.3203042375601881,64007186,0.3921061197956858,0.0010598497487453987,0.415,0.0025538548162539728,Southern Africa,Sub-Saharan Africa,Africa,False
2019,ZM,ZMB,Zambia,2841,0.016724198655694668,18513840,0.11850687825536883,0.00015345276830738518,,,Eastern Africa,Sub-Saharan Africa,Africa,False
2020,ZM,ZMB,Zambia,3726,0.017130179942747684,19059395,0.12082789721897097,0.00019549413819273907,0.139,0.0014064326488686264,Eastern Africa,Sub-Saharan Africa,Africa,False
2021,ZM,ZMB,Zambia,3881,0.013201721591577242,19603608,0.12322418641493396,0.0001979737607485316,0.151,0.0013110845082684212,Eastern Africa,Sub-Saharan Africa,Africa,False
2022,ZM,ZMB,Zambia,7885,0.02459525520875882,20152938,0.1256197207639973,0.00039125808852287443,0.133,0.0029417901392697326,Eastern Africa,Sub-Saharan Africa,Africa,False
2023,ZM,ZMB,Zambia,8777,0.024238914114322174,20723965,0.1280563798554927,0.0004235193410141351,0.17,0.002491290241259618,Eastern Africa,Sub-Saharan Africa,Africa,False
2024,ZM,ZMB,Zambia,7201,0.0340002773470756,21314956,0.13057478719304694,0.00033783790123704686,0.171,0.0019756602411523205,Eastern Africa,Sub-Saharan Africa,Africa,False
2019,ZW,ZWE,Zimbabwe,391,0.0023017112546204204,15271368,0.09775185203982185,2.5603469184947938e-05,,,Eastern Africa,Sub-Saharan Africa,Africa,False
2020,ZW,ZWE,Zimbabwe,718,0.003300984755473118,15526888,0.09843340921338131,4.6242363569570414e-05,0.087,0.0005315214203398898,Eastern Africa,Sub-Saharan Africa,Africa,False
2021,ZW,ZWE,Zimbabwe,810,0.0027553193736607998,15797210,0.09929796340938152,5.127487701942305e-05,0.102,0.0005026948727394417,Eastern Africa,Sub-Saharan Africa,Africa,False
2022,ZW,ZWE,Zimbabwe,1902,0.005932806012309356,16069056,0.10016357553727578,0.00011836414037016237,0.091,0.0013007048392325536,Eastern Africa,Sub-Saharan Africa,Africa,False
2023,ZW,ZWE,Zimbabwe,3960,0.010936094325249609,16340822,0.10097230472947585,0.0002423378701512078,0.122,0.0019863759848459655,Eastern Africa,Sub-Saharan Africa,Africa,False
2024,ZW,ZWE,Zimbabwe,2764,0.013050516120999438,16634373,0.10190167479420392,0.00016616195873448312,0.125,0.001329295669875865,Eastern Africa,Sub-Saharan Africa,Africa,False
2019,☪,☪,Arab League,3881101,22.846991948896598,445055909,2.848797787206518,0.008720479655512224,,,,,,False
2020,☪,☪,Arab League,4915006,22.59660150286756,453495821,2.874957282170859,0.010838040335546995,,,,,,False
2021,☪,☪,Arab League,5675195,19.304907077534452,461974426,2.903874775926764,0.012284651878110673,,,,,,False
2022,☪,☪,Arab League,4119910,12.851013048461322,472024716,2.942281319856446,0.00872816583612965,,,,,,False
2023,☪,☪,Arab League,5161054,14.252973071138078,482370315,2.980636007089071,0.010699360718331103,,,,,,False
2024,☪,☪,Arab League,2765981,13.059869620433483,491768352,3.0125583140155388,0.005624560809476409,,,,,,False
