IndicatorId,IndicatorName,IndicatorShortName,Source,SourceYear,Author,LocationId,Location,Iso2,Iso3,TimeId,Time,VariantId,Variant,SexId,Sex,AgeId,AgeStart,AgeEnd,Age,CategoryId,Category,EstimateTypeId,EstimateType,EstimateMethodId,EstimateMethod,Value
49,"Total population by sex","Total population by sex","World Population Prospects",2024,"United Nations Population Division",4,"Afghanistan","AF","AFG",70,"2019",4,"Median",3,"Both sexes",188,0,-1,"Total",0,"Not applicable",1,"Model-based Estimates",3,"Projection",37856121
49,"Total population by sex","Total population by sex","World Population Prospects",2024,"United Nations Population Division",4,"Afghanistan","AF","AFG",71,"2020",4,"Median",3,"Both sexes",188,0,-1,"Total",0,"Not applicable",1,"Model-based Estimates",3,"Projection",39068979
49,"Total population by sex","Total population by sex","World Population Prospects",2024,"United Nations Population Division",4,"Afghanistan","AF","AFG",72,"2021",4,"Median",3,"Both sexes",188,0,-1,"Total",0,"Not applicable",1,"Model-based Estimates",3,"Projection",40000412
49,"Total population by sex","Total population by sex","World Population Prospects",2024,"United Nations Population Division",4,"Afghanistan","AF","AFG",73,"2022",4,"Median",3,"Both sexes",188,0,-1,"Total",0,"Not applicable",1,"Model-based Estimates",3,"Projection",40578842
49,"Total population by sex","Total population by sex","World Population Prospects",2024,"United Nations Population Division",4,"Afghanistan","AF","AFG",74,"2023",4,"Median",3,"Both sexes",188,0,-1,"Total",0,"Not applicable",1,"Model-based Estimates",3,"Projection",41454761
49,"Total population by sex","Total population by sex","World Population Prospects",2024,"United Nations Population Division",4,"Afghanistan","AF","AFG",75,"2024",4,"Median",3,"Both sexes",188,0,-1,"Total",0,"Not applicable",1,"Model-based Estimates",3,"Projection",42647492
49,"Total population by sex","Total population by sex","World Population Prospects",2024,"United Nations Population Division",4,"Afghanistan","AF","AFG",76,"2025",4,"Median",3,"Both sexes",188,0,-1,"Total",0,"Not applicable",1,"Model-based Estimates",3,"Projection",43844111.5
49,"Total population by sex","Total population by sex","World Population Prospects",2024,"United Nations Population Division",8,"Albania","AL","ALB",70,"2019",4,"Median",3,"Both sexes",188,0,-1,"Total",0,"Not applicable",1,"Model-based Estimates",3,"Projection",2885009.5
49,"Total population by sex","Total population by sex","World Population Prospects",2024,"United Nations Population Division",8,"Albania","AL","ALB",71,"2020",4,"Median",3,"Both sexes",188,0,-1,"Total",0,"Not applicable",1,"Model-based Estimates",3,"Projection",2871953.5
49,"Total population by sex","Total population by sex","World Population Prospects",2024,"United Nations Population Division",8,"Albania","AL","ALB",72,"2021",4,"Median",3,"Both sexes",188,0,-1,"Total",0,"Not applicable",1,"Model-based Estimates",3,"Projection",2849635.5
49,"Total population by sex","Total population by sex","World Population Prospects",2024,"United Nations Population Division",8,"Albania","AL","ALB",73,"2022",4,"Median",3,"Both sexes",188,0,-1,"Total",0,"Not applicable",1,"Model-based Estimates",3,"Projection",2827608
49,"Total population by sex","Total population by sex","World Population Prospects",2024,"United Nations Population Division",8,"Albania","AL","ALB",74,"2023",4,"Median",3,"Both sexes",188,0,-1,"Total",0,"Not applicable",1,"Model-based Estimates",3,"Projection",2811655
49,"Total population by sex","Total population by sex","World Population Prospects",2024,"United Nations Population Division",8,"Albania","AL","ALB",75,"2024",4,"Median",3,"Both sexes",188,0,-1,"Total",0,"Not applicable",1,"Model-based Estimates",3,"Projection",2791764.5
49,"Total population by sex","Total population by sex","World Population Prospects",2024,"United Nations Population Division",8,"Albania","AL","ALB",76,"2025",4,"Median",3,"Both sexes",188,0,-1,"Total",0,"Not applicable",1,"Model-based Estimates",3,"Projection",2771507.5
49,"Total population by sex","Total population by sex","World Population Prospects",2024,"United Nations Population Division",12,"Algeria","DZ","DZA",70,"2019",4,"Median",3,"Both sexes",188,0,-1,"Total",0,"Not applicable",1,"Model-based Estimates",3,"Projection",43294546
49,"Total population by sex","Total population by sex","World Population Prospects",2024,"United Nations Population Division",12,"Algeria","DZ","DZA",71,"2020",4,"Median",3,"Both sexes",188,0,-1,"Total",0,"Not applicable",1,"Model-based Estimates",3,"Projection",44042091
49,"Total population by sex","Total population by sex","World Population Prospects",2024,"United Nations Population Division",12,"Algeria","DZ","DZA",72,"2021",4,"Median",3,"Both sexes",188,0,-1,"Total",0,"Not applicable",1,"Model-based Estimates",3,"Projection",44761099
49,"Total population by sex","Total population by sex","World Population Prospects",2024,"United Nations Population Division",12,"Algeria","DZ","DZA",73,"2022",4,"Median",3,"Both sexes",188,0,-1,"Total",0,"Not applicable",1,"Model-based Estimates",3,"Projection",45477389.5
49,"Total population by sex","Total population by sex","World Population Prospects",2024,"United Nations Population Division",12,"Algeria","DZ","DZA",74,"2023",4,"Median",3,"Both sexes",188,0,-1,"Total",0,"Not applicable",1,"Model-based Estimates",3,"Projection",46164219
49,"Total population by sex","Total population by sex","World Population Prospects",2024,"United Nations Population Division",12,"Algeria","DZ","DZA",75,"2024",4,"Median",3,"Both sexes",188,0,-1,"Total",0,"Not applicable",1,"Model-based Estimates",3,"Projection",46814307.5
49,"Total population by sex","Total population by sex","World Population Prospects",2024,"United Nations Population Division",12,"Algeria","DZ","DZA",76,"2025",4,"Median",3,"Both sexes",188,0,-1,"Total",0,"Not applicable",1,"Model-based Estimates",3,"Projection",47435311.5
49,"Total population by sex","Total population by sex","World Population Prospects",2024,"United Nations Population Division",16,"American Samoa","AS","ASM",70,"2019",4,"Median",3,"Both sexes",188,0,-1,"Total",0,"Not applicable",1,"Model-based Estimates",2,"Interpolation",50209
49,"Total population by sex","Total population by sex","World Population Prospects",2024,"United Nations Population Division",16,"American Samoa","AS","ASM",71,"2020",4,"Median",3,"Both sexes",188,0,-1,"Total",0,"Not applicable",1,"Model-based Estimates",2,"Interpolation",49761.5
49,"Total population by sex","Total population by sex","World Population Prospects",2024,"United Nations Population Division",16,"American Samoa","AS","ASM",72,"2021",4,"Median",3,"Both sexes",188,0,-1,"Total",0,"Not applicable",1,"Model-based Estimates",3,"Projection",49225
49,"Total population by sex","Total population by sex","World Population Prospects",2024,"United Nations Population Division",16,"American Samoa","AS","ASM",73,"2022",4,"Median",3,"Both sexes",188,0,-1,"Total",0,"Not applicable",1,"Model-based Estimates",3,"Projection",48341.5
49,"Total population by sex","Total population by sex","World Population Prospects",2024,"United Nations Population Division",16,"American Samoa","AS","ASM",74,"2023",4,"Median",3,"Both sexes",188,0,-1,"Total",0,"Not applicable",1,"Model-based Estimates",3,"Projection",47521
49,"Total population by sex","Total population by sex","World Population Prospects",2024,"United Nations Population Division",16,"American Samoa","AS","ASM",75,"2024",4,"Median",3,"Both sexes",188,0,-1,"Total",0,"Not applicable",1,"Model-based Estimates",3,"Projection",46765
49,"Total population by sex","Total population by sex","World Population Prospects",2024,"United Nations Population Division",16,"American Samoa","AS","ASM",76,"2025",4,"Median",3,"Both sexes",188,0,-1,"Total",0,"Not applicable",1,"Model-based Estimates",3,"Projection",46028.5
49,"Total population by sex","Total population by sex","World Population Prospects",2024,"United Nations Population Division",20,"Andorra","AD","AND",70,"2019",4,"Median",3,"Both sexes",188,0,-1,"Total",0,"Not applicable",1,"Model-based Estimates",2,"Interpolation",76473.5
49,"Total population by sex","Total population by sex","World Population Prospects",2024,"United Nations Population Division",20,"Andorra","AD","AND",71,"2020",4,"Median",3,"Both sexes",188,0,-1,"Total",0,"Not applicable",1,"Model-based Estimates",2,"Interpolation",77380
49,"Total population by sex","Total population by sex","World Population Prospects",2024,"United Nations Population Division",20,"Andorra","AD","AND",72,"2021",4,"Median",3,"Both sexes",188,0,-1,"Total",0,"Not applicable",1,"Model-based Estimates",2,"Interpolation",78363.5
49,"Total population by sex","Total population by sex","World Population Prospects",2024,"United Nations Population Division",20,"Andorra","AD","AND",73,"2022",4,"Median",3,"Both sexes",188,0,-1,"Total",0,"Not applicable",1,"Model-based Estimates",2,"Interpolation",79705
49,"Total population by sex","Total population by sex","World Population Prospects",2024,"United Nations Population Division",20,"Andorra","AD","AND",74,"2023",4,"Median",3,"Both sexes",188,0,-1,"Total",0,"Not applicable",1,"Model-based Estimates",3,"Projection",80856
49,"Total population by sex","Total population by sex","World Population Prospects",2024,"United Nations Population Division",20,"Andorra","AD","AND",75,"2024",4,"Median",3,"Both sexes",188,0,-1,"Total",0,"Not applicable",1,"Model-based Estimates",3,"Projection",81937.5
49,"Total population by sex","Total population by sex","World Population Prospects",2024,"United Nations Population Division",20,"Andorra","AD","AND",76,"2025",4,"Median",3,"Both sexes",188,0,-1,"Total",0,"Not applicable",1,"Model-based Estimates",3,"Projection",82904.5
49,"Total population by sex","Total population by sex","World Population Prospects",2024,"United Nations Population Division",24,"Angola","AO","AGO",70,"2019",4,"Median",3,"Both sexes",188,0,-1,"Total",0,"Not applicable",1,"Model-based Estimates",3,"Projection",32375632.5
49,"Total population by sex","Total population by sex","World Population Prospects",2024,"United Nations Population Division",24,"Angola","AO","AGO",71,"2020",4,"Median",3,"Both sexes",188,0,-1,"Total",0,"Not applicable",1,"Model-based Estimates",3,"Projection",33451132.5
49,"Total population by sex","Total population by sex","World Population Prospects",2024,"United Nations Population Division",24,"Angola","AO","AGO",72,"2021",4,"Median",3,"Both sexes",188,0,-1,"Total",0,"Not applicable",1,"Model-based Estimates",3,"Projection",34532429
49,"Total population by sex","Total population by sex","World Population Prospects",2024,"United Nations Population Division",24,"Angola","AO","AGO",73,"2022",4,"Median",3,"Both sexes",188,0,-1,"Total",0,"Not applicable",1,"Model-based Estimates",3,"Projection",35635029
49,"Total population by sex","Total population by sex","World Population Prospects",2024,"United Nations Population Division",24,"Angola","AO","AGO",74,"2023",4,"Median",3,"Both sexes",188,0,-1,"Total",0,"Not applicable",1,"Model-based Estimates",3,"Projection",36749906
49,"Total population by sex","Total population by sex","World Population Prospects",2024,"United Nations Population Division",24,"Angola","AO","AGO",75,"2024",4,"Median",3,"Both sexes",188,0,-1,"Total",0,"Not applicable",1,"Model-based Estimates",3,"Projection",37885849.5
49,"Total population by sex","Total population by sex","World Population Prospects",2024,"United Nations Population Division",24,"Angola","AO","AGO",76,"2025",4,"Median",3,"Both sexes",188,0,-1,"Total",0,"Not applicable",1,"Model-based Estimates",3,"Projection",39040038.5
49,"Total population by sex","Total population by sex","World Population Prospects",2024,"United Nations Population Division",28,"Antigua and Barbuda","AG","ATG",70,"2019",4,"Median",3,"Both sexes",188,0,-1,"Total",0,"Not applicable",1,"Model-based Estimates",3,"Projection",91363.5
49,"Total population by sex","Total population by sex","World Population Prospects",2024,"United Nations Population Division",28,"Antigua and Barbuda","AG","ATG",71,"2020",4,"Median",3,"Both sexes",188,0,-1,"Total",0,"Not applicable",1,"Model-based Estimates",3,"Projection",91846
49,"Total population by sex","Total population by sex","World Population Prospects",2024,"United Nations Population Division",28,"Antigua and Barbuda","AG","ATG",72,"2021",4,"Median",3,"Both sexes",188,0,-1,"Total",0,"Not applicable",1,"Model-based Estimates",3,"Projection",92349
49,"Total population by sex","Total population by sex","World Population Prospects",2024,"United Nations Population Division",28,"Antigua and Barbuda","AG","ATG",73,"2022",4,"Median",3,"Both sexes",188,0,-1,"Total",0,"Not applicable",1,"Model-based Estimates",3,"Projection",92840
49,"Total population by sex","Total population by sex","World Population Prospects",2024,"United Nations Population Division",28,"Antigua and Barbuda","AG","ATG",74,"2023",4,"Median",3,"Both sexes",188,0,-1,"Total",0,"Not applicable",1,"Model-based Estimates",3,"Projection",93315.5
49,"Total population by sex","Total population by sex","World Population Prospects",2024,"United Nations Population Division",28,"Antigua and Barbuda","AG","ATG",75,"2024",4,"Median",3,"Both sexes",188,0,-1,"Total",0,"Not applicable",1,"Model-based Estimates",3,"Projection",93771.5
49,"Total population by sex","Total population by sex","World Population Prospects",2024,"United Nations Population Division",28,"Antigua and Barbuda","AG","ATG",76,"2025",4,"Median",3,"Both sexes",188,0,-1,"Total",0,"Not applicable",1,"Model-based Estimates",3,"Projection",94208.5
49,"Total population by sex","Total population by sex","World Population Prospects",2024,"United Nations Population Division",31,"Azerbaijan","AZ","AZE",70,"2019",4,"Median",3,"Both sexes",188,0,-1,"Total",0,"Not applicable",1,"Model-based Estimates",2,"Interpolation",10110475
49,"Total population by sex","Total population by sex","World Population Prospects",2024,"United Nations Population Division",31,"Azerbaijan","AZ","AZE",71,"2020",4,"Median",3,"Both sexes",188,0,-1,"Total",0,"Not applicable",1,"Model-based Estimates",3,"Projection",10181730
49,"Total population by sex","Total population by sex","World Population Prospects",2024,"United Nations Population Division",31,"Azerbaijan","AZ","AZE",72,"2021",4,"Median",3,"Both sexes",188,0,-1,"Total",0,"Not applicable",1,"Model-based Estimates",3,"Projection",10234370.5
49,"Total population by sex","Total population by sex","World Population Prospects",2024,"United Nations Population Division",31,"Azerbaijan","AZ","AZE",73,"2022",4,"Median",3,"Both sexes",188,0,-1,"Total",0,"Not applicable",1,"Model-based Estimates",3,"Projection",10295304
49,"Total population by sex","Total population by sex","World Population Prospects",2024,"United Nations Population Division",31,"Azerbaijan","AZ","AZE",74,"2023",4,"Median",3,"Both sexes",188,0,-1,"Total",0,"Not applicable",1,"Model-based Estimates",3,"Projection",10318207
49,"Total population by sex","Total population by sex","World Population Prospects",2024,"United Nations Population Division",31,"Azerbaijan","AZ","AZE",75,"2024",4,"Median",3,"Both sexes",188,0,-1,"Total",0,"Not applicable",1,"Model-based Estimates",3,"Projection",10336577.5
49,"Total population by sex","Total population by sex","World Population Prospects",2024,"United Nations Population Division",31,"Azerbaijan","AZ","AZE",76,"2025",4,"Median",3,"Both sexes",188,0,-1,"Total",0,"Not applicable",1,"Model-based Estimates",3,"Projection",10397713
49,"Total population by sex","Total population by sex","World Population Prospects",2024,"United Nations Population Division",32,"Argentina","AR","ARG",70,"2019",4,"Median",3,"Both sexes",188,0,-1,"Total",0,"Not applicable",1,"Model-based Estimates",2,"Interpolation",44973465.5
49,"Total population by sex","Total population by sex","World Population Prospects",2024,"United Nations Population Division",32,"Argentina","AR","ARG",71,"2020",4,"Median",3,"Both sexes",188,0,-1,"Total",0,"Not applicable",1,"Model-based Estimates",2,"Interpolation",45191964.5
49,"Total population by sex","Total population by sex","World Population Prospects",2024,"United Nations Population Division",32,"Argentina","AR","ARG",72,"2021",4,"Median",3,"Both sexes",188,0,-1,"Total",0,"Not applicable",1,"Model-based Estimates",2,"Interpolation",45312281.5
49,"Total population by sex","Total population by sex","World Population Prospects",2024,"United Nations Population Division",32,"Argentina","AR","ARG",73,"2022",4,"Median",3,"Both sexes",188,0,-1,"Total",0,"Not applicable",1,"Model-based Estimates",2,"Interpolation",45407904
49,"Total population by sex","Total population by sex","World Population Prospects",2024,"United Nations Population Division",32,"Argentina","AR","ARG",74,"2023",4,"Median",3,"Both sexes",188,0,-1,"Total",0,"Not applicable",1,"Model-based Estimates",3,"Projection",45538401
49,"Total population by sex","Total population by sex","World Population Prospects",2024,"United Nations Population Division",32,"Argentina","AR","ARG",75,"2024",4,"Median",3,"Both sexes",188,0,-1,"Total",0,"Not applicable",1,"Model-based Estimates",3,"Projection",45696159
49,"Total population by sex","Total population by sex","World Population Prospects",2024,"United Nations Population Division",32,"Argentina","AR","ARG",76,"2025",4,"Median",3,"Both sexes",188,0,-1,"Total",0,"Not applicable",1,"Model-based Estimates",3,"Projection",45851377.5
49,"Total population by sex","Total population by sex","World Population Prospects",2024,"United Nations Population Division",36,"Australia","AU","AUS",70,"2019",4,"Median",3,"Both sexes",188,0,-1,"Total",0,"Not applicable",1,"Model-based Estimates",2,"Interpolation",25482714
49,"Total population by sex","Total population by sex","World Population Prospects",2024,"United Nations Population Division",36,"Australia","AU","AUS",71,"2020",4,"Median",3,"Both sexes",188,0,-1,"Total",0,"Not applicable",1,"Model-based Estimates",2,"Interpolation",25743791
49,"Total population by sex","Total population by sex","World Population Prospects",2024,"United Nations Population Division",36,"Australia","AU","AUS",72,"2021",4,"Median",3,"Both sexes",188,0,-1,"Total",0,"Not applicable",1,"Model-based Estimates",2,"Interpolation",25956417.5
49,"Total population by sex","Total population by sex","World Population Prospects",2024,"United Nations Population Division",36,"Australia","AU","AUS",73,"2022",4,"Median",3,"Both sexes",188,0,-1,"Total",0,"Not applicable",1,"Model-based Estimates",3,"Projection",26200984.5
49,"Total population by sex","Total population by sex","World Population Prospects",2024,"United Nations Population Division",36,"Australia","AU","AUS",74,"2023",4,"Median",3,"Both sexes",188,0,-1,"Total",0,"Not applicable",1,"Model-based Estimates",3,"Projection",26451124
49,"Total population by sex","Total population by sex","World Population Prospects",2024,"United Nations Population Division",36,"Australia","AU","AUS",75,"2024",4,"Median",3,"Both sexes",188,0,-1,"Total",0,"Not applicable",1,"Model-based Estimates",3,"Projection",26713205
49,"Total population by sex","Total population by sex","World Population Prospects",2024,"United Nations Population Division",36,"Australia","AU","AUS",76,"2025",4,"Median",3,"Both sexes",188,0,-1,"Total",0,"Not applicable",1,"Model-based Estimates",3,"Projection",26974026
49,"Total population by sex","Total population by sex","World Population Prospects",2024,"United Nations Population Division",40,"Austria","AT","AUT",70,"2019",4,"Median",3,"Both sexes",188,0,-1,"Total",0,"Not applicable",1,"Model-based Estimates",2,"Interpolation",8880876
49,"Total population by sex","Total population by sex","World Population Prospects",2024,"United Nations Population Division",40,"Austria","AT","AUT",71,"2020",4,"Median",3,"Both sexes",188,0,-1,"Total",0,"Not applicable",1,"Model-based Estimates",2,"Interpolation",8921405
49,"Total population by sex","Total population by sex","World Population Prospects",2024,"United Nations Population Division",40,"Austria","AT","AUT",72,"2021",4,"Median",3,"Both sexes",188,0,-1,"Total",0,"Not applicable",1,"Model-based Estimates",3,"Projection",8967056.5
49,"Total population by sex","Total population by sex","World Population Prospects",2024,"United Nations Population Division",40,"Austria","AT","AUT",73,"2022",4,"Median",3,"Both sexes",188,0,-1,"Total",0,"Not applicable",1,"Model-based Estimates",3,"Projection",9064677
49,"Total population by sex","Total population by sex","World Population Prospects",2024,"United Nations Population Division",40,"Austria","AT","AUT",74,"2023",4,"Median",3,"Both sexes",188,0,-1,"Total",0,"Not applicable",1,"Model-based Estimates",3,"Projection",9130429
49,"Total population by sex","Total population by sex","World Population Prospects",2024,"United Nations Population Division",40,"Austria","AT","AUT",75,"2024",4,"Median",3,"Both sexes",188,0,-1,"Total",0,"Not applicable",1,"Model-based Estimates",3,"Projection",9120813
49,"Total population by sex","Total population by sex","World Population Prospects",2024,"United Nations Population Division",40,"Austria","AT","AUT",76,"2025",4,"Median",3,"Both sexes",188,0,-1,"Total",0,"Not applicable",1,"Model-based Estimates",3,"Projection",9113574
49,"Total population by sex","Total population by sex","World Population Prospects",2024,"United Nations Population Division",44,"Bahamas","BS","BHS",70,"2019",4,"Median",3,"Both sexes",188,0,-1,"Total",0,"Not applicable",1,"Model-based Estimates",3,"Projection",394674.5
49,"Total population by sex","Total population by sex","World Population Prospects",2024,"United Nations Population Division",44,"Bahamas","BS","BHS",71,"2020",4,"Median",3,"Both sexes",188,0,-1,"Total",0,"Not applicable",1,"Model-based Estimates",3,"Projection",395862.5
49,"Total population by sex","Total population by sex","World Population Prospects",2024,"United Nations Population Division",44,"Bahamas","BS","BHS",72,"2021",4,"Median",3,"Both sexes",188,0,-1,"Total",0,"Not applicable",1,"Model-based Estimates",3,"Projection",396373
49,"Total population by sex","Total population by sex","World Population Prospects",2024,"United Nations Population Division",44,"Bahamas","BS","BHS",73,"2022",4,"Median",3,"Both sexes",188,0,-1,"Total",0,"Not applicable",1,"Model-based Estimates",3,"Projection",397538.5
49,"Total population by sex","Total population by sex","World Population Prospects",2024,"United Nations Population Division",44,"Bahamas","BS","BHS",74,"2023",4,"Median",3,"Both sexes",188,0,-1,"Total",0,"Not applicable",1,"Model-based Estimates",3,"Projection",399440.5
49,"Total population by sex","Total population by sex","World Population Prospects",2024,"United Nations Population Division",44,"Bahamas","BS","BHS",75,"2024",4,"Median",3,"Both sexes",188,0,-1,"Total",0,"Not applicable",1,"Model-based Estimates",3,"Projection",401283
49,"Total population by sex","Total population by sex","World Population Prospects",2024,"United Nations Population Division",44,"Bahamas","BS","BHS",76,"2025",4,"Median",3,"Both sexes",188,0,-1,"Total",0,"Not applicable",1,"Model-based Estimates",3,"Projection",403032.5
49,"Total population by sex","Total population by sex","World Population Prospects",2024,"United Nations Population Division",48,"Bahrain","BH","BHR",70,"2019",4,"Median",3,"Both sexes",188,0,-1,"Total",0,"Not applicable",1,"Model-based Estimates",2,"Interpolation",1485670.5
49,"Total population by sex","Total population by sex","World Population Prospects",2024,"United Nations Population Division",48,"Bahrain","BH","BHR",71,"2020",4,"Median",3,"Both sexes",188,0,-1,"Total",0,"Not applicable",1,"Model-based Estimates",2,"Interpolation",1483077
49,"Total population by sex","Total population by sex","World Population Prospects",2024,"United Nations Population Division",48,"Bahrain","BH","BHR",72,"2021",4,"Median",3,"Both sexes",188,0,-1,"Total",0,"Not applicable",1,"Model-based Estimates",2,"Interpolation",1501763.5
49,"Total population by sex","Total population by sex","World Population Prospects",2024,"United Nations Population Division",48,"Bahrain","BH","BHR",73,"2022",4,"Median",3,"Both sexes",188,0,-1,"Total",0,"Not applicable",1,"Model-based Estimates",2,"Interpolation",1533459
49,"Total population by sex","Total population by sex","World Population Prospects",2024,"United Nations Population Division",48,"Bahrain","BH","BHR",74,"2023",4,"Median",3,"Both sexes",188,0,-1,"Total",0,"Not applicable",1,"Model-based Estimates",2,"Interpolation",1569665.5
49,"Total population by sex","Total population by sex","World Population Prospects",2024,"United Nations Population Division",48,"Bahrain","BH","BHR",75,"2024",4,"Median",3,"Both sexes",188,0,-1,"Total",0,"Not applicable",1,"Model-based Estimates",3,"Projection",1607048.5
49,"Total population by sex","Total population by sex","World Population Prospects",2024,"United Nations Population Division",48,"Bahrain","BH","BHR",76,"2025",4,"Median",3,"Both sexes",188,0,-1,"Total",0,"Not applicable",1,"Model-based Estimates",3,"Projection",1643331.5
49,"Total population by sex","Total population by sex","World Population Prospects",2024,"United Nations Population Division",50,"Bangladesh","BD","BGD",70,"2019",4,"Median",3,"Both sexes",188,0,-1,"Total",0,"Not applicable",1,"Model-based Estimates",2,"Interpolation",164913055
49,"Total population by sex","Total population by sex","World Population Prospects",2024,"United Nations Population Division",50,"Bangladesh","BD","BGD",71,"2020",4,"Median",3,"Both sexes",188,0,-1,"Total",0,"Not applicable",1,"Model-based Estimates",2,"Interpolation",166298024
49,"Total population by sex","Total population by sex","World Population Prospects",2024,"United Nations Population Division",50,"Bangladesh","BD","BGD",72,"2021",4,"Median",3,"Both sexes",188,0,-1,"Total",0,"Not applicable",1,"Model-based Estimates",2,"Interpolation",167658854.5
49,"Total population by sex","Total population by sex","World Population Prospects",2024,"United Nations Population Division",50,"Bangladesh","BD","BGD",73,"2022",4,"Median",3,"Both sexes",188,0,-1,"Total",0,"Not applicable",1,"Model-based Estimates",2,"Interpolation",169384897.5
49,"Total population by sex","Total population by sex","World Population Prospects",2024,"United Nations Population Division",50,"Bangladesh","BD","BGD",74,"2023",4,"Median",3,"Both sexes",188,0,-1,"Total",0,"Not applicable",1,"Model-based Estimates",3,"Projection",171466990
49,"Total population by sex","Total population by sex","World Population Prospects",2024,"United Nations Population Division",50,"Bangladesh","BD","BGD",75,"2024",4,"Median",3,"Both sexes",188,0,-1,"Total",0,"Not applicable",1,"Model-based Estimates",3,"Projection",173562364
49,"Total population by sex","Total population by sex","World Population Prospects",2024,"United Nations Population Division",50,"Bangladesh","BD","BGD",76,"2025",4,"Median",3,"Both sexes",188,0,-1,"Total",0,"Not applicable",1,"Model-based Estimates",3,"Projection",175686899.5
49,"Total population by sex","Total population by sex","World Population Prospects",2024,"United Nations Population Division",51,"Armenia","AM","ARM",70,"2019",4,"Median",3,"Both sexes",188,0,-1,"Total",0,"Not applicable",1,"Model-based Estimates",2,"Interpolation",2903971.5
49,"Total population by sex","Total population by sex","World Population Prospects",2024,"United Nations Population Division",51,"Armenia","AM","ARM",71,"2020",4,"Median",3,"Both sexes",188,0,-1,"Total",0,"Not applicable",1,"Model-based Estimates",2,"Interpolation",2890892.5
49,"Total population by sex","Total population by sex","World Population Prospects",2024,"United Nations Population Division",51,"Armenia","AM","ARM",72,"2021",4,"Median",3,"Both sexes",188,0,-1,"Total",0,"Not applicable",1,"Model-based Estimates",2,"Interpolation",2870348.5
49,"Total population by sex","Total population by sex","World Population Prospects",2024,"United Nations Population Division",51,"Armenia","AM","ARM",73,"2022",4,"Median",3,"Both sexes",188,0,-1,"Total",0,"Not applicable",1,"Model-based Estimates",2,"Interpolation",2880874.5
49,"Total population by sex","Total population by sex","World Population Prospects",2024,"United Nations Population Division",51,"Armenia","AM","ARM",74,"2023",4,"Median",3,"Both sexes",188,0,-1,"Total",0,"Not applicable",1,"Model-based Estimates",3,"Projection",2943393
49,"Total population by sex","Total population by sex","World Population Prospects",2024,"United Nations Population Division",51,"Armenia","AM","ARM",75,"2024",4,"Median",3,"Both sexes",188,0,-1,"Total",0,"Not applicable",1,"Model-based Estimates",3,"Projection",2973840.5
49,"Total population by sex","Total population by sex","World Population Prospects",2024,"United Nations Population Division",51,"Armenia","AM","ARM",76,"2025",4,"Median",3,"Both sexes",188,0,-1,"Total",0,"Not applicable",1,"Model-based Estimates",3,"Projection",2952364.5
49,"Total population by sex","Total population by sex","World Population Prospects",2024,"United Nations Population Division",52,"Barbados","BB","BRB",70,"2019",4,"Median",3,"Both sexes",188,0,-1,"Total",0,"Not applicable",1,"Model-based Estimates",3,"Projection",281207.5
49,"Total population by sex","Total population by sex","World Population Prospects",2024,"United Nations Population Division",52,"Barbados","BB","BRB",71,"2020",4,"Median",3,"Both sexes",188,0,-1,"Total",0,"Not applicable",1,"Model-based Estimates",3,"Projection",281698
49,"Total population by sex","Total population by sex","World Population Prospects",2024,"United Nations Population Division",52,"Barbados","BB","BRB",72,"2021",4,"Median",3,"Both sexes",188,0,-1,"Total",0,"Not applicable",1,"Model-based Estimates",3,"Projection",282146.5
49,"Total population by sex","Total population by sex","World Population Prospects",2024,"United Nations Population Division",52,"Barbados","BB","BRB",73,"2022",4,"Median",3,"Both sexes",188,0,-1,"Total",0,"Not applicable",1,"Model-based Estimates",3,"Projection",282318
49,"Total population by sex","Total population by sex","World Population Prospects",2024,"United Nations Population Division",52,"Barbados","BB","BRB",74,"2023",4,"Median",3,"Both sexes",188,0,-1,"Total",0,"Not applicable",1,"Model-based Estimates",3,"Projection",282336
49,"Total population by sex","Total population by sex","World Population Prospects",2024,"United Nations Population Division",52,"Barbados","BB","BRB",75,"2024",4,"Median",3,"Both sexes",188,0,-1,"Total",0,"Not applicable",1,"Model-based Estimates",3,"Projection",282467.5
49,"Total population by sex","Total population by sex","World Population Prospects",2024,"United Nations Population Division",52,"Barbados","BB","BRB",76,"2025",4,"Median",3,"Both sexes",188,0,-1,"Total",0,"Not applicable",1,"Model-based Estimates",3,"Projection",282623.5
49,"Total population by sex","Total population by sex","World Population Prospects",2024,"United Nations Population Division",56,"Belgium","BE","BEL",70,"2019",4,"Median",3,"Both sexes",188,0,-1,"Total",0,"Not applicable",1,"Model-based Estimates",2,"Interpolation",11490618
49,"Total population by sex","Total population by sex","World Population Prospects",2024,"United Nations Population Division",56,"Belgium","BE","BEL",71,"2020",4,"Median",3,"Both sexes",188,0,-1,"Total",0,"Not applicable",1,"Model-based Estimates",2,"Interpolation",11540107
49,"Total population by sex","Total population by sex","World Population Prospects",2024,"United Nations Population Division",56,"Belgium","BE","BEL",72,"2021",4,"Median",3,"Both sexes",188,0,-1,"Total",0,"Not applicable",1,"Model-based Estimates",2,"Interpolation",11570843.5
49,"Total population by sex","Total population by sex","World Population Prospects",2024,"United Nations Population Division",56,"Belgium","BE","BEL",73,"2022",4,"Median",3,"Both sexes",188,0,-1,"Total",0,"Not applicable",1,"Model-based Estimates",2,"Interpolation",11641820
49,"Total population by sex","Total population by sex","World Population Prospects",2024,"United Nations Population Division",56,"Belgium","BE","BEL",74,"2023",4,"Median",3,"Both sexes",188,0,-1,"Total",0,"Not applicable",1,"Model-based Estimates",3,"Projection",11712893
49,"Total population by sex","Total population by sex","World Population Prospects",2024,"United Nations Population Division",56,"Belgium","BE","BEL",75,"2024",4,"Median",3,"Both sexes",188,0,-1,"Total",0,"Not applicable",1,"Model-based Estimates",3,"Projection",11738763.5
49,"Total population by sex","Total population by sex","World Population Prospects",2024,"United Nations Population Division",56,"Belgium","BE","BEL",76,"2025",4,"Median",3,"Both sexes",188,0,-1,"Total",0,"Not applicable",1,"Model-based Estimates",3,"Projection",11758603
49,"Total population by sex","Total population by sex","World Population Prospects",2024,"United Nations Population Division",60,"Bermuda","BM","BMU",70,"2019",4,"Median",3,"Both sexes",188,0,-1,"Total",0,"Not applicable",1,"Model-based Estimates",3,"Projection",64107
49,"Total population by sex","Total population by sex","World Population Prospects",2024,"United Nations Population Division",60,"Bermuda","BM","BMU",71,"2020",4,"Median",3,"Both sexes",188,0,-1,"Total",0,"Not applicable",1,"Model-based Estimates",3,"Projection",64382.00000000001
49,"Total population by sex","Total population by sex","World Population Prospects",2024,"United Nations Population Division",60,"Bermuda","BM","BMU",72,"2021",4,"Median",3,"Both sexes",188,0,-1,"Total",0,"Not applicable",1,"Model-based Estimates",3,"Projection",64647.99999999999
49,"Total population by sex","Total population by sex","World Population Prospects",2024,"United Nations Population Division",60,"Bermuda","BM","BMU",73,"2022",4,"Median",3,"Both sexes",188,0,-1,"Total",0,"Not applicable",1,"Model-based Estimates",3,"Projection",64748.50000000001
49,"Total population by sex","Total population by sex","World Population Prospects",2024,"United Nations Population Division",60,"Bermuda","BM","BMU",74,"2023",4,"Median",3,"Both sexes",188,0,-1,"Total",0,"Not applicable",1,"Model-based Estimates",3,"Projection",64697.99999999999
49,"Total population by sex","Total population by sex","World Population Prospects",2024,"United Nations Population Division",60,"Bermuda","BM","BMU",75,"2024",4,"Median",3,"Both sexes",188,0,-1,"Total",0,"Not applicable",1,"Model-based Estimates",3,"Projection",64636.5
49,"Total population by sex","Total population by sex","World Population Prospects",2024,"United Nations Population Division",60,"Bermuda","BM","BMU",76,"2025",4,"Median",3,"Both sexes",188,0,-1,"Total",0,"Not applicable",1,"Model-based Estimates",3,"Projection",64554.50000000001
49,"Total population by sex","Total population by sex","World Population Prospects",2024,"United Nations Population Division",64,"Bhutan","BT","BTN",70,"2019",4,"Median",3,"Both sexes",188,0,-1,"Total",0,"Not applicable",1,"Model-based Estimates",3,"Projection",764824
49,"Total population by sex","Total population by sex","World Population Prospects",2024,"United Nations Population Division",64,"Bhutan","BT","BTN",71,"2020",4,"Median",3,"Both sexes",188,0,-1,"Total",0,"Not applicable",1,"Model-based Estimates",3,"Projection",770006
49,"Total population by sex","Total population by sex","World Population Prospects",2024,"United Nations Population Division",64,"Bhutan","BT","BTN",72,"2021",4,"Median",3,"Both sexes",188,0,-1,"Total",0,"Not applicable",1,"Model-based Estimates",3,"Projection",775441.5
49,"Total population by sex","Total population by sex","World Population Prospects",2024,"United Nations Population Division",64,"Bhutan","BT","BTN",73,"2022",4,"Median",3,"Both sexes",188,0,-1,"Total",0,"Not applicable",1,"Model-based Estimates",3,"Projection",780914.5
49,"Total population by sex","Total population by sex","World Population Prospects",2024,"United Nations Population Division",64,"Bhutan","BT","BTN",74,"2023",4,"Median",3,"Both sexes",188,0,-1,"Total",0,"Not applicable",1,"Model-based Estimates",3,"Projection",786385
49,"Total population by sex","Total population by sex","World Population Prospects",2024,"United Nations Population Division",64,"Bhutan","BT","BTN",75,"2024",4,"Median",3,"Both sexes",188,0,-1,"Total",0,"Not applicable",1,"Model-based Estimates",3,"Projection",791524.5
49,"Total population by sex","Total population by sex","World Population Prospects",2024,"United Nations Population Division",64,"Bhutan","BT","BTN",76,"2025",4,"Median",3,"Both sexes",188,0,-1,"Total",0,"Not applicable",1,"Model-based Estimates",3,"Projection",796681.5
49,"Total population by sex","Total population by sex","World Population Prospects",2024,"United Nations Population Division",68,"Bolivia (Plurinational State of)","BO","BOL",70,"2019",4,"Median",3,"Both sexes",188,0,-1,"Total",0,"Not applicable",1,"Model-based Estimates",3,"Projection",11671385.5
49,"Total population by sex","Total population by sex","World Population Prospects",2024,"United Nations Population Division",68,"Bolivia (Plurinational State of)","BO","BOL",71,"2020",4,"Median",3,"Both sexes",188,0,-1,"Total",0,"Not applicable",1,"Model-based Estimates",3,"Projection",11816299.5
49,"Total population by sex","Total population by sex","World Population Prospects",2024,"United Nations Population Division",68,"Bolivia (Plurinational State of)","BO","BOL",72,"2021",4,"Median",3,"Both sexes",188,0,-1,"Total",0,"Not applicable",1,"Model-based Estimates",3,"Projection",11937359.5
49,"Total population by sex","Total population by sex","World Population Prospects",2024,"United Nations Population Division",68,"Bolivia (Plurinational State of)","BO","BOL",73,"2022",4,"Median",3,"Both sexes",188,0,-1,"Total",0,"Not applicable",1,"Model-based Estimates",3,"Projection",12077154
49,"Total population by sex","Total population by sex","World Population Prospects",2024,"United Nations Population Division",68,"Bolivia (Plurinational State of)","BO","BOL",74,"2023",4,"Median",3,"Both sexes",188,0,-1,"Total",0,"Not applicable",1,"Model-based Estimates",3,"Projection",12244159.5
49,"Total population by sex","Total population by sex","World Population Prospects",2024,"United Nations Population Division",68,"Bolivia (Plurinational State of)","BO","BOL",75,"2024",4,"Median",3,"Both sexes",188,0,-1,"Total",0,"Not applicable",1,"Model-based Estimates",3,"Projection",12413315
49,"Total population by sex","Total population by sex","World Population Prospects",2024,"United Nations Population Division",68,"Bolivia (Plurinational State of)","BO","BOL",76,"2025",4,"Median",3,"Both sexes",188,0,-1,"Total",0,"Not applicable",1,"Model-based Estimates",3,"Projection",12581842.5
49,"Total population by sex","Total population by sex","World Population Prospects",2024,"United Nations Population Division",70,"Bosnia and Herzegovina","BA","BIH",70,"2019",4,"Median",3,"Both sexes",188,0,-1,"Total",0,"Not applicable",1,"Model-based Estimates",3,"Projection",3345533
49,"Total population by sex","Total population by sex","World Population Prospects",2024,"United Nations Population Division",70,"Bosnia and Herzegovina","BA","BIH",71,"2020",4,"Median",3,"Both sexes",188,0,-1,"Total",0,"Not applicable",1,"Model-based Estimates",3,"Projection",3299349.5
49,"Total population by sex","Total population by sex","World Population Prospects",2024,"United Nations Population Division",70,"Bosnia and Herzegovina","BA","BIH",72,"2021",4,"Median",3,"Both sexes",188,0,-1,"Total",0,"Not applicable",1,"Model-based Estimates",3,"Projection",3244907.5
49,"Total population by sex","Total population by sex","World Population Prospects",2024,"United Nations Population Division",70,"Bosnia and Herzegovina","BA","BIH",73,"2022",4,"Median",3,"Both sexes",188,0,-1,"Total",0,"Not applicable",1,"Model-based Estimates",3,"Projection",3204802
49,"Total population by sex","Total population by sex","World Population Prospects",2024,"United Nations Population Division",70,"Bosnia and Herzegovina","BA","BIH",74,"2023",4,"Median",3,"Both sexes",188,0,-1,"Total",0,"Not applicable",1,"Model-based Estimates",3,"Projection",3185073
49,"Total population by sex","Total population by sex","World Population Prospects",2024,"United Nations Population Division",70,"Bosnia and Herzegovina","BA","BIH",75,"2024",4,"Median",3,"Both sexes",188,0,-1,"Total",0,"Not applicable",1,"Model-based Estimates",3,"Projection",3164253
49,"Total population by sex","Total population by sex","World Population Prospects",2024,"United Nations Population Division",70,"Bosnia and Herzegovina","BA","BIH",76,"2025",4,"Median",3,"Both sexes",188,0,-1,"Total",0,"Not applicable",1,"Model-based Estimates",3,"Projection",3140095.5
49,"Total population by sex","Total population by sex","World Population Prospects",2024,"United Nations Population Division",72,"Botswana","BW","BWA",70,"2019",4,"Median",3,"Both sexes",188,0,-1,"Total",0,"Not applicable",1,"Model-based Estimates",2,"Interpolation",2332083
49,"Total population by sex","Total population by sex","World Population Prospects",2024,"United Nations Population Division",72,"Botswana","BW","BWA",71,"2020",4,"Median",3,"Both sexes",188,0,-1,"Total",0,"Not applicable",1,"Model-based Estimates",2,"Interpolation",2365893.5
49,"Total population by sex","Total population by sex","World Population Prospects",2024,"United Nations Population Division",72,"Botswana","BW","BWA",72,"2021",4,"Median",3,"Both sexes",188,0,-1,"Total",0,"Not applicable",1,"Model-based Estimates",2,"Interpolation",2401440.5
49,"Total population by sex","Total population by sex","World Population Prospects",2024,"United Nations Population Division",72,"Botswana","BW","BWA",73,"2022",4,"Median",3,"Both sexes",188,0,-1,"Total",0,"Not applicable",1,"Model-based Estimates",2,"Interpolation",2439891.5
49,"Total population by sex","Total population by sex","World Population Prospects",2024,"United Nations Population Division",72,"Botswana","BW","BWA",74,"2023",4,"Median",3,"Both sexes",188,0,-1,"Total",0,"Not applicable",1,"Model-based Estimates",3,"Projection",2480244.5
49,"Total population by sex","Total population by sex","World Population Prospects",2024,"United Nations Population Division",72,"Botswana","BW","BWA",75,"2024",4,"Median",3,"Both sexes",188,0,-1,"Total",0,"Not applicable",1,"Model-based Estimates",3,"Projection",2521139
49,"Total population by sex","Total population by sex","World Population Prospects",2024,"United Nations Population Division",72,"Botswana","BW","BWA",76,"2025",4,"Median",3,"Both sexes",188,0,-1,"Total",0,"Not applicable",1,"Model-based Estimates",3,"Projection",2562122
49,"Total population by sex","Total population by sex","World Population Prospects",2024,"United Nations Population Division",76,"Brazil","BR","BRA",70,"2019",4,"Median",3,"Both sexes",188,0,-1,"Total",0,"Not applicable",1,"Model-based Estimates",2,"Interpolation",207455459.5
49,"Total population by sex","Total population by sex","World Population Prospects",2024,"United Nations Population Division",76,"Brazil","BR","BRA",71,"2020",4,"Median",3,"Both sexes",188,0,-1,"Total",0,"Not applicable",1,"Model-based Estimates",2,"Interpolation",208660842.5
49,"Total population by sex","Total population by sex","World Population Prospects",2024,"United Nations Population Division",76,"Brazil","BR","BRA",72,"2021",4,"Median",3,"Both sexes",188,0,-1,"Total",0,"Not applicable",1,"Model-based Estimates",2,"Interpolation",209550294
49,"Total population by sex","Total population by sex","World Population Prospects",2024,"United Nations Population Division",76,"Brazil","BR","BRA",73,"2022",4,"Median",3,"Both sexes",188,0,-1,"Total",0,"Not applicable",1,"Model-based Estimates",2,"Interpolation",210306414.5
49,"Total population by sex","Total population by sex","World Population Prospects",2024,"United Nations Population Division",76,"Brazil","BR","BRA",74,"2023",4,"Median",3,"Both sexes",188,0,-1,"Total",0,"Not applicable",1,"Model-based Estimates",3,"Projection",211140729
49,"Total population by sex","Total population by sex","World Population Prospects",2024,"United Nations Population Division",76,"Brazil","BR","BRA",75,"2024",4,"Median",3,"Both sexes",188,0,-1,"Total",0,"Not applicable",1,"Model-based Estimates",3,"Projection",211998573.5
49,"Total population by sex","Total population by sex","World Population Prospects",2024,"United Nations Population Division",76,"Brazil","BR","BRA",76,"2025",4,"Median",3,"Both sexes",188,0,-1,"Total",0,"Not applicable",1,"Model-based Estimates",3,"Projection",212812405
49,"Total population by sex","Total population by sex","World Population Prospects",2024,"United Nations Population Division",84,"Belize","BZ","BLZ",70,"2019",4,"Median",3,"Both sexes",188,0,-1,"Total",0,"Not applicable",1,"Model-based Estimates",3,"Projection",385828.5
49,"Total population by sex","Total population by sex","World Population Prospects",2024,"United Nations Population Division",84,"Belize","BZ","BLZ",71,"2020",4,"Median",3,"Both sexes",188,0,-1,"Total",0,"Not applicable",1,"Model-based Estimates",3,"Projection",390811.5
49,"Total population by sex","Total population by sex","World Population Prospects",2024,"United Nations Population Division",84,"Belize","BZ","BLZ",72,"2021",4,"Median",3,"Both sexes",188,0,-1,"Total",0,"Not applicable",1,"Model-based Estimates",3,"Projection",395346.5
49,"Total population by sex","Total population by sex","World Population Prospects",2024,"United Nations Population Division",84,"Belize","BZ","BLZ",73,"2022",4,"Median",3,"Both sexes",188,0,-1,"Total",0,"Not applicable",1,"Model-based Estimates",3,"Projection",402733
49,"Total population by sex","Total population by sex","World Population Prospects",2024,"United Nations Population Division",84,"Belize","BZ","BLZ",74,"2023",4,"Median",3,"Both sexes",188,0,-1,"Total",0,"Not applicable",1,"Model-based Estimates",3,"Projection",411105.5
49,"Total population by sex","Total population by sex","World Population Prospects",2024,"United Nations Population Division",84,"Belize","BZ","BLZ",75,"2024",4,"Median",3,"Both sexes",188,0,-1,"Total",0,"Not applicable",1,"Model-based Estimates",3,"Projection",417071.5
49,"Total population by sex","Total population by sex","World Population Prospects",2024,"United Nations Population Division",84,"Belize","BZ","BLZ",76,"2025",4,"Median",3,"Both sexes",188,0,-1,"Total",0,"Not applicable",1,"Model-based Estimates",3,"Projection",422924
49,"Total population by sex","Total population by sex","World Population Prospects",2024,"United Nations Population Division",90,"Solomon Islands","SB","SLB",70,"2019",4,"Median",3,"Both sexes",188,0,-1,"Total",0,"Not applicable",1,"Model-based Estimates",2,"Interpolation",728147
49,"Total population by sex","Total population by sex","World Population Prospects",2024,"United Nations Population Division",90,"Solomon Islands","SB","SLB",71,"2020",4,"Median",3,"Both sexes",188,0,-1,"Total",0,"Not applicable",1,"Model-based Estimates",3,"Projection",744498
49,"Total population by sex","Total population by sex","World Population Prospects",2024,"United Nations Population Division",90,"Solomon Islands","SB","SLB",72,"2021",4,"Median",3,"Both sexes",188,0,-1,"Total",0,"Not applicable",1,"Model-based Estimates",3,"Projection",762591.5
49,"Total population by sex","Total population by sex","World Population Prospects",2024,"United Nations Population Division",90,"Solomon Islands","SB","SLB",73,"2022",4,"Median",3,"Both sexes",188,0,-1,"Total",0,"Not applicable",1,"Model-based Estimates",3,"Projection",781066
49,"Total population by sex","Total population by sex","World Population Prospects",2024,"United Nations Population Division",90,"Solomon Islands","SB","SLB",74,"2023",4,"Median",3,"Both sexes",188,0,-1,"Total",0,"Not applicable",1,"Model-based Estimates",3,"Projection",800005.5
49,"Total population by sex","Total population by sex","World Population Prospects",2024,"United Nations Population Division",90,"Solomon Islands","SB","SLB",75,"2024",4,"Median",3,"Both sexes",188,0,-1,"Total",0,"Not applicable",1,"Model-based Estimates",3,"Projection",819198
49,"Total population by sex","Total population by sex","World Population Prospects",2024,"United Nations Population Division",90,"Solomon Islands","SB","SLB",76,"2025",4,"Median",3,"Both sexes",188,0,-1,"Total",0,"Not applicable",1,"Model-based Estimates",3,"Projection",838645.5
49,"Total population by sex","Total population by sex","World Population Prospects",2024,"United Nations Population Division",92,"British Virgin Islands","VG","VGB",70,"2019",4,"Median",3,"Both sexes",188,0,-1,"Total",0,"Not applicable",1,"Model-based Estimates",3,"Projection",36394.5
49,"Total population by sex","Total population by sex","World Population Prospects",2024,"United Nations Population Division",92,"British Virgin Islands","VG","VGB",71,"2020",4,"Median",3,"Both sexes",188,0,-1,"Total",0,"Not applicable",1,"Model-based Estimates",3,"Projection",37134.5
49,"Total population by sex","Total population by sex","World Population Prospects",2024,"United Nations Population Division",92,"British Virgin Islands","VG","VGB",72,"2021",4,"Median",3,"Both sexes",188,0,-1,"Total",0,"Not applicable",1,"Model-based Estimates",3,"Projection",37809.5
49,"Total population by sex","Total population by sex","World Population Prospects",2024,"United Nations Population Division",92,"British Virgin Islands","VG","VGB",73,"2022",4,"Median",3,"Both sexes",188,0,-1,"Total",0,"Not applicable",1,"Model-based Estimates",3,"Projection",38319
49,"Total population by sex","Total population by sex","World Population Prospects",2024,"United Nations Population Division",92,"British Virgin Islands","VG","VGB",74,"2023",4,"Median",3,"Both sexes",188,0,-1,"Total",0,"Not applicable",1,"Model-based Estimates",3,"Projection",38985
49,"Total population by sex","Total population by sex","World Population Prospects",2024,"United Nations Population Division",92,"British Virgin Islands","VG","VGB",75,"2024",4,"Median",3,"Both sexes",188,0,-1,"Total",0,"Not applicable",1,"Model-based Estimates",3,"Projection",39471
49,"Total population by sex","Total population by sex","World Population Prospects",2024,"United Nations Population Division",92,"British Virgin Islands","VG","VGB",76,"2025",4,"Median",3,"Both sexes",188,0,-1,"Total",0,"Not applicable",1,"Model-based Estimates",3,"Projection",39732
49,"Total population by sex","Total population by sex","World Population Prospects",2024,"United Nations Population Division",96,"Brunei Darussalam","BN","BRN",70,"2019",4,"Median",3,"Both sexes",188,0,-1,"Total",0,"Not applicable",1,"Model-based Estimates",2,"Interpolation",442680
49,"Total population by sex","Total population by sex","World Population Prospects",2024,"United Nations Population Division",96,"Brunei Darussalam","BN","BRN",71,"2020",4,"Median",3,"Both sexes",188,0,-1,"Total",0,"Not applicable",1,"Model-based Estimates",2,"Interpolation",447403.5
49,"Total population by sex","Total population by sex","World Population Prospects",2024,"United Nations Population Division",96,"Brunei Darussalam","BN","BRN",72,"2021",4,"Median",3,"Both sexes",188,0,-1,"Total",0,"Not applicable",1,"Model-based Estimates",2,"Interpolation",451720.5
49,"Total population by sex","Total population by sex","World Population Prospects",2024,"United Nations Population Division",96,"Brunei Darussalam","BN","BRN",73,"2022",4,"Median",3,"Both sexes",188,0,-1,"Total",0,"Not applicable",1,"Model-based Estimates",3,"Projection",455369.5
49,"Total population by sex","Total population by sex","World Population Prospects",2024,"United Nations Population Division",96,"Brunei Darussalam","BN","BRN",74,"2023",4,"Median",3,"Both sexes",188,0,-1,"Total",0,"Not applicable",1,"Model-based Estimates",3,"Projection",458948.5
49,"Total population by sex","Total population by sex","World Population Prospects",2024,"United Nations Population Division",96,"Brunei Darussalam","BN","BRN",75,"2024",4,"Median",3,"Both sexes",188,0,-1,"Total",0,"Not applicable",1,"Model-based Estimates",3,"Projection",462721.5
49,"Total population by sex","Total population by sex","World Population Prospects",2024,"United Nations Population Division",96,"Brunei Darussalam","BN","BRN",76,"2025",4,"Median",3,"Both sexes",188,0,-1,"Total",0,"Not applicable",1,"Model-based Estimates",3,"Projection",466330.5
49,"Total population by sex","Total population by sex","World Population Prospects",2024,"United Nations Population Division",100,"Bulgaria","BG","BGR",70,"2019",4,"Median",3,"Both sexes",188,0,-1,"Total",0,"Not applicable",1,"Model-based Estimates",2,"Interpolation",6975469
49,"Total population by sex","Total population by sex","World Population Prospects",2024,"United Nations Population Division",100,"Bulgaria","BG","BGR",71,"2020",4,"Median",3,"Both sexes",188,0,-1,"Total",0,"Not applicable",1,"Model-based Estimates",2,"Interpolation",6933652
49,"Total population by sex","Total population by sex","World Population Prospects",2024,"United Nations Population Division",100,"Bulgaria","BG","BGR",72,"2021",4,"Median",3,"Both sexes",188,0,-1,"Total",0,"Not applicable",1,"Model-based Estimates",2,"Interpolation",6877225.5
49,"Total population by sex","Total population by sex","World Population Prospects",2024,"United Nations Population Division",100,"Bulgaria","BG","BGR",73,"2022",4,"Median",3,"Both sexes",188,0,-1,"Total",0,"Not applicable",1,"Model-based Estimates",2,"Interpolation",6825864
49,"Total population by sex","Total population by sex","World Population Prospects",2024,"United Nations Population Division",100,"Bulgaria","BG","BGR",74,"2023",4,"Median",3,"Both sexes",188,0,-1,"Total",0,"Not applicable",1,"Model-based Estimates",3,"Projection",6795803
49,"Total population by sex","Total population by sex","World Population Prospects",2024,"United Nations Population Division",100,"Bulgaria","BG","BGR",75,"2024",4,"Median",3,"Both sexes",188,0,-1,"Total",0,"Not applicable",1,"Model-based Estimates",3,"Projection",6757688.5
49,"Total population by sex","Total population by sex","World Population Prospects",2024,"United Nations Population Division",100,"Bulgaria","BG","BGR",76,"2025",4,"Median",3,"Both sexes",188,0,-1,"Total",0,"Not applicable",1,"Model-based Estimates",3,"Projection",6714559.5
49,"Total population by sex","Total population by sex","World Population Prospects",2024,"United Nations Population Division",104,"Myanmar","MM","MMR",70,"2019",4,"Median",3,"Both sexes",188,0,-1,"Total",0,"Not applicable",1,"Model-based Estimates",3,"Projection",52640713
49,"Total population by sex","Total population by sex","World Population Prospects",2024,"United Nations Population Division",104,"Myanmar","MM","MMR",71,"2020",4,"Median",3,"Both sexes",188,0,-1,"Total",0,"Not applicable",1,"Model-based Estimates",3,"Projection",53016521.5
49,"Total population by sex","Total population by sex","World Population Prospects",2024,"United Nations Population Division",104,"Myanmar","MM","MMR",72,"2021",4,"Median",3,"Both sexes",188,0,-1,"Total",0,"Not applicable",1,"Model-based Estimates",3,"Projection",53387102
49,"Total population by sex","Total population by sex","World Population Prospects",2024,"United Nations Population Division",104,"Myanmar","MM","MMR",73,"2022",4,"Median",3,"Both sexes",188,0,-1,"Total",0,"Not applicable",1,"Model-based Estimates",3,"Projection",53756787.5
49,"Total population by sex","Total population by sex","World Population Prospects",2024,"United Nations Population Division",104,"Myanmar","MM","MMR",74,"2023",4,"Median",3,"Both sexes",188,0,-1,"Total",0,"Not applicable",1,"Model-based Estimates",3,"Projection",54133797.5
49,"Total population by sex","Total population by sex","World Population Prospects",2024,"United Nations Population Division",104,"Myanmar","MM","MMR",75,"2024",4,"Median",3,"Both sexes",188,0,-1,"Total",0,"Not applicable",1,"Model-based Estimates",3,"Projection",54500091
49,"Total population by sex","Total population by sex","World Population Prospects",2024,"United Nations Population Division",104,"Myanmar","MM","MMR",76,"2025",4,"Median",3,"Both sexes",188,0,-1,"Total",0,"Not applicable",1,"Model-based Estimates",3,"Projection",54850648
49,"Total population by sex","Total population by sex","World Population Prospects",2024,"United Nations Population Division",108,"Burundi","BI","BDI",70,"2019",4,"Median",3,"Both sexes",188,0,-1,"Total",0,"Not applicable",1,"Model-based Estimates",3,"Projection",12255336.5
49,"Total population by sex","Total population by sex","World Population Prospects",2024,"United Nations Population Division",108,"Burundi","BI","BDI",71,"2020",4,"Median",3,"Both sexes",188,0,-1,"Total",0,"Not applicable",1,"Model-based Estimates",3,"Projection",12617036
49,"Total population by sex","Total population by sex","World Population Prospects",2024,"United Nations Population Division",108,"Burundi","BI","BDI",72,"2021",4,"Median",3,"Both sexes",188,0,-1,"Total",0,"Not applicable",1,"Model-based Estimates",3,"Projection",12965481.5
49,"Total population by sex","Total population by sex","World Population Prospects",2024,"United Nations Population Division",108,"Burundi","BI","BDI",73,"2022",4,"Median",3,"Both sexes",188,0,-1,"Total",0,"Not applicable",1,"Model-based Estimates",3,"Projection",13321097.5
49,"Total population by sex","Total population by sex","World Population Prospects",2024,"United Nations Population Division",108,"Burundi","BI","BDI",74,"2023",4,"Median",3,"Both sexes",188,0,-1,"Total",0,"Not applicable",1,"Model-based Estimates",3,"Projection",13689449.5
49,"Total population by sex","Total population by sex","World Population Prospects",2024,"United Nations Population Division",108,"Burundi","BI","BDI",75,"2024",4,"Median",3,"Both sexes",188,0,-1,"Total",0,"Not applicable",1,"Model-based Estimates",3,"Projection",14047786
49,"Total population by sex","Total population by sex","World Population Prospects",2024,"United Nations Population Division",108,"Burundi","BI","BDI",76,"2025",4,"Median",3,"Both sexes",188,0,-1,"Total",0,"Not applicable",1,"Model-based Estimates",3,"Projection",14390002.5
49,"Total population by sex","Total population by sex","World Population Prospects",2024,"United Nations Population Division",112,"Belarus","BY","BLR",70,"2019",4,"Median",3,"Both sexes",188,0,-1,"Total",0,"Not applicable",1,"Model-based Estimates",2,"Interpolation",9435419.5
49,"Total population by sex","Total population by sex","World Population Prospects",2024,"United Nations Population Division",112,"Belarus","BY","BLR",71,"2020",4,"Median",3,"Both sexes",188,0,-1,"Total",0,"Not applicable",1,"Model-based Estimates",3,"Projection",9350944
49,"Total population by sex","Total population by sex","World Population Prospects",2024,"United Nations Population Division",112,"Belarus","BY","BLR",72,"2021",4,"Median",3,"Both sexes",188,0,-1,"Total",0,"Not applicable",1,"Model-based Estimates",3,"Projection",9251365
49,"Total population by sex","Total population by sex","World Population Prospects",2024,"United Nations Population Division",112,"Belarus","BY","BLR",73,"2022",4,"Median",3,"Both sexes",188,0,-1,"Total",0,"Not applicable",1,"Model-based Estimates",3,"Projection",9173237
49,"Total population by sex","Total population by sex","World Population Prospects",2024,"United Nations Population Division",112,"Belarus","BY","BLR",74,"2023",4,"Median",3,"Both sexes",188,0,-1,"Total",0,"Not applicable",1,"Model-based Estimates",3,"Projection",9115680
49,"Total population by sex","Total population by sex","World Population Prospects",2024,"United Nations Population Division",112,"Belarus","BY","BLR",75,"2024",4,"Median",3,"Both sexes",188,0,-1,"Total",0,"Not applicable",1,"Model-based Estimates",3,"Projection",9056696
49,"Total population by sex","Total population by sex","World Population Prospects",2024,"United Nations Population Division",112,"Belarus","BY","BLR",76,"2025",4,"Median",3,"Both sexes",188,0,-1,"Total",0,"Not applicable",1,"Model-based Estimates",3,"Projection",8997603
49,"Total population by sex","Total population by sex","World Population Prospects",2024,"United Nations Population Division",116,"Cambodia","KH","KHM",70,"2019",4,"Median",3,"Both sexes",188,0,-1,"Total",0,"Not applicable",1,"Model-based Estimates",2,"Interpolation",16481304
49,"Total population by sex","Total population by sex","World Population Prospects",2024,"United Nations Population Division",116,"Cambodia","KH","KHM",71,"2020",4,"Median",3,"Both sexes",188,0,-1,"Total",0,"Not applicable",1,"Model-based Estimates",3,"Projection",16725473.5
49,"Total population by sex","Total population by sex","World Population Prospects",2024,"United Nations Population Division",116,"Cambodia","KH","KHM",72,"2021",4,"Median",3,"Both sexes",188,0,-1,"Total",0,"Not applicable",1,"Model-based Estimates",3,"Projection",16974305.5
49,"Total population by sex","Total population by sex","World Population Prospects",2024,"United Nations Population Division",116,"Cambodia","KH","KHM",73,"2022",4,"Median",3,"Both sexes",188,0,-1,"Total",0,"Not applicable",1,"Model-based Estimates",3,"Projection",17201723.5
49,"Total population by sex","Total population by sex","World Population Prospects",2024,"United Nations Population Division",116,"Cambodia","KH","KHM",74,"2023",4,"Median",3,"Both sexes",188,0,-1,"Total",0,"Not applicable",1,"Model-based Estimates",3,"Projection",17423880.5
49,"Total population by sex","Total population by sex","World Population Prospects",2024,"United Nations Population Division",116,"Cambodia","KH","KHM",75,"2024",4,"Median",3,"Both sexes",188,0,-1,"Total",0,"Not applicable",1,"Model-based Estimates",3,"Projection",17638800.5
49,"Total population by sex","Total population by sex","World Population Prospects",2024,"United Nations Population Division",116,"Cambodia","KH","KHM",76,"2025",4,"Median",3,"Both sexes",188,0,-1,"Total",0,"Not applicable",1,"Model-based Estimates",3,"Projection",17847981.5
49,"Total population by sex","Total population by sex","World Population Prospects",2024,"United Nations Population Division",120,"Cameroon","CM","CMR",70,"2019",4,"Median",3,"Both sexes",188,0,-1,"Total",0,"Not applicable",1,"Model-based Estimates",3,"Projection",25506095
49,"Total population by sex","Total population by sex","World Population Prospects",2024,"United Nations Population Division",120,"Cameroon","CM","CMR",71,"2020",4,"Median",3,"Both sexes",188,0,-1,"Total",0,"Not applicable",1,"Model-based Estimates",3,"Projection",26210558
49,"Total population by sex","Total population by sex","World Population Prospects",2024,"United Nations Population Division",120,"Cameroon","CM","CMR",72,"2021",4,"Median",3,"Both sexes",188,0,-1,"Total",0,"Not applicable",1,"Model-based Estimates",3,"Projection",26915758.5
49,"Total population by sex","Total population by sex","World Population Prospects",2024,"United Nations Population Division",120,"Cameroon","CM","CMR",73,"2022",4,"Median",3,"Both sexes",188,0,-1,"Total",0,"Not applicable",1,"Model-based Estimates",3,"Projection",27632771.5
49,"Total population by sex","Total population by sex","World Population Prospects",2024,"United Nations Population Division",120,"Cameroon","CM","CMR",74,"2023",4,"Median",3,"Both sexes",188,0,-1,"Total",0,"Not applicable",1,"Model-based Estimates",3,"Projection",28372687
49,"Total population by sex","Total population by sex","World Population Prospects",2024,"United Nations Population Division",120,"Cameroon","CM","CMR",75,"2024",4,"Median",3,"Both sexes",188,0,-1,"Total",0,"Not applicable",1,"Model-based Estimates",3,"Projection",29123743.5
49,"Total population by sex","Total population by sex","World Population Prospects",2024,"United Nations Population Division",120,"Cameroon","CM","CMR",76,"2025",4,"Median",3,"Both sexes",188,0,-1,"Total",0,"Not applicable",1,"Model-based Estimates",3,"Projection",29879337
49,"Total population by sex","Total population by sex","World Population Prospects",2024,"United Nations Population Division",124,"Canada","CA","CAN",70,"2019",4,"Median",3,"Both sexes",188,0,-1,"Total",0,"Not applicable",1,"Model-based Estimates",2,"Interpolation",37782934.5
49,"Total population by sex","Total population by sex","World Population Prospects",2024,"United Nations Population Division",124,"Canada","CA","CAN",71,"2020",4,"Median",3,"Both sexes",188,0,-1,"Total",0,"Not applicable",1,"Model-based Estimates",2,"Interpolation",38171902
49,"Total population by sex","Total population by sex","World Population Prospects",2024,"United Nations Population Division",124,"Canada","CA","CAN",72,"2021",4,"Median",3,"Both sexes",188,0,-1,"Total",0,"Not applicable",1,"Model-based Estimates",2,"Interpolation",38454057
49,"Total population by sex","Total population by sex","World Population Prospects",2024,"United Nations Population Division",124,"Canada","CA","CAN",73,"2022",4,"Median",3,"Both sexes",188,0,-1,"Total",0,"Not applicable",1,"Model-based Estimates",3,"Projection",38821259
49,"Total population by sex","Total population by sex","World Population Prospects",2024,"United Nations Population Division",124,"Canada","CA","CAN",74,"2023",4,"Median",3,"Both sexes",188,0,-1,"Total",0,"Not applicable",1,"Model-based Estimates",3,"Projection",39299104.5
49,"Total population by sex","Total population by sex","World Population Prospects",2024,"United Nations Population Division",124,"Canada","CA","CAN",75,"2024",4,"Median",3,"Both sexes",188,0,-1,"Total",0,"Not applicable",1,"Model-based Estimates",3,"Projection",39742430
49,"Total population by sex","Total population by sex","World Population Prospects",2024,"United Nations Population Division",124,"Canada","CA","CAN",76,"2025",4,"Median",3,"Both sexes",188,0,-1,"Total",0,"Not applicable",1,"Model-based Estimates",3,"Projection",40126723
49,"Total population by sex","Total population by sex","World Population Prospects",2024,"United Nations Population Division",132,"Cabo Verde","CV","CPV",70,"2019",4,"Median",3,"Both sexes",188,0,-1,"Total",0,"Not applicable",1,"Model-based Estimates",2,"Interpolation",514104.00000000006
49,"Total population by sex","Total population by sex","World Population Prospects",2024,"United Nations Population Division",132,"Cabo Verde","CV","CPV",71,"2020",4,"Median",3,"Both sexes",188,0,-1,"Total",0,"Not applicable",1,"Model-based Estimates",2,"Interpolation",514679.49999999994
49,"Total population by sex","Total population by sex","World Population Prospects",2024,"United Nations Population Division",132,"Cabo Verde","CV","CPV",72,"2021",4,"Median",3,"Both sexes",188,0,-1,"Total",0,"Not applicable",1,"Model-based Estimates",2,"Interpolation",516649
49,"Total population by sex","Total population by sex","World Population Prospects",2024,"United Nations Population Division",132,"Cabo Verde","CV","CPV",73,"2022",4,"Median",3,"Both sexes",188,0,-1,"Total",0,"Not applicable",1,"Model-based Estimates",3,"Projection",519741
49,"Total population by sex","Total population by sex","World Population Prospects",2024,"United Nations Population Division",132,"Cabo Verde","CV","CPV",74,"2023",4,"Median",3,"Both sexes",188,0,-1,"Total",0,"Not applicable",1,"Model-based Estimates",3,"Projection",522330.5
49,"Total population by sex","Total population by sex","World Population Prospects",2024,"United Nations Population Division",132,"Cabo Verde","CV","CPV",75,"2024",4,"Median",3,"Both sexes",188,0,-1,"Total",0,"Not applicable",1,"Model-based Estimates",3,"Projection",524877
49,"Total population by sex","Total population by sex","World Population Prospects",2024,"United Nations Population Division",132,"Cabo Verde","CV","CPV",76,"2025",4,"Median",3,"Both sexes",188,0,-1,"Total",0,"Not applicable",1,"Model-based Estimates",3,"Projection",527325.5
49,"Total population by sex","Total population by sex","World Population Prospects",2024,"United Nations Population Division",136,"Cayman Islands","KY","CYM",70,"2019",4,"Median",3,"Both sexes",188,0,-1,"Total",0,"Not applicable",1,"Model-based Estimates",2,"Interpolation",67327
49,"Total population by sex","Total population by sex","World Population Prospects",2024,"United Nations Population Division",136,"Cayman Islands","KY","CYM",71,"2020",4,"Median",3,"Both sexes",188,0,-1,"Total",0,"Not applicable",1,"Model-based Estimates",2,"Interpolation",68684.5
49,"Total population by sex","Total population by sex","World Population Prospects",2024,"United Nations Population Division",136,"Cayman Islands","KY","CYM",72,"2021",4,"Median",3,"Both sexes",188,0,-1,"Total",0,"Not applicable",1,"Model-based Estimates",2,"Interpolation",70107.5
49,"Total population by sex","Total population by sex","World Population Prospects",2024,"United Nations Population Division",136,"Cayman Islands","KY","CYM",73,"2022",4,"Median",3,"Both sexes",188,0,-1,"Total",0,"Not applicable",1,"Model-based Estimates",3,"Projection",71591.5
49,"Total population by sex","Total population by sex","World Population Prospects",2024,"United Nations Population Division",136,"Cayman Islands","KY","CYM",74,"2023",4,"Median",3,"Both sexes",188,0,-1,"Total",0,"Not applicable",1,"Model-based Estimates",3,"Projection",73038
49,"Total population by sex","Total population by sex","World Population Prospects",2024,"United Nations Population Division",136,"Cayman Islands","KY","CYM",75,"2024",4,"Median",3,"Both sexes",188,0,-1,"Total",0,"Not applicable",1,"Model-based Estimates",3,"Projection",74457.5
49,"Total population by sex","Total population by sex","World Population Prospects",2024,"United Nations Population Division",136,"Cayman Islands","KY","CYM",76,"2025",4,"Median",3,"Both sexes",188,0,-1,"Total",0,"Not applicable",1,"Model-based Estimates",3,"Projection",75843.5
49,"Total population by sex","Total population by sex","World Population Prospects",2024,"United Nations Population Division",140,"Central African Republic","CF","CAF",70,"2019",4,"Median",3,"Both sexes",188,0,-1,"Total",0,"Not applicable",1,"Model-based Estimates",3,"Projection",4944703.5
49,"Total population by sex","Total population by sex","World Population Prospects",2024,"United Nations Population Division",140,"Central African Republic","CF","CAF",71,"2020",4,"Median",3,"Both sexes",188,0,-1,"Total",0,"Not applicable",1,"Model-based Estimates",3,"Projection",5026628.5
49,"Total population by sex","Total population by sex","World Population Prospects",2024,"United Nations Population Division",140,"Central African Republic","CF","CAF",72,"2021",4,"Median",3,"Both sexes",188,0,-1,"Total",0,"Not applicable",1,"Model-based Estimates",3,"Projection",5112100
49,"Total population by sex","Total population by sex","World Population Prospects",2024,"United Nations Population Division",140,"Central African Republic","CF","CAF",73,"2022",4,"Median",3,"Both sexes",188,0,-1,"Total",0,"Not applicable",1,"Model-based Estimates",3,"Projection",5098039.5
49,"Total population by sex","Total population by sex","World Population Prospects",2024,"United Nations Population Division",140,"Central African Republic","CF","CAF",74,"2023",4,"Median",3,"Both sexes",188,0,-1,"Total",0,"Not applicable",1,"Model-based Estimates",3,"Projection",5152420.5
49,"Total population by sex","Total population by sex","World Population Prospects",2024,"United Nations Population Division",140,"Central African Republic","CF","CAF",75,"2024",4,"Median",3,"Both sexes",188,0,-1,"Total",0,"Not applicable",1,"Model-based Estimates",3,"Projection",5330689.5
49,"Total population by sex","Total population by sex","World Population Prospects",2024,"United Nations Population Division",140,"Central African Republic","CF","CAF",76,"2025",4,"Median",3,"Both sexes",188,0,-1,"Total",0,"Not applicable",1,"Model-based Estimates",3,"Projection",5513282
49,"Total population by sex","Total population by sex","World Population Prospects",2024,"United Nations Population Division",144,"Sri Lanka","LK","LKA",70,"2019",4,"Median",3,"Both sexes",188,0,-1,"Total",0,"Not applicable",1,"Model-based Estimates",3,"Projection",22410551.5
49,"Total population by sex","Total population by sex","World Population Prospects",2024,"United Nations Population Division",144,"Sri Lanka","LK","LKA",71,"2020",4,"Median",3,"Both sexes",188,0,-1,"Total",0,"Not applicable",1,"Model-based Estimates",3,"Projection",22561807
49,"Total population by sex","Total population by sex","World Population Prospects",2024,"United Nations Population Division",144,"Sri Lanka","LK","LKA",72,"2021",4,"Median",3,"Both sexes",188,0,-1,"Total",0,"Not applicable",1,"Model-based Estimates",3,"Projection",22700372
49,"Total population by sex","Total population by sex","World Population Prospects",2024,"United Nations Population Division",144,"Sri Lanka","LK","LKA",73,"2022",4,"Median",3,"Both sexes",188,0,-1,"Total",0,"Not applicable",1,"Model-based Estimates",3,"Projection",22834965
49,"Total population by sex","Total population by sex","World Population Prospects",2024,"United Nations Population Division",144,"Sri Lanka","LK","LKA",74,"2023",4,"Median",3,"Both sexes",188,0,-1,"Total",0,"Not applicable",1,"Model-based Estimates",3,"Projection",22971617
49,"Total population by sex","Total population by sex","World Population Prospects",2024,"United Nations Population Division",144,"Sri Lanka","LK","LKA",75,"2024",4,"Median",3,"Both sexes",188,0,-1,"Total",0,"Not applicable",1,"Model-based Estimates",3,"Projection",23103564.5
49,"Total population by sex","Total population by sex","World Population Prospects",2024,"United Nations Population Division",144,"Sri Lanka","LK","LKA",76,"2025",4,"Median",3,"Both sexes",188,0,-1,"Total",0,"Not applicable",1,"Model-based Estimates",3,"Projection",23229470.5
49,"Total population by sex","Total population by sex","World Population Prospects",2024,"United Nations Population Division",148,"Chad","TD","TCD",70,"2019",4,"Median",3,"Both sexes",188,0,-1,"Total",0,"Not applicable",1,"Model-based Estimates",3,"Projection",16685223.000000002
49,"Total population by sex","Total population by sex","World Population Prospects",2024,"United Nations Population Division",148,"Chad","TD","TCD",71,"2020",4,"Median",3,"Both sexes",188,0,-1,"Total",0,"Not applicable",1,"Model-based Estimates",3,"Projection",17224679
49,"Total population by sex","Total population by sex","World Population Prospects",2024,"United Nations Population Division",148,"Chad","TD","TCD",72,"2021",4,"Median",3,"Both sexes",188,0,-1,"Total",0,"Not applicable",1,"Model-based Estimates",3,"Projection",17828273.5
49,"Total population by sex","Total population by sex","World Population Prospects",2024,"United Nations Population Division",148,"Chad","TD","TCD",73,"2022",4,"Median",3,"Both sexes",188,0,-1,"Total",0,"Not applicable",1,"Model-based Estimates",3,"Projection",18455315.5
49,"Total population by sex","Total population by sex","World Population Prospects",2024,"United Nations Population Division",148,"Chad","TD","TCD",74,"2023",4,"Median",3,"Both sexes",188,0,-1,"Total",0,"Not applicable",1,"Model-based Estimates",3,"Projection",19319064
49,"Total population by sex","Total population by sex","World Population Prospects",2024,"United Nations Population Division",148,"Chad","TD","TCD",75,"2024",4,"Median",3,"Both sexes",188,0,-1,"Total",0,"Not applicable",1,"Model-based Estimates",3,"Projection",20299123
49,"Total population by sex","Total population by sex","World Population Prospects",2024,"United Nations Population Division",148,"Chad","TD","TCD",76,"2025",4,"Median",3,"Both sexes",188,0,-1,"Total",0,"Not applicable",1,"Model-based Estimates",3,"Projection",21003705
49,"Total population by sex","Total population by sex","World Population Prospects",2024,"United Nations Population Division",152,"Chile","CL","CHL",70,"2019",4,"Median",3,"Both sexes",188,0,-1,"Total",0,"Not applicable",1,"Model-based Estimates",3,"Projection",19197744
49,"Total population by sex","Total population by sex","World Population Prospects",2024,"United Nations Population Division",152,"Chile","CL","CHL",71,"2020",4,"Median",3,"Both sexes",188,0,-1,"Total",0,"Not applicable",1,"Model-based Estimates",3,"Projection",19370624
49,"Total population by sex","Total population by sex","World Population Prospects",2024,"United Nations Population Division",152,"Chile","CL","CHL",72,"2021",4,"Median",3,"Both sexes",188,0,-1,"Total",0,"Not applicable",1,"Model-based Estimates",3,"Projection",19456334
49,"Total population by sex","Total population by sex","World Population Prospects",2024,"United Nations Population Division",152,"Chile","CL","CHL",73,"2022",4,"Median",3,"Both sexes",188,0,-1,"Total",0,"Not applicable",1,"Model-based Estimates",3,"Projection",19553036.5
49,"Total population by sex","Total population by sex","World Population Prospects",2024,"United Nations Population Division",152,"Chile","CL","CHL",74,"2023",4,"Median",3,"Both sexes",188,0,-1,"Total",0,"Not applicable",1,"Model-based Estimates",3,"Projection",19658835
49,"Total population by sex","Total population by sex","World Population Prospects",2024,"United Nations Population Division",152,"Chile","CL","CHL",75,"2024",4,"Median",3,"Both sexes",188,0,-1,"Total",0,"Not applicable",1,"Model-based Estimates",3,"Projection",19764771.5
49,"Total population by sex","Total population by sex","World Population Prospects",2024,"United Nations Population Division",152,"Chile","CL","CHL",76,"2025",4,"Median",3,"Both sexes",188,0,-1,"Total",0,"Not applicable",1,"Model-based Estimates",3,"Projection",19859921
49,"Total population by sex","Total population by sex","World Population Prospects",2024,"United Nations Population Division",156,"China","CN","CHN",70,"2019",4,"Median",3,"Both sexes",188,0,-1,"Total",0,"Not applicable",1,"Model-based Estimates",2,"Interpolation",1423520357.5
49,"Total population by sex","Total population by sex","World Population Prospects",2024,"United Nations Population Division",156,"China","CN","CHN",71,"2020",4,"Median",3,"Both sexes",188,0,-1,"Total",0,"Not applicable",1,"Model-based Estimates",2,"Interpolation",1426106093
49,"Total population by sex","Total population by sex","World Population Prospects",2024,"United Nations Population Division",156,"China","CN","CHN",72,"2021",4,"Median",3,"Both sexes",188,0,-1,"Total",0,"Not applicable",1,"Model-based Estimates",3,"Projection",1426437267
49,"Total population by sex","Total population by sex","World Population Prospects",2024,"United Nations Population Division",156,"China","CN","CHN",73,"2022",4,"Median",3,"Both sexes",188,0,-1,"Total",0,"Not applicable",1,"Model-based Estimates",3,"Projection",1425179569
49,"Total population by sex","Total population by sex","World Population Prospects",2024,"United Nations Population Division",156,"China","CN","CHN",74,"2023",4,"Median",3,"Both sexes",188,0,-1,"Total",0,"Not applicable",1,"Model-based Estimates",3,"Projection",1422584932.5
49,"Total population by sex","Total population by sex","World Population Prospects",2024,"United Nations Population Division",156,"China","CN","CHN",75,"2024",4,"Median",3,"Both sexes",188,0,-1,"Total",0,"Not applicable",1,"Model-based Estimates",3,"Projection",1419321277.5
49,"Total population by sex","Total population by sex","World Population Prospects",2024,"United Nations Population Division",156,"China","CN","CHN",76,"2025",4,"Median",3,"Both sexes",188,0,-1,"Total",0,"Not applicable",1,"Model-based Estimates",3,"Projection",1416096094
49,"Total population by sex","Total population by sex","World Population Prospects",2024,"United Nations Population Division",158,"China, Taiwan Province of China","TW","TWN",70,"2019",4,"Median",3,"Both sexes",188,0,-1,"Total",0,"Not applicable",1,"Model-based Estimates",2,"Interpolation",23674137.5
49,"Total population by sex","Total population by sex","World Population Prospects",2024,"United Nations Population Division",158,"China, Taiwan Province of China","TW","TWN",71,"2020",4,"Median",3,"Both sexes",188,0,-1,"Total",0,"Not applicable",1,"Model-based Estimates",2,"Interpolation",23663459
49,"Total population by sex","Total population by sex","World Population Prospects",2024,"United Nations Population Division",158,"China, Taiwan Province of China","TW","TWN",72,"2021",4,"Median",3,"Both sexes",188,0,-1,"Total",0,"Not applicable",1,"Model-based Estimates",2,"Interpolation",23558332.5
49,"Total population by sex","Total population by sex","World Population Prospects",2024,"United Nations Population Division",158,"China, Taiwan Province of China","TW","TWN",73,"2022",4,"Median",3,"Both sexes",188,0,-1,"Total",0,"Not applicable",1,"Model-based Estimates",2,"Interpolation",23420111
49,"Total population by sex","Total population by sex","World Population Prospects",2024,"United Nations Population Division",158,"China, Taiwan Province of China","TW","TWN",74,"2023",4,"Median",3,"Both sexes",188,0,-1,"Total",0,"Not applicable",1,"Model-based Estimates",3,"Projection",23317145
49,"Total population by sex","Total population by sex","World Population Prospects",2024,"United Nations Population Division",158,"China, Taiwan Province of China","TW","TWN",75,"2024",4,"Median",3,"Both sexes",188,0,-1,"Total",0,"Not applicable",1,"Model-based Estimates",3,"Projection",23213962
49,"Total population by sex","Total population by sex","World Population Prospects",2024,"United Nations Population Division",158,"China, Taiwan Province of China","TW","TWN",76,"2025",4,"Median",3,"Both sexes",188,0,-1,"Total",0,"Not applicable",1,"Model-based Estimates",3,"Projection",23112793
49,"Total population by sex","Total population by sex","World Population Prospects",2024,"United Nations Population Division",170,"Colombia","CO","COL",70,"2019",4,"Median",3,"Both sexes",188,0,-1,"Total",0,"Not applicable",1,"Model-based Estimates",3,"Projection",49907985
49,"Total population by sex","Total population by sex","World Population Prospects",2024,"United Nations Population Division",170,"Colombia","CO","COL",71,"2020",4,"Median",3,"Both sexes",188,0,-1,"Total",0,"Not applicable",1,"Model-based Estimates",3,"Projection",50629997.5
49,"Total population by sex","Total population by sex","World Population Prospects",2024,"United Nations Population Division",170,"Colombia","CO","COL",72,"2021",4,"Median",3,"Both sexes",188,0,-1,"Total",0,"Not applicable",1,"Model-based Estimates",3,"Projection",51188173.5
49,"Total population by sex","Total population by sex","World Population Prospects",2024,"United Nations Population Division",170,"Colombia","CO","COL",73,"2022",4,"Median",3,"Both sexes",188,0,-1,"Total",0,"Not applicable",1,"Model-based Estimates",3,"Projection",51737943.5
49,"Total population by sex","Total population by sex","World Population Prospects",2024,"United Nations Population Division",170,"Colombia","CO","COL",74,"2023",4,"Median",3,"Both sexes",188,0,-1,"Total",0,"Not applicable",1,"Model-based Estimates",3,"Projection",52321152.5
49,"Total population by sex","Total population by sex","World Population Prospects",2024,"United Nations Population Division",170,"Colombia","CO","COL",75,"2024",4,"Median",3,"Both sexes",188,0,-1,"Total",0,"Not applicable",1,"Model-based Estimates",3,"Projection",52886363.5
49,"Total population by sex","Total population by sex","World Population Prospects",2024,"United Nations Population Division",170,"Colombia","CO","COL",76,"2025",4,"Median",3,"Both sexes",188,0,-1,"Total",0,"Not applicable",1,"Model-based Estimates",3,"Projection",53425635.5
49,"Total population by sex","Total population by sex","World Population Prospects",2024,"United Nations Population Division",174,"Comoros","KM","COM",70,"2019",4,"Median",3,"Both sexes",188,0,-1,"Total",0,"Not applicable",1,"Model-based Estimates",3,"Projection",786578
49,"Total population by sex","Total population by sex","World Population Prospects",2024,"United Nations Population Division",174,"Comoros","KM","COM",71,"2020",4,"Median",3,"Both sexes",188,0,-1,"Total",0,"Not applicable",1,"Model-based Estimates",3,"Projection",802163.5
49,"Total population by sex","Total population by sex","World Population Prospects",2024,"United Nations Population Division",174,"Comoros","KM","COM",72,"2021",4,"Median",3,"Both sexes",188,0,-1,"Total",0,"Not applicable",1,"Model-based Estimates",3,"Projection",818174.5
49,"Total population by sex","Total population by sex","World Population Prospects",2024,"United Nations Population Division",174,"Comoros","KM","COM",73,"2022",4,"Median",3,"Both sexes",188,0,-1,"Total",0,"Not applicable",1,"Model-based Estimates",3,"Projection",834188
49,"Total population by sex","Total population by sex","World Population Prospects",2024,"United Nations Population Division",174,"Comoros","KM","COM",74,"2023",4,"Median",3,"Both sexes",188,0,-1,"Total",0,"Not applicable",1,"Model-based Estimates",3,"Projection",850387
49,"Total population by sex","Total population by sex","World Population Prospects",2024,"United Nations Population Division",174,"Comoros","KM","COM",75,"2024",4,"Median",3,"Both sexes",188,0,-1,"Total",0,"Not applicable",1,"Model-based Estimates",3,"Projection",866628
49,"Total population by sex","Total population by sex","World Population Prospects",2024,"United Nations Population Division",174,"Comoros","KM","COM",76,"2025",4,"Median",3,"Both sexes",188,0,-1,"Total",0,"Not applicable",1,"Model-based Estimates",3,"Projection",882847.5
49,"Total population by sex","Total population by sex","World Population Prospects",2024,"United Nations Population Division",175,"Mayotte","YT","MYT",70,"2019",4,"Median",3,"Both sexes",188,0,-1,"Total",0,"Not applicable",1,"Model-based Estimates",2,"Interpolation",274910.5
49,"Total population by sex","Total population by sex","World Population Prospects",2024,"United Nations Population Division",175,"Mayotte","YT","MYT",71,"2020",4,"Median",3,"Both sexes",188,0,-1,"Total",0,"Not applicable",1,"Model-based Estimates",2,"Interpolation",284370.5
49,"Total population by sex","Total population by sex","World Population Prospects",2024,"United Nations Population Division",175,"Mayotte","YT","MYT",72,"2021",4,"Median",3,"Both sexes",188,0,-1,"Total",0,"Not applicable",1,"Model-based Estimates",2,"Interpolation",294421
49,"Total population by sex","Total population by sex","World Population Prospects",2024,"United Nations Population Division",175,"Mayotte","YT","MYT",73,"2022",4,"Median",3,"Both sexes",188,0,-1,"Total",0,"Not applicable",1,"Model-based Estimates",2,"Interpolation",305268.5
49,"Total population by sex","Total population by sex","World Population Prospects",2024,"United Nations Population Division",175,"Mayotte","YT","MYT",74,"2023",4,"Median",3,"Both sexes",188,0,-1,"Total",0,"Not applicable",1,"Model-based Estimates",2,"Interpolation",316015.5
49,"Total population by sex","Total population by sex","World Population Prospects",2024,"United Nations Population Division",175,"Mayotte","YT","MYT",75,"2024",4,"Median",3,"Both sexes",188,0,-1,"Total",0,"Not applicable",1,"Model-based Estimates",3,"Projection",326505.5
49,"Total population by sex","Total population by sex","World Population Prospects",2024,"United Nations Population Division",175,"Mayotte","YT","MYT",76,"2025",4,"Median",3,"Both sexes",188,0,-1,"Total",0,"Not applicable",1,"Model-based Estimates",3,"Projection",337011
49,"Total population by sex","Total population by sex","World Population Prospects",2024,"United Nations Population Division",178,"Congo","CG","COG",70,"2019",4,"Median",3,"Both sexes",188,0,-1,"Total",0,"Not applicable",1,"Model-based Estimates",2,"Interpolation",5616661
49,"Total population by sex","Total population by sex","World Population Prospects",2024,"United Nations Population Division",178,"Congo","CG","COG",71,"2020",4,"Median",3,"Both sexes",188,0,-1,"Total",0,"Not applicable",1,"Model-based Estimates",2,"Interpolation",5752790.5
49,"Total population by sex","Total population by sex","World Population Prospects",2024,"United Nations Population Division",178,"Congo","CG","COG",72,"2021",4,"Median",3,"Both sexes",188,0,-1,"Total",0,"Not applicable",1,"Model-based Estimates",2,"Interpolation",5892183
49,"Total population by sex","Total population by sex","World Population Prospects",2024,"United Nations Population Division",178,"Congo","CG","COG",73,"2022",4,"Median",3,"Both sexes",188,0,-1,"Total",0,"Not applicable",1,"Model-based Estimates",2,"Interpolation",6035104
49,"Total population by sex","Total population by sex","World Population Prospects",2024,"United Nations Population Division",178,"Congo","CG","COG",74,"2023",4,"Median",3,"Both sexes",188,0,-1,"Total",0,"Not applicable",1,"Model-based Estimates",2,"Interpolation",6182885
49,"Total population by sex","Total population by sex","World Population Prospects",2024,"United Nations Population Division",178,"Congo","CG","COG",75,"2024",4,"Median",3,"Both sexes",188,0,-1,"Total",0,"Not applicable",1,"Model-based Estimates",3,"Projection",6332961
49,"Total population by sex","Total population by sex","World Population Prospects",2024,"United Nations Population Division",178,"Congo","CG","COG",76,"2025",4,"Median",3,"Both sexes",188,0,-1,"Total",0,"Not applicable",1,"Model-based Estimates",3,"Projection",6484437
49,"Total population by sex","Total population by sex","World Population Prospects",2024,"United Nations Population Division",180,"Dem. Rep. of the Congo","CD","COD",70,"2019",4,"Median",3,"Both sexes",188,0,-1,"Total",0,"Not applicable",1,"Model-based Estimates",3,"Projection",92947442
49,"Total population by sex","Total population by sex","World Population Prospects",2024,"United Nations Population Division",180,"Dem. Rep. of the Congo","CD","COD",71,"2020",4,"Median",3,"Both sexes",188,0,-1,"Total",0,"Not applicable",1,"Model-based Estimates",3,"Projection",95989998
49,"Total population by sex","Total population by sex","World Population Prospects",2024,"United Nations Population Division",180,"Dem. Rep. of the Congo","CD","COD",72,"2021",4,"Median",3,"Both sexes",188,0,-1,"Total",0,"Not applicable",1,"Model-based Estimates",3,"Projection",99148932
49,"Total population by sex","Total population by sex","World Population Prospects",2024,"United Nations Population Division",180,"Dem. Rep. of the Congo","CD","COD",73,"2022",4,"Median",3,"Both sexes",188,0,-1,"Total",0,"Not applicable",1,"Model-based Estimates",3,"Projection",102396968
49,"Total population by sex","Total population by sex","World Population Prospects",2024,"United Nations Population Division",180,"Dem. Rep. of the Congo","CD","COD",74,"2023",4,"Median",3,"Both sexes",188,0,-1,"Total",0,"Not applicable",1,"Model-based Estimates",3,"Projection",105789731.5
49,"Total population by sex","Total population by sex","World Population Prospects",2024,"United Nations Population Division",180,"Dem. Rep. of the Congo","CD","COD",75,"2024",4,"Median",3,"Both sexes",188,0,-1,"Total",0,"Not applicable",1,"Model-based Estimates",3,"Projection",109276264.5
49,"Total population by sex","Total population by sex","World Population Prospects",2024,"United Nations Population Division",180,"Dem. Rep. of the Congo","CD","COD",76,"2025",4,"Median",3,"Both sexes",188,0,-1,"Total",0,"Not applicable",1,"Model-based Estimates",3,"Projection",112832473
49,"Total population by sex","Total population by sex","World Population Prospects",2024,"United Nations Population Division",184,"Cook Islands","CK","COK",70,"2019",4,"Median",3,"Both sexes",188,0,-1,"Total",0,"Not applicable",1,"Model-based Estimates",2,"Interpolation",16129.000000000002
49,"Total population by sex","Total population by sex","World Population Prospects",2024,"United Nations Population Division",184,"Cook Islands","CK","COK",71,"2020",4,"Median",3,"Both sexes",188,0,-1,"Total",0,"Not applicable",1,"Model-based Estimates",2,"Interpolation",15643.5
49,"Total population by sex","Total population by sex","World Population Prospects",2024,"United Nations Population Division",184,"Cook Islands","CK","COK",72,"2021",4,"Median",3,"Both sexes",188,0,-1,"Total",0,"Not applicable",1,"Model-based Estimates",2,"Interpolation",15182.5
49,"Total population by sex","Total population by sex","World Population Prospects",2024,"United Nations Population Division",184,"Cook Islands","CK","COK",73,"2022",4,"Median",3,"Both sexes",188,0,-1,"Total",0,"Not applicable",1,"Model-based Estimates",3,"Projection",14723.5
49,"Total population by sex","Total population by sex","World Population Prospects",2024,"United Nations Population Division",184,"Cook Islands","CK","COK",74,"2023",4,"Median",3,"Both sexes",188,0,-1,"Total",0,"Not applicable",1,"Model-based Estimates",3,"Projection",14222
49,"Total population by sex","Total population by sex","World Population Prospects",2024,"United Nations Population Division",184,"Cook Islands","CK","COK",75,"2024",4,"Median",3,"Both sexes",188,0,-1,"Total",0,"Not applicable",1,"Model-based Estimates",3,"Projection",13729
49,"Total population by sex","Total population by sex","World Population Prospects",2024,"United Nations Population Division",184,"Cook Islands","CK","COK",76,"2025",4,"Median",3,"Both sexes",188,0,-1,"Total",0,"Not applicable",1,"Model-based Estimates",3,"Projection",13263
49,"Total population by sex","Total population by sex","World Population Prospects",2024,"United Nations Population Division",188,"Costa Rica","CR","CRI",70,"2019",4,"Median",3,"Both sexes",188,0,-1,"Total",0,"Not applicable",1,"Model-based Estimates",3,"Projection",4999553.5
49,"Total population by sex","Total population by sex","World Population Prospects",2024,"United Nations Population Division",188,"Costa Rica","CR","CRI",71,"2020",4,"Median",3,"Both sexes",188,0,-1,"Total",0,"Not applicable",1,"Model-based Estimates",3,"Projection",5034320
49,"Total population by sex","Total population by sex","World Population Prospects",2024,"United Nations Population Division",188,"Costa Rica","CR","CRI",72,"2021",4,"Median",3,"Both sexes",188,0,-1,"Total",0,"Not applicable",1,"Model-based Estimates",3,"Projection",5059987.5
49,"Total population by sex","Total population by sex","World Population Prospects",2024,"United Nations Population Division",188,"Costa Rica","CR","CRI",73,"2022",4,"Median",3,"Both sexes",188,0,-1,"Total",0,"Not applicable",1,"Model-based Estimates",3,"Projection",5081764.5
49,"Total population by sex","Total population by sex","World Population Prospects",2024,"United Nations Population Division",188,"Costa Rica","CR","CRI",74,"2023",4,"Median",3,"Both sexes",188,0,-1,"Total",0,"Not applicable",1,"Model-based Estimates",3,"Projection",5105525.5
49,"Total population by sex","Total population by sex","World Population Prospects",2024,"United Nations Population Division",188,"Costa Rica","CR","CRI",75,"2024",4,"Median",3,"Both sexes",188,0,-1,"Total",0,"Not applicable",1,"Model-based Estimates",3,"Projection",5129910
49,"Total population by sex","Total population by sex","World Population Prospects",2024,"United Nations Population Division",188,"Costa Rica","CR","CRI",76,"2025",4,"Median",3,"Both sexes",188,0,-1,"Total",0,"Not applicable",1,"Model-based Estimates",3,"Projection",5152950
49,"Total population by sex","Total population by sex","World Population Prospects",2024,"United Nations Population Division",191,"Croatia","HR","HRV",70,"2019",4,"Median",3,"Both sexes",188,0,-1,"Total",0,"Not applicable",1,"Model-based Estimates",2,"Interpolation",3986334.5
49,"Total population by sex","Total population by sex","World Population Prospects",2024,"United Nations Population Division",191,"Croatia","HR","HRV",71,"2020",4,"Median",3,"Both sexes",188,0,-1,"Total",0,"Not applicable",1,"Model-based Estimates",2,"Interpolation",3953958
49,"Total population by sex","Total population by sex","World Population Prospects",2024,"United Nations Population Division",191,"Croatia","HR","HRV",72,"2021",4,"Median",3,"Both sexes",188,0,-1,"Total",0,"Not applicable",1,"Model-based Estimates",2,"Interpolation",3924610
49,"Total population by sex","Total population by sex","World Population Prospects",2024,"United Nations Population Division",191,"Croatia","HR","HRV",73,"2022",4,"Median",3,"Both sexes",188,0,-1,"Total",0,"Not applicable",1,"Model-based Estimates",3,"Projection",3907027
49,"Total population by sex","Total population by sex","World Population Prospects",2024,"United Nations Population Division",191,"Croatia","HR","HRV",74,"2023",4,"Median",3,"Both sexes",188,0,-1,"Total",0,"Not applicable",1,"Model-based Estimates",3,"Projection",3896023.5
49,"Total population by sex","Total population by sex","World Population Prospects",2024,"United Nations Population Division",191,"Croatia","HR","HRV",75,"2024",4,"Median",3,"Both sexes",188,0,-1,"Total",0,"Not applicable",1,"Model-based Estimates",3,"Projection",3875325
49,"Total population by sex","Total population by sex","World Population Prospects",2024,"United Nations Population Division",191,"Croatia","HR","HRV",76,"2025",4,"Median",3,"Both sexes",188,0,-1,"Total",0,"Not applicable",1,"Model-based Estimates",3,"Projection",3848160
49,"Total population by sex","Total population by sex","World Population Prospects",2024,"United Nations Population Division",192,"Cuba","CU","CUB",70,"2019",4,"Median",3,"Both sexes",188,0,-1,"Total",0,"Not applicable",1,"Model-based Estimates",3,"Projection",11202846.5
49,"Total population by sex","Total population by sex","World Population Prospects",2024,"United Nations Population Division",192,"Cuba","CU","CUB",71,"2020",4,"Median",3,"Both sexes",188,0,-1,"Total",0,"Not applicable",1,"Model-based Estimates",3,"Projection",11176354
49,"Total population by sex","Total population by sex","World Population Prospects",2024,"United Nations Population Division",192,"Cuba","CU","CUB",72,"2021",4,"Median",3,"Both sexes",188,0,-1,"Total",0,"Not applicable",1,"Model-based Estimates",3,"Projection",11122168.5
49,"Total population by sex","Total population by sex","World Population Prospects",2024,"United Nations Population Division",192,"Cuba","CU","CUB",73,"2022",4,"Median",3,"Both sexes",188,0,-1,"Total",0,"Not applicable",1,"Model-based Estimates",3,"Projection",11059820
49,"Total population by sex","Total population by sex","World Population Prospects",2024,"United Nations Population Division",192,"Cuba","CU","CUB",74,"2023",4,"Median",3,"Both sexes",188,0,-1,"Total",0,"Not applicable",1,"Model-based Estimates",3,"Projection",11019930.5
49,"Total population by sex","Total population by sex","World Population Prospects",2024,"United Nations Population Division",192,"Cuba","CU","CUB",75,"2024",4,"Median",3,"Both sexes",188,0,-1,"Total",0,"Not applicable",1,"Model-based Estimates",3,"Projection",10979783
49,"Total population by sex","Total population by sex","World Population Prospects",2024,"United Nations Population Division",192,"Cuba","CU","CUB",76,"2025",4,"Median",3,"Both sexes",188,0,-1,"Total",0,"Not applicable",1,"Model-based Estimates",3,"Projection",10937203.5
49,"Total population by sex","Total population by sex","World Population Prospects",2024,"United Nations Population Division",196,"Cyprus","CY","CYP",70,"2019",4,"Median",3,"Both sexes",188,0,-1,"Total",0,"Not applicable",1,"Model-based Estimates",3,"Projection",1286671.5
49,"Total population by sex","Total population by sex","World Population Prospects",2024,"United Nations Population Division",196,"Cyprus","CY","CYP",71,"2020",4,"Median",3,"Both sexes",188,0,-1,"Total",0,"Not applicable",1,"Model-based Estimates",3,"Projection",1302247.5
49,"Total population by sex","Total population by sex","World Population Prospects",2024,"United Nations Population Division",196,"Cyprus","CY","CYP",72,"2021",4,"Median",3,"Both sexes",188,0,-1,"Total",0,"Not applicable",1,"Model-based Estimates",3,"Projection",1317308.5
49,"Total population by sex","Total population by sex","World Population Prospects",2024,"United Nations Population Division",196,"Cyprus","CY","CYP",73,"2022",4,"Median",3,"Both sexes",188,0,-1,"Total",0,"Not applicable",1,"Model-based Estimates",3,"Projection",1331370
49,"Total population by sex","Total population by sex","World Population Prospects",2024,"United Nations Population Division",196,"Cyprus","CY","CYP",74,"2023",4,"Median",3,"Both sexes",188,0,-1,"Total",0,"Not applicable",1,"Model-based Estimates",3,"Projection",1344975.5
49,"Total population by sex","Total population by sex","World Population Prospects",2024,"United Nations Population Division",196,"Cyprus","CY","CYP",75,"2024",4,"Median",3,"Both sexes",188,0,-1,"Total",0,"Not applicable",1,"Model-based Estimates",3,"Projection",1358282
49,"Total population by sex","Total population by sex","World Population Prospects",2024,"United Nations Population Division",196,"Cyprus","CY","CYP",76,"2025",4,"Median",3,"Both sexes",188,0,-1,"Total",0,"Not applicable",1,"Model-based Estimates",3,"Projection",1370754
49,"Total population by sex","Total population by sex","World Population Prospects",2024,"United Nations Population Division",203,"Czechia","CZ","CZE",70,"2019",4,"Median",3,"Both sexes",188,0,-1,"Total",0,"Not applicable",1,"Model-based Estimates",2,"Interpolation",10554875
49,"Total population by sex","Total population by sex","World Population Prospects",2024,"United Nations Population Division",203,"Czechia","CZ","CZE",71,"2020",4,"Median",3,"Both sexes",188,0,-1,"Total",0,"Not applicable",1,"Model-based Estimates",2,"Interpolation",10550129.5
49,"Total population by sex","Total population by sex","World Population Prospects",2024,"United Nations Population Division",203,"Czechia","CZ","CZE",72,"2021",4,"Median",3,"Both sexes",188,0,-1,"Total",0,"Not applicable",1,"Model-based Estimates",2,"Interpolation",10530682.5
49,"Total population by sex","Total population by sex","World Population Prospects",2024,"United Nations Population Division",203,"Czechia","CZ","CZE",73,"2022",4,"Median",3,"Both sexes",188,0,-1,"Total",0,"Not applicable",1,"Model-based Estimates",2,"Interpolation",10673213
49,"Total population by sex","Total population by sex","World Population Prospects",2024,"United Nations Population Division",203,"Czechia","CZ","CZE",74,"2023",4,"Median",3,"Both sexes",188,0,-1,"Total",0,"Not applicable",1,"Model-based Estimates",3,"Projection",10809716
49,"Total population by sex","Total population by sex","World Population Prospects",2024,"United Nations Population Division",203,"Czechia","CZ","CZE",75,"2024",4,"Median",3,"Both sexes",188,0,-1,"Total",0,"Not applicable",1,"Model-based Estimates",3,"Projection",10735859
49,"Total population by sex","Total population by sex","World Population Prospects",2024,"United Nations Population Division",203,"Czechia","CZ","CZE",76,"2025",4,"Median",3,"Both sexes",188,0,-1,"Total",0,"Not applicable",1,"Model-based Estimates",3,"Projection",10609239.5
49,"Total population by sex","Total population by sex","World Population Prospects",2024,"United Nations Population Division",204,"Benin","BJ","BEN",70,"2019",4,"Median",3,"Both sexes",188,0,-1,"Total",0,"Not applicable",1,"Model-based Estimates",3,"Projection",12726755
49,"Total population by sex","Total population by sex","World Population Prospects",2024,"United Nations Population Division",204,"Benin","BJ","BEN",71,"2020",4,"Median",3,"Both sexes",188,0,-1,"Total",0,"Not applicable",1,"Model-based Estimates",3,"Projection",13070169
49,"Total population by sex","Total population by sex","World Population Prospects",2024,"United Nations Population Division",204,"Benin","BJ","BEN",72,"2021",4,"Median",3,"Both sexes",188,0,-1,"Total",0,"Not applicable",1,"Model-based Estimates",3,"Projection",13413417
49,"Total population by sex","Total population by sex","World Population Prospects",2024,"United Nations Population Division",204,"Benin","BJ","BEN",73,"2022",4,"Median",3,"Both sexes",188,0,-1,"Total",0,"Not applicable",1,"Model-based Estimates",3,"Projection",13759500.5
49,"Total population by sex","Total population by sex","World Population Prospects",2024,"United Nations Population Division",204,"Benin","BJ","BEN",74,"2023",4,"Median",3,"Both sexes",188,0,-1,"Total",0,"Not applicable",1,"Model-based Estimates",3,"Projection",14111034.5
49,"Total population by sex","Total population by sex","World Population Prospects",2024,"United Nations Population Division",204,"Benin","BJ","BEN",75,"2024",4,"Median",3,"Both sexes",188,0,-1,"Total",0,"Not applicable",1,"Model-based Estimates",3,"Projection",14462724
49,"Total population by sex","Total population by sex","World Population Prospects",2024,"United Nations Population Division",204,"Benin","BJ","BEN",76,"2025",4,"Median",3,"Both sexes",188,0,-1,"Total",0,"Not applicable",1,"Model-based Estimates",3,"Projection",14814459.5
49,"Total population by sex","Total population by sex","World Population Prospects",2024,"United Nations Population Division",208,"Denmark","DK","DNK",70,"2019",4,"Median",3,"Both sexes",188,0,-1,"Total",0,"Not applicable",1,"Model-based Estimates",2,"Interpolation",5814618.5
49,"Total population by sex","Total population by sex","World Population Prospects",2024,"United Nations Population Division",208,"Denmark","DK","DNK",71,"2020",4,"Median",3,"Both sexes",188,0,-1,"Total",0,"Not applicable",1,"Model-based Estimates",2,"Interpolation",5831530
49,"Total population by sex","Total population by sex","World Population Prospects",2024,"United Nations Population Division",208,"Denmark","DK","DNK",72,"2021",4,"Median",3,"Both sexes",188,0,-1,"Total",0,"Not applicable",1,"Model-based Estimates",2,"Interpolation",5856776.5
49,"Total population by sex","Total population by sex","World Population Prospects",2024,"United Nations Population Division",208,"Denmark","DK","DNK",73,"2022",4,"Median",3,"Both sexes",188,0,-1,"Total",0,"Not applicable",1,"Model-based Estimates",2,"Interpolation",5902903.5
49,"Total population by sex","Total population by sex","World Population Prospects",2024,"United Nations Population Division",208,"Denmark","DK","DNK",74,"2023",4,"Median",3,"Both sexes",188,0,-1,"Total",0,"Not applicable",1,"Model-based Estimates",2,"Interpolation",5948136.5
49,"Total population by sex","Total population by sex","World Population Prospects",2024,"United Nations Population Division",208,"Denmark","DK","DNK",75,"2024",4,"Median",3,"Both sexes",188,0,-1,"Total",0,"Not applicable",1,"Model-based Estimates",3,"Projection",5977412
49,"Total population by sex","Total population by sex","World Population Prospects",2024,"United Nations Population Division",208,"Denmark","DK","DNK",76,"2025",4,"Median",3,"Both sexes",188,0,-1,"Total",0,"Not applicable",1,"Model-based Estimates",3,"Projection",6002507
49,"Total population by sex","Total population by sex","World Population Prospects",2024,"United Nations Population Division",212,"Dominica","DM","DMA",70,"2019",4,"Median",3,"Both sexes",188,0,-1,"Total",0,"Not applicable",1,"Model-based Estimates",3,"Projection",67880.5
49,"Total population by sex","Total population by sex","World Population Prospects",2024,"United Nations Population Division",212,"Dominica","DM","DMA",71,"2020",4,"Median",3,"Both sexes",188,0,-1,"Total",0,"Not applicable",1,"Model-based Estimates",3,"Projection",67573
49,"Total population by sex","Total population by sex","World Population Prospects",2024,"United Nations Population Division",212,"Dominica","DM","DMA",72,"2021",4,"Median",3,"Both sexes",188,0,-1,"Total",0,"Not applicable",1,"Model-based Estimates",3,"Projection",67202
49,"Total population by sex","Total population by sex","World Population Prospects",2024,"United Nations Population Division",212,"Dominica","DM","DMA",73,"2022",4,"Median",3,"Both sexes",188,0,-1,"Total",0,"Not applicable",1,"Model-based Estimates",3,"Projection",66826.5
49,"Total population by sex","Total population by sex","World Population Prospects",2024,"United Nations Population Division",212,"Dominica","DM","DMA",74,"2023",4,"Median",3,"Both sexes",188,0,-1,"Total",0,"Not applicable",1,"Model-based Estimates",3,"Projection",66510.5
49,"Total population by sex","Total population by sex","World Population Prospects",2024,"United Nations Population Division",212,"Dominica","DM","DMA",75,"2024",4,"Median",3,"Both sexes",188,0,-1,"Total",0,"Not applicable",1,"Model-based Estimates",3,"Projection",66205
49,"Total population by sex","Total population by sex","World Population Prospects",2024,"United Nations Population Division",212,"Dominica","DM","DMA",76,"2025",4,"Median",3,"Both sexes",188,0,-1,"Total",0,"Not applicable",1,"Model-based Estimates",3,"Projection",65871.5
49,"Total population by sex","Total population by sex","World Population Prospects",2024,"United Nations Population Division",214,"Dominican Republic","DO","DOM",70,"2019",4,"Median",3,"Both sexes",188,0,-1,"Total",0,"Not applicable",1,"Model-based Estimates",3,"Projection",10894043.5
49,"Total population by sex","Total population by sex","World Population Prospects",2024,"United Nations Population Division",214,"Dominican Republic","DO","DOM",71,"2020",4,"Median",3,"Both sexes",188,0,-1,"Total",0,"Not applicable",1,"Model-based Estimates",3,"Projection",11008300
49,"Total population by sex","Total population by sex","World Population Prospects",2024,"United Nations Population Division",214,"Dominican Republic","DO","DOM",72,"2021",4,"Median",3,"Both sexes",188,0,-1,"Total",0,"Not applicable",1,"Model-based Estimates",3,"Projection",11123475.5
49,"Total population by sex","Total population by sex","World Population Prospects",2024,"United Nations Population Division",214,"Dominican Republic","DO","DOM",73,"2022",4,"Median",3,"Both sexes",188,0,-1,"Total",0,"Not applicable",1,"Model-based Estimates",3,"Projection",11230733.5
49,"Total population by sex","Total population by sex","World Population Prospects",2024,"United Nations Population Division",214,"Dominican Republic","DO","DOM",74,"2023",4,"Median",3,"Both sexes",188,0,-1,"Total",0,"Not applicable",1,"Model-based Estimates",3,"Projection",11331265.5
49,"Total population by sex","Total population by sex","World Population Prospects",2024,"United Nations Population Division",214,"Dominican Republic","DO","DOM",75,"2024",4,"Median",3,"Both sexes",188,0,-1,"Total",0,"Not applicable",1,"Model-based Estimates",3,"Projection",11427557
49,"Total population by sex","Total population by sex","World Population Prospects",2024,"United Nations Population Division",214,"Dominican Republic","DO","DOM",76,"2025",4,"Median",3,"Both sexes",188,0,-1,"Total",0,"Not applicable",1,"Model-based Estimates",3,"Projection",11520487
49,"Total population by sex","Total population by sex","World Population Prospects",2024,"United Nations Population Division",218,"Ecuador","EC","ECU",70,"2019",4,"Median",3,"Both sexes",188,0,-1,"Total",0,"Not applicable",1,"Model-based Estimates",2,"Interpolation",17340021.5
49,"Total population by sex","Total population by sex","World Population Prospects",2024,"United Nations Population Division",218,"Ecuador","EC","ECU",71,"2020",4,"Median",3,"Both sexes",188,0,-1,"Total",0,"Not applicable",1,"Model-based Estimates",2,"Interpolation",17546064.5
49,"Total population by sex","Total population by sex","World Population Prospects",2024,"United Nations Population Division",218,"Ecuador","EC","ECU",72,"2021",4,"Median",3,"Both sexes",188,0,-1,"Total",0,"Not applicable",1,"Model-based Estimates",2,"Interpolation",17682454.5
49,"Total population by sex","Total population by sex","World Population Prospects",2024,"United Nations Population Division",218,"Ecuador","EC","ECU",73,"2022",4,"Median",3,"Both sexes",188,0,-1,"Total",0,"Not applicable",1,"Model-based Estimates",2,"Interpolation",17823897
49,"Total population by sex","Total population by sex","World Population Prospects",2024,"United Nations Population Division",218,"Ecuador","EC","ECU",74,"2023",4,"Median",3,"Both sexes",188,0,-1,"Total",0,"Not applicable",1,"Model-based Estimates",3,"Projection",17980083
49,"Total population by sex","Total population by sex","World Population Prospects",2024,"United Nations Population Division",218,"Ecuador","EC","ECU",75,"2024",4,"Median",3,"Both sexes",188,0,-1,"Total",0,"Not applicable",1,"Model-based Estimates",3,"Projection",18135477.5
49,"Total population by sex","Total population by sex","World Population Prospects",2024,"United Nations Population Division",218,"Ecuador","EC","ECU",76,"2025",4,"Median",3,"Both sexes",188,0,-1,"Total",0,"Not applicable",1,"Model-based Estimates",3,"Projection",18289896
49,"Total population by sex","Total population by sex","World Population Prospects",2024,"United Nations Population Division",222,"El Salvador","SV","SLV",70,"2019",4,"Median",3,"Both sexes",188,0,-1,"Total",0,"Not applicable",1,"Model-based Estimates",3,"Projection",6222317.5
49,"Total population by sex","Total population by sex","World Population Prospects",2024,"United Nations Population Division",222,"El Salvador","SV","SLV",71,"2020",4,"Median",3,"Both sexes",188,0,-1,"Total",0,"Not applicable",1,"Model-based Estimates",3,"Projection",6234673.5
49,"Total population by sex","Total population by sex","World Population Prospects",2024,"United Nations Population Division",222,"El Salvador","SV","SLV",72,"2021",4,"Median",3,"Both sexes",188,0,-1,"Total",0,"Not applicable",1,"Model-based Estimates",3,"Projection",6255781.5
49,"Total population by sex","Total population by sex","World Population Prospects",2024,"United Nations Population Division",222,"El Salvador","SV","SLV",73,"2022",4,"Median",3,"Both sexes",188,0,-1,"Total",0,"Not applicable",1,"Model-based Estimates",3,"Projection",6280319
49,"Total population by sex","Total population by sex","World Population Prospects",2024,"United Nations Population Division",222,"El Salvador","SV","SLV",74,"2023",4,"Median",3,"Both sexes",188,0,-1,"Total",0,"Not applicable",1,"Model-based Estimates",3,"Projection",6309624
49,"Total population by sex","Total population by sex","World Population Prospects",2024,"United Nations Population Division",222,"El Salvador","SV","SLV",75,"2024",4,"Median",3,"Both sexes",188,0,-1,"Total",0,"Not applicable",1,"Model-based Estimates",3,"Projection",6338193
49,"Total population by sex","Total population by sex","World Population Prospects",2024,"United Nations Population Division",222,"El Salvador","SV","SLV",76,"2025",4,"Median",3,"Both sexes",188,0,-1,"Total",0,"Not applicable",1,"Model-based Estimates",3,"Projection",6365503
49,"Total population by sex","Total population by sex","World Population Prospects",2024,"United Nations Population Division",226,"Equatorial Guinea","GQ","GNQ",70,"2019",4,"Median",3,"Both sexes",188,0,-1,"Total",0,"Not applicable",1,"Model-based Estimates",3,"Projection",1670177
49,"Total population by sex","Total population by sex","World Population Prospects",2024,"United Nations Population Division",226,"Equatorial Guinea","GQ","GNQ",71,"2020",4,"Median",3,"Both sexes",188,0,-1,"Total",0,"Not applicable",1,"Model-based Estimates",3,"Projection",1716468.5
49,"Total population by sex","Total population by sex","World Population Prospects",2024,"United Nations Population Division",226,"Equatorial Guinea","GQ","GNQ",72,"2021",4,"Median",3,"Both sexes",188,0,-1,"Total",0,"Not applicable",1,"Model-based Estimates",3,"Projection",1758786.5
49,"Total population by sex","Total population by sex","World Population Prospects",2024,"United Nations Population Division",226,"Equatorial Guinea","GQ","GNQ",73,"2022",4,"Median",3,"Both sexes",188,0,-1,"Total",0,"Not applicable",1,"Model-based Estimates",3,"Projection",1803545
49,"Total population by sex","Total population by sex","World Population Prospects",2024,"United Nations Population Division",226,"Equatorial Guinea","GQ","GNQ",74,"2023",4,"Median",3,"Both sexes",188,0,-1,"Total",0,"Not applicable",1,"Model-based Estimates",3,"Projection",1847549
49,"Total population by sex","Total population by sex","World Population Prospects",2024,"United Nations Population Division",226,"Equatorial Guinea","GQ","GNQ",75,"2024",4,"Median",3,"Both sexes",188,0,-1,"Total",0,"Not applicable",1,"Model-based Estimates",3,"Projection",1892516.5
49,"Total population by sex","Total population by sex","World Population Prospects",2024,"United Nations Population Division",226,"Equatorial Guinea","GQ","GNQ",76,"2025",4,"Median",3,"Both sexes",188,0,-1,"Total",0,"Not applicable",1,"Model-based Estimates",3,"Projection",1938431
49,"Total population by sex","Total population by sex","World Population Prospects",2024,"United Nations Population Division",231,"Ethiopia","ET","ETH",70,"2019",4,"Median",3,"Both sexes",188,0,-1,"Total",0,"Not applicable",1,"Model-based Estimates",3,"Projection",115737382.5
49,"Total population by sex","Total population by sex","World Population Prospects",2024,"United Nations Population Division",231,"Ethiopia","ET","ETH",71,"2020",4,"Median",3,"Both sexes",188,0,-1,"Total",0,"Not applicable",1,"Model-based Estimates",3,"Projection",118917671.5
49,"Total population by sex","Total population by sex","World Population Prospects",2024,"United Nations Population Division",231,"Ethiopia","ET","ETH",72,"2021",4,"Median",3,"Both sexes",188,0,-1,"Total",0,"Not applicable",1,"Model-based Estimates",3,"Projection",122138588.5
49,"Total population by sex","Total population by sex","World Population Prospects",2024,"United Nations Population Division",231,"Ethiopia","ET","ETH",73,"2022",4,"Median",3,"Both sexes",188,0,-1,"Total",0,"Not applicable",1,"Model-based Estimates",3,"Projection",125384286.5
49,"Total population by sex","Total population by sex","World Population Prospects",2024,"United Nations Population Division",231,"Ethiopia","ET","ETH",74,"2023",4,"Median",3,"Both sexes",188,0,-1,"Total",0,"Not applicable",1,"Model-based Estimates",3,"Projection",128691692
49,"Total population by sex","Total population by sex","World Population Prospects",2024,"United Nations Population Division",231,"Ethiopia","ET","ETH",75,"2024",4,"Median",3,"Both sexes",188,0,-1,"Total",0,"Not applicable",1,"Model-based Estimates",3,"Projection",132059767.49999999
49,"Total population by sex","Total population by sex","World Population Prospects",2024,"United Nations Population Division",231,"Ethiopia","ET","ETH",76,"2025",4,"Median",3,"Both sexes",188,0,-1,"Total",0,"Not applicable",1,"Model-based Estimates",3,"Projection",135472050.5
49,"Total population by sex","Total population by sex","World Population Prospects",2024,"United Nations Population Division",232,"Eritrea","ER","ERI",70,"2019",4,"Median",3,"Both sexes",188,0,-1,"Total",0,"Not applicable",1,"Model-based Estimates",3,"Projection",3240194
49,"Total population by sex","Total population by sex","World Population Prospects",2024,"United Nations Population Division",232,"Eritrea","ER","ERI",71,"2020",4,"Median",3,"Both sexes",188,0,-1,"Total",0,"Not applicable",1,"Model-based Estimates",3,"Projection",3291270.5
49,"Total population by sex","Total population by sex","World Population Prospects",2024,"United Nations Population Division",232,"Eritrea","ER","ERI",72,"2021",4,"Median",3,"Both sexes",188,0,-1,"Total",0,"Not applicable",1,"Model-based Estimates",3,"Projection",3350183
49,"Total population by sex","Total population by sex","World Population Prospects",2024,"United Nations Population Division",232,"Eritrea","ER","ERI",73,"2022",4,"Median",3,"Both sexes",188,0,-1,"Total",0,"Not applicable",1,"Model-based Estimates",3,"Projection",3409447
49,"Total population by sex","Total population by sex","World Population Prospects",2024,"United Nations Population Division",232,"Eritrea","ER","ERI",74,"2023",4,"Median",3,"Both sexes",188,0,-1,"Total",0,"Not applicable",1,"Model-based Estimates",3,"Projection",3470389.5
49,"Total population by sex","Total population by sex","World Population Prospects",2024,"United Nations Population Division",232,"Eritrea","ER","ERI",75,"2024",4,"Median",3,"Both sexes",188,0,-1,"Total",0,"Not applicable",1,"Model-based Estimates",3,"Projection",3535603
49,"Total population by sex","Total population by sex","World Population Prospects",2024,"United Nations Population Division",232,"Eritrea","ER","ERI",76,"2025",4,"Median",3,"Both sexes",188,0,-1,"Total",0,"Not applicable",1,"Model-based Estimates",3,"Projection",3607003
49,"Total population by sex","Total population by sex","World Population Prospects",2024,"United Nations Population Division",233,"Estonia","EE","EST",70,"2019",4,"Median",3,"Both sexes",188,0,-1,"Total",0,"Not applicable",1,"Model-based Estimates",2,"Interpolation",1326821.5
49,"Total population by sex","Total population by sex","World Population Prospects",2024,"United Nations Population Division",233,"Estonia","EE","EST",71,"2020",4,"Median",3,"Both sexes",188,0,-1,"Total",0,"Not applicable",1,"Model-based Estimates",2,"Interpolation",1329669.5
49,"Total population by sex","Total population by sex","World Population Prospects",2024,"United Nations Population Division",233,"Estonia","EE","EST",72,"2021",4,"Median",3,"Both sexes",188,0,-1,"Total",0,"Not applicable",1,"Model-based Estimates",2,"Interpolation",1331749.5
49,"Total population by sex","Total population by sex","World Population Prospects",2024,"United Nations Population Division",233,"Estonia","EE","EST",73,"2022",4,"Median",3,"Both sexes",188,0,-1,"Total",0,"Not applicable",1,"Model-based Estimates",2,"Interpolation",1350091.5
49,"Total population by sex","Total population by sex","World Population Prospects",2024,"United Nations Population Division",233,"Estonia","EE","EST",74,"2023",4,"Median",3,"Both sexes",188,0,-1,"Total",0,"Not applicable",1,"Model-based Estimates",3,"Projection",1367196
49,"Total population by sex","Total population by sex","World Population Prospects",2024,"United Nations Population Division",233,"Estonia","EE","EST",75,"2024",4,"Median",3,"Both sexes",188,0,-1,"Total",0,"Not applicable",1,"Model-based Estimates",3,"Projection",1360546
49,"Total population by sex","Total population by sex","World Population Prospects",2024,"United Nations Population Division",233,"Estonia","EE","EST",76,"2025",4,"Median",3,"Both sexes",188,0,-1,"Total",0,"Not applicable",1,"Model-based Estimates",3,"Projection",1344232
49,"Total population by sex","Total population by sex","World Population Prospects",2024,"United Nations Population Division",234,"Faroe Islands","FO","FRO",70,"2019",4,"Median",3,"Both sexes",188,0,-1,"Total",0,"Not applicable",1,"Model-based Estimates",2,"Interpolation",51841.5
49,"Total population by sex","Total population by sex","World Population Prospects",2024,"United Nations Population Division",234,"Faroe Islands","FO","FRO",71,"2020",4,"Median",3,"Both sexes",188,0,-1,"Total",0,"Not applicable",1,"Model-based Estimates",2,"Interpolation",52586.5
49,"Total population by sex","Total population by sex","World Population Prospects",2024,"United Nations Population Division",234,"Faroe Islands","FO","FRO",72,"2021",4,"Median",3,"Both sexes",188,0,-1,"Total",0,"Not applicable",1,"Model-based Estimates",2,"Interpolation",53300
49,"Total population by sex","Total population by sex","World Population Prospects",2024,"United Nations Population Division",234,"Faroe Islands","FO","FRO",73,"2022",4,"Median",3,"Both sexes",188,0,-1,"Total",0,"Not applicable",1,"Model-based Estimates",2,"Interpolation",54011
49,"Total population by sex","Total population by sex","World Population Prospects",2024,"United Nations Population Division",234,"Faroe Islands","FO","FRO",74,"2023",4,"Median",3,"Both sexes",188,0,-1,"Total",0,"Not applicable",1,"Model-based Estimates",3,"Projection",54713.5
49,"Total population by sex","Total population by sex","World Population Prospects",2024,"United Nations Population Division",234,"Faroe Islands","FO","FRO",75,"2024",4,"Median",3,"Both sexes",188,0,-1,"Total",0,"Not applicable",1,"Model-based Estimates",3,"Projection",55399.5
49,"Total population by sex","Total population by sex","World Population Prospects",2024,"United Nations Population Division",234,"Faroe Islands","FO","FRO",76,"2025",4,"Median",3,"Both sexes",188,0,-1,"Total",0,"Not applicable",1,"Model-based Estimates",3,"Projection",56001.5
49,"Total population by sex","Total population by sex","World Population Prospects",2024,"United Nations Population Division",238,"Falkland Islands (Malvinas)","FK","FLK",70,"2019",4,"Median",3,"Both sexes",188,0,-1,"Total",0,"Not applicable",1,"Model-based Estimates",2,"Interpolation",3516.5
49,"Total population by sex","Total population by sex","World Population Prospects",2024,"United Nations Population Division",238,"Falkland Islands (Malvinas)","FK","FLK",71,"2020",4,"Median",3,"Both sexes",188,0,-1,"Total",0,"Not applicable",1,"Model-based Estimates",2,"Interpolation",3505.5
49,"Total population by sex","Total population by sex","World Population Prospects",2024,"United Nations Population Division",238,"Falkland Islands (Malvinas)","FK","FLK",72,"2021",4,"Median",3,"Both sexes",188,0,-1,"Total",0,"Not applicable",1,"Model-based Estimates",2,"Interpolation",3498
49,"Total population by sex","Total population by sex","World Population Prospects",2024,"United Nations Population Division",238,"Falkland Islands (Malvinas)","FK","FLK",73,"2022",4,"Median",3,"Both sexes",188,0,-1,"Total",0,"Not applicable",1,"Model-based Estimates",3,"Projection",3490
49,"Total population by sex","Total population by sex","World Population Prospects",2024,"United Nations Population Division",238,"Falkland Islands (Malvinas)","FK","FLK",74,"2023",4,"Median",3,"Both sexes",188,0,-1,"Total",0,"Not applicable",1,"Model-based Estimates",3,"Projection",3476.5
49,"Total population by sex","Total population by sex","World Population Prospects",2024,"United Nations Population Division",238,"Falkland Islands (Malvinas)","FK","FLK",75,"2024",4,"Median",3,"Both sexes",188,0,-1,"Total",0,"Not applicable",1,"Model-based Estimates",3,"Projection",3470.5
49,"Total population by sex","Total population by sex","World Population Prospects",2024,"United Nations Population Division",238,"Falkland Islands (Malvinas)","FK","FLK",76,"2025",4,"Median",3,"Both sexes",188,0,-1,"Total",0,"Not applicable",1,"Model-based Estimates",3,"Projection",3469
49,"Total population by sex","Total population by sex","World Population Prospects",2024,"United Nations Population Division",242,"Fiji","FJ","FJI",70,"2019",4,"Median",3,"Both sexes",188,0,-1,"Total",0,"Not applicable",1,"Model-based Estimates",3,"Projection",914899.5
49,"Total population by sex","Total population by sex","World Population Prospects",2024,"United Nations Population Division",242,"Fiji","FJ","FJI",71,"2020",4,"Median",3,"Both sexes",188,0,-1,"Total",0,"Not applicable",1,"Model-based Estimates",3,"Projection",914963
49,"Total population by sex","Total population by sex","World Population Prospects",2024,"United Nations Population Division",242,"Fiji","FJ","FJI",72,"2021",4,"Median",3,"Both sexes",188,0,-1,"Total",0,"Not applicable",1,"Model-based Estimates",3,"Projection",916711
49,"Total population by sex","Total population by sex","World Population Prospects",2024,"United Nations Population Division",242,"Fiji","FJ","FJI",73,"2022",4,"Median",3,"Both sexes",188,0,-1,"Total",0,"Not applicable",1,"Model-based Estimates",3,"Projection",919422
49,"Total population by sex","Total population by sex","World Population Prospects",2024,"United Nations Population Division",242,"Fiji","FJ","FJI",74,"2023",4,"Median",3,"Both sexes",188,0,-1,"Total",0,"Not applicable",1,"Model-based Estimates",3,"Projection",924145.5
49,"Total population by sex","Total population by sex","World Population Prospects",2024,"United Nations Population Division",242,"Fiji","FJ","FJI",75,"2024",4,"Median",3,"Both sexes",188,0,-1,"Total",0,"Not applicable",1,"Model-based Estimates",3,"Projection",928784
49,"Total population by sex","Total population by sex","World Population Prospects",2024,"United Nations Population Division",242,"Fiji","FJ","FJI",76,"2025",4,"Median",3,"Both sexes",188,0,-1,"Total",0,"Not applicable",1,"Model-based Estimates",3,"Projection",933154.5
49,"Total population by sex","Total population by sex","World Population Prospects",2024,"United Nations Population Division",246,"Finland","FI","FIN",70,"2019",4,"Median",3,"Both sexes",188,0,-1,"Total",0,"Not applicable",1,"Model-based Estimates",2,"Interpolation",5521759
49,"Total population by sex","Total population by sex","World Population Prospects",2024,"United Nations Population Division",246,"Finland","FI","FIN",71,"2020",4,"Median",3,"Both sexes",188,0,-1,"Total",0,"Not applicable",1,"Model-based Estimates",2,"Interpolation",5529612
49,"Total population by sex","Total population by sex","World Population Prospects",2024,"United Nations Population Division",246,"Finland","FI","FIN",72,"2021",4,"Median",3,"Both sexes",188,0,-1,"Total",0,"Not applicable",1,"Model-based Estimates",2,"Interpolation",5541075
49,"Total population by sex","Total population by sex","World Population Prospects",2024,"United Nations Population Division",246,"Finland","FI","FIN",73,"2022",4,"Median",3,"Both sexes",188,0,-1,"Total",0,"Not applicable",1,"Model-based Estimates",2,"Interpolation",5569299
49,"Total population by sex","Total population by sex","World Population Prospects",2024,"United Nations Population Division",246,"Finland","FI","FIN",74,"2023",4,"Median",3,"Both sexes",188,0,-1,"Total",0,"Not applicable",1,"Model-based Estimates",3,"Projection",5601185.5
49,"Total population by sex","Total population by sex","World Population Prospects",2024,"United Nations Population Division",246,"Finland","FI","FIN",75,"2024",4,"Median",3,"Both sexes",188,0,-1,"Total",0,"Not applicable",1,"Model-based Estimates",3,"Projection",5617310.5
49,"Total population by sex","Total population by sex","World Population Prospects",2024,"United Nations Population Division",246,"Finland","FI","FIN",76,"2025",4,"Median",3,"Both sexes",188,0,-1,"Total",0,"Not applicable",1,"Model-based Estimates",3,"Projection",5623329.5
49,"Total population by sex","Total population by sex","World Population Prospects",2024,"United Nations Population Division",250,"France","FR","FRA",70,"2019",4,"Median",3,"Both sexes",188,0,-1,"Total",0,"Not applicable",1,"Model-based Estimates",2,"Interpolation",65729459
49,"Total population by sex","Total population by sex","World Population Prospects",2024,"United Nations Population Division",250,"France","FR","FRA",71,"2020",4,"Median",3,"Both sexes",188,0,-1,"Total",0,"Not applicable",1,"Model-based Estimates",2,"Interpolation",65905277.5
49,"Total population by sex","Total population by sex","World Population Prospects",2024,"United Nations Population Division",250,"France","FR","FRA",72,"2021",4,"Median",3,"Both sexes",188,0,-1,"Total",0,"Not applicable",1,"Model-based Estimates",2,"Interpolation",66083547.5
49,"Total population by sex","Total population by sex","World Population Prospects",2024,"United Nations Population Division",250,"France","FR","FRA",73,"2022",4,"Median",3,"Both sexes",188,0,-1,"Total",0,"Not applicable",1,"Model-based Estimates",3,"Projection",66277408.50000001
49,"Total population by sex","Total population by sex","World Population Prospects",2024,"United Nations Population Division",250,"France","FR","FRA",74,"2023",4,"Median",3,"Both sexes",188,0,-1,"Total",0,"Not applicable",1,"Model-based Estimates",3,"Projection",66438822
49,"Total population by sex","Total population by sex","World Population Prospects",2024,"United Nations Population Division",250,"France","FR","FRA",75,"2024",4,"Median",3,"Both sexes",188,0,-1,"Total",0,"Not applicable",1,"Model-based Estimates",3,"Projection",66548530.49999999
49,"Total population by sex","Total population by sex","World Population Prospects",2024,"United Nations Population Division",250,"France","FR","FRA",76,"2025",4,"Median",3,"Both sexes",188,0,-1,"Total",0,"Not applicable",1,"Model-based Estimates",3,"Projection",66650804.5
49,"Total population by sex","Total population by sex","World Population Prospects",2024,"United Nations Population Division",254,"French Guiana","GF","GUF",70,"2019",4,"Median",3,"Both sexes",188,0,-1,"Total",0,"Not applicable",1,"Model-based Estimates",2,"Interpolation",285568
49,"Total population by sex","Total population by sex","World Population Prospects",2024,"United Nations Population Division",254,"French Guiana","GF","GUF",71,"2020",4,"Median",3,"Both sexes",188,0,-1,"Total",0,"Not applicable",1,"Model-based Estimates",2,"Interpolation",289055.5
49,"Total population by sex","Total population by sex","World Population Prospects",2024,"United Nations Population Division",254,"French Guiana","GF","GUF",72,"2021",4,"Median",3,"Both sexes",188,0,-1,"Total",0,"Not applicable",1,"Model-based Estimates",2,"Interpolation",293015.5
49,"Total population by sex","Total population by sex","World Population Prospects",2024,"United Nations Population Division",254,"French Guiana","GF","GUF",73,"2022",4,"Median",3,"Both sexes",188,0,-1,"Total",0,"Not applicable",1,"Model-based Estimates",2,"Interpolation",298306
49,"Total population by sex","Total population by sex","World Population Prospects",2024,"United Nations Population Division",254,"French Guiana","GF","GUF",74,"2023",4,"Median",3,"Both sexes",188,0,-1,"Total",0,"Not applicable",1,"Model-based Estimates",2,"Interpolation",303402
49,"Total population by sex","Total population by sex","World Population Prospects",2024,"United Nations Population Division",254,"French Guiana","GF","GUF",75,"2024",4,"Median",3,"Both sexes",188,0,-1,"Total",0,"Not applicable",1,"Model-based Estimates",3,"Projection",308522.5
49,"Total population by sex","Total population by sex","World Population Prospects",2024,"United Nations Population Division",254,"French Guiana","GF","GUF",76,"2025",4,"Median",3,"Both sexes",188,0,-1,"Total",0,"Not applicable",1,"Model-based Estimates",3,"Projection",313665.5
49,"Total population by sex","Total population by sex","World Population Prospects",2024,"United Nations Population Division",258,"French Polynesia","PF","PYF",70,"2019",4,"Median",3,"Both sexes",188,0,-1,"Total",0,"Not applicable",1,"Model-based Estimates",2,"Interpolation",279033.5
49,"Total population by sex","Total population by sex","World Population Prospects",2024,"United Nations Population Division",258,"French Polynesia","PF","PYF",71,"2020",4,"Median",3,"Both sexes",188,0,-1,"Total",0,"Not applicable",1,"Model-based Estimates",2,"Interpolation",279209
49,"Total population by sex","Total population by sex","World Population Prospects",2024,"United Nations Population Division",258,"French Polynesia","PF","PYF",72,"2021",4,"Median",3,"Both sexes",188,0,-1,"Total",0,"Not applicable",1,"Model-based Estimates",2,"Interpolation",279792
49,"Total population by sex","Total population by sex","World Population Prospects",2024,"United Nations Population Division",258,"French Polynesia","PF","PYF",73,"2022",4,"Median",3,"Both sexes",188,0,-1,"Total",0,"Not applicable",1,"Model-based Estimates",3,"Projection",280378
49,"Total population by sex","Total population by sex","World Population Prospects",2024,"United Nations Population Division",258,"French Polynesia","PF","PYF",74,"2023",4,"Median",3,"Both sexes",188,0,-1,"Total",0,"Not applicable",1,"Model-based Estimates",3,"Projection",281118.5
49,"Total population by sex","Total population by sex","World Population Prospects",2024,"United Nations Population Division",258,"French Polynesia","PF","PYF",75,"2024",4,"Median",3,"Both sexes",188,0,-1,"Total",0,"Not applicable",1,"Model-based Estimates",3,"Projection",281806.5
49,"Total population by sex","Total population by sex","World Population Prospects",2024,"United Nations Population Division",258,"French Polynesia","PF","PYF",76,"2025",4,"Median",3,"Both sexes",188,0,-1,"Total",0,"Not applicable",1,"Model-based Estimates",3,"Projection",282465
49,"Total population by sex","Total population by sex","World Population Prospects",2024,"United Nations Population Division",262,"Djibouti","DJ","DJI",70,"2019",4,"Median",3,"Both sexes",188,0,-1,"Total",0,"Not applicable",1,"Model-based Estimates",3,"Projection",1088709
49,"Total population by sex","Total population by sex","World Population Prospects",2024,"United Nations Population Division",262,"Djibouti","DJ","DJI",71,"2020",4,"Median",3,"Both sexes",188,0,-1,"Total",0,"Not applicable",1,"Model-based Estimates",3,"Projection",1105188.5
49,"Total population by sex","Total population by sex","World Population Prospects",2024,"United Nations Population Division",262,"Djibouti","DJ","DJI",72,"2021",4,"Median",3,"Both sexes",188,0,-1,"Total",0,"Not applicable",1,"Model-based Estimates",3,"Projection",1121248
49,"Total population by sex","Total population by sex","World Population Prospects",2024,"United Nations Population Division",262,"Djibouti","DJ","DJI",73,"2022",4,"Median",3,"Both sexes",188,0,-1,"Total",0,"Not applicable",1,"Model-based Estimates",3,"Projection",1137096
49,"Total population by sex","Total population by sex","World Population Prospects",2024,"United Nations Population Division",262,"Djibouti","DJ","DJI",74,"2023",4,"Median",3,"Both sexes",188,0,-1,"Total",0,"Not applicable",1,"Model-based Estimates",3,"Projection",1152943.5
49,"Total population by sex","Total population by sex","World Population Prospects",2024,"United Nations Population Division",262,"Djibouti","DJ","DJI",75,"2024",4,"Median",3,"Both sexes",188,0,-1,"Total",0,"Not applicable",1,"Model-based Estimates",3,"Projection",1168722
49,"Total population by sex","Total population by sex","World Population Prospects",2024,"United Nations Population Division",262,"Djibouti","DJ","DJI",76,"2025",4,"Median",3,"Both sexes",188,0,-1,"Total",0,"Not applicable",1,"Model-based Estimates",3,"Projection",1184076.5
49,"Total population by sex","Total population by sex","World Population Prospects",2024,"United Nations Population Division",266,"Gabon","GA","GAB",70,"2019",4,"Median",3,"Both sexes",188,0,-1,"Total",0,"Not applicable",1,"Model-based Estimates",3,"Projection",2267705.5
49,"Total population by sex","Total population by sex","World Population Prospects",2024,"United Nations Population Division",266,"Gabon","GA","GAB",71,"2020",4,"Median",3,"Both sexes",188,0,-1,"Total",0,"Not applicable",1,"Model-based Estimates",3,"Projection",2322539
49,"Total population by sex","Total population by sex","World Population Prospects",2024,"United Nations Population Division",266,"Gabon","GA","GAB",72,"2021",4,"Median",3,"Both sexes",188,0,-1,"Total",0,"Not applicable",1,"Model-based Estimates",3,"Projection",2376722
49,"Total population by sex","Total population by sex","World Population Prospects",2024,"United Nations Population Division",266,"Gabon","GA","GAB",73,"2022",4,"Median",3,"Both sexes",188,0,-1,"Total",0,"Not applicable",1,"Model-based Estimates",3,"Projection",2430747
49,"Total population by sex","Total population by sex","World Population Prospects",2024,"United Nations Population Division",266,"Gabon","GA","GAB",74,"2023",4,"Median",3,"Both sexes",188,0,-1,"Total",0,"Not applicable",1,"Model-based Estimates",3,"Projection",2484788.5
49,"Total population by sex","Total population by sex","World Population Prospects",2024,"United Nations Population Division",266,"Gabon","GA","GAB",75,"2024",4,"Median",3,"Both sexes",188,0,-1,"Total",0,"Not applicable",1,"Model-based Estimates",3,"Projection",2538951.5
49,"Total population by sex","Total population by sex","World Population Prospects",2024,"United Nations Population Division",266,"Gabon","GA","GAB",76,"2025",4,"Median",3,"Both sexes",188,0,-1,"Total",0,"Not applicable",1,"Model-based Estimates",3,"Projection",2593129.5
49,"Total population by sex","Total population by sex","World Population Prospects",2024,"United Nations Population Division",268,"Georgia","GE","GEO",70,"2019",4,"Median",3,"Both sexes",188,0,-1,"Total",0,"Not applicable",1,"Model-based Estimates",3,"Projection",3796722.5
49,"Total population by sex","Total population by sex","World Population Prospects",2024,"United Nations Population Division",268,"Georgia","GE","GEO",71,"2020",4,"Median",3,"Both sexes",188,0,-1,"Total",0,"Not applicable",1,"Model-based Estimates",3,"Projection",3795678
49,"Total population by sex","Total population by sex","World Population Prospects",2024,"United Nations Population Division",268,"Georgia","GE","GEO",72,"2021",4,"Median",3,"Both sexes",188,0,-1,"Total",0,"Not applicable",1,"Model-based Estimates",3,"Projection",3788451
49,"Total population by sex","Total population by sex","World Population Prospects",2024,"United Nations Population Division",268,"Georgia","GE","GEO",73,"2022",4,"Median",3,"Both sexes",188,0,-1,"Total",0,"Not applicable",1,"Model-based Estimates",3,"Projection",3794783.5
49,"Total population by sex","Total population by sex","World Population Prospects",2024,"United Nations Population Division",268,"Georgia","GE","GEO",74,"2023",4,"Median",3,"Both sexes",188,0,-1,"Total",0,"Not applicable",1,"Model-based Estimates",3,"Projection",3807492
49,"Total population by sex","Total population by sex","World Population Prospects",2024,"United Nations Population Division",268,"Georgia","GE","GEO",75,"2024",4,"Median",3,"Both sexes",188,0,-1,"Total",0,"Not applicable",1,"Model-based Estimates",3,"Projection",3807670
49,"Total population by sex","Total population by sex","World Population Prospects",2024,"United Nations Population Division",268,"Georgia","GE","GEO",76,"2025",4,"Median",3,"Both sexes",188,0,-1,"Total",0,"Not applicable",1,"Model-based Estimates",3,"Projection",3806671
49,"Total population by sex","Total population by sex","World Population Prospects",2024,"United Nations Population Division",270,"Gambia","GM","GMB",70,"2019",4,"Median",3,"Both sexes",188,0,-1,"Total",0,"Not applicable",1,"Model-based Estimates",3,"Projection",2456844
49,"Total population by sex","Total population by sex","World Population Prospects",2024,"United Nations Population Division",270,"Gambia","GM","GMB",71,"2020",4,"Median",3,"Both sexes",188,0,-1,"Total",0,"Not applicable",1,"Model-based Estimates",3,"Projection",2515733.5
49,"Total population by sex","Total population by sex","World Population Prospects",2024,"United Nations Population Division",270,"Gambia","GM","GMB",72,"2021",4,"Median",3,"Both sexes",188,0,-1,"Total",0,"Not applicable",1,"Model-based Estimates",3,"Projection",2576009.5
49,"Total population by sex","Total population by sex","World Population Prospects",2024,"United Nations Population Division",270,"Gambia","GM","GMB",73,"2022",4,"Median",3,"Both sexes",188,0,-1,"Total",0,"Not applicable",1,"Model-based Estimates",3,"Projection",2636470
49,"Total population by sex","Total population by sex","World Population Prospects",2024,"United Nations Population Division",270,"Gambia","GM","GMB",74,"2023",4,"Median",3,"Both sexes",188,0,-1,"Total",0,"Not applicable",1,"Model-based Estimates",3,"Projection",2697845.5
49,"Total population by sex","Total population by sex","World Population Prospects",2024,"United Nations Population Division",270,"Gambia","GM","GMB",75,"2024",4,"Median",3,"Both sexes",188,0,-1,"Total",0,"Not applicable",1,"Model-based Estimates",3,"Projection",2759987.5
49,"Total population by sex","Total population by sex","World Population Prospects",2024,"United Nations Population Division",270,"Gambia","GM","GMB",76,"2025",4,"Median",3,"Both sexes",188,0,-1,"Total",0,"Not applicable",1,"Model-based Estimates",3,"Projection",2822093
49,"Total population by sex","Total population by sex","World Population Prospects",2024,"United Nations Population Division",275,"State of Palestine","PS","PSE",70,"2019",4,"Median",3,"Both sexes",188,0,-1,"Total",0,"Not applicable",1,"Model-based Estimates",3,"Projection",4957768
49,"Total population by sex","Total population by sex","World Population Prospects",2024,"United Nations Population Division",275,"State of Palestine","PS","PSE",71,"2020",4,"Median",3,"Both sexes",188,0,-1,"Total",0,"Not applicable",1,"Model-based Estimates",3,"Projection",5069692
49,"Total population by sex","Total population by sex","World Population Prospects",2024,"United Nations Population Division",275,"State of Palestine","PS","PSE",72,"2021",4,"Median",3,"Both sexes",188,0,-1,"Total",0,"Not applicable",1,"Model-based Estimates",3,"Projection",5185335.5
49,"Total population by sex","Total population by sex","World Population Prospects",2024,"United Nations Population Division",275,"State of Palestine","PS","PSE",73,"2022",4,"Median",3,"Both sexes",188,0,-1,"Total",0,"Not applicable",1,"Model-based Estimates",3,"Projection",5305270
49,"Total population by sex","Total population by sex","World Population Prospects",2024,"United Nations Population Division",275,"State of Palestine","PS","PSE",74,"2023",4,"Median",3,"Both sexes",188,0,-1,"Total",0,"Not applicable",1,"Model-based Estimates",3,"Projection",5409201.5
49,"Total population by sex","Total population by sex","World Population Prospects",2024,"United Nations Population Division",275,"State of Palestine","PS","PSE",75,"2024",4,"Median",3,"Both sexes",188,0,-1,"Total",0,"Not applicable",1,"Model-based Estimates",3,"Projection",5495443
49,"Total population by sex","Total population by sex","World Population Prospects",2024,"United Nations Population Division",275,"State of Palestine","PS","PSE",76,"2025",4,"Median",3,"Both sexes",188,0,-1,"Total",0,"Not applicable",1,"Model-based Estimates",3,"Projection",5589623
49,"Total population by sex","Total population by sex","World Population Prospects",2024,"United Nations Population Division",276,"Germany","DE","DEU",70,"2019",4,"Median",3,"Both sexes",188,0,-1,"Total",0,"Not applicable",1,"Model-based Estimates",2,"Interpolation",83559186.5
49,"Total population by sex","Total population by sex","World Population Prospects",2024,"United Nations Population Division",276,"Germany","DE","DEU",71,"2020",4,"Median",3,"Both sexes",188,0,-1,"Total",0,"Not applicable",1,"Model-based Estimates",2,"Interpolation",83628708.5
49,"Total population by sex","Total population by sex","World Population Prospects",2024,"United Nations Population Division",276,"Germany","DE","DEU",72,"2021",4,"Median",3,"Both sexes",188,0,-1,"Total",0,"Not applicable",1,"Model-based Estimates",2,"Interpolation",83697082.5
49,"Total population by sex","Total population by sex","World Population Prospects",2024,"United Nations Population Division",276,"Germany","DE","DEU",73,"2022",4,"Median",3,"Both sexes",188,0,-1,"Total",0,"Not applicable",1,"Model-based Estimates",3,"Projection",84086227
49,"Total population by sex","Total population by sex","World Population Prospects",2024,"United Nations Population Division",276,"Germany","DE","DEU",74,"2023",4,"Median",3,"Both sexes",188,0,-1,"Total",0,"Not applicable",1,"Model-based Estimates",3,"Projection",84548231
49,"Total population by sex","Total population by sex","World Population Prospects",2024,"United Nations Population Division",276,"Germany","DE","DEU",75,"2024",4,"Median",3,"Both sexes",188,0,-1,"Total",0,"Not applicable",1,"Model-based Estimates",3,"Projection",84552242
49,"Total population by sex","Total population by sex","World Population Prospects",2024,"United Nations Population Division",276,"Germany","DE","DEU",76,"2025",4,"Median",3,"Both sexes",188,0,-1,"Total",0,"Not applicable",1,"Model-based Estimates",3,"Projection",84075074.5
49,"Total population by sex","Total population by sex","World Population Prospects",2024,"United Nations Population Division",288,"Ghana","GH","GHA",70,"2019",4,"Median",3,"Both sexes",188,0,-1,"Total",0,"Not applicable",1,"Model-based Estimates",2,"Interpolation",31258945
49,"Total population by sex","Total population by sex","World Population Prospects",2024,"United Nations Population Division",288,"Ghana","GH","GHA",71,"2020",4,"Median",3,"Both sexes",188,0,-1,"Total",0,"Not applicable",1,"Model-based Estimates",2,"Interpolation",31887809
49,"Total population by sex","Total population by sex","World Population Prospects",2024,"United Nations Population Division",288,"Ghana","GH","GHA",72,"2021",4,"Median",3,"Both sexes",188,0,-1,"Total",0,"Not applicable",1,"Model-based Estimates",2,"Interpolation",32518665
49,"Total population by sex","Total population by sex","World Population Prospects",2024,"United Nations Population Division",288,"Ghana","GH","GHA",73,"2022",4,"Median",3,"Both sexes",188,0,-1,"Total",0,"Not applicable",1,"Model-based Estimates",3,"Projection",33149152
49,"Total population by sex","Total population by sex","World Population Prospects",2024,"United Nations Population Division",288,"Ghana","GH","GHA",74,"2023",4,"Median",3,"Both sexes",188,0,-1,"Total",0,"Not applicable",1,"Model-based Estimates",3,"Projection",33787914
49,"Total population by sex","Total population by sex","World Population Prospects",2024,"United Nations Population Division",288,"Ghana","GH","GHA",75,"2024",4,"Median",3,"Both sexes",188,0,-1,"Total",0,"Not applicable",1,"Model-based Estimates",3,"Projection",34427413.5
49,"Total population by sex","Total population by sex","World Population Prospects",2024,"United Nations Population Division",288,"Ghana","GH","GHA",76,"2025",4,"Median",3,"Both sexes",188,0,-1,"Total",0,"Not applicable",1,"Model-based Estimates",3,"Projection",35064272.5
49,"Total population by sex","Total population by sex","World Population Prospects",2024,"United Nations Population Division",292,"Gibraltar","GI","GIB",70,"2019",4,"Median",3,"Both sexes",188,0,-1,"Total",0,"Not applicable",1,"Model-based Estimates",3,"Projection",35494
49,"Total population by sex","Total population by sex","World Population Prospects",2024,"United Nations Population Division",292,"Gibraltar","GI","GIB",71,"2020",4,"Median",3,"Both sexes",188,0,-1,"Total",0,"Not applicable",1,"Model-based Estimates",3,"Projection",36173
49,"Total population by sex","Total population by sex","World Population Prospects",2024,"United Nations Population Division",292,"Gibraltar","GI","GIB",72,"2021",4,"Median",3,"Both sexes",188,0,-1,"Total",0,"Not applicable",1,"Model-based Estimates",3,"Projection",36858.5
49,"Total population by sex","Total population by sex","World Population Prospects",2024,"United Nations Population Division",292,"Gibraltar","GI","GIB",73,"2022",4,"Median",3,"Both sexes",188,0,-1,"Total",0,"Not applicable",1,"Model-based Estimates",3,"Projection",37609.5
49,"Total population by sex","Total population by sex","World Population Prospects",2024,"United Nations Population Division",292,"Gibraltar","GI","GIB",74,"2023",4,"Median",3,"Both sexes",188,0,-1,"Total",0,"Not applicable",1,"Model-based Estimates",3,"Projection",38470.5
49,"Total population by sex","Total population by sex","World Population Prospects",2024,"United Nations Population Division",292,"Gibraltar","GI","GIB",75,"2024",4,"Median",3,"Both sexes",188,0,-1,"Total",0,"Not applicable",1,"Model-based Estimates",3,"Projection",39329
49,"Total population by sex","Total population by sex","World Population Prospects",2024,"United Nations Population Division",292,"Gibraltar","GI","GIB",76,"2025",4,"Median",3,"Both sexes",188,0,-1,"Total",0,"Not applicable",1,"Model-based Estimates",3,"Projection",40126
49,"Total population by sex","Total population by sex","World Population Prospects",2024,"United Nations Population Division",296,"Kiribati","KI","KIR",70,"2019",4,"Median",3,"Both sexes",188,0,-1,"Total",0,"Not applicable",1,"Model-based Estimates",2,"Interpolation",123920.5
49,"Total population by sex","Total population by sex","World Population Prospects",2024,"United Nations Population Division",296,"Kiribati","KI","KIR",71,"2020",4,"Median",3,"Both sexes",188,0,-1,"Total",0,"Not applicable",1,"Model-based Estimates",2,"Interpolation",126099
49,"Total population by sex","Total population by sex","World Population Prospects",2024,"United Nations Population Division",296,"Kiribati","KI","KIR",72,"2021",4,"Median",3,"Both sexes",188,0,-1,"Total",0,"Not applicable",1,"Model-based Estimates",3,"Projection",128377.00000000001
49,"Total population by sex","Total population by sex","World Population Prospects",2024,"United Nations Population Division",296,"Kiribati","KI","KIR",73,"2022",4,"Median",3,"Both sexes",188,0,-1,"Total",0,"Not applicable",1,"Model-based Estimates",3,"Projection",130468.5
49,"Total population by sex","Total population by sex","World Population Prospects",2024,"United Nations Population Division",296,"Kiribati","KI","KIR",74,"2023",4,"Median",3,"Both sexes",188,0,-1,"Total",0,"Not applicable",1,"Model-based Estimates",3,"Projection",132530.5
49,"Total population by sex","Total population by sex","World Population Prospects",2024,"United Nations Population Division",296,"Kiribati","KI","KIR",75,"2024",4,"Median",3,"Both sexes",188,0,-1,"Total",0,"Not applicable",1,"Model-based Estimates",3,"Projection",134518
49,"Total population by sex","Total population by sex","World Population Prospects",2024,"United Nations Population Division",296,"Kiribati","KI","KIR",76,"2025",4,"Median",3,"Both sexes",188,0,-1,"Total",0,"Not applicable",1,"Model-based Estimates",3,"Projection",136488.5
49,"Total population by sex","Total population by sex","World Population Prospects",2024,"United Nations Population Division",300,"Greece","GR","GRC",70,"2019",4,"Median",3,"Both sexes",188,0,-1,"Total",0,"Not applicable",1,"Model-based Estimates",2,"Interpolation",10718575.5
49,"Total population by sex","Total population by sex","World Population Prospects",2024,"United Nations Population Division",300,"Greece","GR","GRC",71,"2020",4,"Median",3,"Both sexes",188,0,-1,"Total",0,"Not applicable",1,"Model-based Estimates",2,"Interpolation",10699369
49,"Total population by sex","Total population by sex","World Population Prospects",2024,"United Nations Population Division",300,"Greece","GR","GRC",72,"2021",4,"Median",3,"Both sexes",188,0,-1,"Total",0,"Not applicable",1,"Model-based Estimates",3,"Projection",10579561
49,"Total population by sex","Total population by sex","World Population Prospects",2024,"United Nations Population Division",300,"Greece","GR","GRC",73,"2022",4,"Median",3,"Both sexes",188,0,-1,"Total",0,"Not applicable",1,"Model-based Estimates",3,"Projection",10412480
49,"Total population by sex","Total population by sex","World Population Prospects",2024,"United Nations Population Division",300,"Greece","GR","GRC",74,"2023",4,"Median",3,"Both sexes",188,0,-1,"Total",0,"Not applicable",1,"Model-based Estimates",3,"Projection",10242908.5
49,"Total population by sex","Total population by sex","World Population Prospects",2024,"United Nations Population Division",300,"Greece","GR","GRC",75,"2024",4,"Median",3,"Both sexes",188,0,-1,"Total",0,"Not applicable",1,"Model-based Estimates",3,"Projection",10047816.5
49,"Total population by sex","Total population by sex","World Population Prospects",2024,"United Nations Population Division",300,"Greece","GR","GRC",76,"2025",4,"Median",3,"Both sexes",188,0,-1,"Total",0,"Not applicable",1,"Model-based Estimates",3,"Projection",9938844.5
49,"Total population by sex","Total population by sex","World Population Prospects",2024,"United Nations Population Division",304,"Greenland","GL","GRL",70,"2019",4,"Median",3,"Both sexes",188,0,-1,"Total",0,"Not applicable",1,"Model-based Estimates",2,"Interpolation",56084
49,"Total population by sex","Total population by sex","World Population Prospects",2024,"United Nations Population Division",304,"Greenland","GL","GRL",71,"2020",4,"Median",3,"Both sexes",188,0,-1,"Total",0,"Not applicable",1,"Model-based Estimates",2,"Interpolation",56079.5
49,"Total population by sex","Total population by sex","World Population Prospects",2024,"United Nations Population Division",304,"Greenland","GL","GRL",72,"2021",4,"Median",3,"Both sexes",188,0,-1,"Total",0,"Not applicable",1,"Model-based Estimates",3,"Projection",56041.5
49,"Total population by sex","Total population by sex","World Population Prospects",2024,"United Nations Population Division",304,"Greenland","GL","GRL",73,"2022",4,"Median",3,"Both sexes",188,0,-1,"Total",0,"Not applicable",1,"Model-based Estimates",3,"Projection",55990.5
49,"Total population by sex","Total population by sex","World Population Prospects",2024,"United Nations Population Division",304,"Greenland","GL","GRL",74,"2023",4,"Median",3,"Both sexes",188,0,-1,"Total",0,"Not applicable",1,"Model-based Estimates",3,"Projection",55922.5
49,"Total population by sex","Total population by sex","World Population Prospects",2024,"United Nations Population Division",304,"Greenland","GL","GRL",75,"2024",4,"Median",3,"Both sexes",188,0,-1,"Total",0,"Not applicable",1,"Model-based Estimates",3,"Projection",55839.5
49,"Total population by sex","Total population by sex","World Population Prospects",2024,"United Nations Population Division",304,"Greenland","GL","GRL",76,"2025",4,"Median",3,"Both sexes",188,0,-1,"Total",0,"Not applicable",1,"Model-based Estimates",3,"Projection",55744.5
49,"Total population by sex","Total population by sex","World Population Prospects",2024,"United Nations Population Division",308,"Grenada","GD","GRD",70,"2019",4,"Median",3,"Both sexes",188,0,-1,"Total",0,"Not applicable",1,"Model-based Estimates",3,"Projection",115981.5
49,"Total population by sex","Total population by sex","World Population Prospects",2024,"United Nations Population Division",308,"Grenada","GD","GRD",71,"2020",4,"Median",3,"Both sexes",188,0,-1,"Total",0,"Not applicable",1,"Model-based Estimates",3,"Projection",116341
49,"Total population by sex","Total population by sex","World Population Prospects",2024,"United Nations Population Division",308,"Grenada","GD","GRD",72,"2021",4,"Median",3,"Both sexes",188,0,-1,"Total",0,"Not applicable",1,"Model-based Estimates",3,"Projection",116687.5
49,"Total population by sex","Total population by sex","World Population Prospects",2024,"United Nations Population Division",308,"Grenada","GD","GRD",73,"2022",4,"Median",3,"Both sexes",188,0,-1,"Total",0,"Not applicable",1,"Model-based Estimates",3,"Projection",116913
49,"Total population by sex","Total population by sex","World Population Prospects",2024,"United Nations Population Division",308,"Grenada","GD","GRD",74,"2023",4,"Median",3,"Both sexes",188,0,-1,"Total",0,"Not applicable",1,"Model-based Estimates",3,"Projection",117081
49,"Total population by sex","Total population by sex","World Population Prospects",2024,"United Nations Population Division",308,"Grenada","GD","GRD",75,"2024",4,"Median",3,"Both sexes",188,0,-1,"Total",0,"Not applicable",1,"Model-based Estimates",3,"Projection",117207.5
49,"Total population by sex","Total population by sex","World Population Prospects",2024,"United Nations Population Division",308,"Grenada","GD","GRD",76,"2025",4,"Median",3,"Both sexes",188,0,-1,"Total",0,"Not applicable",1,"Model-based Estimates",3,"Projection",117303.5
49,"Total population by sex","Total population by sex","World Population Prospects",2024,"United Nations Population Division",312,"Guadeloupe","GP","GLP",70,"2019",4,"Median",3,"Both sexes",188,0,-1,"Total",0,"Not applicable",1,"Model-based Estimates",2,"Interpolation",410256.5
49,"Total population by sex","Total population by sex","World Population Prospects",2024,"United Nations Population Division",312,"Guadeloupe","GP","GLP",71,"2020",4,"Median",3,"Both sexes",188,0,-1,"Total",0,"Not applicable",1,"Model-based Estimates",2,"Interpolation",407394
49,"Total population by sex","Total population by sex","World Population Prospects",2024,"United Nations Population Division",312,"Guadeloupe","GP","GLP",72,"2021",4,"Median",3,"Both sexes",188,0,-1,"Total",0,"Not applicable",1,"Model-based Estimates",2,"Interpolation",399151
49,"Total population by sex","Total population by sex","World Population Prospects",2024,"United Nations Population Division",312,"Guadeloupe","GP","GLP",73,"2022",4,"Median",3,"Both sexes",188,0,-1,"Total",0,"Not applicable",1,"Model-based Estimates",2,"Interpolation",384697.5
49,"Total population by sex","Total population by sex","World Population Prospects",2024,"United Nations Population Division",312,"Guadeloupe","GP","GLP",74,"2023",4,"Median",3,"Both sexes",188,0,-1,"Total",0,"Not applicable",1,"Model-based Estimates",2,"Interpolation",376516.5
49,"Total population by sex","Total population by sex","World Population Prospects",2024,"United Nations Population Division",312,"Guadeloupe","GP","GLP",75,"2024",4,"Median",3,"Both sexes",188,0,-1,"Total",0,"Not applicable",1,"Model-based Estimates",3,"Projection",375106
49,"Total population by sex","Total population by sex","World Population Prospects",2024,"United Nations Population Division",312,"Guadeloupe","GP","GLP",76,"2025",4,"Median",3,"Both sexes",188,0,-1,"Total",0,"Not applicable",1,"Model-based Estimates",3,"Projection",373791
49,"Total population by sex","Total population by sex","World Population Prospects",2024,"United Nations Population Division",316,"Guam","GU","GUM",70,"2019",4,"Median",3,"Both sexes",188,0,-1,"Total",0,"Not applicable",1,"Model-based Estimates",2,"Interpolation",161808
49,"Total population by sex","Total population by sex","World Population Prospects",2024,"United Nations Population Division",316,"Guam","GU","GUM",71,"2020",4,"Median",3,"Both sexes",188,0,-1,"Total",0,"Not applicable",1,"Model-based Estimates",2,"Interpolation",162158
49,"Total population by sex","Total population by sex","World Population Prospects",2024,"United Nations Population Division",316,"Guam","GU","GUM",72,"2021",4,"Median",3,"Both sexes",188,0,-1,"Total",0,"Not applicable",1,"Model-based Estimates",3,"Projection",163730
49,"Total population by sex","Total population by sex","World Population Prospects",2024,"United Nations Population Division",316,"Guam","GU","GUM",73,"2022",4,"Median",3,"Both sexes",188,0,-1,"Total",0,"Not applicable",1,"Model-based Estimates",3,"Projection",165180
49,"Total population by sex","Total population by sex","World Population Prospects",2024,"United Nations Population Division",316,"Guam","GU","GUM",74,"2023",4,"Median",3,"Both sexes",188,0,-1,"Total",0,"Not applicable",1,"Model-based Estimates",3,"Projection",166506.5
49,"Total population by sex","Total population by sex","World Population Prospects",2024,"United Nations Population Division",316,"Guam","GU","GUM",75,"2024",4,"Median",3,"Both sexes",188,0,-1,"Total",0,"Not applicable",1,"Model-based Estimates",3,"Projection",167777
49,"Total population by sex","Total population by sex","World Population Prospects",2024,"United Nations Population Division",316,"Guam","GU","GUM",76,"2025",4,"Median",3,"Both sexes",188,0,-1,"Total",0,"Not applicable",1,"Model-based Estimates",3,"Projection",168998.5
49,"Total population by sex","Total population by sex","World Population Prospects",2024,"United Nations Population Division",320,"Guatemala","GT","GTM",70,"2019",4,"Median",3,"Both sexes",188,0,-1,"Total",0,"Not applicable",1,"Model-based Estimates",3,"Projection",17103802.5
49,"Total population by sex","Total population by sex","World Population Prospects",2024,"United Nations Population Division",320,"Guatemala","GT","GTM",71,"2020",4,"Median",3,"Both sexes",188,0,-1,"Total",0,"Not applicable",1,"Model-based Estimates",3,"Projection",17357325.5
49,"Total population by sex","Total population by sex","World Population Prospects",2024,"United Nations Population Division",320,"Guatemala","GT","GTM",72,"2021",4,"Median",3,"Both sexes",188,0,-1,"Total",0,"Not applicable",1,"Model-based Estimates",3,"Projection",17598650.5
49,"Total population by sex","Total population by sex","World Population Prospects",2024,"United Nations Population Division",320,"Guatemala","GT","GTM",73,"2022",4,"Median",3,"Both sexes",188,0,-1,"Total",0,"Not applicable",1,"Model-based Estimates",3,"Projection",17847877
49,"Total population by sex","Total population by sex","World Population Prospects",2024,"United Nations Population Division",320,"Guatemala","GT","GTM",74,"2023",4,"Median",3,"Both sexes",188,0,-1,"Total",0,"Not applicable",1,"Model-based Estimates",3,"Projection",18124837.5
49,"Total population by sex","Total population by sex","World Population Prospects",2024,"United Nations Population Division",320,"Guatemala","GT","GTM",75,"2024",4,"Median",3,"Both sexes",188,0,-1,"Total",0,"Not applicable",1,"Model-based Estimates",3,"Projection",18406359
49,"Total population by sex","Total population by sex","World Population Prospects",2024,"United Nations Population Division",320,"Guatemala","GT","GTM",76,"2025",4,"Median",3,"Both sexes",188,0,-1,"Total",0,"Not applicable",1,"Model-based Estimates",3,"Projection",18687881.5
49,"Total population by sex","Total population by sex","World Population Prospects",2024,"United Nations Population Division",324,"Guinea","GN","GIN",70,"2019",4,"Median",3,"Both sexes",188,0,-1,"Total",0,"Not applicable",1,"Model-based Estimates",3,"Projection",13034346
49,"Total population by sex","Total population by sex","World Population Prospects",2024,"United Nations Population Division",324,"Guinea","GN","GIN",71,"2020",4,"Median",3,"Both sexes",188,0,-1,"Total",0,"Not applicable",1,"Model-based Estimates",3,"Projection",13371183
49,"Total population by sex","Total population by sex","World Population Prospects",2024,"United Nations Population Division",324,"Guinea","GN","GIN",72,"2021",4,"Median",3,"Both sexes",188,0,-1,"Total",0,"Not applicable",1,"Model-based Estimates",3,"Projection",13710513
49,"Total population by sex","Total population by sex","World Population Prospects",2024,"United Nations Population Division",324,"Guinea","GN","GIN",73,"2022",4,"Median",3,"Both sexes",188,0,-1,"Total",0,"Not applicable",1,"Model-based Estimates",3,"Projection",14055137
49,"Total population by sex","Total population by sex","World Population Prospects",2024,"United Nations Population Division",324,"Guinea","GN","GIN",74,"2023",4,"Median",3,"Both sexes",188,0,-1,"Total",0,"Not applicable",1,"Model-based Estimates",3,"Projection",14405468
49,"Total population by sex","Total population by sex","World Population Prospects",2024,"United Nations Population Division",324,"Guinea","GN","GIN",75,"2024",4,"Median",3,"Both sexes",188,0,-1,"Total",0,"Not applicable",1,"Model-based Estimates",3,"Projection",14754785.5
49,"Total population by sex","Total population by sex","World Population Prospects",2024,"United Nations Population Division",324,"Guinea","GN","GIN",76,"2025",4,"Median",3,"Both sexes",188,0,-1,"Total",0,"Not applicable",1,"Model-based Estimates",3,"Projection",15099727
49,"Total population by sex","Total population by sex","World Population Prospects",2024,"United Nations Population Division",328,"Guyana","GY","GUY",70,"2019",4,"Median",3,"Both sexes",188,0,-1,"Total",0,"Not applicable",1,"Model-based Estimates",3,"Projection",807665
49,"Total population by sex","Total population by sex","World Population Prospects",2024,"United Nations Population Division",328,"Guyana","GY","GUY",71,"2020",4,"Median",3,"Both sexes",188,0,-1,"Total",0,"Not applicable",1,"Model-based Estimates",3,"Projection",807481.5
49,"Total population by sex","Total population by sex","World Population Prospects",2024,"United Nations Population Division",328,"Guyana","GY","GUY",72,"2021",4,"Median",3,"Both sexes",188,0,-1,"Total",0,"Not applicable",1,"Model-based Estimates",3,"Projection",815482
49,"Total population by sex","Total population by sex","World Population Prospects",2024,"United Nations Population Division",328,"Guyana","GY","GUY",73,"2022",4,"Median",3,"Both sexes",188,0,-1,"Total",0,"Not applicable",1,"Model-based Estimates",3,"Projection",821637
49,"Total population by sex","Total population by sex","World Population Prospects",2024,"United Nations Population Division",328,"Guyana","GY","GUY",74,"2023",4,"Median",3,"Both sexes",188,0,-1,"Total",0,"Not applicable",1,"Model-based Estimates",3,"Projection",826353
49,"Total population by sex","Total population by sex","World Population Prospects",2024,"United Nations Population Division",328,"Guyana","GY","GUY",75,"2024",4,"Median",3,"Both sexes",188,0,-1,"Total",0,"Not applicable",1,"Model-based Estimates",3,"Projection",831086.5
49,"Total population by sex","Total population by sex","World Population Prospects",2024,"United Nations Population Division",328,"Guyana","GY","GUY",76,"2025",4,"Median",3,"Both sexes",188,0,-1,"Total",0,"Not applicable",1,"Model-based Estimates",3,"Projection",835986
49,"Total population by sex","Total population by sex","World Population Prospects",2024,"United Nations Population Division",332,"Haiti","HT","HTI",70,"2019",4,"Median",3,"Both sexes",188,0,-1,"Total",0,"Not applicable",1,"Model-based Estimates",3,"Projection",11105163
49,"Total population by sex","Total population by sex","World Population Prospects",2024,"United Nations Population Division",332,"Haiti","HT","HTI",71,"2020",4,"Median",3,"Both sexes",188,0,-1,"Total",0,"Not applicable",1,"Model-based Estimates",3,"Projection",11243848
49,"Total population by sex","Total population by sex","World Population Prospects",2024,"United Nations Population Division",332,"Haiti","HT","HTI",72,"2021",4,"Median",3,"Both sexes",188,0,-1,"Total",0,"Not applicable",1,"Model-based Estimates",3,"Projection",11374586
49,"Total population by sex","Total population by sex","World Population Prospects",2024,"United Nations Population Division",332,"Haiti","HT","HTI",73,"2022",4,"Median",3,"Both sexes",188,0,-1,"Total",0,"Not applicable",1,"Model-based Estimates",3,"Projection",11503606
49,"Total population by sex","Total population by sex","World Population Prospects",2024,"United Nations Population Division",332,"Haiti","HT","HTI",74,"2023",4,"Median",3,"Both sexes",188,0,-1,"Total",0,"Not applicable",1,"Model-based Estimates",3,"Projection",11637398.5
49,"Total population by sex","Total population by sex","World Population Prospects",2024,"United Nations Population Division",332,"Haiti","HT","HTI",75,"2024",4,"Median",3,"Both sexes",188,0,-1,"Total",0,"Not applicable",1,"Model-based Estimates",3,"Projection",11772557
49,"Total population by sex","Total population by sex","World Population Prospects",2024,"United Nations Population Division",332,"Haiti","HT","HTI",76,"2025",4,"Median",3,"Both sexes",188,0,-1,"Total",0,"Not applicable",1,"Model-based Estimates",3,"Projection",11906095.5
49,"Total population by sex","Total population by sex","World Population Prospects",2024,"United Nations Population Division",340,"Honduras","HN","HND",70,"2019",4,"Median",3,"Both sexes",188,0,-1,"Total",0,"Not applicable",1,"Model-based Estimates",3,"Projection",9943633.5
49,"Total population by sex","Total population by sex","World Population Prospects",2024,"United Nations Population Division",340,"Honduras","HN","HND",71,"2020",4,"Median",3,"Both sexes",188,0,-1,"Total",0,"Not applicable",1,"Model-based Estimates",3,"Projection",10119640.5
49,"Total population by sex","Total population by sex","World Population Prospects",2024,"United Nations Population Division",340,"Honduras","HN","HND",72,"2021",4,"Median",3,"Both sexes",188,0,-1,"Total",0,"Not applicable",1,"Model-based Estimates",3,"Projection",10289876.5
49,"Total population by sex","Total population by sex","World Population Prospects",2024,"United Nations Population Division",340,"Honduras","HN","HND",73,"2022",4,"Median",3,"Both sexes",188,0,-1,"Total",0,"Not applicable",1,"Model-based Estimates",3,"Projection",10463872
49,"Total population by sex","Total population by sex","World Population Prospects",2024,"United Nations Population Division",340,"Honduras","HN","HND",74,"2023",4,"Median",3,"Both sexes",188,0,-1,"Total",0,"Not applicable",1,"Model-based Estimates",3,"Projection",10644851
49,"Total population by sex","Total population by sex","World Population Prospects",2024,"United Nations Population Division",340,"Honduras","HN","HND",75,"2024",4,"Median",3,"Both sexes",188,0,-1,"Total",0,"Not applicable",1,"Model-based Estimates",3,"Projection",10825703.5
49,"Total population by sex","Total population by sex","World Population Prospects",2024,"United Nations Population Division",340,"Honduras","HN","HND",76,"2025",4,"Median",3,"Both sexes",188,0,-1,"Total",0,"Not applicable",1,"Model-based Estimates",3,"Projection",11005849.5
49,"Total population by sex","Total population by sex","World Population Prospects",2024,"United Nations Population Division",344,"China, Hong Kong SAR","HK","HKG",70,"2019",4,"Median",3,"Both sexes",188,0,-1,"Total",0,"Not applicable",1,"Model-based Estimates",2,"Interpolation",7485813
49,"Total population by sex","Total population by sex","World Population Prospects",2024,"United Nations Population Division",344,"China, Hong Kong SAR","HK","HKG",71,"2020",4,"Median",3,"Both sexes",188,0,-1,"Total",0,"Not applicable",1,"Model-based Estimates",2,"Interpolation",7490235.5
49,"Total population by sex","Total population by sex","World Population Prospects",2024,"United Nations Population Division",344,"China, Hong Kong SAR","HK","HKG",72,"2021",4,"Median",3,"Both sexes",188,0,-1,"Total",0,"Not applicable",1,"Model-based Estimates",2,"Interpolation",7484601.5
49,"Total population by sex","Total population by sex","World Population Prospects",2024,"United Nations Population Division",344,"China, Hong Kong SAR","HK","HKG",73,"2022",4,"Median",3,"Both sexes",188,0,-1,"Total",0,"Not applicable",1,"Model-based Estimates",3,"Projection",7465915
49,"Total population by sex","Total population by sex","World Population Prospects",2024,"United Nations Population Division",344,"China, Hong Kong SAR","HK","HKG",74,"2023",4,"Median",3,"Both sexes",188,0,-1,"Total",0,"Not applicable",1,"Model-based Estimates",3,"Projection",7442734.5
49,"Total population by sex","Total population by sex","World Population Prospects",2024,"United Nations Population Division",344,"China, Hong Kong SAR","HK","HKG",75,"2024",4,"Median",3,"Both sexes",188,0,-1,"Total",0,"Not applicable",1,"Model-based Estimates",3,"Projection",7414909.5
49,"Total population by sex","Total population by sex","World Population Prospects",2024,"United Nations Population Division",344,"China, Hong Kong SAR","HK","HKG",76,"2025",4,"Median",3,"Both sexes",188,0,-1,"Total",0,"Not applicable",1,"Model-based Estimates",3,"Projection",7396076
49,"Total population by sex","Total population by sex","World Population Prospects",2024,"United Nations Population Division",348,"Hungary","HU","HUN",70,"2019",4,"Median",3,"Both sexes",188,0,-1,"Total",0,"Not applicable",1,"Model-based Estimates",2,"Interpolation",9770346.5
49,"Total population by sex","Total population by sex","World Population Prospects",2024,"United Nations Population Division",348,"Hungary","HU","HUN",71,"2020",4,"Median",3,"Both sexes",188,0,-1,"Total",0,"Not applicable",1,"Model-based Estimates",2,"Interpolation",9749456.5
49,"Total population by sex","Total population by sex","World Population Prospects",2024,"United Nations Population Division",348,"Hungary","HU","HUN",72,"2021",4,"Median",3,"Both sexes",188,0,-1,"Total",0,"Not applicable",1,"Model-based Estimates",2,"Interpolation",9707849.5
49,"Total population by sex","Total population by sex","World Population Prospects",2024,"United Nations Population Division",348,"Hungary","HU","HUN",73,"2022",4,"Median",3,"Both sexes",188,0,-1,"Total",0,"Not applicable",1,"Model-based Estimates",3,"Projection",9684305.5
49,"Total population by sex","Total population by sex","World Population Prospects",2024,"United Nations Population Division",348,"Hungary","HU","HUN",74,"2023",4,"Median",3,"Both sexes",188,0,-1,"Total",0,"Not applicable",1,"Model-based Estimates",3,"Projection",9686463.5
49,"Total population by sex","Total population by sex","World Population Prospects",2024,"United Nations Population Division",348,"Hungary","HU","HUN",75,"2024",4,"Median",3,"Both sexes",188,0,-1,"Total",0,"Not applicable",1,"Model-based Estimates",3,"Projection",9676134.5
49,"Total population by sex","Total population by sex","World Population Prospects",2024,"United Nations Population Division",348,"Hungary","HU","HUN",76,"2025",4,"Median",3,"Both sexes",188,0,-1,"Total",0,"Not applicable",1,"Model-based Estimates",3,"Projection",9632287
49,"Total population by sex","Total population by sex","World Population Prospects",2024,"United Nations Population Division",352,"Iceland","IS","ISL",70,"2019",4,"Median",3,"Both sexes",188,0,-1,"Total",0,"Not applicable",1,"Model-based Estimates",2,"Interpolation",360699.5
49,"Total population by sex","Total population by sex","World Population Prospects",2024,"United Nations Population Division",352,"Iceland","IS","ISL",71,"2020",4,"Median",3,"Both sexes",188,0,-1,"Total",0,"Not applicable",1,"Model-based Estimates",2,"Interpolation",366614
49,"Total population by sex","Total population by sex","World Population Prospects",2024,"United Nations Population Division",352,"Iceland","IS","ISL",72,"2021",4,"Median",3,"Both sexes",188,0,-1,"Total",0,"Not applicable",1,"Model-based Estimates",2,"Interpolation",372643.5
49,"Total population by sex","Total population by sex","World Population Prospects",2024,"United Nations Population Division",352,"Iceland","IS","ISL",73,"2022",4,"Median",3,"Both sexes",188,0,-1,"Total",0,"Not applicable",1,"Model-based Estimates",2,"Interpolation",380355.5
49,"Total population by sex","Total population by sex","World Population Prospects",2024,"United Nations Population Division",352,"Iceland","IS","ISL",74,"2023",4,"Median",3,"Both sexes",188,0,-1,"Total",0,"Not applicable",1,"Model-based Estimates",3,"Projection",387557.5
49,"Total population by sex","Total population by sex","World Population Prospects",2024,"United Nations Population Division",352,"Iceland","IS","ISL",75,"2024",4,"Median",3,"Both sexes",188,0,-1,"Total",0,"Not applicable",1,"Model-based Estimates",3,"Projection",393395.5
49,"Total population by sex","Total population by sex","World Population Prospects",2024,"United Nations Population Division",352,"Iceland","IS","ISL",76,"2025",4,"Median",3,"Both sexes",188,0,-1,"Total",0,"Not applicable",1,"Model-based Estimates",3,"Projection",398266
49,"Total population by sex","Total population by sex","World Population Prospects",2024,"United Nations Population Division",356,"India","IN","IND",70,"2019",4,"Median",3,"Both sexes",188,0,-1,"Total",0,"Not applicable",1,"Model-based Estimates",3,"Projection",1389030312
49,"Total population by sex","Total population by sex","World Population Prospects",2024,"United Nations Population Division",356,"India","IN","IND",71,"2020",4,"Median",3,"Both sexes",188,0,-1,"Total",0,"Not applicable",1,"Model-based Estimates",3,"Projection",1402617695.5
49,"Total population by sex","Total population by sex","World Population Prospects",2024,"United Nations Population Division",356,"India","IN","IND",72,"2021",4,"Median",3,"Both sexes",188,0,-1,"Total",0,"Not applicable",1,"Model-based Estimates",3,"Projection",1414203896
49,"Total population by sex","Total population by sex","World Population Prospects",2024,"United Nations Population Division",356,"India","IN","IND",73,"2022",4,"Median",3,"Both sexes",188,0,-1,"Total",0,"Not applicable",1,"Model-based Estimates",3,"Projection",1425423212.5
49,"Total population by sex","Total population by sex","World Population Prospects",2024,"United Nations Population Division",356,"India","IN","IND",74,"2023",4,"Median",3,"Both sexes",188,0,-1,"Total",0,"Not applicable",1,"Model-based Estimates",3,"Projection",1438069596
49,"Total population by sex","Total population by sex","World Population Prospects",2024,"United Nations Population Division",356,"India","IN","IND",75,"2024",4,"Median",3,"Both sexes",188,0,-1,"Total",0,"Not applicable",1,"Model-based Estimates",3,"Projection",1450935791
49,"Total population by sex","Total population by sex","World Population Prospects",2024,"United Nations Population Division",356,"India","IN","IND",76,"2025",4,"Median",3,"Both sexes",188,0,-1,"Total",0,"Not applicable",1,"Model-based Estimates",3,"Projection",1463865524.5
49,"Total population by sex","Total population by sex","World Population Prospects",2024,"United Nations Population Division",360,"Indonesia","ID","IDN",70,"2019",4,"Median",3,"Both sexes",188,0,-1,"Total",0,"Not applicable",1,"Model-based Estimates",2,"Interpolation",272489381
49,"Total population by sex","Total population by sex","World Population Prospects",2024,"United Nations Population Division",360,"Indonesia","ID","IDN",71,"2020",4,"Median",3,"Both sexes",188,0,-1,"Total",0,"Not applicable",1,"Model-based Estimates",2,"Interpolation",274814865.5
49,"Total population by sex","Total population by sex","World Population Prospects",2024,"United Nations Population Division",360,"Indonesia","ID","IDN",72,"2021",4,"Median",3,"Both sexes",188,0,-1,"Total",0,"Not applicable",1,"Model-based Estimates",3,"Projection",276758053
49,"Total population by sex","Total population by sex","World Population Prospects",2024,"United Nations Population Division",360,"Indonesia","ID","IDN",73,"2022",4,"Median",3,"Both sexes",188,0,-1,"Total",0,"Not applicable",1,"Model-based Estimates",3,"Projection",278830528.5
49,"Total population by sex","Total population by sex","World Population Prospects",2024,"United Nations Population Division",360,"Indonesia","ID","IDN",74,"2023",4,"Median",3,"Both sexes",188,0,-1,"Total",0,"Not applicable",1,"Model-based Estimates",3,"Projection",281190066.5
49,"Total population by sex","Total population by sex","World Population Prospects",2024,"United Nations Population Division",360,"Indonesia","ID","IDN",75,"2024",4,"Median",3,"Both sexes",188,0,-1,"Total",0,"Not applicable",1,"Model-based Estimates",3,"Projection",283487930.5
49,"Total population by sex","Total population by sex","World Population Prospects",2024,"United Nations Population Division",360,"Indonesia","ID","IDN",76,"2025",4,"Median",3,"Both sexes",188,0,-1,"Total",0,"Not applicable",1,"Model-based Estimates",3,"Projection",285721235.5
49,"Total population by sex","Total population by sex","World Population Prospects",2024,"United Nations Population Division",364,"Iran (Islamic Republic of)","IR","IRN",70,"2019",4,"Median",3,"Both sexes",188,0,-1,"Total",0,"Not applicable",1,"Model-based Estimates",3,"Projection",87051647.5
49,"Total population by sex","Total population by sex","World Population Prospects",2024,"United Nations Population Division",364,"Iran (Islamic Republic of)","IR","IRN",71,"2020",4,"Median",3,"Both sexes",188,0,-1,"Total",0,"Not applicable",1,"Model-based Estimates",3,"Projection",87723443
49,"Total population by sex","Total population by sex","World Population Prospects",2024,"United Nations Population Division",364,"Iran (Islamic Republic of)","IR","IRN",72,"2021",4,"Median",3,"Both sexes",188,0,-1,"Total",0,"Not applicable",1,"Model-based Estimates",3,"Projection",88455487.5
49,"Total population by sex","Total population by sex","World Population Prospects",2024,"United Nations Population Division",364,"Iran (Islamic Republic of)","IR","IRN",73,"2022",4,"Median",3,"Both sexes",188,0,-1,"Total",0,"Not applicable",1,"Model-based Estimates",3,"Projection",89524246.5
49,"Total population by sex","Total population by sex","World Population Prospects",2024,"United Nations Population Division",364,"Iran (Islamic Republic of)","IR","IRN",74,"2023",4,"Median",3,"Both sexes",188,0,-1,"Total",0,"Not applicable",1,"Model-based Estimates",3,"Projection",90608707
49,"Total population by sex","Total population by sex","World Population Prospects",2024,"United Nations Population Division",364,"Iran (Islamic Republic of)","IR","IRN",75,"2024",4,"Median",3,"Both sexes",188,0,-1,"Total",0,"Not applicable",1,"Model-based Estimates",3,"Projection",91567737.5
49,"Total population by sex","Total population by sex","World Population Prospects",2024,"United Nations Population Division",364,"Iran (Islamic Republic of)","IR","IRN",76,"2025",4,"Median",3,"Both sexes",188,0,-1,"Total",0,"Not applicable",1,"Model-based Estimates",3,"Projection",92417681
49,"Total population by sex","Total population by sex","World Population Prospects",2024,"United Nations Population Division",368,"Iraq","IQ","IRQ",70,"2019",4,"Median",3,"Both sexes",188,0,-1,"Total",0,"Not applicable",1,"Model-based Estimates",3,"Projection",41192170.5
49,"Total population by sex","Total population by sex","World Population Prospects",2024,"United Nations Population Division",368,"Iraq","IQ","IRQ",71,"2020",4,"Median",3,"Both sexes",188,0,-1,"Total",0,"Not applicable",1,"Model-based Estimates",3,"Projection",42116604.5
49,"Total population by sex","Total population by sex","World Population Prospects",2024,"United Nations Population Division",368,"Iraq","IQ","IRQ",72,"2021",4,"Median",3,"Both sexes",188,0,-1,"Total",0,"Not applicable",1,"Model-based Estimates",3,"Projection",43071210.5
49,"Total population by sex","Total population by sex","World Population Prospects",2024,"United Nations Population Division",368,"Iraq","IQ","IRQ",73,"2022",4,"Median",3,"Both sexes",188,0,-1,"Total",0,"Not applicable",1,"Model-based Estimates",3,"Projection",44070551
49,"Total population by sex","Total population by sex","World Population Prospects",2024,"United Nations Population Division",368,"Iraq","IQ","IRQ",74,"2023",4,"Median",3,"Both sexes",188,0,-1,"Total",0,"Not applicable",1,"Model-based Estimates",3,"Projection",45074049
49,"Total population by sex","Total population by sex","World Population Prospects",2024,"United Nations Population Division",368,"Iraq","IQ","IRQ",75,"2024",4,"Median",3,"Both sexes",188,0,-1,"Total",0,"Not applicable",1,"Model-based Estimates",3,"Projection",46042015
49,"Total population by sex","Total population by sex","World Population Prospects",2024,"United Nations Population Division",368,"Iraq","IQ","IRQ",76,"2025",4,"Median",3,"Both sexes",188,0,-1,"Total",0,"Not applicable",1,"Model-based Estimates",3,"Projection",47020774
49,"Total population by sex","Total population by sex","World Population Prospects",2024,"United Nations Population Division",372,"Ireland","IE","IRL",70,"2019",4,"Median",3,"Both sexes",188,0,-1,"Total",0,"Not applicable",1,"Model-based Estimates",2,"Interpolation",4933491
49,"Total population by sex","Total population by sex","World Population Prospects",2024,"United Nations Population Division",372,"Ireland","IE","IRL",71,"2020",4,"Median",3,"Both sexes",188,0,-1,"Total",0,"Not applicable",1,"Model-based Estimates",2,"Interpolation",4982606.5
49,"Total population by sex","Total population by sex","World Population Prospects",2024,"United Nations Population Division",372,"Ireland","IE","IRL",72,"2021",4,"Median",3,"Both sexes",188,0,-1,"Total",0,"Not applicable",1,"Model-based Estimates",2,"Interpolation",5028425.5
49,"Total population by sex","Total population by sex","World Population Prospects",2024,"United Nations Population Division",372,"Ireland","IE","IRL",73,"2022",4,"Median",3,"Both sexes",188,0,-1,"Total",0,"Not applicable",1,"Model-based Estimates",3,"Projection",5110015.5
49,"Total population by sex","Total population by sex","World Population Prospects",2024,"United Nations Population Division",372,"Ireland","IE","IRL",74,"2023",4,"Median",3,"Both sexes",188,0,-1,"Total",0,"Not applicable",1,"Model-based Estimates",3,"Projection",5196630
49,"Total population by sex","Total population by sex","World Population Prospects",2024,"United Nations Population Division",372,"Ireland","IE","IRL",75,"2024",4,"Median",3,"Both sexes",188,0,-1,"Total",0,"Not applicable",1,"Model-based Estimates",3,"Projection",5255017.5
49,"Total population by sex","Total population by sex","World Population Prospects",2024,"United Nations Population Division",372,"Ireland","IE","IRL",76,"2025",4,"Median",3,"Both sexes",188,0,-1,"Total",0,"Not applicable",1,"Model-based Estimates",3,"Projection",5308039
49,"Total population by sex","Total population by sex","World Population Prospects",2024,"United Nations Population Division",376,"Israel","IL","ISR",70,"2019",4,"Median",3,"Both sexes",188,0,-1,"Total",0,"Not applicable",1,"Model-based Estimates",3,"Projection",8657474
49,"Total population by sex","Total population by sex","World Population Prospects",2024,"United Nations Population Division",376,"Israel","IL","ISR",71,"2020",4,"Median",3,"Both sexes",188,0,-1,"Total",0,"Not applicable",1,"Model-based Estimates",3,"Projection",8800376
49,"Total population by sex","Total population by sex","World Population Prospects",2024,"United Nations Population Division",376,"Israel","IL","ISR",72,"2021",4,"Median",3,"Both sexes",188,0,-1,"Total",0,"Not applicable",1,"Model-based Estimates",3,"Projection",8942924.5
49,"Total population by sex","Total population by sex","World Population Prospects",2024,"United Nations Population Division",376,"Israel","IL","ISR",73,"2022",4,"Median",3,"Both sexes",188,0,-1,"Total",0,"Not applicable",1,"Model-based Estimates",3,"Projection",9103151
49,"Total population by sex","Total population by sex","World Population Prospects",2024,"United Nations Population Division",376,"Israel","IL","ISR",74,"2023",4,"Median",3,"Both sexes",188,0,-1,"Total",0,"Not applicable",1,"Model-based Estimates",3,"Projection",9256314
49,"Total population by sex","Total population by sex","World Population Prospects",2024,"United Nations Population Division",376,"Israel","IL","ISR",75,"2024",4,"Median",3,"Both sexes",188,0,-1,"Total",0,"Not applicable",1,"Model-based Estimates",3,"Projection",9387021
49,"Total population by sex","Total population by sex","World Population Prospects",2024,"United Nations Population Division",376,"Israel","IL","ISR",76,"2025",4,"Median",3,"Both sexes",188,0,-1,"Total",0,"Not applicable",1,"Model-based Estimates",3,"Projection",9517180.5
49,"Total population by sex","Total population by sex","World Population Prospects",2024,"United Nations Population Division",380,"Italy","IT","ITA",70,"2019",4,"Median",3,"Both sexes",188,0,-1,"Total",0,"Not applicable",1,"Model-based Estimates",2,"Interpolation",60130136
49,"Total population by sex","Total population by sex","World Population Prospects",2024,"United Nations Population Division",380,"Italy","IT","ITA",71,"2020",4,"Median",3,"Both sexes",188,0,-1,"Total",0,"Not applicable",1,"Model-based Estimates",2,"Interpolation",59912769
49,"Total population by sex","Total population by sex","World Population Prospects",2024,"United Nations Population Division",380,"Italy","IT","ITA",72,"2021",4,"Median",3,"Both sexes",188,0,-1,"Total",0,"Not applicable",1,"Model-based Estimates",3,"Projection",59729350
49,"Total population by sex","Total population by sex","World Population Prospects",2024,"United Nations Population Division",380,"Italy","IT","ITA",73,"2022",4,"Median",3,"Both sexes",188,0,-1,"Total",0,"Not applicable",1,"Model-based Estimates",3,"Projection",59619114.5
49,"Total population by sex","Total population by sex","World Population Prospects",2024,"United Nations Population Division",380,"Italy","IT","ITA",74,"2023",4,"Median",3,"Both sexes",188,0,-1,"Total",0,"Not applicable",1,"Model-based Estimates",3,"Projection",59499453
49,"Total population by sex","Total population by sex","World Population Prospects",2024,"United Nations Population Division",380,"Italy","IT","ITA",75,"2024",4,"Median",3,"Both sexes",188,0,-1,"Total",0,"Not applicable",1,"Model-based Estimates",3,"Projection",59342867
49,"Total population by sex","Total population by sex","World Population Prospects",2024,"United Nations Population Division",380,"Italy","IT","ITA",76,"2025",4,"Median",3,"Both sexes",188,0,-1,"Total",0,"Not applicable",1,"Model-based Estimates",3,"Projection",59146260
49,"Total population by sex","Total population by sex","World Population Prospects",2024,"United Nations Population Division",384,"Côte d'Ivoire","CI","CIV",70,"2019",4,"Median",3,"Both sexes",188,0,-1,"Total",0,"Not applicable",1,"Model-based Estimates",2,"Interpolation",28193009
49,"Total population by sex","Total population by sex","World Population Prospects",2024,"United Nations Population Division",384,"Côte d'Ivoire","CI","CIV",71,"2020",4,"Median",3,"Both sexes",188,0,-1,"Total",0,"Not applicable",1,"Model-based Estimates",2,"Interpolation",28915449.5
49,"Total population by sex","Total population by sex","World Population Prospects",2024,"United Nations Population Division",384,"Côte d'Ivoire","CI","CIV",72,"2021",4,"Median",3,"Both sexes",188,0,-1,"Total",0,"Not applicable",1,"Model-based Estimates",2,"Interpolation",29639736.5
49,"Total population by sex","Total population by sex","World Population Prospects",2024,"United Nations Population Division",384,"Côte d'Ivoire","CI","CIV",73,"2022",4,"Median",3,"Both sexes",188,0,-1,"Total",0,"Not applicable",1,"Model-based Estimates",3,"Projection",30395002
49,"Total population by sex","Total population by sex","World Population Prospects",2024,"United Nations Population Division",384,"Côte d'Ivoire","CI","CIV",74,"2023",4,"Median",3,"Both sexes",188,0,-1,"Total",0,"Not applicable",1,"Model-based Estimates",3,"Projection",31165654
49,"Total population by sex","Total population by sex","World Population Prospects",2024,"United Nations Population Division",384,"Côte d'Ivoire","CI","CIV",75,"2024",4,"Median",3,"Both sexes",188,0,-1,"Total",0,"Not applicable",1,"Model-based Estimates",3,"Projection",31934230
49,"Total population by sex","Total population by sex","World Population Prospects",2024,"United Nations Population Division",384,"Côte d'Ivoire","CI","CIV",76,"2025",4,"Median",3,"Both sexes",188,0,-1,"Total",0,"Not applicable",1,"Model-based Estimates",3,"Projection",32711546.5
49,"Total population by sex","Total population by sex","World Population Prospects",2024,"United Nations Population Division",388,"Jamaica","JM","JAM",70,"2019",4,"Median",3,"Both sexes",188,0,-1,"Total",0,"Not applicable",1,"Model-based Estimates",3,"Projection",2823271
49,"Total population by sex","Total population by sex","World Population Prospects",2024,"United Nations Population Division",388,"Jamaica","JM","JAM",71,"2020",4,"Median",3,"Both sexes",188,0,-1,"Total",0,"Not applicable",1,"Model-based Estimates",3,"Projection",2830739
49,"Total population by sex","Total population by sex","World Population Prospects",2024,"United Nations Population Division",388,"Jamaica","JM","JAM",72,"2021",4,"Median",3,"Both sexes",188,0,-1,"Total",0,"Not applicable",1,"Model-based Estimates",3,"Projection",2837681.5
49,"Total population by sex","Total population by sex","World Population Prospects",2024,"United Nations Population Division",388,"Jamaica","JM","JAM",73,"2022",4,"Median",3,"Both sexes",188,0,-1,"Total",0,"Not applicable",1,"Model-based Estimates",3,"Projection",2839144
49,"Total population by sex","Total population by sex","World Population Prospects",2024,"United Nations Population Division",388,"Jamaica","JM","JAM",74,"2023",4,"Median",3,"Both sexes",188,0,-1,"Total",0,"Not applicable",1,"Model-based Estimates",3,"Projection",2839786
49,"Total population by sex","Total population by sex","World Population Prospects",2024,"United Nations Population Division",388,"Jamaica","JM","JAM",75,"2024",4,"Median",3,"Both sexes",188,0,-1,"Total",0,"Not applicable",1,"Model-based Estimates",3,"Projection",2839175
49,"Total population by sex","Total population by sex","World Population Prospects",2024,"United Nations Population Division",388,"Jamaica","JM","JAM",76,"2025",4,"Median",3,"Both sexes",188,0,-1,"Total",0,"Not applicable",1,"Model-based Estimates",3,"Projection",2837077.5
49,"Total population by sex","Total population by sex","World Population Prospects",2024,"United Nations Population Division",392,"Japan","JP","JPN",70,"2019",4,"Median",3,"Both sexes",188,0,-1,"Total",0,"Not applicable",1,"Model-based Estimates",2,"Interpolation",126699423.5
49,"Total population by sex","Total population by sex","World Population Prospects",2024,"United Nations Population Division",392,"Japan","JP","JPN",71,"2020",4,"Median",3,"Both sexes",188,0,-1,"Total",0,"Not applicable",1,"Model-based Estimates",2,"Interpolation",126304543
49,"Total population by sex","Total population by sex","World Population Prospects",2024,"United Nations Population Division",392,"Japan","JP","JPN",72,"2021",4,"Median",3,"Both sexes",188,0,-1,"Total",0,"Not applicable",1,"Model-based Estimates",2,"Interpolation",125679338
49,"Total population by sex","Total population by sex","World Population Prospects",2024,"United Nations Population Division",392,"Japan","JP","JPN",73,"2022",4,"Median",3,"Both sexes",188,0,-1,"Total",0,"Not applicable",1,"Model-based Estimates",2,"Interpolation",124997578
49,"Total population by sex","Total population by sex","World Population Prospects",2024,"United Nations Population Division",392,"Japan","JP","JPN",74,"2023",4,"Median",3,"Both sexes",188,0,-1,"Total",0,"Not applicable",1,"Model-based Estimates",3,"Projection",124370946.5
49,"Total population by sex","Total population by sex","World Population Prospects",2024,"United Nations Population Division",392,"Japan","JP","JPN",75,"2024",4,"Median",3,"Both sexes",188,0,-1,"Total",0,"Not applicable",1,"Model-based Estimates",3,"Projection",123753041
49,"Total population by sex","Total population by sex","World Population Prospects",2024,"United Nations Population Division",392,"Japan","JP","JPN",76,"2025",4,"Median",3,"Both sexes",188,0,-1,"Total",0,"Not applicable",1,"Model-based Estimates",3,"Projection",123103479
49,"Total population by sex","Total population by sex","World Population Prospects",2024,"United Nations Population Division",398,"Kazakhstan","KZ","KAZ",70,"2019",4,"Median",3,"Both sexes",188,0,-1,"Total",0,"Not applicable",1,"Model-based Estimates",2,"Interpolation",19209555
49,"Total population by sex","Total population by sex","World Population Prospects",2024,"United Nations Population Division",398,"Kazakhstan","KZ","KAZ",71,"2020",4,"Median",3,"Both sexes",188,0,-1,"Total",0,"Not applicable",1,"Model-based Estimates",2,"Interpolation",19482117
49,"Total population by sex","Total population by sex","World Population Prospects",2024,"United Nations Population Division",398,"Kazakhstan","KZ","KAZ",72,"2021",4,"Median",3,"Both sexes",188,0,-1,"Total",0,"Not applicable",1,"Model-based Estimates",2,"Interpolation",19743603
49,"Total population by sex","Total population by sex","World Population Prospects",2024,"United Nations Population Division",398,"Kazakhstan","KZ","KAZ",73,"2022",4,"Median",3,"Both sexes",188,0,-1,"Total",0,"Not applicable",1,"Model-based Estimates",3,"Projection",20034609
49,"Total population by sex","Total population by sex","World Population Prospects",2024,"United Nations Population Division",398,"Kazakhstan","KZ","KAZ",74,"2023",4,"Median",3,"Both sexes",188,0,-1,"Total",0,"Not applicable",1,"Model-based Estimates",3,"Projection",20330104
49,"Total population by sex","Total population by sex","World Population Prospects",2024,"United Nations Population Division",398,"Kazakhstan","KZ","KAZ",75,"2024",4,"Median",3,"Both sexes",188,0,-1,"Total",0,"Not applicable",1,"Model-based Estimates",3,"Projection",20592571
49,"Total population by sex","Total population by sex","World Population Prospects",2024,"United Nations Population Division",398,"Kazakhstan","KZ","KAZ",76,"2025",4,"Median",3,"Both sexes",188,0,-1,"Total",0,"Not applicable",1,"Model-based Estimates",3,"Projection",20843754.5
49,"Total population by sex","Total population by sex","World Population Prospects",2024,"United Nations Population Division",400,"Jordan","JO","JOR",70,"2019",4,"Median",3,"Both sexes",188,0,-1,"Total",0,"Not applicable",1,"Model-based Estimates",3,"Projection",10671891.5
49,"Total population by sex","Total population by sex","World Population Prospects",2024,"United Nations Population Division",400,"Jordan","JO","JOR",71,"2020",4,"Median",3,"Both sexes",188,0,-1,"Total",0,"Not applicable",1,"Model-based Estimates",3,"Projection",10865227.5
49,"Total population by sex","Total population by sex","World Population Prospects",2024,"United Nations Population Division",400,"Jordan","JO","JOR",72,"2021",4,"Median",3,"Both sexes",188,0,-1,"Total",0,"Not applicable",1,"Model-based Estimates",3,"Projection",11066356
49,"Total population by sex","Total population by sex","World Population Prospects",2024,"United Nations Population Division",400,"Jordan","JO","JOR",73,"2022",4,"Median",3,"Both sexes",188,0,-1,"Total",0,"Not applicable",1,"Model-based Estimates",3,"Projection",11256263.5
49,"Total population by sex","Total population by sex","World Population Prospects",2024,"United Nations Population Division",400,"Jordan","JO","JOR",74,"2023",4,"Median",3,"Both sexes",188,0,-1,"Total",0,"Not applicable",1,"Model-based Estimates",3,"Projection",11439213.5
49,"Total population by sex","Total population by sex","World Population Prospects",2024,"United Nations Population Division",400,"Jordan","JO","JOR",75,"2024",4,"Median",3,"Both sexes",188,0,-1,"Total",0,"Not applicable",1,"Model-based Estimates",3,"Projection",11552876
49,"Total population by sex","Total population by sex","World Population Prospects",2024,"United Nations Population Division",400,"Jordan","JO","JOR",76,"2025",4,"Median",3,"Both sexes",188,0,-1,"Total",0,"Not applicable",1,"Model-based Estimates",3,"Projection",11520684.5
49,"Total population by sex","Total population by sex","World Population Prospects",2024,"United Nations Population Division",404,"Kenya","KE","KEN",70,"2019",4,"Median",3,"Both sexes",188,0,-1,"Total",0,"Not applicable",1,"Model-based Estimates",2,"Interpolation",51202827.5
49,"Total population by sex","Total population by sex","World Population Prospects",2024,"United Nations Population Division",404,"Kenya","KE","KEN",71,"2020",4,"Median",3,"Both sexes",188,0,-1,"Total",0,"Not applicable",1,"Model-based Estimates",3,"Projection",52217333.5
49,"Total population by sex","Total population by sex","World Population Prospects",2024,"United Nations Population Division",404,"Kenya","KE","KEN",72,"2021",4,"Median",3,"Both sexes",188,0,-1,"Total",0,"Not applicable",1,"Model-based Estimates",3,"Projection",53219165.5
49,"Total population by sex","Total population by sex","World Population Prospects",2024,"United Nations Population Division",404,"Kenya","KE","KEN",73,"2022",4,"Median",3,"Both sexes",188,0,-1,"Total",0,"Not applicable",1,"Model-based Estimates",3,"Projection",54252460.5
49,"Total population by sex","Total population by sex","World Population Prospects",2024,"United Nations Population Division",404,"Kenya","KE","KEN",74,"2023",4,"Median",3,"Both sexes",188,0,-1,"Total",0,"Not applicable",1,"Model-based Estimates",3,"Projection",55339002.5
49,"Total population by sex","Total population by sex","World Population Prospects",2024,"United Nations Population Division",404,"Kenya","KE","KEN",75,"2024",4,"Median",3,"Both sexes",188,0,-1,"Total",0,"Not applicable",1,"Model-based Estimates",3,"Projection",56432944.5
49,"Total population by sex","Total population by sex","World Population Prospects",2024,"United Nations Population Division",404,"Kenya","KE","KEN",76,"2025",4,"Median",3,"Both sexes",188,0,-1,"Total",0,"Not applicable",1,"Model-based Estimates",3,"Projection",57532492.5
49,"Total population by sex","Total population by sex","World Population Prospects",2024,"United Nations Population Division",408,"Dem. People's Rep. of Korea","KP","PRK",70,"2019",4,"Median",3,"Both sexes",188,0,-1,"Total",0,"Not applicable",1,"Model-based Estimates",3,"Projection",26037632.5
49,"Total population by sex","Total population by sex","World Population Prospects",2024,"United Nations Population Division",408,"Dem. People's Rep. of Korea","KP","PRK",71,"2020",4,"Median",3,"Both sexes",188,0,-1,"Total",0,"Not applicable",1,"Model-based Estimates",3,"Projection",26136312
49,"Total population by sex","Total population by sex","World Population Prospects",2024,"United Nations Population Division",408,"Dem. People's Rep. of Korea","KP","PRK",72,"2021",4,"Median",3,"Both sexes",188,0,-1,"Total",0,"Not applicable",1,"Model-based Estimates",3,"Projection",26232533.5
49,"Total population by sex","Total population by sex","World Population Prospects",2024,"United Nations Population Division",408,"Dem. People's Rep. of Korea","KP","PRK",73,"2022",4,"Median",3,"Both sexes",188,0,-1,"Total",0,"Not applicable",1,"Model-based Estimates",3,"Projection",26328845
49,"Total population by sex","Total population by sex","World Population Prospects",2024,"United Nations Population Division",408,"Dem. People's Rep. of Korea","KP","PRK",74,"2023",4,"Median",3,"Both sexes",188,0,-1,"Total",0,"Not applicable",1,"Model-based Estimates",3,"Projection",26418204
49,"Total population by sex","Total population by sex","World Population Prospects",2024,"United Nations Population Division",408,"Dem. People's Rep. of Korea","KP","PRK",75,"2024",4,"Median",3,"Both sexes",188,0,-1,"Total",0,"Not applicable",1,"Model-based Estimates",3,"Projection",26498823
49,"Total population by sex","Total population by sex","World Population Prospects",2024,"United Nations Population Division",408,"Dem. People's Rep. of Korea","KP","PRK",76,"2025",4,"Median",3,"Both sexes",188,0,-1,"Total",0,"Not applicable",1,"Model-based Estimates",3,"Projection",26571036.5
49,"Total population by sex","Total population by sex","World Population Prospects",2024,"United Nations Population Division",410,"Republic of Korea","KR","KOR",70,"2019",4,"Median",3,"Both sexes",188,0,-1,"Total",0,"Not applicable",1,"Model-based Estimates",2,"Interpolation",51767846
49,"Total population by sex","Total population by sex","World Population Prospects",2024,"United Nations Population Division",410,"Republic of Korea","KR","KOR",71,"2020",4,"Median",3,"Both sexes",188,0,-1,"Total",0,"Not applicable",1,"Model-based Estimates",2,"Interpolation",51858481.5
49,"Total population by sex","Total population by sex","World Population Prospects",2024,"United Nations Population Division",410,"Republic of Korea","KR","KOR",72,"2021",4,"Median",3,"Both sexes",188,0,-1,"Total",0,"Not applicable",1,"Model-based Estimates",2,"Interpolation",51848397.5
49,"Total population by sex","Total population by sex","World Population Prospects",2024,"United Nations Population Division",410,"Republic of Korea","KR","KOR",73,"2022",4,"Median",3,"Both sexes",188,0,-1,"Total",0,"Not applicable",1,"Model-based Estimates",3,"Projection",51782511.5
49,"Total population by sex","Total population by sex","World Population Prospects",2024,"United Nations Population Division",410,"Republic of Korea","KR","KOR",74,"2023",4,"Median",3,"Both sexes",188,0,-1,"Total",0,"Not applicable",1,"Model-based Estimates",3,"Projection",51748739
49,"Total population by sex","Total population by sex","World Population Prospects",2024,"United Nations Population Division",410,"Republic of Korea","KR","KOR",75,"2024",4,"Median",3,"Both sexes",188,0,-1,"Total",0,"Not applicable",1,"Model-based Estimates",3,"Projection",51717590
49,"Total population by sex","Total population by sex","World Population Prospects",2024,"United Nations Population Division",410,"Republic of Korea","KR","KOR",76,"2025",4,"Median",3,"Both sexes",188,0,-1,"Total",0,"Not applicable",1,"Model-based Estimates",3,"Projection",51667029.5
49,"Total population by sex","Total population by sex","World Population Prospects",2024,"United Nations Population Division",412,"Kosovo (under UNSC res. 1244)","XK","XKX",70,"2019",4,"Median",3,"Both sexes",188,0,-1,"Total",0,"Not applicable",1,"Model-based Estimates",3,"Projection",1755042
49,"Total population by sex","Total population by sex","World Population Prospects",2024,"United Nations Population Division",412,"Kosovo (under UNSC res. 1244)","XK","XKX",71,"2020",4,"Median",3,"Both sexes",188,0,-1,"Total",0,"Not applicable",1,"Model-based Estimates",3,"Projection",1751417
49,"Total population by sex","Total population by sex","World Population Prospects",2024,"United Nations Population Division",412,"Kosovo (under UNSC res. 1244)","XK","XKX",72,"2021",4,"Median",3,"Both sexes",188,0,-1,"Total",0,"Not applicable",1,"Model-based Estimates",3,"Projection",1741445.5
49,"Total population by sex","Total population by sex","World Population Prospects",2024,"United Nations Population Division",412,"Kosovo (under UNSC res. 1244)","XK","XKX",73,"2022",4,"Median",3,"Both sexes",188,0,-1,"Total",0,"Not applicable",1,"Model-based Estimates",3,"Projection",1717946
49,"Total population by sex","Total population by sex","World Population Prospects",2024,"United Nations Population Division",412,"Kosovo (under UNSC res. 1244)","XK","XKX",74,"2023",4,"Median",3,"Both sexes",188,0,-1,"Total",0,"Not applicable",1,"Model-based Estimates",3,"Projection",1700030.5
49,"Total population by sex","Total population by sex","World Population Prospects",2024,"United Nations Population Division",412,"Kosovo (under UNSC res. 1244)","XK","XKX",75,"2024",4,"Median",3,"Both sexes",188,0,-1,"Total",0,"Not applicable",1,"Model-based Estimates",3,"Projection",1684790
49,"Total population by sex","Total population by sex","World Population Prospects",2024,"United Nations Population Division",412,"Kosovo (under UNSC res. 1244)","XK","XKX",76,"2025",4,"Median",3,"Both sexes",188,0,-1,"Total",0,"Not applicable",1,"Model-based Estimates",3,"Projection",1674125
49,"Total population by sex","Total population by sex","World Population Prospects",2024,"United Nations Population Division",414,"Kuwait","KW","KWT",70,"2019",4,"Median",3,"Both sexes",188,0,-1,"Total",0,"Not applicable",1,"Model-based Estimates",2,"Interpolation",4442193.5
49,"Total population by sex","Total population by sex","World Population Prospects",2024,"United Nations Population Division",414,"Kuwait","KW","KWT",71,"2020",4,"Median",3,"Both sexes",188,0,-1,"Total",0,"Not applicable",1,"Model-based Estimates",2,"Interpolation",4400144
49,"Total population by sex","Total population by sex","World Population Prospects",2024,"United Nations Population Division",414,"Kuwait","KW","KWT",72,"2021",4,"Median",3,"Both sexes",188,0,-1,"Total",0,"Not applicable",1,"Model-based Estimates",2,"Interpolation",4360741.5
49,"Total population by sex","Total population by sex","World Population Prospects",2024,"United Nations Population Division",414,"Kuwait","KW","KWT",73,"2022",4,"Median",3,"Both sexes",188,0,-1,"Total",0,"Not applicable",1,"Model-based Estimates",2,"Interpolation",4589510.5
49,"Total population by sex","Total population by sex","World Population Prospects",2024,"United Nations Population Division",414,"Kuwait","KW","KWT",74,"2023",4,"Median",3,"Both sexes",188,0,-1,"Total",0,"Not applicable",1,"Model-based Estimates",2,"Interpolation",4838781.5
49,"Total population by sex","Total population by sex","World Population Prospects",2024,"United Nations Population Division",414,"Kuwait","KW","KWT",75,"2024",4,"Median",3,"Both sexes",188,0,-1,"Total",0,"Not applicable",1,"Model-based Estimates",3,"Projection",4934507.5
49,"Total population by sex","Total population by sex","World Population Prospects",2024,"United Nations Population Division",414,"Kuwait","KW","KWT",76,"2025",4,"Median",3,"Both sexes",188,0,-1,"Total",0,"Not applicable",1,"Model-based Estimates",3,"Projection",5026077.5
49,"Total population by sex","Total population by sex","World Population Prospects",2024,"United Nations Population Division",417,"Kyrgyzstan","KG","KGZ",70,"2019",4,"Median",3,"Both sexes",188,0,-1,"Total",0,"Not applicable",1,"Model-based Estimates",2,"Interpolation",6494035
49,"Total population by sex","Total population by sex","World Population Prospects",2024,"United Nations Population Division",417,"Kyrgyzstan","KG","KGZ",71,"2020",4,"Median",3,"Both sexes",188,0,-1,"Total",0,"Not applicable",1,"Model-based Estimates",2,"Interpolation",6664139.5
49,"Total population by sex","Total population by sex","World Population Prospects",2024,"United Nations Population Division",417,"Kyrgyzstan","KG","KGZ",72,"2021",4,"Median",3,"Both sexes",188,0,-1,"Total",0,"Not applicable",1,"Model-based Estimates",2,"Interpolation",6820478.5
49,"Total population by sex","Total population by sex","World Population Prospects",2024,"United Nations Population Division",417,"Kyrgyzstan","KG","KGZ",73,"2022",4,"Median",3,"Both sexes",188,0,-1,"Total",0,"Not applicable",1,"Model-based Estimates",2,"Interpolation",6955788
49,"Total population by sex","Total population by sex","World Population Prospects",2024,"United Nations Population Division",417,"Kyrgyzstan","KG","KGZ",74,"2023",4,"Median",3,"Both sexes",188,0,-1,"Total",0,"Not applicable",1,"Model-based Estimates",3,"Projection",7073515.5
49,"Total population by sex","Total population by sex","World Population Prospects",2024,"United Nations Population Division",417,"Kyrgyzstan","KG","KGZ",75,"2024",4,"Median",3,"Both sexes",188,0,-1,"Total",0,"Not applicable",1,"Model-based Estimates",3,"Projection",7186009
49,"Total population by sex","Total population by sex","World Population Prospects",2024,"United Nations Population Division",417,"Kyrgyzstan","KG","KGZ",76,"2025",4,"Median",3,"Both sexes",188,0,-1,"Total",0,"Not applicable",1,"Model-based Estimates",3,"Projection",7295034.5
49,"Total population by sex","Total population by sex","World Population Prospects",2024,"United Nations Population Division",418,"Lao People's Dem. Republic","LA","LAO",70,"2019",4,"Median",3,"Both sexes",188,0,-1,"Total",0,"Not applicable",1,"Model-based Estimates",3,"Projection",7237635.5
49,"Total population by sex","Total population by sex","World Population Prospects",2024,"United Nations Population Division",418,"Lao People's Dem. Republic","LA","LAO",71,"2020",4,"Median",3,"Both sexes",188,0,-1,"Total",0,"Not applicable",1,"Model-based Estimates",3,"Projection",7346532.5
49,"Total population by sex","Total population by sex","World Population Prospects",2024,"United Nations Population Division",418,"Lao People's Dem. Republic","LA","LAO",72,"2021",4,"Median",3,"Both sexes",188,0,-1,"Total",0,"Not applicable",1,"Model-based Estimates",3,"Projection",7453193.5
49,"Total population by sex","Total population by sex","World Population Prospects",2024,"United Nations Population Division",418,"Lao People's Dem. Republic","LA","LAO",73,"2022",4,"Median",3,"Both sexes",188,0,-1,"Total",0,"Not applicable",1,"Model-based Estimates",3,"Projection",7559007.5
49,"Total population by sex","Total population by sex","World Population Prospects",2024,"United Nations Population Division",418,"Lao People's Dem. Republic","LA","LAO",74,"2023",4,"Median",3,"Both sexes",188,0,-1,"Total",0,"Not applicable",1,"Model-based Estimates",3,"Projection",7664992.5
49,"Total population by sex","Total population by sex","World Population Prospects",2024,"United Nations Population Division",418,"Lao People's Dem. Republic","LA","LAO",75,"2024",4,"Median",3,"Both sexes",188,0,-1,"Total",0,"Not applicable",1,"Model-based Estimates",3,"Projection",7769819
49,"Total population by sex","Total population by sex","World Population Prospects",2024,"United Nations Population Division",418,"Lao People's Dem. Republic","LA","LAO",76,"2025",4,"Median",3,"Both sexes",188,0,-1,"Total",0,"Not applicable",1,"Model-based Estimates",3,"Projection",7873045.5
49,"Total population by sex","Total population by sex","World Population Prospects",2024,"United Nations Population Division",422,"Lebanon","LB","LBN",70,"2019",4,"Median",3,"Both sexes",188,0,-1,"Total",0,"Not applicable",1,"Model-based Estimates",3,"Projection",5794594
49,"Total population by sex","Total population by sex","World Population Prospects",2024,"United Nations Population Division",422,"Lebanon","LB","LBN",71,"2020",4,"Median",3,"Both sexes",188,0,-1,"Total",0,"Not applicable",1,"Model-based Estimates",2,"Interpolation",5702397.5
49,"Total population by sex","Total population by sex","World Population Prospects",2024,"United Nations Population Division",422,"Lebanon","LB","LBN",72,"2021",4,"Median",3,"Both sexes",188,0,-1,"Total",0,"Not applicable",1,"Model-based Estimates",3,"Projection",5718121.5
49,"Total population by sex","Total population by sex","World Population Prospects",2024,"United Nations Population Division",422,"Lebanon","LB","LBN",73,"2022",4,"Median",3,"Both sexes",188,0,-1,"Total",0,"Not applicable",1,"Model-based Estimates",3,"Projection",5744488.5
49,"Total population by sex","Total population by sex","World Population Prospects",2024,"United Nations Population Division",422,"Lebanon","LB","LBN",74,"2023",4,"Median",3,"Both sexes",188,0,-1,"Total",0,"Not applicable",1,"Model-based Estimates",3,"Projection",5773492.5
49,"Total population by sex","Total population by sex","World Population Prospects",2024,"United Nations Population Division",422,"Lebanon","LB","LBN",75,"2024",4,"Median",3,"Both sexes",188,0,-1,"Total",0,"Not applicable",1,"Model-based Estimates",3,"Projection",5805961.5
49,"Total population by sex","Total population by sex","World Population Prospects",2024,"United Nations Population Division",422,"Lebanon","LB","LBN",76,"2025",4,"Median",3,"Both sexes",188,0,-1,"Total",0,"Not applicable",1,"Model-based Estimates",3,"Projection",5849420.5
49,"Total population by sex","Total population by sex","World Population Prospects",2024,"United Nations Population Division",426,"Lesotho","LS","LSO",70,"2019",4,"Median",3,"Both sexes",188,0,-1,"Total",0,"Not applicable",1,"Model-based Estimates",3,"Projection",2209405.5
49,"Total population by sex","Total population by sex","World Population Prospects",2024,"United Nations Population Division",426,"Lesotho","LS","LSO",71,"2020",4,"Median",3,"Both sexes",188,0,-1,"Total",0,"Not applicable",1,"Model-based Estimates",3,"Projection",2235726.5
49,"Total population by sex","Total population by sex","World Population Prospects",2024,"United Nations Population Division",426,"Lesotho","LS","LSO",72,"2021",4,"Median",3,"Both sexes",188,0,-1,"Total",0,"Not applicable",1,"Model-based Estimates",3,"Projection",2261542
49,"Total population by sex","Total population by sex","World Population Prospects",2024,"United Nations Population Division",426,"Lesotho","LS","LSO",73,"2022",4,"Median",3,"Both sexes",188,0,-1,"Total",0,"Not applicable",1,"Model-based Estimates",3,"Projection",2286110.5
49,"Total population by sex","Total population by sex","World Population Prospects",2024,"United Nations Population Division",426,"Lesotho","LS","LSO",74,"2023",4,"Median",3,"Both sexes",188,0,-1,"Total",0,"Not applicable",1,"Model-based Estimates",3,"Projection",2311472
49,"Total population by sex","Total population by sex","World Population Prospects",2024,"United Nations Population Division",426,"Lesotho","LS","LSO",75,"2024",4,"Median",3,"Both sexes",188,0,-1,"Total",0,"Not applicable",1,"Model-based Estimates",3,"Projection",2337422.5
49,"Total population by sex","Total population by sex","World Population Prospects",2024,"United Nations Population Division",426,"Lesotho","LS","LSO",76,"2025",4,"Median",3,"Both sexes",188,0,-1,"Total",0,"Not applicable",1,"Model-based Estimates",3,"Projection",2363324.5
49,"Total population by sex","Total population by sex","World Population Prospects",2024,"United Nations Population Division",428,"Latvia","LV","LVA",70,"2019",4,"Median",3,"Both sexes",188,0,-1,"Total",0,"Not applicable",1,"Model-based Estimates",2,"Interpolation",1914263
49,"Total population by sex","Total population by sex","World Population Prospects",2024,"United Nations Population Division",428,"Latvia","LV","LVA",71,"2020",4,"Median",3,"Both sexes",188,0,-1,"Total",0,"Not applicable",1,"Model-based Estimates",2,"Interpolation",1901123.5
49,"Total population by sex","Total population by sex","World Population Prospects",2024,"United Nations Population Division",428,"Latvia","LV","LVA",72,"2021",4,"Median",3,"Both sexes",188,0,-1,"Total",0,"Not applicable",1,"Model-based Estimates",2,"Interpolation",1885587
49,"Total population by sex","Total population by sex","World Population Prospects",2024,"United Nations Population Division",428,"Latvia","LV","LVA",73,"2022",4,"Median",3,"Both sexes",188,0,-1,"Total",0,"Not applicable",1,"Model-based Estimates",3,"Projection",1881063
49,"Total population by sex","Total population by sex","World Population Prospects",2024,"United Nations Population Division",428,"Latvia","LV","LVA",74,"2023",4,"Median",3,"Both sexes",188,0,-1,"Total",0,"Not applicable",1,"Model-based Estimates",3,"Projection",1882396
49,"Total population by sex","Total population by sex","World Population Prospects",2024,"United Nations Population Division",428,"Latvia","LV","LVA",75,"2024",4,"Median",3,"Both sexes",188,0,-1,"Total",0,"Not applicable",1,"Model-based Estimates",3,"Projection",1871871.5
49,"Total population by sex","Total population by sex","World Population Prospects",2024,"United Nations Population Division",428,"Latvia","LV","LVA",76,"2025",4,"Median",3,"Both sexes",188,0,-1,"Total",0,"Not applicable",1,"Model-based Estimates",3,"Projection",1853559
49,"Total population by sex","Total population by sex","World Population Prospects",2024,"United Nations Population Division",430,"Liberia","LR","LBR",70,"2019",4,"Median",3,"Both sexes",188,0,-1,"Total",0,"Not applicable",1,"Model-based Estimates",2,"Interpolation",5043720.5
49,"Total population by sex","Total population by sex","World Population Prospects",2024,"United Nations Population Division",430,"Liberia","LR","LBR",71,"2020",4,"Median",3,"Both sexes",188,0,-1,"Total",0,"Not applicable",1,"Model-based Estimates",2,"Interpolation",5149463.5
49,"Total population by sex","Total population by sex","World Population Prospects",2024,"United Nations Population Division",430,"Liberia","LR","LBR",72,"2021",4,"Median",3,"Both sexes",188,0,-1,"Total",0,"Not applicable",1,"Model-based Estimates",2,"Interpolation",5259323
49,"Total population by sex","Total population by sex","World Population Prospects",2024,"United Nations Population Division",430,"Liberia","LR","LBR",73,"2022",4,"Median",3,"Both sexes",188,0,-1,"Total",0,"Not applicable",1,"Model-based Estimates",2,"Interpolation",5373294
49,"Total population by sex","Total population by sex","World Population Prospects",2024,"United Nations Population Division",430,"Liberia","LR","LBR",74,"2023",4,"Median",3,"Both sexes",188,0,-1,"Total",0,"Not applicable",1,"Model-based Estimates",3,"Projection",5493031
49,"Total population by sex","Total population by sex","World Population Prospects",2024,"United Nations Population Division",430,"Liberia","LR","LBR",75,"2024",4,"Median",3,"Both sexes",188,0,-1,"Total",0,"Not applicable",1,"Model-based Estimates",3,"Projection",5612817
49,"Total population by sex","Total population by sex","World Population Prospects",2024,"United Nations Population Division",430,"Liberia","LR","LBR",76,"2025",4,"Median",3,"Both sexes",188,0,-1,"Total",0,"Not applicable",1,"Model-based Estimates",3,"Projection",5731206
49,"Total population by sex","Total population by sex","World Population Prospects",2024,"United Nations Population Division",434,"Libya","LY","LBY",70,"2019",4,"Median",3,"Both sexes",188,0,-1,"Total",0,"Not applicable",1,"Model-based Estimates",3,"Projection",6951032.5
49,"Total population by sex","Total population by sex","World Population Prospects",2024,"United Nations Population Division",434,"Libya","LY","LBY",71,"2020",4,"Median",3,"Both sexes",188,0,-1,"Total",0,"Not applicable",1,"Model-based Estimates",3,"Projection",7045399
49,"Total population by sex","Total population by sex","World Population Prospects",2024,"United Nations Population Division",434,"Libya","LY","LBY",72,"2021",4,"Median",3,"Both sexes",188,0,-1,"Total",0,"Not applicable",1,"Model-based Estimates",3,"Projection",7135175
49,"Total population by sex","Total population by sex","World Population Prospects",2024,"United Nations Population Division",434,"Libya","LY","LBY",73,"2022",4,"Median",3,"Both sexes",188,0,-1,"Total",0,"Not applicable",1,"Model-based Estimates",3,"Projection",7223804.5
49,"Total population by sex","Total population by sex","World Population Prospects",2024,"United Nations Population Division",434,"Libya","LY","LBY",74,"2023",4,"Median",3,"Both sexes",188,0,-1,"Total",0,"Not applicable",1,"Model-based Estimates",3,"Projection",7305659
49,"Total population by sex","Total population by sex","World Population Prospects",2024,"United Nations Population Division",434,"Libya","LY","LBY",75,"2024",4,"Median",3,"Both sexes",188,0,-1,"Total",0,"Not applicable",1,"Model-based Estimates",3,"Projection",7381023
49,"Total population by sex","Total population by sex","World Population Prospects",2024,"United Nations Population Division",434,"Libya","LY","LBY",76,"2025",4,"Median",3,"Both sexes",188,0,-1,"Total",0,"Not applicable",1,"Model-based Estimates",3,"Projection",7458554.5
49,"Total population by sex","Total population by sex","World Population Prospects",2024,"United Nations Population Division",438,"Liechtenstein","LI","LIE",70,"2019",4,"Median",3,"Both sexes",188,0,-1,"Total",0,"Not applicable",1,"Model-based Estimates",2,"Interpolation",38440
49,"Total population by sex","Total population by sex","World Population Prospects",2024,"United Nations Population Division",438,"Liechtenstein","LI","LIE",71,"2020",4,"Median",3,"Both sexes",188,0,-1,"Total",0,"Not applicable",1,"Model-based Estimates",2,"Interpolation",38767
49,"Total population by sex","Total population by sex","World Population Prospects",2024,"United Nations Population Division",438,"Liechtenstein","LI","LIE",72,"2021",4,"Median",3,"Both sexes",188,0,-1,"Total",0,"Not applicable",1,"Model-based Estimates",2,"Interpolation",39044
49,"Total population by sex","Total population by sex","World Population Prospects",2024,"United Nations Population Division",438,"Liechtenstein","LI","LIE",73,"2022",4,"Median",3,"Both sexes",188,0,-1,"Total",0,"Not applicable",1,"Model-based Estimates",3,"Projection",39317
49,"Total population by sex","Total population by sex","World Population Prospects",2024,"United Nations Population Division",438,"Liechtenstein","LI","LIE",74,"2023",4,"Median",3,"Both sexes",188,0,-1,"Total",0,"Not applicable",1,"Model-based Estimates",3,"Projection",39598
49,"Total population by sex","Total population by sex","World Population Prospects",2024,"United Nations Population Division",438,"Liechtenstein","LI","LIE",75,"2024",4,"Median",3,"Both sexes",188,0,-1,"Total",0,"Not applicable",1,"Model-based Estimates",3,"Projection",39870
49,"Total population by sex","Total population by sex","World Population Prospects",2024,"United Nations Population Division",438,"Liechtenstein","LI","LIE",76,"2025",4,"Median",3,"Both sexes",188,0,-1,"Total",0,"Not applicable",1,"Model-based Estimates",3,"Projection",40128
49,"Total population by sex","Total population by sex","World Population Prospects",2024,"United Nations Population Division",440,"Lithuania","LT","LTU",70,"2019",4,"Median",3,"Both sexes",188,0,-1,"Total",0,"Not applicable",1,"Model-based Estimates",2,"Interpolation",2795058
49,"Total population by sex","Total population by sex","World Population Prospects",2024,"United Nations Population Division",440,"Lithuania","LT","LTU",71,"2020",4,"Median",3,"Both sexes",188,0,-1,"Total",0,"Not applicable",1,"Model-based Estimates",2,"Interpolation",2795764.5
49,"Total population by sex","Total population by sex","World Population Prospects",2024,"United Nations Population Division",440,"Lithuania","LT","LTU",72,"2021",4,"Median",3,"Both sexes",188,0,-1,"Total",0,"Not applicable",1,"Model-based Estimates",2,"Interpolation",2794487.5
49,"Total population by sex","Total population by sex","World Population Prospects",2024,"United Nations Population Division",440,"Lithuania","LT","LTU",73,"2022",4,"Median",3,"Both sexes",188,0,-1,"Total",0,"Not applicable",1,"Model-based Estimates",3,"Projection",2816919.5
49,"Total population by sex","Total population by sex","World Population Prospects",2024,"United Nations Population Division",440,"Lithuania","LT","LTU",74,"2023",4,"Median",3,"Both sexes",188,0,-1,"Total",0,"Not applicable",1,"Model-based Estimates",3,"Projection",2854099
49,"Total population by sex","Total population by sex","World Population Prospects",2024,"United Nations Population Division",440,"Lithuania","LT","LTU",75,"2024",4,"Median",3,"Both sexes",188,0,-1,"Total",0,"Not applicable",1,"Model-based Estimates",3,"Projection",2859109.5
49,"Total population by sex","Total population by sex","World Population Prospects",2024,"United Nations Population Division",440,"Lithuania","LT","LTU",76,"2025",4,"Median",3,"Both sexes",188,0,-1,"Total",0,"Not applicable",1,"Model-based Estimates",3,"Projection",2830144.5
49,"Total population by sex","Total population by sex","World Population Prospects",2024,"United Nations Population Division",442,"Luxembourg","LU","LUX",70,"2019",4,"Median",3,"Both sexes",188,0,-1,"Total",0,"Not applicable",1,"Model-based Estimates",2,"Interpolation",620163
49,"Total population by sex","Total population by sex","World Population Prospects",2024,"United Nations Population Division",442,"Luxembourg","LU","LUX",71,"2020",4,"Median",3,"Both sexes",188,0,-1,"Total",0,"Not applicable",1,"Model-based Estimates",2,"Interpolation",630597
49,"Total population by sex","Total population by sex","World Population Prospects",2024,"United Nations Population Division",442,"Luxembourg","LU","LUX",72,"2021",4,"Median",3,"Both sexes",188,0,-1,"Total",0,"Not applicable",1,"Model-based Estimates",2,"Interpolation",640274
49,"Total population by sex","Total population by sex","World Population Prospects",2024,"United Nations Population Division",442,"Luxembourg","LU","LUX",73,"2022",4,"Median",3,"Both sexes",188,0,-1,"Total",0,"Not applicable",1,"Model-based Estimates",2,"Interpolation",653312.5
49,"Total population by sex","Total population by sex","World Population Prospects",2024,"United Nations Population Division",442,"Luxembourg","LU","LUX",74,"2023",4,"Median",3,"Both sexes",188,0,-1,"Total",0,"Not applicable",1,"Model-based Estimates",2,"Interpolation",665098
49,"Total population by sex","Total population by sex","World Population Prospects",2024,"United Nations Population Division",442,"Luxembourg","LU","LUX",75,"2024",4,"Median",3,"Both sexes",188,0,-1,"Total",0,"Not applicable",1,"Model-based Estimates",3,"Projection",673036
49,"Total population by sex","Total population by sex","World Population Prospects",2024,"United Nations Population Division",442,"Luxembourg","LU","LUX",76,"2025",4,"Median",3,"Both sexes",188,0,-1,"Total",0,"Not applicable",1,"Model-based Estimates",3,"Projection",680453.5
49,"Total population by sex","Total population by sex","World Population Prospects",2024,"United Nations Population Division",446,"China, Macao SAR","MO","MAC",70,"2019",4,"Median",3,"Both sexes",188,0,-1,"Total",0,"Not applicable",1,"Model-based Estimates",2,"Interpolation",670974
49,"Total population by sex","Total population by sex","World Population Prospects",2024,"United Nations Population Division",446,"China, Macao SAR","MO","MAC",71,"2020",4,"Median",3,"Both sexes",188,0,-1,"Total",0,"Not applicable",1,"Model-based Estimates",2,"Interpolation",683066.5
49,"Total population by sex","Total population by sex","World Population Prospects",2024,"United Nations Population Division",446,"China, Macao SAR","MO","MAC",72,"2021",4,"Median",3,"Both sexes",188,0,-1,"Total",0,"Not applicable",1,"Model-based Estimates",2,"Interpolation",694402
49,"Total population by sex","Total population by sex","World Population Prospects",2024,"United Nations Population Division",446,"China, Macao SAR","MO","MAC",73,"2022",4,"Median",3,"Both sexes",188,0,-1,"Total",0,"Not applicable",1,"Model-based Estimates",3,"Projection",704356.5
49,"Total population by sex","Total population by sex","World Population Prospects",2024,"United Nations Population Division",446,"China, Macao SAR","MO","MAC",74,"2023",4,"Median",3,"Both sexes",188,0,-1,"Total",0,"Not applicable",1,"Model-based Estimates",3,"Projection",713911.5
49,"Total population by sex","Total population by sex","World Population Prospects",2024,"United Nations Population Division",446,"China, Macao SAR","MO","MAC",75,"2024",4,"Median",3,"Both sexes",188,0,-1,"Total",0,"Not applicable",1,"Model-based Estimates",3,"Projection",720262
49,"Total population by sex","Total population by sex","World Population Prospects",2024,"United Nations Population Division",446,"China, Macao SAR","MO","MAC",76,"2025",4,"Median",3,"Both sexes",188,0,-1,"Total",0,"Not applicable",1,"Model-based Estimates",3,"Projection",722007
49,"Total population by sex","Total population by sex","World Population Prospects",2024,"United Nations Population Division",450,"Madagascar","MG","MDG",70,"2019",4,"Median",3,"Both sexes",188,0,-1,"Total",0,"Not applicable",1,"Model-based Estimates",3,"Projection",28219554
49,"Total population by sex","Total population by sex","World Population Prospects",2024,"United Nations Population Division",450,"Madagascar","MG","MDG",71,"2020",4,"Median",3,"Both sexes",188,0,-1,"Total",0,"Not applicable",1,"Model-based Estimates",3,"Projection",28953556.5
49,"Total population by sex","Total population by sex","World Population Prospects",2024,"United Nations Population Division",450,"Madagascar","MG","MDG",72,"2021",4,"Median",3,"Both sexes",188,0,-1,"Total",0,"Not applicable",1,"Model-based Estimates",3,"Projection",29691083
49,"Total population by sex","Total population by sex","World Population Prospects",2024,"United Nations Population Division",450,"Madagascar","MG","MDG",73,"2022",4,"Median",3,"Both sexes",188,0,-1,"Total",0,"Not applicable",1,"Model-based Estimates",3,"Projection",30437260.5
49,"Total population by sex","Total population by sex","World Population Prospects",2024,"United Nations Population Division",450,"Madagascar","MG","MDG",74,"2023",4,"Median",3,"Both sexes",188,0,-1,"Total",0,"Not applicable",1,"Model-based Estimates",3,"Projection",31195932.5
49,"Total population by sex","Total population by sex","World Population Prospects",2024,"United Nations Population Division",450,"Madagascar","MG","MDG",75,"2024",4,"Median",3,"Both sexes",188,0,-1,"Total",0,"Not applicable",1,"Model-based Estimates",3,"Projection",31964956
49,"Total population by sex","Total population by sex","World Population Prospects",2024,"United Nations Population Division",450,"Madagascar","MG","MDG",76,"2025",4,"Median",3,"Both sexes",188,0,-1,"Total",0,"Not applicable",1,"Model-based Estimates",3,"Projection",32740678
49,"Total population by sex","Total population by sex","World Population Prospects",2024,"United Nations Population Division",454,"Malawi","MW","MWI",70,"2019",4,"Median",3,"Both sexes",188,0,-1,"Total",0,"Not applicable",1,"Model-based Estimates",3,"Projection",19025752
49,"Total population by sex","Total population by sex","World Population Prospects",2024,"United Nations Population Division",454,"Malawi","MW","MWI",71,"2020",4,"Median",3,"Both sexes",188,0,-1,"Total",0,"Not applicable",1,"Model-based Estimates",3,"Projection",19533887.5
49,"Total population by sex","Total population by sex","World Population Prospects",2024,"United Nations Population Division",454,"Malawi","MW","MWI",72,"2021",4,"Median",3,"Both sexes",188,0,-1,"Total",0,"Not applicable",1,"Model-based Estimates",3,"Projection",20047258
49,"Total population by sex","Total population by sex","World Population Prospects",2024,"United Nations Population Division",454,"Malawi","MW","MWI",73,"2022",4,"Median",3,"Both sexes",188,0,-1,"Total",0,"Not applicable",1,"Model-based Estimates",3,"Projection",20568728
49,"Total population by sex","Total population by sex","World Population Prospects",2024,"United Nations Population Division",454,"Malawi","MW","MWI",74,"2023",4,"Median",3,"Both sexes",188,0,-1,"Total",0,"Not applicable",1,"Model-based Estimates",3,"Projection",21104482.5
49,"Total population by sex","Total population by sex","World Population Prospects",2024,"United Nations Population Division",454,"Malawi","MW","MWI",75,"2024",4,"Median",3,"Both sexes",188,0,-1,"Total",0,"Not applicable",1,"Model-based Estimates",3,"Projection",21655286
49,"Total population by sex","Total population by sex","World Population Prospects",2024,"United Nations Population Division",454,"Malawi","MW","MWI",76,"2025",4,"Median",3,"Both sexes",188,0,-1,"Total",0,"Not applicable",1,"Model-based Estimates",3,"Projection",22216119.5
49,"Total population by sex","Total population by sex","World Population Prospects",2024,"United Nations Population Division",458,"Malaysia","MY","MYS",70,"2019",4,"Median",3,"Both sexes",188,0,-1,"Total",0,"Not applicable",1,"Model-based Estimates",2,"Interpolation",33440595.500000004
49,"Total population by sex","Total population by sex","World Population Prospects",2024,"United Nations Population Division",458,"Malaysia","MY","MYS",71,"2020",4,"Median",3,"Both sexes",188,0,-1,"Total",0,"Not applicable",1,"Model-based Estimates",2,"Interpolation",33889558.5
49,"Total population by sex","Total population by sex","World Population Prospects",2024,"United Nations Population Division",458,"Malaysia","MY","MYS",72,"2021",4,"Median",3,"Both sexes",188,0,-1,"Total",0,"Not applicable",1,"Model-based Estimates",3,"Projection",34282398.5
49,"Total population by sex","Total population by sex","World Population Prospects",2024,"United Nations Population Division",458,"Malaysia","MY","MYS",73,"2022",4,"Median",3,"Both sexes",188,0,-1,"Total",0,"Not applicable",1,"Model-based Estimates",3,"Projection",34695493
49,"Total population by sex","Total population by sex","World Population Prospects",2024,"United Nations Population Division",458,"Malaysia","MY","MYS",74,"2023",4,"Median",3,"Both sexes",188,0,-1,"Total",0,"Not applicable",1,"Model-based Estimates",3,"Projection",35126298
49,"Total population by sex","Total population by sex","World Population Prospects",2024,"United Nations Population Division",458,"Malaysia","MY","MYS",75,"2024",4,"Median",3,"Both sexes",188,0,-1,"Total",0,"Not applicable",1,"Model-based Estimates",3,"Projection",35557673.5
49,"Total population by sex","Total population by sex","World Population Prospects",2024,"United Nations Population Division",458,"Malaysia","MY","MYS",76,"2025",4,"Median",3,"Both sexes",188,0,-1,"Total",0,"Not applicable",1,"Model-based Estimates",3,"Projection",35977838
49,"Total population by sex","Total population by sex","World Population Prospects",2024,"United Nations Population Division",462,"Maldives","MV","MDV",70,"2019",4,"Median",3,"Both sexes",188,0,-1,"Total",0,"Not applicable",1,"Model-based Estimates",2,"Interpolation",487731
49,"Total population by sex","Total population by sex","World Population Prospects",2024,"United Nations Population Division",462,"Maldives","MV","MDV",71,"2020",4,"Median",3,"Both sexes",188,0,-1,"Total",0,"Not applicable",1,"Model-based Estimates",2,"Interpolation",502118.5
49,"Total population by sex","Total population by sex","World Population Prospects",2024,"United Nations Population Division",462,"Maldives","MV","MDV",72,"2021",4,"Median",3,"Both sexes",188,0,-1,"Total",0,"Not applicable",1,"Model-based Estimates",2,"Interpolation",516153.5
49,"Total population by sex","Total population by sex","World Population Prospects",2024,"United Nations Population Division",462,"Maldives","MV","MDV",73,"2022",4,"Median",3,"Both sexes",188,0,-1,"Total",0,"Not applicable",1,"Model-based Estimates",2,"Interpolation",524106.5
49,"Total population by sex","Total population by sex","World Population Prospects",2024,"United Nations Population Division",462,"Maldives","MV","MDV",74,"2023",4,"Median",3,"Both sexes",188,0,-1,"Total",0,"Not applicable",1,"Model-based Estimates",3,"Projection",525994
49,"Total population by sex","Total population by sex","World Population Prospects",2024,"United Nations Population Division",462,"Maldives","MV","MDV",75,"2024",4,"Median",3,"Both sexes",188,0,-1,"Total",0,"Not applicable",1,"Model-based Estimates",3,"Projection",527799
49,"Total population by sex","Total population by sex","World Population Prospects",2024,"United Nations Population Division",462,"Maldives","MV","MDV",76,"2025",4,"Median",3,"Both sexes",188,0,-1,"Total",0,"Not applicable",1,"Model-based Estimates",3,"Projection",529676
49,"Total population by sex","Total population by sex","World Population Prospects",2024,"United Nations Population Division",466,"Mali","ML","MLI",70,"2019",4,"Median",3,"Both sexes",188,0,-1,"Total",0,"Not applicable",1,"Model-based Estimates",3,"Projection",21068404.5
49,"Total population by sex","Total population by sex","World Population Prospects",2024,"United Nations Population Division",466,"Mali","ML","MLI",71,"2020",4,"Median",3,"Both sexes",188,0,-1,"Total",0,"Not applicable",1,"Model-based Estimates",3,"Projection",21713835.5
49,"Total population by sex","Total population by sex","World Population Prospects",2024,"United Nations Population Division",466,"Mali","ML","MLI",72,"2021",4,"Median",3,"Both sexes",188,0,-1,"Total",0,"Not applicable",1,"Model-based Estimates",3,"Projection",22388630.5
49,"Total population by sex","Total population by sex","World Population Prospects",2024,"United Nations Population Division",466,"Mali","ML","MLI",73,"2022",4,"Median",3,"Both sexes",188,0,-1,"Total",0,"Not applicable",1,"Model-based Estimates",3,"Projection",23072640
49,"Total population by sex","Total population by sex","World Population Prospects",2024,"United Nations Population Division",466,"Mali","ML","MLI",74,"2023",4,"Median",3,"Both sexes",188,0,-1,"Total",0,"Not applicable",1,"Model-based Estimates",3,"Projection",23769127.5
49,"Total population by sex","Total population by sex","World Population Prospects",2024,"United Nations Population Division",466,"Mali","ML","MLI",75,"2024",4,"Median",3,"Both sexes",188,0,-1,"Total",0,"Not applicable",1,"Model-based Estimates",3,"Projection",24478595.5
49,"Total population by sex","Total population by sex","World Population Prospects",2024,"United Nations Population Division",466,"Mali","ML","MLI",76,"2025",4,"Median",3,"Both sexes",188,0,-1,"Total",0,"Not applicable",1,"Model-based Estimates",3,"Projection",25198821.5
49,"Total population by sex","Total population by sex","World Population Prospects",2024,"United Nations Population Division",470,"Malta","MT","MLT",70,"2019",4,"Median",3,"Both sexes",188,0,-1,"Total",0,"Not applicable",1,"Model-based Estimates",2,"Interpolation",504015.5
49,"Total population by sex","Total population by sex","World Population Prospects",2024,"United Nations Population Division",470,"Malta","MT","MLT",71,"2020",4,"Median",3,"Both sexes",188,0,-1,"Total",0,"Not applicable",1,"Model-based Estimates",2,"Interpolation",518206.5
49,"Total population by sex","Total population by sex","World Population Prospects",2024,"United Nations Population Division",470,"Malta","MT","MLT",72,"2021",4,"Median",3,"Both sexes",188,0,-1,"Total",0,"Not applicable",1,"Model-based Estimates",2,"Interpolation",524376.5
49,"Total population by sex","Total population by sex","World Population Prospects",2024,"United Nations Population Division",470,"Malta","MT","MLT",73,"2022",4,"Median",3,"Both sexes",188,0,-1,"Total",0,"Not applicable",1,"Model-based Estimates",3,"Projection",528192
49,"Total population by sex","Total population by sex","World Population Prospects",2024,"United Nations Population Division",470,"Malta","MT","MLT",74,"2023",4,"Median",3,"Both sexes",188,0,-1,"Total",0,"Not applicable",1,"Model-based Estimates",3,"Projection",532956
49,"Total population by sex","Total population by sex","World Population Prospects",2024,"United Nations Population Division",470,"Malta","MT","MLT",75,"2024",4,"Median",3,"Both sexes",188,0,-1,"Total",0,"Not applicable",1,"Model-based Estimates",3,"Projection",539607
49,"Total population by sex","Total population by sex","World Population Prospects",2024,"United Nations Population Division",470,"Malta","MT","MLT",76,"2025",4,"Median",3,"Both sexes",188,0,-1,"Total",0,"Not applicable",1,"Model-based Estimates",3,"Projection",545405
49,"Total population by sex","Total population by sex","World Population Prospects",2024,"United Nations Population Division",474,"Martinique","MQ","MTQ",70,"2019",4,"Median",3,"Both sexes",188,0,-1,"Total",0,"Not applicable",1,"Model-based Estimates",2,"Interpolation",359611.5
49,"Total population by sex","Total population by sex","World Population Prospects",2024,"United Nations Population Division",474,"Martinique","MQ","MTQ",71,"2020",4,"Median",3,"Both sexes",188,0,-1,"Total",0,"Not applicable",1,"Model-based Estimates",2,"Interpolation",356614.5
49,"Total population by sex","Total population by sex","World Population Prospects",2024,"United Nations Population Division",474,"Martinique","MQ","MTQ",72,"2021",4,"Median",3,"Both sexes",188,0,-1,"Total",0,"Not applicable",1,"Model-based Estimates",2,"Interpolation",353278
49,"Total population by sex","Total population by sex","World Population Prospects",2024,"United Nations Population Division",474,"Martinique","MQ","MTQ",73,"2022",4,"Median",3,"Both sexes",188,0,-1,"Total",0,"Not applicable",1,"Model-based Estimates",2,"Interpolation",349459
49,"Total population by sex","Total population by sex","World Population Prospects",2024,"United Nations Population Division",474,"Martinique","MQ","MTQ",74,"2023",4,"Median",3,"Both sexes",188,0,-1,"Total",0,"Not applicable",1,"Model-based Estimates",2,"Interpolation",346001.5
49,"Total population by sex","Total population by sex","World Population Prospects",2024,"United Nations Population Division",474,"Martinique","MQ","MTQ",75,"2024",4,"Median",3,"Both sexes",188,0,-1,"Total",0,"Not applicable",1,"Model-based Estimates",3,"Projection",343194.5
49,"Total population by sex","Total population by sex","World Population Prospects",2024,"United Nations Population Division",474,"Martinique","MQ","MTQ",76,"2025",4,"Median",3,"Both sexes",188,0,-1,"Total",0,"Not applicable",1,"Model-based Estimates",3,"Projection",340439
49,"Total population by sex","Total population by sex","World Population Prospects",2024,"United Nations Population Division",478,"Mauritania","MR","MRT",70,"2019",4,"Median",3,"Both sexes",188,0,-1,"Total",0,"Not applicable",1,"Model-based Estimates",3,"Projection",4467708
49,"Total population by sex","Total population by sex","World Population Prospects",2024,"United Nations Population Division",478,"Mauritania","MR","MRT",71,"2020",4,"Median",3,"Both sexes",188,0,-1,"Total",0,"Not applicable",1,"Model-based Estimates",3,"Projection",4600131
49,"Total population by sex","Total population by sex","World Population Prospects",2024,"United Nations Population Division",478,"Mauritania","MR","MRT",72,"2021",4,"Median",3,"Both sexes",188,0,-1,"Total",0,"Not applicable",1,"Model-based Estimates",3,"Projection",4734874.5
49,"Total population by sex","Total population by sex","World Population Prospects",2024,"United Nations Population Division",478,"Mauritania","MR","MRT",73,"2022",4,"Median",3,"Both sexes",188,0,-1,"Total",0,"Not applicable",1,"Model-based Estimates",3,"Projection",4875637.5
49,"Total population by sex","Total population by sex","World Population Prospects",2024,"United Nations Population Division",478,"Mauritania","MR","MRT",74,"2023",4,"Median",3,"Both sexes",188,0,-1,"Total",0,"Not applicable",1,"Model-based Estimates",3,"Projection",5022441.5
49,"Total population by sex","Total population by sex","World Population Prospects",2024,"United Nations Population Division",478,"Mauritania","MR","MRT",75,"2024",4,"Median",3,"Both sexes",188,0,-1,"Total",0,"Not applicable",1,"Model-based Estimates",3,"Projection",5169395.5
49,"Total population by sex","Total population by sex","World Population Prospects",2024,"United Nations Population Division",478,"Mauritania","MR","MRT",76,"2025",4,"Median",3,"Both sexes",188,0,-1,"Total",0,"Not applicable",1,"Model-based Estimates",3,"Projection",5315064.5
49,"Total population by sex","Total population by sex","World Population Prospects",2024,"United Nations Population Division",480,"Mauritius","MU","MUS",70,"2019",4,"Median",3,"Both sexes",188,0,-1,"Total",0,"Not applicable",1,"Model-based Estimates",2,"Interpolation",1286270
49,"Total population by sex","Total population by sex","World Population Prospects",2024,"United Nations Population Division",480,"Mauritius","MU","MUS",71,"2020",4,"Median",3,"Both sexes",188,0,-1,"Total",0,"Not applicable",1,"Model-based Estimates",2,"Interpolation",1283223
49,"Total population by sex","Total population by sex","World Population Prospects",2024,"United Nations Population Division",480,"Mauritius","MU","MUS",72,"2021",4,"Median",3,"Both sexes",188,0,-1,"Total",0,"Not applicable",1,"Model-based Estimates",2,"Interpolation",1279623.5
49,"Total population by sex","Total population by sex","World Population Prospects",2024,"United Nations Population Division",480,"Mauritius","MU","MUS",73,"2022",4,"Median",3,"Both sexes",188,0,-1,"Total",0,"Not applicable",1,"Model-based Estimates",2,"Interpolation",1276129.5
49,"Total population by sex","Total population by sex","World Population Prospects",2024,"United Nations Population Division",480,"Mauritius","MU","MUS",74,"2023",4,"Median",3,"Both sexes",188,0,-1,"Total",0,"Not applicable",1,"Model-based Estimates",3,"Projection",1273588
49,"Total population by sex","Total population by sex","World Population Prospects",2024,"United Nations Population Division",480,"Mauritius","MU","MUS",75,"2024",4,"Median",3,"Both sexes",188,0,-1,"Total",0,"Not applicable",1,"Model-based Estimates",3,"Projection",1271169
49,"Total population by sex","Total population by sex","World Population Prospects",2024,"United Nations Population Division",480,"Mauritius","MU","MUS",76,"2025",4,"Median",3,"Both sexes",188,0,-1,"Total",0,"Not applicable",1,"Model-based Estimates",3,"Projection",1268279.5
49,"Total population by sex","Total population by sex","World Population Prospects",2024,"United Nations Population Division",484,"Mexico","MX","MEX",70,"2019",4,"Median",3,"Both sexes",188,0,-1,"Total",0,"Not applicable",1,"Model-based Estimates",2,"Interpolation",125762982.5
49,"Total population by sex","Total population by sex","World Population Prospects",2024,"United Nations Population Division",484,"Mexico","MX","MEX",71,"2020",4,"Median",3,"Both sexes",188,0,-1,"Total",0,"Not applicable",1,"Model-based Estimates",2,"Interpolation",126799054.5
49,"Total population by sex","Total population by sex","World Population Prospects",2024,"United Nations Population Division",484,"Mexico","MX","MEX",72,"2021",4,"Median",3,"Both sexes",188,0,-1,"Total",0,"Not applicable",1,"Model-based Estimates",3,"Projection",127648147.5
49,"Total population by sex","Total population by sex","World Population Prospects",2024,"United Nations Population Division",484,"Mexico","MX","MEX",73,"2022",4,"Median",3,"Both sexes",188,0,-1,"Total",0,"Not applicable",1,"Model-based Estimates",3,"Projection",128613117.5
49,"Total population by sex","Total population by sex","World Population Prospects",2024,"United Nations Population Division",484,"Mexico","MX","MEX",74,"2023",4,"Median",3,"Both sexes",188,0,-1,"Total",0,"Not applicable",1,"Model-based Estimates",3,"Projection",129739759
49,"Total population by sex","Total population by sex","World Population Prospects",2024,"United Nations Population Division",484,"Mexico","MX","MEX",75,"2024",4,"Median",3,"Both sexes",188,0,-1,"Total",0,"Not applicable",1,"Model-based Estimates",3,"Projection",130861007
49,"Total population by sex","Total population by sex","World Population Prospects",2024,"United Nations Population Division",484,"Mexico","MX","MEX",76,"2025",4,"Median",3,"Both sexes",188,0,-1,"Total",0,"Not applicable",1,"Model-based Estimates",3,"Projection",131946900
49,"Total population by sex","Total population by sex","World Population Prospects",2024,"United Nations Population Division",492,"Monaco","MC","MCO",70,"2019",4,"Median",3,"Both sexes",188,0,-1,"Total",0,"Not applicable",1,"Model-based Estimates",3,"Projection",38109
49,"Total population by sex","Total population by sex","World Population Prospects",2024,"United Nations Population Division",492,"Monaco","MC","MCO",71,"2020",4,"Median",3,"Both sexes",188,0,-1,"Total",0,"Not applicable",1,"Model-based Estimates",3,"Projection",38050.5
49,"Total population by sex","Total population by sex","World Population Prospects",2024,"United Nations Population Division",492,"Monaco","MC","MCO",72,"2021",4,"Median",3,"Both sexes",188,0,-1,"Total",0,"Not applicable",1,"Model-based Estimates",3,"Projection",38527
49,"Total population by sex","Total population by sex","World Population Prospects",2024,"United Nations Population Division",492,"Monaco","MC","MCO",73,"2022",4,"Median",3,"Both sexes",188,0,-1,"Total",0,"Not applicable",1,"Model-based Estimates",3,"Projection",38931.5
49,"Total population by sex","Total population by sex","World Population Prospects",2024,"United Nations Population Division",492,"Monaco","MC","MCO",74,"2023",4,"Median",3,"Both sexes",188,0,-1,"Total",0,"Not applicable",1,"Model-based Estimates",3,"Projection",38956.5
49,"Total population by sex","Total population by sex","World Population Prospects",2024,"United Nations Population Division",492,"Monaco","MC","MCO",75,"2024",4,"Median",3,"Both sexes",188,0,-1,"Total",0,"Not applicable",1,"Model-based Estimates",3,"Projection",38631
49,"Total population by sex","Total population by sex","World Population Prospects",2024,"United Nations Population Division",492,"Monaco","MC","MCO",76,"2025",4,"Median",3,"Both sexes",188,0,-1,"Total",0,"Not applicable",1,"Model-based Estimates",3,"Projection",38341
49,"Total population by sex","Total population by sex","World Population Prospects",2024,"United Nations Population Division",496,"Mongolia","MN","MNG",70,"2019",4,"Median",3,"Both sexes",188,0,-1,"Total",0,"Not applicable",1,"Model-based Estimates",2,"Interpolation",3232113.5
49,"Total population by sex","Total population by sex","World Population Prospects",2024,"United Nations Population Division",496,"Mongolia","MN","MNG",71,"2020",4,"Median",3,"Both sexes",188,0,-1,"Total",0,"Not applicable",1,"Model-based Estimates",2,"Interpolation",3290785.5
49,"Total population by sex","Total population by sex","World Population Prospects",2024,"United Nations Population Division",496,"Mongolia","MN","MNG",72,"2021",4,"Median",3,"Both sexes",188,0,-1,"Total",0,"Not applicable",1,"Model-based Estimates",3,"Projection",3339674
49,"Total population by sex","Total population by sex","World Population Prospects",2024,"United Nations Population Division",496,"Mongolia","MN","MNG",73,"2022",4,"Median",3,"Both sexes",188,0,-1,"Total",0,"Not applicable",1,"Model-based Estimates",3,"Projection",3386015
49,"Total population by sex","Total population by sex","World Population Prospects",2024,"United Nations Population Division",496,"Mongolia","MN","MNG",74,"2023",4,"Median",3,"Both sexes",188,0,-1,"Total",0,"Not applicable",1,"Model-based Estimates",3,"Projection",3431932.5
49,"Total population by sex","Total population by sex","World Population Prospects",2024,"United Nations Population Division",496,"Mongolia","MN","MNG",75,"2024",4,"Median",3,"Both sexes",188,0,-1,"Total",0,"Not applicable",1,"Model-based Estimates",3,"Projection",3475540
49,"Total population by sex","Total population by sex","World Population Prospects",2024,"United Nations Population Division",496,"Mongolia","MN","MNG",76,"2025",4,"Median",3,"Both sexes",188,0,-1,"Total",0,"Not applicable",1,"Model-based Estimates",3,"Projection",3517100
49,"Total population by sex","Total population by sex","World Population Prospects",2024,"United Nations Population Division",498,"Republic of Moldova","MD","MDA",70,"2019",4,"Median",3,"Both sexes",188,0,-1,"Total",0,"Not applicable",1,"Model-based Estimates",3,"Projection",3112562
49,"Total population by sex","Total population by sex","World Population Prospects",2024,"United Nations Population Division",498,"Republic of Moldova","MD","MDA",71,"2020",4,"Median",3,"Both sexes",188,0,-1,"Total",0,"Not applicable",1,"Model-based Estimates",3,"Projection",3069131
49,"Total population by sex","Total population by sex","World Population Prospects",2024,"United Nations Population Division",498,"Republic of Moldova","MD","MDA",72,"2021",4,"Median",3,"Both sexes",188,0,-1,"Total",0,"Not applicable",1,"Model-based Estimates",3,"Projection",3023778.5
49,"Total population by sex","Total population by sex","World Population Prospects",2024,"United Nations Population Division",498,"Republic of Moldova","MD","MDA",73,"2022",4,"Median",3,"Both sexes",188,0,-1,"Total",0,"Not applicable",1,"Model-based Estimates",3,"Projection",3039984.5
49,"Total population by sex","Total population by sex","World Population Prospects",2024,"United Nations Population Division",498,"Republic of Moldova","MD","MDA",74,"2023",4,"Median",3,"Both sexes",188,0,-1,"Total",0,"Not applicable",1,"Model-based Estimates",3,"Projection",3067070
49,"Total population by sex","Total population by sex","World Population Prospects",2024,"United Nations Population Division",498,"Republic of Moldova","MD","MDA",75,"2024",4,"Median",3,"Both sexes",188,0,-1,"Total",0,"Not applicable",1,"Model-based Estimates",3,"Projection",3034960.5
49,"Total population by sex","Total population by sex","World Population Prospects",2024,"United Nations Population Division",498,"Republic of Moldova","MD","MDA",76,"2025",4,"Median",3,"Both sexes",188,0,-1,"Total",0,"Not applicable",1,"Model-based Estimates",3,"Projection",2996105.5
49,"Total population by sex","Total population by sex","World Population Prospects",2024,"United Nations Population Division",499,"Montenegro","ME","MNE",70,"2019",4,"Median",3,"Both sexes",188,0,-1,"Total",0,"Not applicable",1,"Model-based Estimates",3,"Projection",611666.5
49,"Total population by sex","Total population by sex","World Population Prospects",2024,"United Nations Population Division",499,"Montenegro","ME","MNE",71,"2020",4,"Median",3,"Both sexes",188,0,-1,"Total",0,"Not applicable",1,"Model-based Estimates",3,"Projection",607935
49,"Total population by sex","Total population by sex","World Population Prospects",2024,"United Nations Population Division",499,"Montenegro","ME","MNE",72,"2021",4,"Median",3,"Both sexes",188,0,-1,"Total",0,"Not applicable",1,"Model-based Estimates",3,"Projection",603850.5
49,"Total population by sex","Total population by sex","World Population Prospects",2024,"United Nations Population Division",499,"Montenegro","ME","MNE",73,"2022",4,"Median",3,"Both sexes",188,0,-1,"Total",0,"Not applicable",1,"Model-based Estimates",3,"Projection",614647.5
49,"Total population by sex","Total population by sex","World Population Prospects",2024,"United Nations Population Division",499,"Montenegro","ME","MNE",74,"2023",4,"Median",3,"Both sexes",188,0,-1,"Total",0,"Not applicable",1,"Model-based Estimates",3,"Projection",633552
49,"Total population by sex","Total population by sex","World Population Prospects",2024,"United Nations Population Division",499,"Montenegro","ME","MNE",75,"2024",4,"Median",3,"Both sexes",188,0,-1,"Total",0,"Not applicable",1,"Model-based Estimates",3,"Projection",638478.5
49,"Total population by sex","Total population by sex","World Population Prospects",2024,"United Nations Population Division",499,"Montenegro","ME","MNE",76,"2025",4,"Median",3,"Both sexes",188,0,-1,"Total",0,"Not applicable",1,"Model-based Estimates",3,"Projection",632729
49,"Total population by sex","Total population by sex","World Population Prospects",2024,"United Nations Population Division",500,"Montserrat","MS","MSR",70,"2019",4,"Median",3,"Both sexes",188,0,-1,"Total",0,"Not applicable",1,"Model-based Estimates",2,"Interpolation",4539.5
49,"Total population by sex","Total population by sex","World Population Prospects",2024,"United Nations Population Division",500,"Montserrat","MS","MSR",71,"2020",4,"Median",3,"Both sexes",188,0,-1,"Total",0,"Not applicable",1,"Model-based Estimates",2,"Interpolation",4507.5
49,"Total population by sex","Total population by sex","World Population Prospects",2024,"United Nations Population Division",500,"Montserrat","MS","MSR",72,"2021",4,"Median",3,"Both sexes",188,0,-1,"Total",0,"Not applicable",1,"Model-based Estimates",2,"Interpolation",4479.5
49,"Total population by sex","Total population by sex","World Population Prospects",2024,"United Nations Population Division",500,"Montserrat","MS","MSR",73,"2022",4,"Median",3,"Both sexes",188,0,-1,"Total",0,"Not applicable",1,"Model-based Estimates",2,"Interpolation",4453
49,"Total population by sex","Total population by sex","World Population Prospects",2024,"United Nations Population Division",500,"Montserrat","MS","MSR",74,"2023",4,"Median",3,"Both sexes",188,0,-1,"Total",0,"Not applicable",1,"Model-based Estimates",3,"Projection",4420.5
49,"Total population by sex","Total population by sex","World Population Prospects",2024,"United Nations Population Division",500,"Montserrat","MS","MSR",75,"2024",4,"Median",3,"Both sexes",188,0,-1,"Total",0,"Not applicable",1,"Model-based Estimates",3,"Projection",4389
49,"Total population by sex","Total population by sex","World Population Prospects",2024,"United Nations Population Division",500,"Montserrat","MS","MSR",76,"2025",4,"Median",3,"Both sexes",188,0,-1,"Total",0,"Not applicable",1,"Model-based Estimates",3,"Projection",4359.5
49,"Total population by sex","Total population by sex","World Population Prospects",2024,"United Nations Population Division",504,"Morocco","MA","MAR",70,"2019",4,"Median",3,"Both sexes",188,0,-1,"Total",0,"Not applicable",1,"Model-based Estimates",3,"Projection",36210898
49,"Total population by sex","Total population by sex","World Population Prospects",2024,"United Nations Population Division",504,"Morocco","MA","MAR",71,"2020",4,"Median",3,"Both sexes",188,0,-1,"Total",0,"Not applicable",1,"Model-based Estimates",3,"Projection",36584208
49,"Total population by sex","Total population by sex","World Population Prospects",2024,"United Nations Population Division",504,"Morocco","MA","MAR",72,"2021",4,"Median",3,"Both sexes",188,0,-1,"Total",0,"Not applicable",1,"Model-based Estimates",3,"Projection",36954442.5
49,"Total population by sex","Total population by sex","World Population Prospects",2024,"United Nations Population Division",504,"Morocco","MA","MAR",73,"2022",4,"Median",3,"Both sexes",188,0,-1,"Total",0,"Not applicable",1,"Model-based Estimates",3,"Projection",37329064
49,"Total population by sex","Total population by sex","World Population Prospects",2024,"United Nations Population Division",504,"Morocco","MA","MAR",74,"2023",4,"Median",3,"Both sexes",188,0,-1,"Total",0,"Not applicable",1,"Model-based Estimates",3,"Projection",37712505
49,"Total population by sex","Total population by sex","World Population Prospects",2024,"United Nations Population Division",504,"Morocco","MA","MAR",75,"2024",4,"Median",3,"Both sexes",188,0,-1,"Total",0,"Not applicable",1,"Model-based Estimates",3,"Projection",38081173
49,"Total population by sex","Total population by sex","World Population Prospects",2024,"United Nations Population Division",504,"Morocco","MA","MAR",76,"2025",4,"Median",3,"Both sexes",188,0,-1,"Total",0,"Not applicable",1,"Model-based Estimates",3,"Projection",38430770
49,"Total population by sex","Total population by sex","World Population Prospects",2024,"United Nations Population Division",508,"Mozambique","MZ","MOZ",70,"2019",4,"Median",3,"Both sexes",188,0,-1,"Total",0,"Not applicable",1,"Model-based Estimates",3,"Projection",29884380
49,"Total population by sex","Total population by sex","World Population Prospects",2024,"United Nations Population Division",508,"Mozambique","MZ","MOZ",71,"2020",4,"Median",3,"Both sexes",188,0,-1,"Total",0,"Not applicable",1,"Model-based Estimates",3,"Projection",30783688
49,"Total population by sex","Total population by sex","World Population Prospects",2024,"United Nations Population Division",508,"Mozambique","MZ","MOZ",72,"2021",4,"Median",3,"Both sexes",188,0,-1,"Total",0,"Not applicable",1,"Model-based Estimates",3,"Projection",31707800
49,"Total population by sex","Total population by sex","World Population Prospects",2024,"United Nations Population Division",508,"Mozambique","MZ","MOZ",73,"2022",4,"Median",3,"Both sexes",188,0,-1,"Total",0,"Not applicable",1,"Model-based Estimates",3,"Projection",32656246
49,"Total population by sex","Total population by sex","World Population Prospects",2024,"United Nations Population Division",508,"Mozambique","MZ","MOZ",74,"2023",4,"Median",3,"Both sexes",188,0,-1,"Total",0,"Not applicable",1,"Model-based Estimates",3,"Projection",33635160
49,"Total population by sex","Total population by sex","World Population Prospects",2024,"United Nations Population Division",508,"Mozambique","MZ","MOZ",75,"2024",4,"Median",3,"Both sexes",188,0,-1,"Total",0,"Not applicable",1,"Model-based Estimates",3,"Projection",34631766
49,"Total population by sex","Total population by sex","World Population Prospects",2024,"United Nations Population Division",508,"Mozambique","MZ","MOZ",76,"2025",4,"Median",3,"Both sexes",188,0,-1,"Total",0,"Not applicable",1,"Model-based Estimates",3,"Projection",35631653
49,"Total population by sex","Total population by sex","World Population Prospects",2024,"United Nations Population Division",512,"Oman","OM","OMN",70,"2019",4,"Median",3,"Both sexes",188,0,-1,"Total",0,"Not applicable",1,"Model-based Estimates",2,"Interpolation",4591241
49,"Total population by sex","Total population by sex","World Population Prospects",2024,"United Nations Population Division",512,"Oman","OM","OMN",71,"2020",4,"Median",3,"Both sexes",188,0,-1,"Total",0,"Not applicable",1,"Model-based Estimates",2,"Interpolation",4522496.5
49,"Total population by sex","Total population by sex","World Population Prospects",2024,"United Nations Population Division",512,"Oman","OM","OMN",72,"2021",4,"Median",3,"Both sexes",188,0,-1,"Total",0,"Not applicable",1,"Model-based Estimates",2,"Interpolation",4500424
49,"Total population by sex","Total population by sex","World Population Prospects",2024,"United Nations Population Division",512,"Oman","OM","OMN",73,"2022",4,"Median",3,"Both sexes",188,0,-1,"Total",0,"Not applicable",1,"Model-based Estimates",2,"Interpolation",4730226
49,"Total population by sex","Total population by sex","World Population Prospects",2024,"United Nations Population Division",512,"Oman","OM","OMN",74,"2023",4,"Median",3,"Both sexes",188,0,-1,"Total",0,"Not applicable",1,"Model-based Estimates",2,"Interpolation",5049269
49,"Total population by sex","Total population by sex","World Population Prospects",2024,"United Nations Population Division",512,"Oman","OM","OMN",75,"2024",4,"Median",3,"Both sexes",188,0,-1,"Total",0,"Not applicable",1,"Model-based Estimates",2,"Interpolation",5281538
49,"Total population by sex","Total population by sex","World Population Prospects",2024,"United Nations Population Division",512,"Oman","OM","OMN",76,"2025",4,"Median",3,"Both sexes",188,0,-1,"Total",0,"Not applicable",1,"Model-based Estimates",3,"Projection",5494691
49,"Total population by sex","Total population by sex","World Population Prospects",2024,"United Nations Population Division",516,"Namibia","NA","NAM",70,"2019",4,"Median",3,"Both sexes",188,0,-1,"Total",0,"Not applicable",1,"Model-based Estimates",2,"Interpolation",2650494.5
49,"Total population by sex","Total population by sex","World Population Prospects",2024,"United Nations Population Division",516,"Namibia","NA","NAM",71,"2020",4,"Median",3,"Both sexes",188,0,-1,"Total",0,"Not applicable",1,"Model-based Estimates",2,"Interpolation",2728761.5
49,"Total population by sex","Total population by sex","World Population Prospects",2024,"United Nations Population Division",516,"Namibia","NA","NAM",72,"2021",4,"Median",3,"Both sexes",188,0,-1,"Total",0,"Not applicable",1,"Model-based Estimates",2,"Interpolation",2810547.5
49,"Total population by sex","Total population by sex","World Population Prospects",2024,"United Nations Population Division",516,"Namibia","NA","NAM",73,"2022",4,"Median",3,"Both sexes",188,0,-1,"Total",0,"Not applicable",1,"Model-based Estimates",2,"Interpolation",2889662.5
49,"Total population by sex","Total population by sex","World Population Prospects",2024,"United Nations Population Division",516,"Namibia","NA","NAM",74,"2023",4,"Median",3,"Both sexes",188,0,-1,"Total",0,"Not applicable",1,"Model-based Estimates",2,"Interpolation",2963095
49,"Total population by sex","Total population by sex","World Population Prospects",2024,"United Nations Population Division",516,"Namibia","NA","NAM",75,"2024",4,"Median",3,"Both sexes",188,0,-1,"Total",0,"Not applicable",1,"Model-based Estimates",3,"Projection",3030131
49,"Total population by sex","Total population by sex","World Population Prospects",2024,"United Nations Population Division",516,"Namibia","NA","NAM",76,"2025",4,"Median",3,"Both sexes",188,0,-1,"Total",0,"Not applicable",1,"Model-based Estimates",3,"Projection",3092816.5
49,"Total population by sex","Total population by sex","World Population Prospects",2024,"United Nations Population Division",520,"Nauru","NR","NRU",70,"2019",4,"Median",3,"Both sexes",188,0,-1,"Total",0,"Not applicable",1,"Model-based Estimates",2,"Interpolation",11587
49,"Total population by sex","Total population by sex","World Population Prospects",2024,"United Nations Population Division",520,"Nauru","NR","NRU",71,"2020",4,"Median",3,"Both sexes",188,0,-1,"Total",0,"Not applicable",1,"Model-based Estimates",2,"Interpolation",11643
49,"Total population by sex","Total population by sex","World Population Prospects",2024,"United Nations Population Division",520,"Nauru","NR","NRU",72,"2021",4,"Median",3,"Both sexes",188,0,-1,"Total",0,"Not applicable",1,"Model-based Estimates",2,"Interpolation",11708.5
49,"Total population by sex","Total population by sex","World Population Prospects",2024,"United Nations Population Division",520,"Nauru","NR","NRU",73,"2022",4,"Median",3,"Both sexes",188,0,-1,"Total",0,"Not applicable",1,"Model-based Estimates",3,"Projection",11801
49,"Total population by sex","Total population by sex","World Population Prospects",2024,"United Nations Population Division",520,"Nauru","NR","NRU",74,"2023",4,"Median",3,"Both sexes",188,0,-1,"Total",0,"Not applicable",1,"Model-based Estimates",3,"Projection",11875
49,"Total population by sex","Total population by sex","World Population Prospects",2024,"United Nations Population Division",520,"Nauru","NR","NRU",75,"2024",4,"Median",3,"Both sexes",188,0,-1,"Total",0,"Not applicable",1,"Model-based Estimates",3,"Projection",11946.5
49,"Total population by sex","Total population by sex","World Population Prospects",2024,"United Nations Population Division",520,"Nauru","NR","NRU",76,"2025",4,"Median",3,"Both sexes",188,0,-1,"Total",0,"Not applicable",1,"Model-based Estimates",3,"Projection",12025.5
49,"Total population by sex","Total population by sex","World Population Prospects",2024,"United Nations Population Division",524,"Nepal","NP","NPL",70,"2019",4,"Median",3,"Both sexes",188,0,-1,"Total",0,"Not applicable",1,"Model-based Estimates",2,"Interpolation",28414063.5
49,"Total population by sex","Total population by sex","World Population Prospects",2024,"United Nations Population Division",524,"Nepal","NP","NPL",71,"2020",4,"Median",3,"Both sexes",188,0,-1,"Total",0,"Not applicable",1,"Model-based Estimates",2,"Interpolation",28966574.5
49,"Total population by sex","Total population by sex","World Population Prospects",2024,"United Nations Population Division",524,"Nepal","NP","NPL",72,"2021",4,"Median",3,"Both sexes",188,0,-1,"Total",0,"Not applicable",1,"Model-based Estimates",2,"Interpolation",29475010
49,"Total population by sex","Total population by sex","World Population Prospects",2024,"United Nations Population Division",524,"Nepal","NP","NPL",73,"2022",4,"Median",3,"Both sexes",188,0,-1,"Total",0,"Not applicable",1,"Model-based Estimates",3,"Projection",29715436
49,"Total population by sex","Total population by sex","World Population Prospects",2024,"United Nations Population Division",524,"Nepal","NP","NPL",74,"2023",4,"Median",3,"Both sexes",188,0,-1,"Total",0,"Not applicable",1,"Model-based Estimates",3,"Projection",29694614.5
49,"Total population by sex","Total population by sex","World Population Prospects",2024,"United Nations Population Division",524,"Nepal","NP","NPL",75,"2024",4,"Median",3,"Both sexes",188,0,-1,"Total",0,"Not applicable",1,"Model-based Estimates",3,"Projection",29651054.5
49,"Total population by sex","Total population by sex","World Population Prospects",2024,"United Nations Population Division",524,"Nepal","NP","NPL",76,"2025",4,"Median",3,"Both sexes",188,0,-1,"Total",0,"Not applicable",1,"Model-based Estimates",3,"Projection",29618117.5
49,"Total population by sex","Total population by sex","World Population Prospects",2024,"United Nations Population Division",528,"Netherlands","NL","NLD",70,"2019",4,"Median",3,"Both sexes",188,0,-1,"Total",0,"Not applicable",1,"Model-based Estimates",2,"Interpolation",17537507
49,"Total population by sex","Total population by sex","World Population Prospects",2024,"United Nations Population Division",528,"Netherlands","NL","NLD",71,"2020",4,"Median",3,"Both sexes",188,0,-1,"Total",0,"Not applicable",1,"Model-based Estimates",2,"Interpolation",17636731
49,"Total population by sex","Total population by sex","World Population Prospects",2024,"United Nations Population Division",528,"Netherlands","NL","NLD",72,"2021",4,"Median",3,"Both sexes",188,0,-1,"Total",0,"Not applicable",1,"Model-based Estimates",3,"Projection",17730563.5
49,"Total population by sex","Total population by sex","World Population Prospects",2024,"United Nations Population Division",528,"Netherlands","NL","NLD",73,"2022",4,"Median",3,"Both sexes",188,0,-1,"Total",0,"Not applicable",1,"Model-based Estimates",3,"Projection",17904421
49,"Total population by sex","Total population by sex","World Population Prospects",2024,"United Nations Population Division",528,"Netherlands","NL","NLD",74,"2023",4,"Median",3,"Both sexes",188,0,-1,"Total",0,"Not applicable",1,"Model-based Estimates",3,"Projection",18092524.5
49,"Total population by sex","Total population by sex","World Population Prospects",2024,"United Nations Population Division",528,"Netherlands","NL","NLD",75,"2024",4,"Median",3,"Both sexes",188,0,-1,"Total",0,"Not applicable",1,"Model-based Estimates",3,"Projection",18228741.5
49,"Total population by sex","Total population by sex","World Population Prospects",2024,"United Nations Population Division",528,"Netherlands","NL","NLD",76,"2025",4,"Median",3,"Both sexes",188,0,-1,"Total",0,"Not applicable",1,"Model-based Estimates",3,"Projection",18346819
49,"Total population by sex","Total population by sex","World Population Prospects",2024,"United Nations Population Division",531,"Curaçao","CW","CUW",70,"2019",4,"Median",3,"Both sexes",188,0,-1,"Total",0,"Not applicable",1,"Model-based Estimates",3,"Projection",189543
49,"Total population by sex","Total population by sex","World Population Prospects",2024,"United Nations Population Division",531,"Curaçao","CW","CUW",71,"2020",4,"Median",3,"Both sexes",188,0,-1,"Total",0,"Not applicable",1,"Model-based Estimates",3,"Projection",185018
49,"Total population by sex","Total population by sex","World Population Prospects",2024,"United Nations Population Division",531,"Curaçao","CW","CUW",72,"2021",4,"Median",3,"Both sexes",188,0,-1,"Total",0,"Not applicable",1,"Model-based Estimates",3,"Projection",185314.5
49,"Total population by sex","Total population by sex","World Population Prospects",2024,"United Nations Population Division",531,"Curaçao","CW","CUW",73,"2022",4,"Median",3,"Both sexes",188,0,-1,"Total",0,"Not applicable",1,"Model-based Estimates",3,"Projection",185344.5
49,"Total population by sex","Total population by sex","World Population Prospects",2024,"United Nations Population Division",531,"Curaçao","CW","CUW",74,"2023",4,"Median",3,"Both sexes",188,0,-1,"Total",0,"Not applicable",1,"Model-based Estimates",3,"Projection",185427
49,"Total population by sex","Total population by sex","World Population Prospects",2024,"United Nations Population Division",531,"Curaçao","CW","CUW",75,"2024",4,"Median",3,"Both sexes",188,0,-1,"Total",0,"Not applicable",1,"Model-based Estimates",3,"Projection",185481.5
49,"Total population by sex","Total population by sex","World Population Prospects",2024,"United Nations Population Division",531,"Curaçao","CW","CUW",76,"2025",4,"Median",3,"Both sexes",188,0,-1,"Total",0,"Not applicable",1,"Model-based Estimates",3,"Projection",185487
49,"Total population by sex","Total population by sex","World Population Prospects",2024,"United Nations Population Division",533,"Aruba","AW","ABW",70,"2019",4,"Median",3,"Both sexes",188,0,-1,"Total",0,"Not applicable",1,"Model-based Estimates",2,"Interpolation",107076
49,"Total population by sex","Total population by sex","World Population Prospects",2024,"United Nations Population Division",533,"Aruba","AW","ABW",71,"2020",4,"Median",3,"Both sexes",188,0,-1,"Total",0,"Not applicable",1,"Model-based Estimates",2,"Interpolation",107400.5
49,"Total population by sex","Total population by sex","World Population Prospects",2024,"United Nations Population Division",533,"Aruba","AW","ABW",72,"2021",4,"Median",3,"Both sexes",188,0,-1,"Total",0,"Not applicable",1,"Model-based Estimates",3,"Projection",107558
49,"Total population by sex","Total population by sex","World Population Prospects",2024,"United Nations Population Division",533,"Aruba","AW","ABW",73,"2022",4,"Median",3,"Both sexes",188,0,-1,"Total",0,"Not applicable",1,"Model-based Estimates",3,"Projection",107782
49,"Total population by sex","Total population by sex","World Population Prospects",2024,"United Nations Population Division",533,"Aruba","AW","ABW",74,"2023",4,"Median",3,"Both sexes",188,0,-1,"Total",0,"Not applicable",1,"Model-based Estimates",3,"Projection",107938.5
49,"Total population by sex","Total population by sex","World Population Prospects",2024,"United Nations Population Division",533,"Aruba","AW","ABW",75,"2024",4,"Median",3,"Both sexes",188,0,-1,"Total",0,"Not applicable",1,"Model-based Estimates",3,"Projection",108065.5
49,"Total population by sex","Total population by sex","World Population Prospects",2024,"United Nations Population Division",533,"Aruba","AW","ABW",76,"2025",4,"Median",3,"Both sexes",188,0,-1,"Total",0,"Not applicable",1,"Model-based Estimates",3,"Projection",108147.5
49,"Total population by sex","Total population by sex","World Population Prospects",2024,"United Nations Population Division",534,"Sint Maarten (Dutch part)","SX","SXM",70,"2019",4,"Median",3,"Both sexes",188,0,-1,"Total",0,"Not applicable",1,"Model-based Estimates",2,"Interpolation",40384.5
49,"Total population by sex","Total population by sex","World Population Prospects",2024,"United Nations Population Division",534,"Sint Maarten (Dutch part)","SX","SXM",71,"2020",4,"Median",3,"Both sexes",188,0,-1,"Total",0,"Not applicable",1,"Model-based Estimates",2,"Interpolation",41007.5
49,"Total population by sex","Total population by sex","World Population Prospects",2024,"United Nations Population Division",534,"Sint Maarten (Dutch part)","SX","SXM",72,"2021",4,"Median",3,"Both sexes",188,0,-1,"Total",0,"Not applicable",1,"Model-based Estimates",2,"Interpolation",41571
49,"Total population by sex","Total population by sex","World Population Prospects",2024,"United Nations Population Division",534,"Sint Maarten (Dutch part)","SX","SXM",73,"2022",4,"Median",3,"Both sexes",188,0,-1,"Total",0,"Not applicable",1,"Model-based Estimates",2,"Interpolation",42138.5
49,"Total population by sex","Total population by sex","World Population Prospects",2024,"United Nations Population Division",534,"Sint Maarten (Dutch part)","SX","SXM",74,"2023",4,"Median",3,"Both sexes",188,0,-1,"Total",0,"Not applicable",1,"Model-based Estimates",3,"Projection",42749
49,"Total population by sex","Total population by sex","World Population Prospects",2024,"United Nations Population Division",534,"Sint Maarten (Dutch part)","SX","SXM",75,"2024",4,"Median",3,"Both sexes",188,0,-1,"Total",0,"Not applicable",1,"Model-based Estimates",3,"Projection",43350.5
49,"Total population by sex","Total population by sex","World Population Prospects",2024,"United Nations Population Division",534,"Sint Maarten (Dutch part)","SX","SXM",76,"2025",4,"Median",3,"Both sexes",188,0,-1,"Total",0,"Not applicable",1,"Model-based Estimates",3,"Projection",43923
49,"Total population by sex","Total population by sex","World Population Prospects",2024,"United Nations Population Division",535,"Bonaire, Sint Eustatius and Saba","BQ","BES",70,"2019",4,"Median",3,"Both sexes",188,0,-1,"Total",0,"Not applicable",1,"Model-based Estimates",2,"Interpolation",25625
49,"Total population by sex","Total population by sex","World Population Prospects",2024,"United Nations Population Division",535,"Bonaire, Sint Eustatius and Saba","BQ","BES",71,"2020",4,"Median",3,"Both sexes",188,0,-1,"Total",0,"Not applicable",1,"Model-based Estimates",2,"Interpolation",26453
49,"Total population by sex","Total population by sex","World Population Prospects",2024,"United Nations Population Division",535,"Bonaire, Sint Eustatius and Saba","BQ","BES",72,"2021",4,"Median",3,"Both sexes",188,0,-1,"Total",0,"Not applicable",1,"Model-based Estimates",2,"Interpolation",27323
49,"Total population by sex","Total population by sex","World Population Prospects",2024,"United Nations Population Division",535,"Bonaire, Sint Eustatius and Saba","BQ","BES",73,"2022",4,"Median",3,"Both sexes",188,0,-1,"Total",0,"Not applicable",1,"Model-based Estimates",2,"Interpolation",28627
49,"Total population by sex","Total population by sex","World Population Prospects",2024,"United Nations Population Division",535,"Bonaire, Sint Eustatius and Saba","BQ","BES",74,"2023",4,"Median",3,"Both sexes",188,0,-1,"Total",0,"Not applicable",1,"Model-based Estimates",2,"Interpolation",29898.5
49,"Total population by sex","Total population by sex","World Population Prospects",2024,"United Nations Population Division",535,"Bonaire, Sint Eustatius and Saba","BQ","BES",75,"2024",4,"Median",3,"Both sexes",188,0,-1,"Total",0,"Not applicable",1,"Model-based Estimates",3,"Projection",30675.5
49,"Total population by sex","Total population by sex","World Population Prospects",2024,"United Nations Population Division",535,"Bonaire, Sint Eustatius and Saba","BQ","BES",76,"2025",4,"Median",3,"Both sexes",188,0,-1,"Total",0,"Not applicable",1,"Model-based Estimates",3,"Projection",31338.5
49,"Total population by sex","Total population by sex","World Population Prospects",2024,"United Nations Population Division",540,"New Caledonia","NC","NCL",70,"2019",4,"Median",3,"Both sexes",188,0,-1,"Total",0,"Not applicable",1,"Model-based Estimates",2,"Interpolation",283606
49,"Total population by sex","Total population by sex","World Population Prospects",2024,"United Nations Population Division",540,"New Caledonia","NC","NCL",71,"2020",4,"Median",3,"Both sexes",188,0,-1,"Total",0,"Not applicable",1,"Model-based Estimates",3,"Projection",284176.5
49,"Total population by sex","Total population by sex","World Population Prospects",2024,"United Nations Population Division",540,"New Caledonia","NC","NCL",72,"2021",4,"Median",3,"Both sexes",188,0,-1,"Total",0,"Not applicable",1,"Model-based Estimates",3,"Projection",285214
49,"Total population by sex","Total population by sex","World Population Prospects",2024,"United Nations Population Division",540,"New Caledonia","NC","NCL",73,"2022",4,"Median",3,"Both sexes",188,0,-1,"Total",0,"Not applicable",1,"Model-based Estimates",3,"Projection",287123
49,"Total population by sex","Total population by sex","World Population Prospects",2024,"United Nations Population Division",540,"New Caledonia","NC","NCL",74,"2023",4,"Median",3,"Both sexes",188,0,-1,"Total",0,"Not applicable",1,"Model-based Estimates",3,"Projection",289869.5
49,"Total population by sex","Total population by sex","World Population Prospects",2024,"United Nations Population Division",540,"New Caledonia","NC","NCL",75,"2024",4,"Median",3,"Both sexes",188,0,-1,"Total",0,"Not applicable",1,"Model-based Estimates",3,"Projection",292639.5
49,"Total population by sex","Total population by sex","World Population Prospects",2024,"United Nations Population Division",540,"New Caledonia","NC","NCL",76,"2025",4,"Median",3,"Both sexes",188,0,-1,"Total",0,"Not applicable",1,"Model-based Estimates",3,"Projection",295333
49,"Total population by sex","Total population by sex","World Population Prospects",2024,"United Nations Population Division",548,"Vanuatu","VU","VUT",70,"2019",4,"Median",3,"Both sexes",188,0,-1,"Total",0,"Not applicable",1,"Model-based Estimates",2,"Interpolation",291984.5
49,"Total population by sex","Total population by sex","World Population Prospects",2024,"United Nations Population Division",548,"Vanuatu","VU","VUT",71,"2020",4,"Median",3,"Both sexes",188,0,-1,"Total",0,"Not applicable",1,"Model-based Estimates",2,"Interpolation",298858.5
49,"Total population by sex","Total population by sex","World Population Prospects",2024,"United Nations Population Division",548,"Vanuatu","VU","VUT",72,"2021",4,"Median",3,"Both sexes",188,0,-1,"Total",0,"Not applicable",1,"Model-based Estimates",3,"Projection",305868.5
49,"Total population by sex","Total population by sex","World Population Prospects",2024,"United Nations Population Division",548,"Vanuatu","VU","VUT",73,"2022",4,"Median",3,"Both sexes",188,0,-1,"Total",0,"Not applicable",1,"Model-based Estimates",3,"Projection",313046.5
49,"Total population by sex","Total population by sex","World Population Prospects",2024,"United Nations Population Division",548,"Vanuatu","VU","VUT",74,"2023",4,"Median",3,"Both sexes",188,0,-1,"Total",0,"Not applicable",1,"Model-based Estimates",3,"Projection",320408.5
49,"Total population by sex","Total population by sex","World Population Prospects",2024,"United Nations Population Division",548,"Vanuatu","VU","VUT",75,"2024",4,"Median",3,"Both sexes",188,0,-1,"Total",0,"Not applicable",1,"Model-based Estimates",3,"Projection",327777.5
49,"Total population by sex","Total population by sex","World Population Prospects",2024,"United Nations Population Division",548,"Vanuatu","VU","VUT",76,"2025",4,"Median",3,"Both sexes",188,0,-1,"Total",0,"Not applicable",1,"Model-based Estimates",3,"Projection",335169
49,"Total population by sex","Total population by sex","World Population Prospects",2024,"United Nations Population Division",554,"New Zealand","NZ","NZL",70,"2019",4,"Median",3,"Both sexes",188,0,-1,"Total",0,"Not applicable",1,"Model-based Estimates",2,"Interpolation",4989402.5
49,"Total population by sex","Total population by sex","World Population Prospects",2024,"United Nations Population Division",554,"New Zealand","NZ","NZL",71,"2020",4,"Median",3,"Both sexes",188,0,-1,"Total",0,"Not applicable",1,"Model-based Estimates",2,"Interpolation",5069895
49,"Total population by sex","Total population by sex","World Population Prospects",2024,"United Nations Population Division",554,"New Zealand","NZ","NZL",72,"2021",4,"Median",3,"Both sexes",188,0,-1,"Total",0,"Not applicable",1,"Model-based Estimates",2,"Interpolation",5107696.5
49,"Total population by sex","Total population by sex","World Population Prospects",2024,"United Nations Population Division",554,"New Zealand","NZ","NZL",73,"2022",4,"Median",3,"Both sexes",188,0,-1,"Total",0,"Not applicable",1,"Model-based Estimates",2,"Interpolation",5131734.5
49,"Total population by sex","Total population by sex","World Population Prospects",2024,"United Nations Population Division",554,"New Zealand","NZ","NZL",74,"2023",4,"Median",3,"Both sexes",188,0,-1,"Total",0,"Not applicable",1,"Model-based Estimates",3,"Projection",5172836
49,"Total population by sex","Total population by sex","World Population Prospects",2024,"United Nations Population Division",554,"New Zealand","NZ","NZL",75,"2024",4,"Median",3,"Both sexes",188,0,-1,"Total",0,"Not applicable",1,"Model-based Estimates",3,"Projection",5213944
49,"Total population by sex","Total population by sex","World Population Prospects",2024,"United Nations Population Division",554,"New Zealand","NZ","NZL",76,"2025",4,"Median",3,"Both sexes",188,0,-1,"Total",0,"Not applicable",1,"Model-based Estimates",3,"Projection",5251899
49,"Total population by sex","Total population by sex","World Population Prospects",2024,"United Nations Population Division",558,"Nicaragua","NI","NIC",70,"2019",4,"Median",3,"Both sexes",188,0,-1,"Total",0,"Not applicable",1,"Model-based Estimates",3,"Projection",6483657
49,"Total population by sex","Total population by sex","World Population Prospects",2024,"United Nations Population Division",558,"Nicaragua","NI","NIC",71,"2020",4,"Median",3,"Both sexes",188,0,-1,"Total",0,"Not applicable",1,"Model-based Estimates",3,"Projection",6565267
49,"Total population by sex","Total population by sex","World Population Prospects",2024,"United Nations Population Division",558,"Nicaragua","NI","NIC",72,"2021",4,"Median",3,"Both sexes",188,0,-1,"Total",0,"Not applicable",1,"Model-based Estimates",3,"Projection",6644741
49,"Total population by sex","Total population by sex","World Population Prospects",2024,"United Nations Population Division",558,"Nicaragua","NI","NIC",73,"2022",4,"Median",3,"Both sexes",188,0,-1,"Total",0,"Not applicable",1,"Model-based Estimates",3,"Projection",6730653.5
49,"Total population by sex","Total population by sex","World Population Prospects",2024,"United Nations Population Division",558,"Nicaragua","NI","NIC",74,"2023",4,"Median",3,"Both sexes",188,0,-1,"Total",0,"Not applicable",1,"Model-based Estimates",3,"Projection",6823613
49,"Total population by sex","Total population by sex","World Population Prospects",2024,"United Nations Population Division",558,"Nicaragua","NI","NIC",75,"2024",4,"Median",3,"Both sexes",188,0,-1,"Total",0,"Not applicable",1,"Model-based Estimates",3,"Projection",6916139.5
49,"Total population by sex","Total population by sex","World Population Prospects",2024,"United Nations Population Division",558,"Nicaragua","NI","NIC",76,"2025",4,"Median",3,"Both sexes",188,0,-1,"Total",0,"Not applicable",1,"Model-based Estimates",3,"Projection",7007502
49,"Total population by sex","Total population by sex","World Population Prospects",2024,"United Nations Population Division",562,"Niger","NE","NER",70,"2019",4,"Median",3,"Both sexes",188,0,-1,"Total",0,"Not applicable",1,"Model-based Estimates",3,"Projection",22947757.5
49,"Total population by sex","Total population by sex","World Population Prospects",2024,"United Nations Population Division",562,"Niger","NE","NER",71,"2020",4,"Median",3,"Both sexes",188,0,-1,"Total",0,"Not applicable",1,"Model-based Estimates",3,"Projection",23717613.5
49,"Total population by sex","Total population by sex","World Population Prospects",2024,"United Nations Population Division",562,"Niger","NE","NER",72,"2021",4,"Median",3,"Both sexes",188,0,-1,"Total",0,"Not applicable",1,"Model-based Estimates",3,"Projection",24502140
49,"Total population by sex","Total population by sex","World Population Prospects",2024,"United Nations Population Division",562,"Niger","NE","NER",73,"2022",4,"Median",3,"Both sexes",188,0,-1,"Total",0,"Not applicable",1,"Model-based Estimates",3,"Projection",25311973
49,"Total population by sex","Total population by sex","World Population Prospects",2024,"United Nations Population Division",562,"Niger","NE","NER",74,"2023",4,"Median",3,"Both sexes",188,0,-1,"Total",0,"Not applicable",1,"Model-based Estimates",3,"Projection",26159867
49,"Total population by sex","Total population by sex","World Population Prospects",2024,"United Nations Population Division",562,"Niger","NE","NER",75,"2024",4,"Median",3,"Both sexes",188,0,-1,"Total",0,"Not applicable",1,"Model-based Estimates",3,"Projection",27032412.5
49,"Total population by sex","Total population by sex","World Population Prospects",2024,"United Nations Population Division",562,"Niger","NE","NER",76,"2025",4,"Median",3,"Both sexes",188,0,-1,"Total",0,"Not applicable",1,"Model-based Estimates",3,"Projection",27917831
49,"Total population by sex","Total population by sex","World Population Prospects",2024,"United Nations Population Division",566,"Nigeria","NG","NGA",70,"2019",4,"Median",3,"Both sexes",188,0,-1,"Total",0,"Not applicable",1,"Model-based Estimates",3,"Projection",209485641
49,"Total population by sex","Total population by sex","World Population Prospects",2024,"United Nations Population Division",566,"Nigeria","NG","NGA",71,"2020",4,"Median",3,"Both sexes",188,0,-1,"Total",0,"Not applicable",1,"Model-based Estimates",3,"Projection",213996181
49,"Total population by sex","Total population by sex","World Population Prospects",2024,"United Nations Population Division",566,"Nigeria","NG","NGA",72,"2021",4,"Median",3,"Both sexes",188,0,-1,"Total",0,"Not applicable",1,"Model-based Estimates",3,"Projection",218529286.5
49,"Total population by sex","Total population by sex","World Population Prospects",2024,"United Nations Population Division",566,"Nigeria","NG","NGA",73,"2022",4,"Median",3,"Both sexes",188,0,-1,"Total",0,"Not applicable",1,"Model-based Estimates",3,"Projection",223150895.5
49,"Total population by sex","Total population by sex","World Population Prospects",2024,"United Nations Population Division",566,"Nigeria","NG","NGA",74,"2023",4,"Median",3,"Both sexes",188,0,-1,"Total",0,"Not applicable",1,"Model-based Estimates",3,"Projection",227882945
49,"Total population by sex","Total population by sex","World Population Prospects",2024,"United Nations Population Division",566,"Nigeria","NG","NGA",75,"2024",4,"Median",3,"Both sexes",188,0,-1,"Total",0,"Not applicable",1,"Model-based Estimates",3,"Projection",232679477.5
49,"Total population by sex","Total population by sex","World Population Prospects",2024,"United Nations Population Division",566,"Nigeria","NG","NGA",76,"2025",4,"Median",3,"Both sexes",188,0,-1,"Total",0,"Not applicable",1,"Model-based Estimates",3,"Projection",237527781.5
49,"Total population by sex","Total population by sex","World Population Prospects",2024,"United Nations Population Division",570,"Niue","NU","NIU",70,"2019",4,"Median",3,"Both sexes",188,0,-1,"Total",0,"Not applicable",1,"Model-based Estimates",2,"Interpolation",1793
49,"Total population by sex","Total population by sex","World Population Prospects",2024,"United Nations Population Division",570,"Niue","NU","NIU",71,"2020",4,"Median",3,"Both sexes",188,0,-1,"Total",0,"Not applicable",1,"Model-based Estimates",2,"Interpolation",1798.5
49,"Total population by sex","Total population by sex","World Population Prospects",2024,"United Nations Population Division",570,"Niue","NU","NIU",72,"2021",4,"Median",3,"Both sexes",188,0,-1,"Total",0,"Not applicable",1,"Model-based Estimates",2,"Interpolation",1813.5
49,"Total population by sex","Total population by sex","World Population Prospects",2024,"United Nations Population Division",570,"Niue","NU","NIU",73,"2022",4,"Median",3,"Both sexes",188,0,-1,"Total",0,"Not applicable",1,"Model-based Estimates",2,"Interpolation",1821.5
49,"Total population by sex","Total population by sex","World Population Prospects",2024,"United Nations Population Division",570,"Niue","NU","NIU",74,"2023",4,"Median",3,"Both sexes",188,0,-1,"Total",0,"Not applicable",1,"Model-based Estimates",3,"Projection",1817.5
49,"Total population by sex","Total population by sex","World Population Prospects",2024,"United Nations Population Division",570,"Niue","NU","NIU",75,"2024",4,"Median",3,"Both sexes",188,0,-1,"Total",0,"Not applicable",1,"Model-based Estimates",3,"Projection",1818.5
49,"Total population by sex","Total population by sex","World Population Prospects",2024,"United Nations Population Division",570,"Niue","NU","NIU",76,"2025",4,"Median",3,"Both sexes",188,0,-1,"Total",0,"Not applicable",1,"Model-based Estimates",3,"Projection",1820.5
49,"Total population by sex","Total population by sex","World Population Prospects",2024,"United Nations Population Division",578,"Norway","NO","NOR",70,"2019",4,"Median",3,"Both sexes",188,0,-1,"Total",0,"Not applicable",1,"Model-based Estimates",2,"Interpolation",5347730.5
49,"Total population by sex","Total population by sex","World Population Prospects",2024,"United Nations Population Division",578,"Norway","NO","NOR",71,"2020",4,"Median",3,"Both sexes",188,0,-1,"Total",0,"Not applicable",1,"Model-based Estimates",2,"Interpolation",5379273.5
49,"Total population by sex","Total population by sex","World Population Prospects",2024,"United Nations Population Division",578,"Norway","NO","NOR",72,"2021",4,"Median",3,"Both sexes",188,0,-1,"Total",0,"Not applicable",1,"Model-based Estimates",2,"Interpolation",5408090.5
49,"Total population by sex","Total population by sex","World Population Prospects",2024,"United Nations Population Division",578,"Norway","NO","NOR",73,"2022",4,"Median",3,"Both sexes",188,0,-1,"Total",0,"Not applicable",1,"Model-based Estimates",2,"Interpolation",5456801.5
49,"Total population by sex","Total population by sex","World Population Prospects",2024,"United Nations Population Division",578,"Norway","NO","NOR",74,"2023",4,"Median",3,"Both sexes",188,0,-1,"Total",0,"Not applicable",1,"Model-based Estimates",2,"Interpolation",5519167
49,"Total population by sex","Total population by sex","World Population Prospects",2024,"United Nations Population Division",578,"Norway","NO","NOR",75,"2024",4,"Median",3,"Both sexes",188,0,-1,"Total",0,"Not applicable",1,"Model-based Estimates",3,"Projection",5576660
49,"Total population by sex","Total population by sex","World Population Prospects",2024,"United Nations Population Division",578,"Norway","NO","NOR",76,"2025",4,"Median",3,"Both sexes",188,0,-1,"Total",0,"Not applicable",1,"Model-based Estimates",3,"Projection",5623071
49,"Total population by sex","Total population by sex","World Population Prospects",2024,"United Nations Population Division",580,"Northern Mariana Islands","MP","MNP",70,"2019",4,"Median",3,"Both sexes",188,0,-1,"Total",0,"Not applicable",1,"Model-based Estimates",2,"Interpolation",48129
49,"Total population by sex","Total population by sex","World Population Prospects",2024,"United Nations Population Division",580,"Northern Mariana Islands","MP","MNP",71,"2020",4,"Median",3,"Both sexes",188,0,-1,"Total",0,"Not applicable",1,"Model-based Estimates",2,"Interpolation",47528
49,"Total population by sex","Total population by sex","World Population Prospects",2024,"United Nations Population Division",580,"Northern Mariana Islands","MP","MNP",72,"2021",4,"Median",3,"Both sexes",188,0,-1,"Total",0,"Not applicable",1,"Model-based Estimates",3,"Projection",46979
49,"Total population by sex","Total population by sex","World Population Prospects",2024,"United Nations Population Division",580,"Northern Mariana Islands","MP","MNP",73,"2022",4,"Median",3,"Both sexes",188,0,-1,"Total",0,"Not applicable",1,"Model-based Estimates",3,"Projection",46078
49,"Total population by sex","Total population by sex","World Population Prospects",2024,"United Nations Population Division",580,"Northern Mariana Islands","MP","MNP",74,"2023",4,"Median",3,"Both sexes",188,0,-1,"Total",0,"Not applicable",1,"Model-based Estimates",3,"Projection",45143
49,"Total population by sex","Total population by sex","World Population Prospects",2024,"United Nations Population Division",580,"Northern Mariana Islands","MP","MNP",75,"2024",4,"Median",3,"Both sexes",188,0,-1,"Total",0,"Not applicable",1,"Model-based Estimates",3,"Projection",44277.5
49,"Total population by sex","Total population by sex","World Population Prospects",2024,"United Nations Population Division",580,"Northern Mariana Islands","MP","MNP",76,"2025",4,"Median",3,"Both sexes",188,0,-1,"Total",0,"Not applicable",1,"Model-based Estimates",3,"Projection",43540.5
49,"Total population by sex","Total population by sex","World Population Prospects",2024,"United Nations Population Division",583,"Micronesia (Fed. States of)","FM","FSM",70,"2019",4,"Median",3,"Both sexes",188,0,-1,"Total",0,"Not applicable",1,"Model-based Estimates",3,"Projection",110282
49,"Total population by sex","Total population by sex","World Population Prospects",2024,"United Nations Population Division",583,"Micronesia (Fed. States of)","FM","FSM",71,"2020",4,"Median",3,"Both sexes",188,0,-1,"Total",0,"Not applicable",1,"Model-based Estimates",3,"Projection",110916.5
49,"Total population by sex","Total population by sex","World Population Prospects",2024,"United Nations Population Division",583,"Micronesia (Fed. States of)","FM","FSM",72,"2021",4,"Median",3,"Both sexes",188,0,-1,"Total",0,"Not applicable",1,"Model-based Estimates",3,"Projection",111624.5
49,"Total population by sex","Total population by sex","World Population Prospects",2024,"United Nations Population Division",583,"Micronesia (Fed. States of)","FM","FSM",73,"2022",4,"Median",3,"Both sexes",188,0,-1,"Total",0,"Not applicable",1,"Model-based Estimates",3,"Projection",112113.5
49,"Total population by sex","Total population by sex","World Population Prospects",2024,"United Nations Population Division",583,"Micronesia (Fed. States of)","FM","FSM",74,"2023",4,"Median",3,"Both sexes",188,0,-1,"Total",0,"Not applicable",1,"Model-based Estimates",3,"Projection",112630.5
49,"Total population by sex","Total population by sex","World Population Prospects",2024,"United Nations Population Division",583,"Micronesia (Fed. States of)","FM","FSM",75,"2024",4,"Median",3,"Both sexes",188,0,-1,"Total",0,"Not applicable",1,"Model-based Estimates",3,"Projection",113160.5
49,"Total population by sex","Total population by sex","World Population Prospects",2024,"United Nations Population Division",583,"Micronesia (Fed. States of)","FM","FSM",76,"2025",4,"Median",3,"Both sexes",188,0,-1,"Total",0,"Not applicable",1,"Model-based Estimates",3,"Projection",113683
49,"Total population by sex","Total population by sex","World Population Prospects",2024,"United Nations Population Division",584,"Marshall Islands","MH","MHL",70,"2019",4,"Median",3,"Both sexes",188,0,-1,"Total",0,"Not applicable",1,"Model-based Estimates",2,"Interpolation",44006.5
49,"Total population by sex","Total population by sex","World Population Prospects",2024,"United Nations Population Division",584,"Marshall Islands","MH","MHL",71,"2020",4,"Median",3,"Both sexes",188,0,-1,"Total",0,"Not applicable",1,"Model-based Estimates",2,"Interpolation",42706.5
49,"Total population by sex","Total population by sex","World Population Prospects",2024,"United Nations Population Division",584,"Marshall Islands","MH","MHL",72,"2021",4,"Median",3,"Both sexes",188,0,-1,"Total",0,"Not applicable",1,"Model-based Estimates",2,"Interpolation",41367
49,"Total population by sex","Total population by sex","World Population Prospects",2024,"United Nations Population Division",584,"Marshall Islands","MH","MHL",73,"2022",4,"Median",3,"Both sexes",188,0,-1,"Total",0,"Not applicable",1,"Model-based Estimates",3,"Projection",40077
49,"Total population by sex","Total population by sex","World Population Prospects",2024,"United Nations Population Division",584,"Marshall Islands","MH","MHL",74,"2023",4,"Median",3,"Both sexes",188,0,-1,"Total",0,"Not applicable",1,"Model-based Estimates",3,"Projection",38827
49,"Total population by sex","Total population by sex","World Population Prospects",2024,"United Nations Population Division",584,"Marshall Islands","MH","MHL",75,"2024",4,"Median",3,"Both sexes",188,0,-1,"Total",0,"Not applicable",1,"Model-based Estimates",3,"Projection",37548
49,"Total population by sex","Total population by sex","World Population Prospects",2024,"United Nations Population Division",584,"Marshall Islands","MH","MHL",76,"2025",4,"Median",3,"Both sexes",188,0,-1,"Total",0,"Not applicable",1,"Model-based Estimates",3,"Projection",36282
49,"Total population by sex","Total population by sex","World Population Prospects",2024,"United Nations Population Division",585,"Palau","PW","PLW",70,"2019",4,"Median",3,"Both sexes",188,0,-1,"Total",0,"Not applicable",1,"Model-based Estimates",2,"Interpolation",17798
49,"Total population by sex","Total population by sex","World Population Prospects",2024,"United Nations Population Division",585,"Palau","PW","PLW",71,"2020",4,"Median",3,"Both sexes",188,0,-1,"Total",0,"Not applicable",1,"Model-based Estimates",2,"Interpolation",17792
49,"Total population by sex","Total population by sex","World Population Prospects",2024,"United Nations Population Division",585,"Palau","PW","PLW",72,"2021",4,"Median",3,"Both sexes",188,0,-1,"Total",0,"Not applicable",1,"Model-based Estimates",3,"Projection",17783
49,"Total population by sex","Total population by sex","World Population Prospects",2024,"United Nations Population Division",585,"Palau","PW","PLW",73,"2022",4,"Median",3,"Both sexes",188,0,-1,"Total",0,"Not applicable",1,"Model-based Estimates",3,"Projection",17759
49,"Total population by sex","Total population by sex","World Population Prospects",2024,"United Nations Population Division",585,"Palau","PW","PLW",74,"2023",4,"Median",3,"Both sexes",188,0,-1,"Total",0,"Not applicable",1,"Model-based Estimates",3,"Projection",17727.5
49,"Total population by sex","Total population by sex","World Population Prospects",2024,"United Nations Population Division",585,"Palau","PW","PLW",75,"2024",4,"Median",3,"Both sexes",188,0,-1,"Total",0,"Not applicable",1,"Model-based Estimates",3,"Projection",17695.5
49,"Total population by sex","Total population by sex","World Population Prospects",2024,"United Nations Population Division",585,"Palau","PW","PLW",76,"2025",4,"Median",3,"Both sexes",188,0,-1,"Total",0,"Not applicable",1,"Model-based Estimates",3,"Projection",17662.5
49,"Total population by sex","Total population by sex","World Population Prospects",2024,"United Nations Population Division",586,"Pakistan","PK","PAK",70,"2019",4,"Median",3,"Both sexes",188,0,-1,"Total",0,"Not applicable",1,"Model-based Estimates",3,"Projection",230800898.5
49,"Total population by sex","Total population by sex","World Population Prospects",2024,"United Nations Population Division",586,"Pakistan","PK","PAK",71,"2020",4,"Median",3,"Both sexes",188,0,-1,"Total",0,"Not applicable",1,"Model-based Estimates",3,"Projection",235001746
49,"Total population by sex","Total population by sex","World Population Prospects",2024,"United Nations Population Division",586,"Pakistan","PK","PAK",72,"2021",4,"Median",3,"Both sexes",188,0,-1,"Total",0,"Not applicable",1,"Model-based Estimates",3,"Projection",239477800.5
49,"Total population by sex","Total population by sex","World Population Prospects",2024,"United Nations Population Division",586,"Pakistan","PK","PAK",73,"2022",4,"Median",3,"Both sexes",188,0,-1,"Total",0,"Not applicable",1,"Model-based Estimates",3,"Projection",243700667
49,"Total population by sex","Total population by sex","World Population Prospects",2024,"United Nations Population Division",586,"Pakistan","PK","PAK",74,"2023",4,"Median",3,"Both sexes",188,0,-1,"Total",0,"Not applicable",1,"Model-based Estimates",3,"Projection",247504495.5
49,"Total population by sex","Total population by sex","World Population Prospects",2024,"United Nations Population Division",586,"Pakistan","PK","PAK",75,"2024",4,"Median",3,"Both sexes",188,0,-1,"Total",0,"Not applicable",1,"Model-based Estimates",3,"Projection",251269164
49,"Total population by sex","Total population by sex","World Population Prospects",2024,"United Nations Population Division",586,"Pakistan","PK","PAK",76,"2025",4,"Median",3,"Both sexes",188,0,-1,"Total",0,"Not applicable",1,"Model-based Estimates",3,"Projection",255219554.5
49,"Total population by sex","Total population by sex","World Population Prospects",2024,"United Nations Population Division",591,"Panama","PA","PAN",70,"2019",4,"Median",3,"Both sexes",188,0,-1,"Total",0,"Not applicable",1,"Model-based Estimates",2,"Interpolation",4234700.5
49,"Total population by sex","Total population by sex","World Population Prospects",2024,"United Nations Population Division",591,"Panama","PA","PAN",71,"2020",4,"Median",3,"Both sexes",188,0,-1,"Total",0,"Not applicable",1,"Model-based Estimates",2,"Interpolation",4293261
49,"Total population by sex","Total population by sex","World Population Prospects",2024,"United Nations Population Division",591,"Panama","PA","PAN",72,"2021",4,"Median",3,"Both sexes",188,0,-1,"Total",0,"Not applicable",1,"Model-based Estimates",2,"Interpolation",4345405
49,"Total population by sex","Total population by sex","World Population Prospects",2024,"United Nations Population Division",591,"Panama","PA","PAN",73,"2022",4,"Median",3,"Both sexes",188,0,-1,"Total",0,"Not applicable",1,"Model-based Estimates",2,"Interpolation",4400773
49,"Total population by sex","Total population by sex","World Population Prospects",2024,"United Nations Population Division",591,"Panama","PA","PAN",74,"2023",4,"Median",3,"Both sexes",188,0,-1,"Total",0,"Not applicable",1,"Model-based Estimates",2,"Interpolation",4458759
49,"Total population by sex","Total population by sex","World Population Prospects",2024,"United Nations Population Division",591,"Panama","PA","PAN",75,"2024",4,"Median",3,"Both sexes",188,0,-1,"Total",0,"Not applicable",1,"Model-based Estimates",3,"Projection",4515577
49,"Total population by sex","Total population by sex","World Population Prospects",2024,"United Nations Population Division",591,"Panama","PA","PAN",76,"2025",4,"Median",3,"Both sexes",188,0,-1,"Total",0,"Not applicable",1,"Model-based Estimates",3,"Projection",4571189
49,"Total population by sex","Total population by sex","World Population Prospects",2024,"United Nations Population Division",598,"Papua New Guinea","PG","PNG",70,"2019",4,"Median",3,"Both sexes",188,0,-1,"Total",0,"Not applicable",1,"Model-based Estimates",3,"Projection",9609010
49,"Total population by sex","Total population by sex","World Population Prospects",2024,"United Nations Population Division",598,"Papua New Guinea","PG","PNG",71,"2020",4,"Median",3,"Both sexes",188,0,-1,"Total",0,"Not applicable",1,"Model-based Estimates",3,"Projection",9815745.5
49,"Total population by sex","Total population by sex","World Population Prospects",2024,"United Nations Population Division",598,"Papua New Guinea","PG","PNG",72,"2021",4,"Median",3,"Both sexes",188,0,-1,"Total",0,"Not applicable",1,"Model-based Estimates",3,"Projection",10012896
49,"Total population by sex","Total population by sex","World Population Prospects",2024,"United Nations Population Division",598,"Papua New Guinea","PG","PNG",73,"2022",4,"Median",3,"Both sexes",188,0,-1,"Total",0,"Not applicable",1,"Model-based Estimates",3,"Projection",10203169.5
49,"Total population by sex","Total population by sex","World Population Prospects",2024,"United Nations Population Division",598,"Papua New Guinea","PG","PNG",74,"2023",4,"Median",3,"Both sexes",188,0,-1,"Total",0,"Not applicable",1,"Model-based Estimates",3,"Projection",10389635
49,"Total population by sex","Total population by sex","World Population Prospects",2024,"United Nations Population Division",598,"Papua New Guinea","PG","PNG",75,"2024",4,"Median",3,"Both sexes",188,0,-1,"Total",0,"Not applicable",1,"Model-based Estimates",3,"Projection",10576501.5
49,"Total population by sex","Total population by sex","World Population Prospects",2024,"United Nations Population Division",598,"Papua New Guinea","PG","PNG",76,"2025",4,"Median",3,"Both sexes",188,0,-1,"Total",0,"Not applicable",1,"Model-based Estimates",3,"Projection",10762817
49,"Total population by sex","Total population by sex","World Population Prospects",2024,"United Nations Population Division",600,"Paraguay","PY","PRY",70,"2019",4,"Median",3,"Both sexes",188,0,-1,"Total",0,"Not applicable",1,"Model-based Estimates",3,"Projection",6515058
49,"Total population by sex","Total population by sex","World Population Prospects",2024,"United Nations Population Division",600,"Paraguay","PY","PRY",71,"2020",4,"Median",3,"Both sexes",188,0,-1,"Total",0,"Not applicable",1,"Model-based Estimates",3,"Projection",6603739.5
49,"Total population by sex","Total population by sex","World Population Prospects",2024,"United Nations Population Division",600,"Paraguay","PY","PRY",72,"2021",4,"Median",3,"Both sexes",188,0,-1,"Total",0,"Not applicable",1,"Model-based Estimates",3,"Projection",6684182
49,"Total population by sex","Total population by sex","World Population Prospects",2024,"United Nations Population Division",600,"Paraguay","PY","PRY",73,"2022",4,"Median",3,"Both sexes",188,0,-1,"Total",0,"Not applicable",1,"Model-based Estimates",3,"Projection",6760464
49,"Total population by sex","Total population by sex","World Population Prospects",2024,"United Nations Population Division",600,"Paraguay","PY","PRY",74,"2023",4,"Median",3,"Both sexes",188,0,-1,"Total",0,"Not applicable",1,"Model-based Estimates",3,"Projection",6844146
49,"Total population by sex","Total population by sex","World Population Prospects",2024,"United Nations Population Division",600,"Paraguay","PY","PRY",75,"2024",4,"Median",3,"Both sexes",188,0,-1,"Total",0,"Not applicable",1,"Model-based Estimates",3,"Projection",6929153
49,"Total population by sex","Total population by sex","World Population Prospects",2024,"United Nations Population Division",600,"Paraguay","PY","PRY",76,"2025",4,"Median",3,"Both sexes",188,0,-1,"Total",0,"Not applicable",1,"Model-based Estimates",3,"Projection",7013077.5
49,"Total population by sex","Total population by sex","World Population Prospects",2024,"United Nations Population Division",604,"Peru","PE","PER",70,"2019",4,"Median",3,"Both sexes",188,0,-1,"Total",0,"Not applicable",1,"Model-based Estimates",3,"Projection",32449303
49,"Total population by sex","Total population by sex","World Population Prospects",2024,"United Nations Population Division",604,"Peru","PE","PER",71,"2020",4,"Median",3,"Both sexes",188,0,-1,"Total",0,"Not applicable",1,"Model-based Estimates",3,"Projection",32838579.5
49,"Total population by sex","Total population by sex","World Population Prospects",2024,"United Nations Population Division",604,"Peru","PE","PER",72,"2021",4,"Median",3,"Both sexes",188,0,-1,"Total",0,"Not applicable",1,"Model-based Estimates",3,"Projection",33155881.999999996
49,"Total population by sex","Total population by sex","World Population Prospects",2024,"United Nations Population Division",604,"Peru","PE","PER",73,"2022",4,"Median",3,"Both sexes",188,0,-1,"Total",0,"Not applicable",1,"Model-based Estimates",3,"Projection",33475438.000000004
49,"Total population by sex","Total population by sex","World Population Prospects",2024,"United Nations Population Division",604,"Peru","PE","PER",74,"2023",4,"Median",3,"Both sexes",188,0,-1,"Total",0,"Not applicable",1,"Model-based Estimates",3,"Projection",33845617
49,"Total population by sex","Total population by sex","World Population Prospects",2024,"United Nations Population Division",604,"Peru","PE","PER",75,"2024",4,"Median",3,"Both sexes",188,0,-1,"Total",0,"Not applicable",1,"Model-based Estimates",3,"Projection",34217847.5
49,"Total population by sex","Total population by sex","World Population Prospects",2024,"United Nations Population Division",604,"Peru","PE","PER",76,"2025",4,"Median",3,"Both sexes",188,0,-1,"Total",0,"Not applicable",1,"Model-based Estimates",3,"Projection",34576665
49,"Total population by sex","Total population by sex","World Population Prospects",2024,"United Nations Population Division",608,"Philippines","PH","PHL",70,"2019",4,"Median",3,"Both sexes",188,0,-1,"Total",0,"Not applicable",1,"Model-based Estimates",2,"Interpolation",110804683.5
49,"Total population by sex","Total population by sex","World Population Prospects",2024,"United Nations Population Division",608,"Philippines","PH","PHL",71,"2020",4,"Median",3,"Both sexes",188,0,-1,"Total",0,"Not applicable",1,"Model-based Estimates",2,"Interpolation",112081264
49,"Total population by sex","Total population by sex","World Population Prospects",2024,"United Nations Population Division",608,"Philippines","PH","PHL",72,"2021",4,"Median",3,"Both sexes",188,0,-1,"Total",0,"Not applicable",1,"Model-based Estimates",3,"Projection",113100950
49,"Total population by sex","Total population by sex","World Population Prospects",2024,"United Nations Population Division",608,"Philippines","PH","PHL",73,"2022",4,"Median",3,"Both sexes",188,0,-1,"Total",0,"Not applicable",1,"Model-based Estimates",3,"Projection",113964338.5
49,"Total population by sex","Total population by sex","World Population Prospects",2024,"United Nations Population Division",608,"Philippines","PH","PHL",74,"2023",4,"Median",3,"Both sexes",188,0,-1,"Total",0,"Not applicable",1,"Model-based Estimates",3,"Projection",114891199
49,"Total population by sex","Total population by sex","World Population Prospects",2024,"United Nations Population Division",608,"Philippines","PH","PHL",75,"2024",4,"Median",3,"Both sexes",188,0,-1,"Total",0,"Not applicable",1,"Model-based Estimates",3,"Projection",115843669.5
49,"Total population by sex","Total population by sex","World Population Prospects",2024,"United Nations Population Division",608,"Philippines","PH","PHL",76,"2025",4,"Median",3,"Both sexes",188,0,-1,"Total",0,"Not applicable",1,"Model-based Estimates",3,"Projection",116786962.5
49,"Total population by sex","Total population by sex","World Population Prospects",2024,"United Nations Population Division",616,"Poland","PL","POL",70,"2019",4,"Median",3,"Both sexes",188,0,-1,"Total",0,"Not applicable",1,"Model-based Estimates",2,"Interpolation",38225884.5
49,"Total population by sex","Total population by sex","World Population Prospects",2024,"United Nations Population Division",616,"Poland","PL","POL",71,"2020",4,"Median",3,"Both sexes",188,0,-1,"Total",0,"Not applicable",1,"Model-based Estimates",2,"Interpolation",38171012
49,"Total population by sex","Total population by sex","World Population Prospects",2024,"United Nations Population Division",616,"Poland","PL","POL",72,"2021",4,"Median",3,"Both sexes",188,0,-1,"Total",0,"Not applicable",1,"Model-based Estimates",2,"Interpolation",38040301.5
49,"Total population by sex","Total population by sex","World Population Prospects",2024,"United Nations Population Division",616,"Poland","PL","POL",73,"2022",4,"Median",3,"Both sexes",188,0,-1,"Total",0,"Not applicable",1,"Model-based Estimates",2,"Interpolation",38385739
49,"Total population by sex","Total population by sex","World Population Prospects",2024,"United Nations Population Division",616,"Poland","PL","POL",74,"2023",4,"Median",3,"Both sexes",188,0,-1,"Total",0,"Not applicable",1,"Model-based Estimates",3,"Projection",38762843.5
49,"Total population by sex","Total population by sex","World Population Prospects",2024,"United Nations Population Division",616,"Poland","PL","POL",75,"2024",4,"Median",3,"Both sexes",188,0,-1,"Total",0,"Not applicable",1,"Model-based Estimates",3,"Projection",38539201
49,"Total population by sex","Total population by sex","World Population Prospects",2024,"United Nations Population Division",616,"Poland","PL","POL",76,"2025",4,"Median",3,"Both sexes",188,0,-1,"Total",0,"Not applicable",1,"Model-based Estimates",3,"Projection",38140909.5
49,"Total population by sex","Total population by sex","World Population Prospects",2024,"United Nations Population Division",620,"Portugal","PT","PRT",70,"2019",4,"Median",3,"Both sexes",188,0,-1,"Total",0,"Not applicable",1,"Model-based Estimates",2,"Interpolation",10343213
49,"Total population by sex","Total population by sex","World Population Prospects",2024,"United Nations Population Division",620,"Portugal","PT","PRT",71,"2020",4,"Median",3,"Both sexes",188,0,-1,"Total",0,"Not applicable",1,"Model-based Estimates",2,"Interpolation",10370519
49,"Total population by sex","Total population by sex","World Population Prospects",2024,"United Nations Population Division",620,"Portugal","PT","PRT",72,"2021",4,"Median",3,"Both sexes",188,0,-1,"Total",0,"Not applicable",1,"Model-based Estimates",2,"Interpolation",10390955.5
49,"Total population by sex","Total population by sex","World Population Prospects",2024,"United Nations Population Division",620,"Portugal","PT","PRT",73,"2022",4,"Median",3,"Both sexes",188,0,-1,"Total",0,"Not applicable",1,"Model-based Estimates",2,"Interpolation",10417072.5
49,"Total population by sex","Total population by sex","World Population Prospects",2024,"United Nations Population Division",620,"Portugal","PT","PRT",74,"2023",4,"Median",3,"Both sexes",188,0,-1,"Total",0,"Not applicable",1,"Model-based Estimates",3,"Projection",10430738
49,"Total population by sex","Total population by sex","World Population Prospects",2024,"United Nations Population Division",620,"Portugal","PT","PRT",75,"2024",4,"Median",3,"Both sexes",188,0,-1,"Total",0,"Not applicable",1,"Model-based Estimates",3,"Projection",10425292.5
49,"Total population by sex","Total population by sex","World Population Prospects",2024,"United Nations Population Division",620,"Portugal","PT","PRT",76,"2025",4,"Median",3,"Both sexes",188,0,-1,"Total",0,"Not applicable",1,"Model-based Estimates",3,"Projection",10411833.5
49,"Total population by sex","Total population by sex","World Population Prospects",2024,"United Nations Population Division",624,"Guinea-Bissau","GW","GNB",70,"2019",4,"Median",3,"Both sexes",188,0,-1,"Total",0,"Not applicable",1,"Model-based Estimates",3,"Projection",1967696
49,"Total population by sex","Total population by sex","World Population Prospects",2024,"United Nations Population Division",624,"Guinea-Bissau","GW","GNB",71,"2020",4,"Median",3,"Both sexes",188,0,-1,"Total",0,"Not applicable",1,"Model-based Estimates",3,"Projection",2013255
49,"Total population by sex","Total population by sex","World Population Prospects",2024,"United Nations Population Division",624,"Guinea-Bissau","GW","GNB",72,"2021",4,"Median",3,"Both sexes",188,0,-1,"Total",0,"Not applicable",1,"Model-based Estimates",3,"Projection",2058841.5
49,"Total population by sex","Total population by sex","World Population Prospects",2024,"United Nations Population Division",624,"Guinea-Bissau","GW","GNB",73,"2022",4,"Median",3,"Both sexes",188,0,-1,"Total",0,"Not applicable",1,"Model-based Estimates",3,"Projection",2105529
49,"Total population by sex","Total population by sex","World Population Prospects",2024,"United Nations Population Division",624,"Guinea-Bissau","GW","GNB",74,"2023",4,"Median",3,"Both sexes",188,0,-1,"Total",0,"Not applicable",1,"Model-based Estimates",3,"Projection",2153339
49,"Total population by sex","Total population by sex","World Population Prospects",2024,"United Nations Population Division",624,"Guinea-Bissau","GW","GNB",75,"2024",4,"Median",3,"Both sexes",188,0,-1,"Total",0,"Not applicable",1,"Model-based Estimates",3,"Projection",2201352
49,"Total population by sex","Total population by sex","World Population Prospects",2024,"United Nations Population Division",624,"Guinea-Bissau","GW","GNB",76,"2025",4,"Median",3,"Both sexes",188,0,-1,"Total",0,"Not applicable",1,"Model-based Estimates",3,"Projection",2249515
49,"Total population by sex","Total population by sex","World Population Prospects",2024,"United Nations Population Division",626,"Timor-Leste","TL","TLS",70,"2019",4,"Median",3,"Both sexes",188,0,-1,"Total",0,"Not applicable",1,"Model-based Estimates",2,"Interpolation",1300944.5
49,"Total population by sex","Total population by sex","World Population Prospects",2024,"United Nations Population Division",626,"Timor-Leste","TL","TLS",71,"2020",4,"Median",3,"Both sexes",188,0,-1,"Total",0,"Not applicable",1,"Model-based Estimates",2,"Interpolation",1326053.5
49,"Total population by sex","Total population by sex","World Population Prospects",2024,"United Nations Population Division",626,"Timor-Leste","TL","TLS",72,"2021",4,"Median",3,"Both sexes",188,0,-1,"Total",0,"Not applicable",1,"Model-based Estimates",2,"Interpolation",1350138.5
49,"Total population by sex","Total population by sex","World Population Prospects",2024,"United Nations Population Division",626,"Timor-Leste","TL","TLS",73,"2022",4,"Median",3,"Both sexes",188,0,-1,"Total",0,"Not applicable",1,"Model-based Estimates",2,"Interpolation",1369295.5
49,"Total population by sex","Total population by sex","World Population Prospects",2024,"United Nations Population Division",626,"Timor-Leste","TL","TLS",74,"2023",4,"Median",3,"Both sexes",188,0,-1,"Total",0,"Not applicable",1,"Model-based Estimates",3,"Projection",1384286
49,"Total population by sex","Total population by sex","World Population Prospects",2024,"United Nations Population Division",626,"Timor-Leste","TL","TLS",75,"2024",4,"Median",3,"Both sexes",188,0,-1,"Total",0,"Not applicable",1,"Model-based Estimates",3,"Projection",1400638
49,"Total population by sex","Total population by sex","World Population Prospects",2024,"United Nations Population Division",626,"Timor-Leste","TL","TLS",76,"2025",4,"Median",3,"Both sexes",188,0,-1,"Total",0,"Not applicable",1,"Model-based Estimates",3,"Projection",1418517.5
49,"Total population by sex","Total population by sex","World Population Prospects",2024,"United Nations Population Division",630,"Puerto Rico","PR","PRI",70,"2019",4,"Median",3,"Both sexes",188,0,-1,"Total",0,"Not applicable",1,"Model-based Estimates",2,"Interpolation",3288028
49,"Total population by sex","Total population by sex","World Population Prospects",2024,"United Nations Population Division",630,"Puerto Rico","PR","PRI",71,"2020",4,"Median",3,"Both sexes",188,0,-1,"Total",0,"Not applicable",1,"Model-based Estimates",2,"Interpolation",3275805
49,"Total population by sex","Total population by sex","World Population Prospects",2024,"United Nations Population Division",630,"Puerto Rico","PR","PRI",72,"2021",4,"Median",3,"Both sexes",188,0,-1,"Total",0,"Not applicable",1,"Model-based Estimates",3,"Projection",3253210
49,"Total population by sex","Total population by sex","World Population Prospects",2024,"United Nations Population Division",630,"Puerto Rico","PR","PRI",73,"2022",4,"Median",3,"Both sexes",188,0,-1,"Total",0,"Not applicable",1,"Model-based Estimates",3,"Projection",3240968.5
49,"Total population by sex","Total population by sex","World Population Prospects",2024,"United Nations Population Division",630,"Puerto Rico","PR","PRI",74,"2023",4,"Median",3,"Both sexes",188,0,-1,"Total",0,"Not applicable",1,"Model-based Estimates",3,"Projection",3242022.5
49,"Total population by sex","Total population by sex","World Population Prospects",2024,"United Nations Population Division",630,"Puerto Rico","PR","PRI",75,"2024",4,"Median",3,"Both sexes",188,0,-1,"Total",0,"Not applicable",1,"Model-based Estimates",3,"Projection",3242204
49,"Total population by sex","Total population by sex","World Population Prospects",2024,"United Nations Population Division",630,"Puerto Rico","PR","PRI",76,"2025",4,"Median",3,"Both sexes",188,0,-1,"Total",0,"Not applicable",1,"Model-based Estimates",3,"Projection",3235289.5
49,"Total population by sex","Total population by sex","World Population Prospects",2024,"United Nations Population Division",634,"Qatar","QA","QAT",70,"2019",4,"Median",3,"Both sexes",188,0,-1,"Total",0,"Not applicable",1,"Model-based Estimates",2,"Interpolation",2797921
49,"Total population by sex","Total population by sex","World Population Prospects",2024,"United Nations Population Division",634,"Qatar","QA","QAT",71,"2020",4,"Median",3,"Both sexes",188,0,-1,"Total",0,"Not applicable",1,"Model-based Estimates",2,"Interpolation",2803375
49,"Total population by sex","Total population by sex","World Population Prospects",2024,"United Nations Population Division",634,"Qatar","QA","QAT",72,"2021",4,"Median",3,"Both sexes",188,0,-1,"Total",0,"Not applicable",1,"Model-based Estimates",2,"Interpolation",2814982
49,"Total population by sex","Total population by sex","World Population Prospects",2024,"United Nations Population Division",634,"Qatar","QA","QAT",73,"2022",4,"Median",3,"Both sexes",188,0,-1,"Total",0,"Not applicable",1,"Model-based Estimates",2,"Interpolation",2892455
49,"Total population by sex","Total population by sex","World Population Prospects",2024,"United Nations Population Division",634,"Qatar","QA","QAT",74,"2023",4,"Median",3,"Both sexes",188,0,-1,"Total",0,"Not applicable",1,"Model-based Estimates",3,"Projection",2979082
49,"Total population by sex","Total population by sex","World Population Prospects",2024,"United Nations Population Division",634,"Qatar","QA","QAT",75,"2024",4,"Median",3,"Both sexes",188,0,-1,"Total",0,"Not applicable",1,"Model-based Estimates",3,"Projection",3048423
49,"Total population by sex","Total population by sex","World Population Prospects",2024,"United Nations Population Division",634,"Qatar","QA","QAT",76,"2025",4,"Median",3,"Both sexes",188,0,-1,"Total",0,"Not applicable",1,"Model-based Estimates",3,"Projection",3115888.5
49,"Total population by sex","Total population by sex","World Population Prospects",2024,"United Nations Population Division",638,"Réunion","RE","REU",70,"2019",4,"Median",3,"Both sexes",188,0,-1,"Total",0,"Not applicable",1,"Model-based Estimates",2,"Interpolation",857327.5
49,"Total population by sex","Total population by sex","World Population Prospects",2024,"United Nations Population Division",638,"Réunion","RE","REU",71,"2020",4,"Median",3,"Both sexes",188,0,-1,"Total",0,"Not applicable",1,"Model-based Estimates",2,"Interpolation",861446
49,"Total population by sex","Total population by sex","World Population Prospects",2024,"United Nations Population Division",638,"Réunion","RE","REU",72,"2021",4,"Median",3,"Both sexes",188,0,-1,"Total",0,"Not applicable",1,"Model-based Estimates",2,"Interpolation",868079
49,"Total population by sex","Total population by sex","World Population Prospects",2024,"United Nations Population Division",638,"Réunion","RE","REU",73,"2022",4,"Median",3,"Both sexes",188,0,-1,"Total",0,"Not applicable",1,"Model-based Estimates",2,"Interpolation",871540.5
49,"Total population by sex","Total population by sex","World Population Prospects",2024,"United Nations Population Division",638,"Réunion","RE","REU",74,"2023",4,"Median",3,"Both sexes",188,0,-1,"Total",0,"Not applicable",1,"Model-based Estimates",2,"Interpolation",874883
49,"Total population by sex","Total population by sex","World Population Prospects",2024,"United Nations Population Division",638,"Réunion","RE","REU",75,"2024",4,"Median",3,"Both sexes",188,0,-1,"Total",0,"Not applicable",1,"Model-based Estimates",3,"Projection",878590.5
49,"Total population by sex","Total population by sex","World Population Prospects",2024,"United Nations Population Division",638,"Réunion","RE","REU",76,"2025",4,"Median",3,"Both sexes",188,0,-1,"Total",0,"Not applicable",1,"Model-based Estimates",3,"Projection",882405.5
49,"Total population by sex","Total population by sex","World Population Prospects",2024,"United Nations Population Division",642,"Romania","RO","ROU",70,"2019",4,"Median",3,"Both sexes",188,0,-1,"Total",0,"Not applicable",1,"Model-based Estimates",2,"Interpolation",19501542
49,"Total population by sex","Total population by sex","World Population Prospects",2024,"United Nations Population Division",642,"Romania","RO","ROU",71,"2020",4,"Median",3,"Both sexes",188,0,-1,"Total",0,"Not applicable",1,"Model-based Estimates",2,"Interpolation",19392469
49,"Total population by sex","Total population by sex","World Population Prospects",2024,"United Nations Population Division",642,"Romania","RO","ROU",72,"2021",4,"Median",3,"Both sexes",188,0,-1,"Total",0,"Not applicable",1,"Model-based Estimates",2,"Interpolation",19248161
49,"Total population by sex","Total population by sex","World Population Prospects",2024,"United Nations Population Division",642,"Romania","RO","ROU",73,"2022",4,"Median",3,"Both sexes",188,0,-1,"Total",0,"Not applicable",1,"Model-based Estimates",3,"Projection",19166772.5
49,"Total population by sex","Total population by sex","World Population Prospects",2024,"United Nations Population Division",642,"Romania","RO","ROU",74,"2023",4,"Median",3,"Both sexes",188,0,-1,"Total",0,"Not applicable",1,"Model-based Estimates",3,"Projection",19118478.5
49,"Total population by sex","Total population by sex","World Population Prospects",2024,"United Nations Population Division",642,"Romania","RO","ROU",75,"2024",4,"Median",3,"Both sexes",188,0,-1,"Total",0,"Not applicable",1,"Model-based Estimates",3,"Projection",19015088
49,"Total population by sex","Total population by sex","World Population Prospects",2024,"United Nations Population Division",642,"Romania","RO","ROU",76,"2025",4,"Median",3,"Both sexes",188,0,-1,"Total",0,"Not applicable",1,"Model-based Estimates",3,"Projection",18908650.5
49,"Total population by sex","Total population by sex","World Population Prospects",2024,"United Nations Population Division",643,"Russian Federation","RU","RUS",70,"2019",4,"Median",3,"Both sexes",188,0,-1,"Total",0,"Not applicable",1,"Model-based Estimates",2,"Interpolation",146533067
49,"Total population by sex","Total population by sex","World Population Prospects",2024,"United Nations Population Division",643,"Russian Federation","RU","RUS",71,"2020",4,"Median",3,"Both sexes",188,0,-1,"Total",0,"Not applicable",1,"Model-based Estimates",2,"Interpolation",146371298.5
49,"Total population by sex","Total population by sex","World Population Prospects",2024,"United Nations Population Division",643,"Russian Federation","RU","RUS",72,"2021",4,"Median",3,"Both sexes",188,0,-1,"Total",0,"Not applicable",1,"Model-based Estimates",2,"Interpolation",145836175
49,"Total population by sex","Total population by sex","World Population Prospects",2024,"United Nations Population Division",643,"Russian Federation","RU","RUS",73,"2022",4,"Median",3,"Both sexes",188,0,-1,"Total",0,"Not applicable",1,"Model-based Estimates",3,"Projection",145579899
49,"Total population by sex","Total population by sex","World Population Prospects",2024,"United Nations Population Division",643,"Russian Federation","RU","RUS",74,"2023",4,"Median",3,"Both sexes",188,0,-1,"Total",0,"Not applicable",1,"Model-based Estimates",3,"Projection",145440500.5
49,"Total population by sex","Total population by sex","World Population Prospects",2024,"United Nations Population Division",643,"Russian Federation","RU","RUS",75,"2024",4,"Median",3,"Both sexes",188,0,-1,"Total",0,"Not applicable",1,"Model-based Estimates",3,"Projection",144820423
49,"Total population by sex","Total population by sex","World Population Prospects",2024,"United Nations Population Division",643,"Russian Federation","RU","RUS",76,"2025",4,"Median",3,"Both sexes",188,0,-1,"Total",0,"Not applicable",1,"Model-based Estimates",3,"Projection",143997393
49,"Total population by sex","Total population by sex","World Population Prospects",2024,"United Nations Population Division",646,"Rwanda","RW","RWA",70,"2019",4,"Median",3,"Both sexes",188,0,-1,"Total",0,"Not applicable",1,"Model-based Estimates",2,"Interpolation",12776103
49,"Total population by sex","Total population by sex","World Population Prospects",2024,"United Nations Population Division",646,"Rwanda","RW","RWA",71,"2020",4,"Median",3,"Both sexes",188,0,-1,"Total",0,"Not applicable",1,"Model-based Estimates",2,"Interpolation",13065837
49,"Total population by sex","Total population by sex","World Population Prospects",2024,"United Nations Population Division",646,"Rwanda","RW","RWA",72,"2021",4,"Median",3,"Both sexes",188,0,-1,"Total",0,"Not applicable",1,"Model-based Estimates",2,"Interpolation",13355260
49,"Total population by sex","Total population by sex","World Population Prospects",2024,"United Nations Population Division",646,"Rwanda","RW","RWA",73,"2022",4,"Median",3,"Both sexes",188,0,-1,"Total",0,"Not applicable",1,"Model-based Estimates",2,"Interpolation",13651030
49,"Total population by sex","Total population by sex","World Population Prospects",2024,"United Nations Population Division",646,"Rwanda","RW","RWA",74,"2023",4,"Median",3,"Both sexes",188,0,-1,"Total",0,"Not applicable",1,"Model-based Estimates",3,"Projection",13954471.5
49,"Total population by sex","Total population by sex","World Population Prospects",2024,"United Nations Population Division",646,"Rwanda","RW","RWA",75,"2024",4,"Median",3,"Both sexes",188,0,-1,"Total",0,"Not applicable",1,"Model-based Estimates",3,"Projection",14256566.5
49,"Total population by sex","Total population by sex","World Population Prospects",2024,"United Nations Population Division",646,"Rwanda","RW","RWA",76,"2025",4,"Median",3,"Both sexes",188,0,-1,"Total",0,"Not applicable",1,"Model-based Estimates",3,"Projection",14569340.5
49,"Total population by sex","Total population by sex","World Population Prospects",2024,"United Nations Population Division",652,"Saint Barthélemy","BL","BLM",70,"2019",4,"Median",3,"Both sexes",188,0,-1,"Total",0,"Not applicable",1,"Model-based Estimates",2,"Interpolation",10298.5
49,"Total population by sex","Total population by sex","World Population Prospects",2024,"United Nations Population Division",652,"Saint Barthélemy","BL","BLM",71,"2020",4,"Median",3,"Both sexes",188,0,-1,"Total",0,"Not applicable",1,"Model-based Estimates",2,"Interpolation",10543
49,"Total population by sex","Total population by sex","World Population Prospects",2024,"United Nations Population Division",652,"Saint Barthélemy","BL","BLM",72,"2021",4,"Median",3,"Both sexes",188,0,-1,"Total",0,"Not applicable",1,"Model-based Estimates",2,"Interpolation",10764
49,"Total population by sex","Total population by sex","World Population Prospects",2024,"United Nations Population Division",652,"Saint Barthélemy","BL","BLM",73,"2022",4,"Median",3,"Both sexes",188,0,-1,"Total",0,"Not applicable",1,"Model-based Estimates",2,"Interpolation",10920
49,"Total population by sex","Total population by sex","World Population Prospects",2024,"United Nations Population Division",652,"Saint Barthélemy","BL","BLM",74,"2023",4,"Median",3,"Both sexes",188,0,-1,"Total",0,"Not applicable",1,"Model-based Estimates",2,"Interpolation",11085
49,"Total population by sex","Total population by sex","World Population Prospects",2024,"United Nations Population Division",652,"Saint Barthélemy","BL","BLM",75,"2024",4,"Median",3,"Both sexes",188,0,-1,"Total",0,"Not applicable",1,"Model-based Estimates",3,"Projection",11257.5
49,"Total population by sex","Total population by sex","World Population Prospects",2024,"United Nations Population Division",652,"Saint Barthélemy","BL","BLM",76,"2025",4,"Median",3,"Both sexes",188,0,-1,"Total",0,"Not applicable",1,"Model-based Estimates",3,"Projection",11413.5
49,"Total population by sex","Total population by sex","World Population Prospects",2024,"United Nations Population Division",654,"Saint Helena","SH","SHN",70,"2019",4,"Median",3,"Both sexes",188,0,-1,"Total",0,"Not applicable",1,"Model-based Estimates",2,"Interpolation",5458.5
49,"Total population by sex","Total population by sex","World Population Prospects",2024,"United Nations Population Division",654,"Saint Helena","SH","SHN",71,"2020",4,"Median",3,"Both sexes",188,0,-1,"Total",0,"Not applicable",1,"Model-based Estimates",2,"Interpolation",5430
49,"Total population by sex","Total population by sex","World Population Prospects",2024,"United Nations Population Division",654,"Saint Helena","SH","SHN",72,"2021",4,"Median",3,"Both sexes",188,0,-1,"Total",0,"Not applicable",1,"Model-based Estimates",2,"Interpolation",5390
49,"Total population by sex","Total population by sex","World Population Prospects",2024,"United Nations Population Division",654,"Saint Helena","SH","SHN",73,"2022",4,"Median",3,"Both sexes",188,0,-1,"Total",0,"Not applicable",1,"Model-based Estimates",3,"Projection",5343
49,"Total population by sex","Total population by sex","World Population Prospects",2024,"United Nations Population Division",654,"Saint Helena","SH","SHN",74,"2023",4,"Median",3,"Both sexes",188,0,-1,"Total",0,"Not applicable",1,"Model-based Estimates",3,"Projection",5288.5
49,"Total population by sex","Total population by sex","World Population Prospects",2024,"United Nations Population Division",654,"Saint Helena","SH","SHN",75,"2024",4,"Median",3,"Both sexes",188,0,-1,"Total",0,"Not applicable",1,"Model-based Estimates",3,"Projection",5237.5
49,"Total population by sex","Total population by sex","World Population Prospects",2024,"United Nations Population Division",654,"Saint Helena","SH","SHN",76,"2025",4,"Median",3,"Both sexes",188,0,-1,"Total",0,"Not applicable",1,"Model-based Estimates",3,"Projection",5196.5
49,"Total population by sex","Total population by sex","World Population Prospects",2024,"United Nations Population Division",659,"Saint Kitts and Nevis","KN","KNA",70,"2019",4,"Median",3,"Both sexes",188,0,-1,"Total",0,"Not applicable",1,"Model-based Estimates",3,"Projection",46951.5
49,"Total population by sex","Total population by sex","World Population Prospects",2024,"United Nations Population Division",659,"Saint Kitts and Nevis","KN","KNA",71,"2020",4,"Median",3,"Both sexes",188,0,-1,"Total",0,"Not applicable",1,"Model-based Estimates",3,"Projection",46870
49,"Total population by sex","Total population by sex","World Population Prospects",2024,"United Nations Population Division",659,"Saint Kitts and Nevis","KN","KNA",72,"2021",4,"Median",3,"Both sexes",188,0,-1,"Total",0,"Not applicable",1,"Model-based Estimates",3,"Projection",46763
49,"Total population by sex","Total population by sex","World Population Prospects",2024,"United Nations Population Division",659,"Saint Kitts and Nevis","KN","KNA",73,"2022",4,"Median",3,"Both sexes",188,0,-1,"Total",0,"Not applicable",1,"Model-based Estimates",3,"Projection",46709.5
49,"Total population by sex","Total population by sex","World Population Prospects",2024,"United Nations Population Division",659,"Saint Kitts and Nevis","KN","KNA",74,"2023",4,"Median",3,"Both sexes",188,0,-1,"Total",0,"Not applicable",1,"Model-based Estimates",3,"Projection",46758
49,"Total population by sex","Total population by sex","World Population Prospects",2024,"United Nations Population Division",659,"Saint Kitts and Nevis","KN","KNA",75,"2024",4,"Median",3,"Both sexes",188,0,-1,"Total",0,"Not applicable",1,"Model-based Estimates",3,"Projection",46843
49,"Total population by sex","Total population by sex","World Population Prospects",2024,"United Nations Population Division",659,"Saint Kitts and Nevis","KN","KNA",76,"2025",4,"Median",3,"Both sexes",188,0,-1,"Total",0,"Not applicable",1,"Model-based Estimates",3,"Projection",46921.5
49,"Total population by sex","Total population by sex","World Population Prospects",2024,"United Nations Population Division",660,"Anguilla","AI","AIA",70,"2019",4,"Median",3,"Both sexes",188,0,-1,"Total",0,"Not applicable",1,"Model-based Estimates",3,"Projection",14823.5
49,"Total population by sex","Total population by sex","World Population Prospects",2024,"United Nations Population Division",660,"Anguilla","AI","AIA",71,"2020",4,"Median",3,"Both sexes",188,0,-1,"Total",0,"Not applicable",1,"Model-based Estimates",3,"Projection",14843
49,"Total population by sex","Total population by sex","World Population Prospects",2024,"United Nations Population Division",660,"Anguilla","AI","AIA",72,"2021",4,"Median",3,"Both sexes",188,0,-1,"Total",0,"Not applicable",1,"Model-based Estimates",3,"Projection",14474.5
49,"Total population by sex","Total population by sex","World Population Prospects",2024,"United Nations Population Division",660,"Anguilla","AI","AIA",73,"2022",4,"Median",3,"Both sexes",188,0,-1,"Total",0,"Not applicable",1,"Model-based Estimates",3,"Projection",14179.5
49,"Total population by sex","Total population by sex","World Population Prospects",2024,"United Nations Population Division",660,"Anguilla","AI","AIA",74,"2023",4,"Median",3,"Both sexes",188,0,-1,"Total",0,"Not applicable",1,"Model-based Estimates",3,"Projection",14410
49,"Total population by sex","Total population by sex","World Population Prospects",2024,"United Nations Population Division",660,"Anguilla","AI","AIA",75,"2024",4,"Median",3,"Both sexes",188,0,-1,"Total",0,"Not applicable",1,"Model-based Estimates",3,"Projection",14598.5
49,"Total population by sex","Total population by sex","World Population Prospects",2024,"United Nations Population Division",660,"Anguilla","AI","AIA",76,"2025",4,"Median",3,"Both sexes",188,0,-1,"Total",0,"Not applicable",1,"Model-based Estimates",3,"Projection",14728
49,"Total population by sex","Total population by sex","World Population Prospects",2024,"United Nations Population Division",662,"Saint Lucia","LC","LCA",70,"2019",4,"Median",3,"Both sexes",188,0,-1,"Total",0,"Not applicable",1,"Model-based Estimates",3,"Projection",177661.5
49,"Total population by sex","Total population by sex","World Population Prospects",2024,"United Nations Population Division",662,"Saint Lucia","LC","LCA",71,"2020",4,"Median",3,"Both sexes",188,0,-1,"Total",0,"Not applicable",1,"Model-based Estimates",3,"Projection",178250.5
49,"Total population by sex","Total population by sex","World Population Prospects",2024,"United Nations Population Division",662,"Saint Lucia","LC","LCA",72,"2021",4,"Median",3,"Both sexes",188,0,-1,"Total",0,"Not applicable",1,"Model-based Estimates",3,"Projection",178522
49,"Total population by sex","Total population by sex","World Population Prospects",2024,"United Nations Population Division",662,"Saint Lucia","LC","LCA",73,"2022",4,"Median",3,"Both sexes",188,0,-1,"Total",0,"Not applicable",1,"Model-based Estimates",3,"Projection",178781
49,"Total population by sex","Total population by sex","World Population Prospects",2024,"United Nations Population Division",662,"Saint Lucia","LC","LCA",74,"2023",4,"Median",3,"Both sexes",188,0,-1,"Total",0,"Not applicable",1,"Model-based Estimates",3,"Projection",179284.5
49,"Total population by sex","Total population by sex","World Population Prospects",2024,"United Nations Population Division",662,"Saint Lucia","LC","LCA",75,"2024",4,"Median",3,"Both sexes",188,0,-1,"Total",0,"Not applicable",1,"Model-based Estimates",3,"Projection",179743.5
49,"Total population by sex","Total population by sex","World Population Prospects",2024,"United Nations Population Division",662,"Saint Lucia","LC","LCA",76,"2025",4,"Median",3,"Both sexes",188,0,-1,"Total",0,"Not applicable",1,"Model-based Estimates",3,"Projection",180149
49,"Total population by sex","Total population by sex","World Population Prospects",2024,"United Nations Population Division",663,"Saint Martin (French part)","MF","MAF",70,"2019",4,"Median",3,"Both sexes",188,0,-1,"Total",0,"Not applicable",1,"Model-based Estimates",2,"Interpolation",34266.5
49,"Total population by sex","Total population by sex","World Population Prospects",2024,"United Nations Population Division",663,"Saint Martin (French part)","MF","MAF",71,"2020",4,"Median",3,"Both sexes",188,0,-1,"Total",0,"Not applicable",1,"Model-based Estimates",2,"Interpolation",31786
49,"Total population by sex","Total population by sex","World Population Prospects",2024,"United Nations Population Division",663,"Saint Martin (French part)","MF","MAF",72,"2021",4,"Median",3,"Both sexes",188,0,-1,"Total",0,"Not applicable",1,"Model-based Estimates",2,"Interpolation",29961
49,"Total population by sex","Total population by sex","World Population Prospects",2024,"United Nations Population Division",663,"Saint Martin (French part)","MF","MAF",73,"2022",4,"Median",3,"Both sexes",188,0,-1,"Total",0,"Not applicable",1,"Model-based Estimates",2,"Interpolation",28870.5
49,"Total population by sex","Total population by sex","World Population Prospects",2024,"United Nations Population Division",663,"Saint Martin (French part)","MF","MAF",74,"2023",4,"Median",3,"Both sexes",188,0,-1,"Total",0,"Not applicable",1,"Model-based Estimates",2,"Interpolation",27514.5
49,"Total population by sex","Total population by sex","World Population Prospects",2024,"United Nations Population Division",663,"Saint Martin (French part)","MF","MAF",75,"2024",4,"Median",3,"Both sexes",188,0,-1,"Total",0,"Not applicable",1,"Model-based Estimates",3,"Projection",26129
49,"Total population by sex","Total population by sex","World Population Prospects",2024,"United Nations Population Division",663,"Saint Martin (French part)","MF","MAF",76,"2025",4,"Median",3,"Both sexes",188,0,-1,"Total",0,"Not applicable",1,"Model-based Estimates",3,"Projection",24940.5
49,"Total population by sex","Total population by sex","World Population Prospects",2024,"United Nations Population Division",666,"Saint Pierre and Miquelon","PM","SPM",70,"2019",4,"Median",3,"Both sexes",188,0,-1,"Total",0,"Not applicable",1,"Model-based Estimates",2,"Interpolation",5876
49,"Total population by sex","Total population by sex","World Population Prospects",2024,"United Nations Population Division",666,"Saint Pierre and Miquelon","PM","SPM",71,"2020",4,"Median",3,"Both sexes",188,0,-1,"Total",0,"Not applicable",1,"Model-based Estimates",2,"Interpolation",5827
49,"Total population by sex","Total population by sex","World Population Prospects",2024,"United Nations Population Division",666,"Saint Pierre and Miquelon","PM","SPM",72,"2021",4,"Median",3,"Both sexes",188,0,-1,"Total",0,"Not applicable",1,"Model-based Estimates",3,"Projection",5779
49,"Total population by sex","Total population by sex","World Population Prospects",2024,"United Nations Population Division",666,"Saint Pierre and Miquelon","PM","SPM",73,"2022",4,"Median",3,"Both sexes",188,0,-1,"Total",0,"Not applicable",1,"Model-based Estimates",3,"Projection",5732
49,"Total population by sex","Total population by sex","World Population Prospects",2024,"United Nations Population Division",666,"Saint Pierre and Miquelon","PM","SPM",74,"2023",4,"Median",3,"Both sexes",188,0,-1,"Total",0,"Not applicable",1,"Model-based Estimates",3,"Projection",5681.5
49,"Total population by sex","Total population by sex","World Population Prospects",2024,"United Nations Population Division",666,"Saint Pierre and Miquelon","PM","SPM",75,"2024",4,"Median",3,"Both sexes",188,0,-1,"Total",0,"Not applicable",1,"Model-based Estimates",3,"Projection",5628
49,"Total population by sex","Total population by sex","World Population Prospects",2024,"United Nations Population Division",666,"Saint Pierre and Miquelon","PM","SPM",76,"2025",4,"Median",3,"Both sexes",188,0,-1,"Total",0,"Not applicable",1,"Model-based Estimates",3,"Projection",5573.5
49,"Total population by sex","Total population by sex","World Population Prospects",2024,"United Nations Population Division",670,"Saint Vincent and the Grenadines","VC","VCT",70,"2019",4,"Median",3,"Both sexes",188,0,-1,"Total",0,"Not applicable",1,"Model-based Estimates",3,"Projection",104167
49,"Total population by sex","Total population by sex","World Population Prospects",2024,"United Nations Population Division",670,"Saint Vincent and the Grenadines","VC","VCT",71,"2020",4,"Median",3,"Both sexes",188,0,-1,"Total",0,"Not applicable",1,"Model-based Estimates",3,"Projection",103526
49,"Total population by sex","Total population by sex","World Population Prospects",2024,"United Nations Population Division",670,"Saint Vincent and the Grenadines","VC","VCT",72,"2021",4,"Median",3,"Both sexes",188,0,-1,"Total",0,"Not applicable",1,"Model-based Estimates",3,"Projection",102841
49,"Total population by sex","Total population by sex","World Population Prospects",2024,"United Nations Population Division",670,"Saint Vincent and the Grenadines","VC","VCT",73,"2022",4,"Median",3,"Both sexes",188,0,-1,"Total",0,"Not applicable",1,"Model-based Estimates",3,"Projection",102046
49,"Total population by sex","Total population by sex","World Population Prospects",2024,"United Nations Population Division",670,"Saint Vincent and the Grenadines","VC","VCT",74,"2023",4,"Median",3,"Both sexes",188,0,-1,"Total",0,"Not applicable",1,"Model-based Estimates",3,"Projection",101322.5
49,"Total population by sex","Total population by sex","World Population Prospects",2024,"United Nations Population Division",670,"Saint Vincent and the Grenadines","VC","VCT",75,"2024",4,"Median",3,"Both sexes",188,0,-1,"Total",0,"Not applicable",1,"Model-based Estimates",3,"Projection",100616
49,"Total population by sex","Total population by sex","World Population Prospects",2024,"United Nations Population Division",670,"Saint Vincent and the Grenadines","VC","VCT",76,"2025",4,"Median",3,"Both sexes",188,0,-1,"Total",0,"Not applicable",1,"Model-based Estimates",3,"Projection",99924.5
49,"Total population by sex","Total population by sex","World Population Prospects",2024,"United Nations Population Division",674,"San Marino","SM","SMR",70,"2019",4,"Median",3,"Both sexes",188,0,-1,"Total",0,"Not applicable",1,"Model-based Estimates",2,"Interpolation",34653
49,"Total population by sex","Total population by sex","World Population Prospects",2024,"United Nations Population Division",674,"San Marino","SM","SMR",71,"2020",4,"Median",3,"Both sexes",188,0,-1,"Total",0,"Not applicable",1,"Model-based Estimates",2,"Interpolation",34768.5
49,"Total population by sex","Total population by sex","World Population Prospects",2024,"United Nations Population Division",674,"San Marino","SM","SMR",72,"2021",4,"Median",3,"Both sexes",188,0,-1,"Total",0,"Not applicable",1,"Model-based Estimates",2,"Interpolation",34572.5
49,"Total population by sex","Total population by sex","World Population Prospects",2024,"United Nations Population Division",674,"San Marino","SM","SMR",73,"2022",4,"Median",3,"Both sexes",188,0,-1,"Total",0,"Not applicable",1,"Model-based Estimates",2,"Interpolation",34090
49,"Total population by sex","Total population by sex","World Population Prospects",2024,"United Nations Population Division",674,"San Marino","SM","SMR",74,"2023",4,"Median",3,"Both sexes",188,0,-1,"Total",0,"Not applicable",1,"Model-based Estimates",3,"Projection",33732.5
49,"Total population by sex","Total population by sex","World Population Prospects",2024,"United Nations Population Division",674,"San Marino","SM","SMR",75,"2024",4,"Median",3,"Both sexes",188,0,-1,"Total",0,"Not applicable",1,"Model-based Estimates",3,"Projection",33581
49,"Total population by sex","Total population by sex","World Population Prospects",2024,"United Nations Population Division",674,"San Marino","SM","SMR",76,"2025",4,"Median",3,"Both sexes",188,0,-1,"Total",0,"Not applicable",1,"Model-based Estimates",3,"Projection",33572.5
49,"Total population by sex","Total population by sex","World Population Prospects",2024,"United Nations Population Division",678,"Sao Tome and Principe","ST","STP",70,"2019",4,"Median",3,"Both sexes",188,0,-1,"Total",0,"Not applicable",1,"Model-based Estimates",3,"Projection",213392
49,"Total population by sex","Total population by sex","World Population Prospects",2024,"United Nations Population Division",678,"Sao Tome and Principe","ST","STP",71,"2020",4,"Median",3,"Both sexes",188,0,-1,"Total",0,"Not applicable",1,"Model-based Estimates",3,"Projection",217434.5
49,"Total population by sex","Total population by sex","World Population Prospects",2024,"United Nations Population Division",678,"Sao Tome and Principe","ST","STP",72,"2021",4,"Median",3,"Both sexes",188,0,-1,"Total",0,"Not applicable",1,"Model-based Estimates",3,"Projection",221961
49,"Total population by sex","Total population by sex","World Population Prospects",2024,"United Nations Population Division",678,"Sao Tome and Principe","ST","STP",73,"2022",4,"Median",3,"Both sexes",188,0,-1,"Total",0,"Not applicable",1,"Model-based Estimates",3,"Projection",226305
49,"Total population by sex","Total population by sex","World Population Prospects",2024,"United Nations Population Division",678,"Sao Tome and Principe","ST","STP",74,"2023",4,"Median",3,"Both sexes",188,0,-1,"Total",0,"Not applicable",1,"Model-based Estimates",3,"Projection",230871.5
49,"Total population by sex","Total population by sex","World Population Prospects",2024,"United Nations Population Division",678,"Sao Tome and Principe","ST","STP",75,"2024",4,"Median",3,"Both sexes",188,0,-1,"Total",0,"Not applicable",1,"Model-based Estimates",3,"Projection",235536.5
49,"Total population by sex","Total population by sex","World Population Prospects",2024,"United Nations Population Division",678,"Sao Tome and Principe","ST","STP",76,"2025",4,"Median",3,"Both sexes",188,0,-1,"Total",0,"Not applicable",1,"Model-based Estimates",3,"Projection",240254
49,"Total population by sex","Total population by sex","World Population Prospects",2024,"United Nations Population Division",682,"Saudi Arabia","SA","SAU",70,"2019",4,"Median",3,"Both sexes",188,0,-1,"Total",0,"Not applicable",1,"Model-based Estimates",2,"Interpolation",30472811.5
49,"Total population by sex","Total population by sex","World Population Prospects",2024,"United Nations Population Division",682,"Saudi Arabia","SA","SAU",71,"2020",4,"Median",3,"Both sexes",188,0,-1,"Total",0,"Not applicable",1,"Model-based Estimates",2,"Interpolation",30991207
49,"Total population by sex","Total population by sex","World Population Prospects",2024,"United Nations Population Division",682,"Saudi Arabia","SA","SAU",72,"2021",4,"Median",3,"Both sexes",188,0,-1,"Total",0,"Not applicable",1,"Model-based Estimates",2,"Interpolation",31328374.5
49,"Total population by sex","Total population by sex","World Population Prospects",2024,"United Nations Population Division",682,"Saudi Arabia","SA","SAU",73,"2022",4,"Median",3,"Both sexes",188,0,-1,"Total",0,"Not applicable",1,"Model-based Estimates",2,"Interpolation",32175351.5
49,"Total population by sex","Total population by sex","World Population Prospects",2024,"United Nations Population Division",682,"Saudi Arabia","SA","SAU",74,"2023",4,"Median",3,"Both sexes",188,0,-1,"Total",0,"Not applicable",1,"Model-based Estimates",3,"Projection",33264292
49,"Total population by sex","Total population by sex","World Population Prospects",2024,"United Nations Population Division",682,"Saudi Arabia","SA","SAU",75,"2024",4,"Median",3,"Both sexes",188,0,-1,"Total",0,"Not applicable",1,"Model-based Estimates",3,"Projection",33962756.5
49,"Total population by sex","Total population by sex","World Population Prospects",2024,"United Nations Population Division",682,"Saudi Arabia","SA","SAU",76,"2025",4,"Median",3,"Both sexes",188,0,-1,"Total",0,"Not applicable",1,"Model-based Estimates",3,"Projection",34566328
49,"Total population by sex","Total population by sex","World Population Prospects",2024,"United Nations Population Division",686,"Senegal","SN","SEN",70,"2019",4,"Median",3,"Both sexes",188,0,-1,"Total",0,"Not applicable",1,"Model-based Estimates",2,"Interpolation",16352921.5
49,"Total population by sex","Total population by sex","World Population Prospects",2024,"United Nations Population Division",686,"Senegal","SN","SEN",71,"2020",4,"Median",3,"Both sexes",188,0,-1,"Total",0,"Not applicable",1,"Model-based Estimates",2,"Interpolation",16789219.5
49,"Total population by sex","Total population by sex","World Population Prospects",2024,"United Nations Population Division",686,"Senegal","SN","SEN",72,"2021",4,"Median",3,"Both sexes",188,0,-1,"Total",0,"Not applicable",1,"Model-based Estimates",2,"Interpolation",17220866.5
49,"Total population by sex","Total population by sex","World Population Prospects",2024,"United Nations Population Division",686,"Senegal","SN","SEN",73,"2022",4,"Median",3,"Both sexes",188,0,-1,"Total",0,"Not applicable",1,"Model-based Estimates",2,"Interpolation",17651103
49,"Total population by sex","Total population by sex","World Population Prospects",2024,"United Nations Population Division",686,"Senegal","SN","SEN",74,"2023",4,"Median",3,"Both sexes",188,0,-1,"Total",0,"Not applicable",1,"Model-based Estimates",2,"Interpolation",18077573.5
49,"Total population by sex","Total population by sex","World Population Prospects",2024,"United Nations Population Division",686,"Senegal","SN","SEN",75,"2024",4,"Median",3,"Both sexes",188,0,-1,"Total",0,"Not applicable",1,"Model-based Estimates",3,"Projection",18501984.5
49,"Total population by sex","Total population by sex","World Population Prospects",2024,"United Nations Population Division",686,"Senegal","SN","SEN",76,"2025",4,"Median",3,"Both sexes",188,0,-1,"Total",0,"Not applicable",1,"Model-based Estimates",3,"Projection",18931966.5
49,"Total population by sex","Total population by sex","World Population Prospects",2024,"United Nations Population Division",688,"Serbia","RS","SRB",70,"2019",4,"Median",3,"Both sexes",188,0,-1,"Total",0,"Not applicable",1,"Model-based Estimates",2,"Interpolation",6966152.5
49,"Total population by sex","Total population by sex","World Population Prospects",2024,"United Nations Population Division",688,"Serbia","RS","SRB",71,"2020",4,"Median",3,"Both sexes",188,0,-1,"Total",0,"Not applicable",1,"Model-based Estimates",2,"Interpolation",6907812
49,"Total population by sex","Total population by sex","World Population Prospects",2024,"United Nations Population Division",688,"Serbia","RS","SRB",72,"2021",4,"Median",3,"Both sexes",188,0,-1,"Total",0,"Not applicable",1,"Model-based Estimates",2,"Interpolation",6835430
49,"Total population by sex","Total population by sex","World Population Prospects",2024,"United Nations Population Division",688,"Serbia","RS","SRB",73,"2022",4,"Median",3,"Both sexes",188,0,-1,"Total",0,"Not applicable",1,"Model-based Estimates",2,"Interpolation",6791213.5
49,"Total population by sex","Total population by sex","World Population Prospects",2024,"United Nations Population Division",688,"Serbia","RS","SRB",74,"2023",4,"Median",3,"Both sexes",188,0,-1,"Total",0,"Not applicable",1,"Model-based Estimates",3,"Projection",6773201
49,"Total population by sex","Total population by sex","World Population Prospects",2024,"United Nations Population Division",688,"Serbia","RS","SRB",75,"2024",4,"Median",3,"Both sexes",188,0,-1,"Total",0,"Not applicable",1,"Model-based Estimates",3,"Projection",6736216
49,"Total population by sex","Total population by sex","World Population Prospects",2024,"United Nations Population Division",688,"Serbia","RS","SRB",76,"2025",4,"Median",3,"Both sexes",188,0,-1,"Total",0,"Not applicable",1,"Model-based Estimates",3,"Projection",6689039
49,"Total population by sex","Total population by sex","World Population Prospects",2024,"United Nations Population Division",690,"Seychelles","SC","SYC",70,"2019",4,"Median",3,"Both sexes",188,0,-1,"Total",0,"Not applicable",1,"Model-based Estimates",2,"Interpolation",117650.5
49,"Total population by sex","Total population by sex","World Population Prospects",2024,"United Nations Population Division",690,"Seychelles","SC","SYC",71,"2020",4,"Median",3,"Both sexes",188,0,-1,"Total",0,"Not applicable",1,"Model-based Estimates",2,"Interpolation",120291
49,"Total population by sex","Total population by sex","World Population Prospects",2024,"United Nations Population Division",690,"Seychelles","SC","SYC",72,"2021",4,"Median",3,"Both sexes",188,0,-1,"Total",0,"Not applicable",1,"Model-based Estimates",2,"Interpolation",122987.5
49,"Total population by sex","Total population by sex","World Population Prospects",2024,"United Nations Population Division",690,"Seychelles","SC","SYC",73,"2022",4,"Median",3,"Both sexes",188,0,-1,"Total",0,"Not applicable",1,"Model-based Estimates",2,"Interpolation",125522.5
49,"Total population by sex","Total population by sex","World Population Prospects",2024,"United Nations Population Division",690,"Seychelles","SC","SYC",74,"2023",4,"Median",3,"Both sexes",188,0,-1,"Total",0,"Not applicable",1,"Model-based Estimates",3,"Projection",127950.5
49,"Total population by sex","Total population by sex","World Population Prospects",2024,"United Nations Population Division",690,"Seychelles","SC","SYC",75,"2024",4,"Median",3,"Both sexes",188,0,-1,"Total",0,"Not applicable",1,"Model-based Estimates",3,"Projection",130418.5
49,"Total population by sex","Total population by sex","World Population Prospects",2024,"United Nations Population Division",690,"Seychelles","SC","SYC",76,"2025",4,"Median",3,"Both sexes",188,0,-1,"Total",0,"Not applicable",1,"Model-based Estimates",3,"Projection",132778.5
49,"Total population by sex","Total population by sex","World Population Prospects",2024,"United Nations Population Division",694,"Sierra Leone","SL","SLE",70,"2019",4,"Median",3,"Both sexes",188,0,-1,"Total",0,"Not applicable",1,"Model-based Estimates",3,"Projection",7731991
49,"Total population by sex","Total population by sex","World Population Prospects",2024,"United Nations Population Division",694,"Sierra Leone","SL","SLE",71,"2020",4,"Median",3,"Both sexes",188,0,-1,"Total",0,"Not applicable",1,"Model-based Estimates",3,"Projection",7912558
49,"Total population by sex","Total population by sex","World Population Prospects",2024,"United Nations Population Division",694,"Sierra Leone","SL","SLE",72,"2021",4,"Median",3,"Both sexes",188,0,-1,"Total",0,"Not applicable",1,"Model-based Estimates",3,"Projection",8094602
49,"Total population by sex","Total population by sex","World Population Prospects",2024,"United Nations Population Division",694,"Sierra Leone","SL","SLE",73,"2022",4,"Median",3,"Both sexes",188,0,-1,"Total",0,"Not applicable",1,"Model-based Estimates",3,"Projection",8276806.500000001
49,"Total population by sex","Total population by sex","World Population Prospects",2024,"United Nations Population Division",694,"Sierra Leone","SL","SLE",74,"2023",4,"Median",3,"Both sexes",188,0,-1,"Total",0,"Not applicable",1,"Model-based Estimates",3,"Projection",8460512
49,"Total population by sex","Total population by sex","World Population Prospects",2024,"United Nations Population Division",694,"Sierra Leone","SL","SLE",75,"2024",4,"Median",3,"Both sexes",188,0,-1,"Total",0,"Not applicable",1,"Model-based Estimates",3,"Projection",8642022.5
49,"Total population by sex","Total population by sex","World Population Prospects",2024,"United Nations Population Division",694,"Sierra Leone","SL","SLE",76,"2025",4,"Median",3,"Both sexes",188,0,-1,"Total",0,"Not applicable",1,"Model-based Estimates",3,"Projection",8819794
49,"Total population by sex","Total population by sex","World Population Prospects",2024,"United Nations Population Division",702,"Singapore","SG","SGP",70,"2019",4,"Median",3,"Both sexes",188,0,-1,"Total",0,"Not applicable",1,"Model-based Estimates",2,"Interpolation",5669562.5
49,"Total population by sex","Total population by sex","World Population Prospects",2024,"United Nations Population Division",702,"Singapore","SG","SGP",71,"2020",4,"Median",3,"Both sexes",188,0,-1,"Total",0,"Not applicable",1,"Model-based Estimates",2,"Interpolation",5620150.5
49,"Total population by sex","Total population by sex","World Population Prospects",2024,"United Nations Population Division",702,"Singapore","SG","SGP",72,"2021",4,"Median",3,"Both sexes",188,0,-1,"Total",0,"Not applicable",1,"Model-based Estimates",2,"Interpolation",5546290
49,"Total population by sex","Total population by sex","World Population Prospects",2024,"United Nations Population Division",702,"Singapore","SG","SGP",73,"2022",4,"Median",3,"Both sexes",188,0,-1,"Total",0,"Not applicable",1,"Model-based Estimates",2,"Interpolation",5649884.5
49,"Total population by sex","Total population by sex","World Population Prospects",2024,"United Nations Population Division",702,"Singapore","SG","SGP",74,"2023",4,"Median",3,"Both sexes",188,0,-1,"Total",0,"Not applicable",1,"Model-based Estimates",2,"Interpolation",5789089.5
49,"Total population by sex","Total population by sex","World Population Prospects",2024,"United Nations Population Division",702,"Singapore","SG","SGP",75,"2024",4,"Median",3,"Both sexes",188,0,-1,"Total",0,"Not applicable",1,"Model-based Estimates",3,"Projection",5832387
49,"Total population by sex","Total population by sex","World Population Prospects",2024,"United Nations Population Division",702,"Singapore","SG","SGP",76,"2025",4,"Median",3,"Both sexes",188,0,-1,"Total",0,"Not applicable",1,"Model-based Estimates",3,"Projection",5870750
49,"Total population by sex","Total population by sex","World Population Prospects",2024,"United Nations Population Division",703,"Slovakia","SK","SVK",70,"2019",4,"Median",3,"Both sexes",188,0,-1,"Total",0,"Not applicable",1,"Model-based Estimates",2,"Interpolation",5450625.5
49,"Total population by sex","Total population by sex","World Population Prospects",2024,"United Nations Population Division",703,"Slovakia","SK","SVK",71,"2020",4,"Median",3,"Both sexes",188,0,-1,"Total",0,"Not applicable",1,"Model-based Estimates",2,"Interpolation",5455023.5
49,"Total population by sex","Total population by sex","World Population Prospects",2024,"United Nations Population Division",703,"Slovakia","SK","SVK",72,"2021",4,"Median",3,"Both sexes",188,0,-1,"Total",0,"Not applicable",1,"Model-based Estimates",3,"Projection",5442759
49,"Total population by sex","Total population by sex","World Population Prospects",2024,"United Nations Population Division",703,"Slovakia","SK","SVK",73,"2022",4,"Median",3,"Both sexes",188,0,-1,"Total",0,"Not applicable",1,"Model-based Estimates",3,"Projection",5473196.5
49,"Total population by sex","Total population by sex","World Population Prospects",2024,"United Nations Population Division",703,"Slovakia","SK","SVK",74,"2023",4,"Median",3,"Both sexes",188,0,-1,"Total",0,"Not applicable",1,"Model-based Estimates",3,"Projection",5518054.5
49,"Total population by sex","Total population by sex","World Population Prospects",2024,"United Nations Population Division",703,"Slovakia","SK","SVK",75,"2024",4,"Median",3,"Both sexes",188,0,-1,"Total",0,"Not applicable",1,"Model-based Estimates",3,"Projection",5506759.5
49,"Total population by sex","Total population by sex","World Population Prospects",2024,"United Nations Population Division",703,"Slovakia","SK","SVK",76,"2025",4,"Median",3,"Both sexes",188,0,-1,"Total",0,"Not applicable",1,"Model-based Estimates",3,"Projection",5474881
49,"Total population by sex","Total population by sex","World Population Prospects",2024,"United Nations Population Division",704,"Viet Nam","VN","VNM",70,"2019",4,"Median",3,"Both sexes",188,0,-1,"Total",0,"Not applicable",1,"Model-based Estimates",2,"Interpolation",97173775.5
49,"Total population by sex","Total population by sex","World Population Prospects",2024,"United Nations Population Division",704,"Viet Nam","VN","VNM",71,"2020",4,"Median",3,"Both sexes",188,0,-1,"Total",0,"Not applicable",1,"Model-based Estimates",3,"Projection",98079191
49,"Total population by sex","Total population by sex","World Population Prospects",2024,"United Nations Population Division",704,"Viet Nam","VN","VNM",72,"2021",4,"Median",3,"Both sexes",188,0,-1,"Total",0,"Not applicable",1,"Model-based Estimates",3,"Projection",98935098.5
49,"Total population by sex","Total population by sex","World Population Prospects",2024,"United Nations Population Division",704,"Viet Nam","VN","VNM",73,"2022",4,"Median",3,"Both sexes",188,0,-1,"Total",0,"Not applicable",1,"Model-based Estimates",3,"Projection",99680655
49,"Total population by sex","Total population by sex","World Population Prospects",2024,"United Nations Population Division",704,"Viet Nam","VN","VNM",74,"2023",4,"Median",3,"Both sexes",188,0,-1,"Total",0,"Not applicable",1,"Model-based Estimates",3,"Projection",100352191.5
49,"Total population by sex","Total population by sex","World Population Prospects",2024,"United Nations Population Division",704,"Viet Nam","VN","VNM",75,"2024",4,"Median",3,"Both sexes",188,0,-1,"Total",0,"Not applicable",1,"Model-based Estimates",3,"Projection",100987686.5
49,"Total population by sex","Total population by sex","World Population Prospects",2024,"United Nations Population Division",704,"Viet Nam","VN","VNM",76,"2025",4,"Median",3,"Both sexes",188,0,-1,"Total",0,"Not applicable",1,"Model-based Estimates",3,"Projection",101598527
49,"Total population by sex","Total population by sex","World Population Prospects",2024,"United Nations Population Division",705,"Slovenia","SI","SVN",70,"2019",4,"Median",3,"Both sexes",188,0,-1,"Total",0,"Not applicable",1,"Model-based Estimates",2,"Interpolation",2083439.5
49,"Total population by sex","Total population by sex","World Population Prospects",2024,"United Nations Population Division",705,"Slovenia","SI","SVN",71,"2020",4,"Median",3,"Both sexes",188,0,-1,"Total",0,"Not applicable",1,"Model-based Estimates",2,"Interpolation",2102419.5
49,"Total population by sex","Total population by sex","World Population Prospects",2024,"United Nations Population Division",705,"Slovenia","SI","SVN",72,"2021",4,"Median",3,"Both sexes",188,0,-1,"Total",0,"Not applicable",1,"Model-based Estimates",2,"Interpolation",2113494
49,"Total population by sex","Total population by sex","World Population Prospects",2024,"United Nations Population Division",705,"Slovenia","SI","SVN",73,"2022",4,"Median",3,"Both sexes",188,0,-1,"Total",0,"Not applicable",1,"Model-based Estimates",3,"Projection",2115228
49,"Total population by sex","Total population by sex","World Population Prospects",2024,"United Nations Population Division",705,"Slovenia","SI","SVN",74,"2023",4,"Median",3,"Both sexes",188,0,-1,"Total",0,"Not applicable",1,"Model-based Estimates",3,"Projection",2118396
49,"Total population by sex","Total population by sex","World Population Prospects",2024,"United Nations Population Division",705,"Slovenia","SI","SVN",75,"2024",4,"Median",3,"Both sexes",188,0,-1,"Total",0,"Not applicable",1,"Model-based Estimates",3,"Projection",2118696.5
49,"Total population by sex","Total population by sex","World Population Prospects",2024,"United Nations Population Division",705,"Slovenia","SI","SVN",76,"2025",4,"Median",3,"Both sexes",188,0,-1,"Total",0,"Not applicable",1,"Model-based Estimates",3,"Projection",2117072
49,"Total population by sex","Total population by sex","World Population Prospects",2024,"United Nations Population Division",706,"Somalia","SO","SOM",70,"2019",4,"Median",3,"Both sexes",188,0,-1,"Total",0,"Not applicable",1,"Model-based Estimates",3,"Projection",16030971
49,"Total population by sex","Total population by sex","World Population Prospects",2024,"United Nations Population Division",706,"Somalia","SO","SOM",71,"2020",4,"Median",3,"Both sexes",188,0,-1,"Total",0,"Not applicable",1,"Model-based Estimates",3,"Projection",16651190.5
49,"Total population by sex","Total population by sex","World Population Prospects",2024,"United Nations Population Division",706,"Somalia","SO","SOM",72,"2021",4,"Median",3,"Both sexes",188,0,-1,"Total",0,"Not applicable",1,"Model-based Estimates",3,"Projection",17271431.5
49,"Total population by sex","Total population by sex","World Population Prospects",2024,"United Nations Population Division",706,"Somalia","SO","SOM",73,"2022",4,"Median",3,"Both sexes",188,0,-1,"Total",0,"Not applicable",1,"Model-based Estimates",3,"Projection",17801897
49,"Total population by sex","Total population by sex","World Population Prospects",2024,"United Nations Population Division",706,"Somalia","SO","SOM",74,"2023",4,"Median",3,"Both sexes",188,0,-1,"Total",0,"Not applicable",1,"Model-based Estimates",3,"Projection",18358615
49,"Total population by sex","Total population by sex","World Population Prospects",2024,"United Nations Population Division",706,"Somalia","SO","SOM",75,"2024",4,"Median",3,"Both sexes",188,0,-1,"Total",0,"Not applicable",1,"Model-based Estimates",3,"Projection",19009151
49,"Total population by sex","Total population by sex","World Population Prospects",2024,"United Nations Population Division",706,"Somalia","SO","SOM",76,"2025",4,"Median",3,"Both sexes",188,0,-1,"Total",0,"Not applicable",1,"Model-based Estimates",3,"Projection",19654739
49,"Total population by sex","Total population by sex","World Population Prospects",2024,"United Nations Population Division",710,"South Africa","ZA","ZAF",70,"2019",4,"Median",3,"Both sexes",188,0,-1,"Total",0,"Not applicable",1,"Model-based Estimates",2,"Interpolation",59587885.5
49,"Total population by sex","Total population by sex","World Population Prospects",2024,"United Nations Population Division",710,"South Africa","ZA","ZAF",71,"2020",4,"Median",3,"Both sexes",188,0,-1,"Total",0,"Not applicable",1,"Model-based Estimates",2,"Interpolation",60562381
49,"Total population by sex","Total population by sex","World Population Prospects",2024,"United Nations Population Division",710,"South Africa","ZA","ZAF",72,"2021",4,"Median",3,"Both sexes",188,0,-1,"Total",0,"Not applicable",1,"Model-based Estimates",2,"Interpolation",61502603
49,"Total population by sex","Total population by sex","World Population Prospects",2024,"United Nations Population Division",710,"South Africa","ZA","ZAF",73,"2022",4,"Median",3,"Both sexes",188,0,-1,"Total",0,"Not applicable",1,"Model-based Estimates",2,"Interpolation",62378410
49,"Total population by sex","Total population by sex","World Population Prospects",2024,"United Nations Population Division",710,"South Africa","ZA","ZAF",74,"2023",4,"Median",3,"Both sexes",188,0,-1,"Total",0,"Not applicable",1,"Model-based Estimates",3,"Projection",63212383.5
49,"Total population by sex","Total population by sex","World Population Prospects",2024,"United Nations Population Division",710,"South Africa","ZA","ZAF",75,"2024",4,"Median",3,"Both sexes",188,0,-1,"Total",0,"Not applicable",1,"Model-based Estimates",3,"Projection",64007186.5
49,"Total population by sex","Total population by sex","World Population Prospects",2024,"United Nations Population Division",710,"South Africa","ZA","ZAF",76,"2025",4,"Median",3,"Both sexes",188,0,-1,"Total",0,"Not applicable",1,"Model-based Estimates",3,"Projection",64747319.5
49,"Total population by sex","Total population by sex","World Population Prospects",2024,"United Nations Population Division",716,"Zimbabwe","ZW","ZWE",70,"2019",4,"Median",3,"Both sexes",188,0,-1,"Total",0,"Not applicable",1,"Model-based Estimates",2,"Interpolation",15271367.5
49,"Total population by sex","Total population by sex","World Population Prospects",2024,"United Nations Population Division",716,"Zimbabwe","ZW","ZWE",71,"2020",4,"Median",3,"Both sexes",188,0,-1,"Total",0,"Not applicable",1,"Model-based Estimates",2,"Interpolation",15526888.5
49,"Total population by sex","Total population by sex","World Population Prospects",2024,"United Nations Population Division",716,"Zimbabwe","ZW","ZWE",72,"2021",4,"Median",3,"Both sexes",188,0,-1,"Total",0,"Not applicable",1,"Model-based Estimates",2,"Interpolation",15797210
49,"Total population by sex","Total population by sex","World Population Prospects",2024,"United Nations Population Division",716,"Zimbabwe","ZW","ZWE",73,"2022",4,"Median",3,"Both sexes",188,0,-1,"Total",0,"Not applicable",1,"Model-based Estimates",2,"Interpolation",16069055.5
49,"Total population by sex","Total population by sex","World Population Prospects",2024,"United Nations Population Division",716,"Zimbabwe","ZW","ZWE",74,"2023",4,"Median",3,"Both sexes",188,0,-1,"Total",0,"Not applicable",1,"Model-based Estimates",3,"Projection",16340821.5
49,"Total population by sex","Total population by sex","World Population Prospects",2024,"United Nations Population Division",716,"Zimbabwe","ZW","ZWE",75,"2024",4,"Median",3,"Both sexes",188,0,-1,"Total",0,"Not applicable",1,"Model-based Estimates",3,"Projection",16634372.500000002
49,"Total population by sex","Total population by sex","World Population Prospects",2024,"United Nations Population Division",716,"Zimbabwe","ZW","ZWE",76,"2025",4,"Median",3,"Both sexes",188,0,-1,"Total",0,"Not applicable",1,"Model-based Estimates",3,"Projection",16950795
49,"Total population by sex","Total population by sex","World Population Prospects",2024,"United Nations Population Division",724,"Spain","ES","ESP",70,"2019",4,"Median",3,"Both sexes",188,0,-1,"Total",0,"Not applicable",1,"Model-based Estimates",2,"Interpolation",47435119
49,"Total population by sex","Total population by sex","World Population Prospects",2024,"United Nations Population Division",724,"Spain","ES","ESP",71,"2020",4,"Median",3,"Both sexes",188,0,-1,"Total",0,"Not applicable",1,"Model-based Estimates",2,"Interpolation",47679489
49,"Total population by sex","Total population by sex","World Population Prospects",2024,"United Nations Population Division",724,"Spain","ES","ESP",72,"2021",4,"Median",3,"Both sexes",188,0,-1,"Total",0,"Not applicable",1,"Model-based Estimates",2,"Interpolation",47735663.5
49,"Total population by sex","Total population by sex","World Population Prospects",2024,"United Nations Population Division",724,"Spain","ES","ESP",73,"2022",4,"Median",3,"Both sexes",188,0,-1,"Total",0,"Not applicable",1,"Model-based Estimates",3,"Projection",47828382.5
49,"Total population by sex","Total population by sex","World Population Prospects",2024,"United Nations Population Division",724,"Spain","ES","ESP",74,"2023",4,"Median",3,"Both sexes",188,0,-1,"Total",0,"Not applicable",1,"Model-based Estimates",3,"Projection",47911579.5
49,"Total population by sex","Total population by sex","World Population Prospects",2024,"United Nations Population Division",724,"Spain","ES","ESP",75,"2024",4,"Median",3,"Both sexes",188,0,-1,"Total",0,"Not applicable",1,"Model-based Estimates",3,"Projection",47910526.5
49,"Total population by sex","Total population by sex","World Population Prospects",2024,"United Nations Population Division",724,"Spain","ES","ESP",76,"2025",4,"Median",3,"Both sexes",188,0,-1,"Total",0,"Not applicable",1,"Model-based Estimates",3,"Projection",47889958
49,"Total population by sex","Total population by sex","World Population Prospects",2024,"United Nations Population Division",728,"South Sudan","SS","SSD",70,"2019",4,"Median",3,"Both sexes",188,0,-1,"Total",0,"Not applicable",1,"Model-based Estimates",3,"Projection",10423384
49,"Total population by sex","Total population by sex","World Population Prospects",2024,"United Nations Population Division",728,"South Sudan","SS","SSD",71,"2020",4,"Median",3,"Both sexes",188,0,-1,"Total",0,"Not applicable",1,"Model-based Estimates",3,"Projection",10698467
49,"Total population by sex","Total population by sex","World Population Prospects",2024,"United Nations Population Division",728,"South Sudan","SS","SSD",72,"2021",4,"Median",3,"Both sexes",188,0,-1,"Total",0,"Not applicable",1,"Model-based Estimates",3,"Projection",10865780
49,"Total population by sex","Total population by sex","World Population Prospects",2024,"United Nations Population Division",728,"South Sudan","SS","SSD",73,"2022",4,"Median",3,"Both sexes",188,0,-1,"Total",0,"Not applicable",1,"Model-based Estimates",3,"Projection",11021177.5
49,"Total population by sex","Total population by sex","World Population Prospects",2024,"United Nations Population Division",728,"South Sudan","SS","SSD",74,"2023",4,"Median",3,"Both sexes",188,0,-1,"Total",0,"Not applicable",1,"Model-based Estimates",3,"Projection",11483374
49,"Total population by sex","Total population by sex","World Population Prospects",2024,"United Nations Population Division",728,"South Sudan","SS","SSD",75,"2024",4,"Median",3,"Both sexes",188,0,-1,"Total",0,"Not applicable",1,"Model-based Estimates",3,"Projection",11943408.5
49,"Total population by sex","Total population by sex","World Population Prospects",2024,"United Nations Population Division",728,"South Sudan","SS","SSD",76,"2025",4,"Median",3,"Both sexes",188,0,-1,"Total",0,"Not applicable",1,"Model-based Estimates",3,"Projection",12188788
49,"Total population by sex","Total population by sex","World Population Prospects",2024,"United Nations Population Division",729,"Sudan","SD","SDN",70,"2019",4,"Median",3,"Both sexes",188,0,-1,"Total",0,"Not applicable",1,"Model-based Estimates",3,"Projection",45548175.5
49,"Total population by sex","Total population by sex","World Population Prospects",2024,"United Nations Population Division",729,"Sudan","SD","SDN",71,"2020",4,"Median",3,"Both sexes",188,0,-1,"Total",0,"Not applicable",1,"Model-based Estimates",3,"Projection",46789231
49,"Total population by sex","Total population by sex","World Population Prospects",2024,"United Nations Population Division",729,"Sudan","SD","SDN",72,"2021",4,"Median",3,"Both sexes",188,0,-1,"Total",0,"Not applicable",1,"Model-based Estimates",3,"Projection",48066924
49,"Total population by sex","Total population by sex","World Population Prospects",2024,"United Nations Population Division",729,"Sudan","SD","SDN",73,"2022",4,"Median",3,"Both sexes",188,0,-1,"Total",0,"Not applicable",1,"Model-based Estimates",3,"Projection",49383345.5
49,"Total population by sex","Total population by sex","World Population Prospects",2024,"United Nations Population Division",729,"Sudan","SD","SDN",74,"2023",4,"Median",3,"Both sexes",188,0,-1,"Total",0,"Not applicable",1,"Model-based Estimates",3,"Projection",50042790.5
49,"Total population by sex","Total population by sex","World Population Prospects",2024,"United Nations Population Division",729,"Sudan","SD","SDN",75,"2024",4,"Median",3,"Both sexes",188,0,-1,"Total",0,"Not applicable",1,"Model-based Estimates",3,"Projection",50448962.5
49,"Total population by sex","Total population by sex","World Population Prospects",2024,"United Nations Population Division",729,"Sudan","SD","SDN",76,"2025",4,"Median",3,"Both sexes",188,0,-1,"Total",0,"Not applicable",1,"Model-based Estimates",3,"Projection",51662147.5
49,"Total population by sex","Total population by sex","World Population Prospects",2024,"United Nations Population Division",732,"Western Sahara","EH","ESH",70,"2019",4,"Median",3,"Both sexes",188,0,-1,"Total",0,"Not applicable",1,"Model-based Estimates",3,"Projection",538440
49,"Total population by sex","Total population by sex","World Population Prospects",2024,"United Nations Population Division",732,"Western Sahara","EH","ESH",71,"2020",4,"Median",3,"Both sexes",188,0,-1,"Total",0,"Not applicable",1,"Model-based Estimates",3,"Projection",549365
49,"Total population by sex","Total population by sex","World Population Prospects",2024,"United Nations Population Division",732,"Western Sahara","EH","ESH",72,"2021",4,"Median",3,"Both sexes",188,0,-1,"Total",0,"Not applicable",1,"Model-based Estimates",3,"Projection",558619
49,"Total population by sex","Total population by sex","World Population Prospects",2024,"United Nations Population Division",732,"Western Sahara","EH","ESH",73,"2022",4,"Median",3,"Both sexes",188,0,-1,"Total",0,"Not applicable",1,"Model-based Estimates",3,"Projection",568738.5
49,"Total population by sex","Total population by sex","World Population Prospects",2024,"United Nations Population Division",732,"Western Sahara","EH","ESH",74,"2023",4,"Median",3,"Both sexes",188,0,-1,"Total",0,"Not applicable",1,"Model-based Estimates",3,"Projection",579729
49,"Total population by sex","Total population by sex","World Population Prospects",2024,"United Nations Population Division",732,"Western Sahara","EH","ESH",75,"2024",4,"Median",3,"Both sexes",188,0,-1,"Total",0,"Not applicable",1,"Model-based Estimates",3,"Projection",590506
49,"Total population by sex","Total population by sex","World Population Prospects",2024,"United Nations Population Division",732,"Western Sahara","EH","ESH",76,"2025",4,"Median",3,"Both sexes",188,0,-1,"Total",0,"Not applicable",1,"Model-based Estimates",3,"Projection",600903.5
49,"Total population by sex","Total population by sex","World Population Prospects",2024,"United Nations Population Division",740,"Suriname","SR","SUR",70,"2019",4,"Median",3,"Both sexes",188,0,-1,"Total",0,"Not applicable",1,"Model-based Estimates",3,"Projection",605768
49,"Total population by sex","Total population by sex","World Population Prospects",2024,"United Nations Population Division",740,"Suriname","SR","SUR",71,"2020",4,"Median",3,"Both sexes",188,0,-1,"Total",0,"Not applicable",1,"Model-based Estimates",3,"Projection",612316.5
49,"Total population by sex","Total population by sex","World Population Prospects",2024,"United Nations Population Division",740,"Suriname","SR","SUR",72,"2021",4,"Median",3,"Both sexes",188,0,-1,"Total",0,"Not applicable",1,"Model-based Estimates",3,"Projection",617896
49,"Total population by sex","Total population by sex","World Population Prospects",2024,"United Nations Population Division",740,"Suriname","SR","SUR",73,"2022",4,"Median",3,"Both sexes",188,0,-1,"Total",0,"Not applicable",1,"Model-based Estimates",3,"Projection",623164
49,"Total population by sex","Total population by sex","World Population Prospects",2024,"United Nations Population Division",740,"Suriname","SR","SUR",74,"2023",4,"Median",3,"Both sexes",188,0,-1,"Total",0,"Not applicable",1,"Model-based Estimates",3,"Projection",628886
49,"Total population by sex","Total population by sex","World Population Prospects",2024,"United Nations Population Division",740,"Suriname","SR","SUR",75,"2024",4,"Median",3,"Both sexes",188,0,-1,"Total",0,"Not applicable",1,"Model-based Estimates",3,"Projection",634431
49,"Total population by sex","Total population by sex","World Population Prospects",2024,"United Nations Population Division",740,"Suriname","SR","SUR",76,"2025",4,"Median",3,"Both sexes",188,0,-1,"Total",0,"Not applicable",1,"Model-based Estimates",3,"Projection",639850
49,"Total population by sex","Total population by sex","World Population Prospects",2024,"United Nations Population Division",748,"Eswatini","SZ","SWZ",70,"2019",4,"Median",3,"Both sexes",188,0,-1,"Total",0,"Not applicable",1,"Model-based Estimates",3,"Projection",1179874
49,"Total population by sex","Total population by sex","World Population Prospects",2024,"United Nations Population Division",748,"Eswatini","SZ","SWZ",71,"2020",4,"Median",3,"Both sexes",188,0,-1,"Total",0,"Not applicable",1,"Model-based Estimates",3,"Projection",1192729.5
49,"Total population by sex","Total population by sex","World Population Prospects",2024,"United Nations Population Division",748,"Eswatini","SZ","SWZ",72,"2021",4,"Median",3,"Both sexes",188,0,-1,"Total",0,"Not applicable",1,"Model-based Estimates",3,"Projection",1206593.5
49,"Total population by sex","Total population by sex","World Population Prospects",2024,"United Nations Population Division",748,"Eswatini","SZ","SWZ",73,"2022",4,"Median",3,"Both sexes",188,0,-1,"Total",0,"Not applicable",1,"Model-based Estimates",3,"Projection",1218916.5
49,"Total population by sex","Total population by sex","World Population Prospects",2024,"United Nations Population Division",748,"Eswatini","SZ","SWZ",74,"2023",4,"Median",3,"Both sexes",188,0,-1,"Total",0,"Not applicable",1,"Model-based Estimates",3,"Projection",1230506
49,"Total population by sex","Total population by sex","World Population Prospects",2024,"United Nations Population Division",748,"Eswatini","SZ","SWZ",75,"2024",4,"Median",3,"Both sexes",188,0,-1,"Total",0,"Not applicable",1,"Model-based Estimates",3,"Projection",1242821.5
49,"Total population by sex","Total population by sex","World Population Prospects",2024,"United Nations Population Division",748,"Eswatini","SZ","SWZ",76,"2025",4,"Median",3,"Both sexes",188,0,-1,"Total",0,"Not applicable",1,"Model-based Estimates",3,"Projection",1256174
49,"Total population by sex","Total population by sex","World Population Prospects",2024,"United Nations Population Division",752,"Sweden","SE","SWE",70,"2019",4,"Median",3,"Both sexes",188,0,-1,"Total",0,"Not applicable",1,"Model-based Estimates",2,"Interpolation",10279125
49,"Total population by sex","Total population by sex","World Population Prospects",2024,"United Nations Population Division",752,"Sweden","SE","SWE",71,"2020",4,"Median",3,"Both sexes",188,0,-1,"Total",0,"Not applicable",1,"Model-based Estimates",2,"Interpolation",10353686.5
49,"Total population by sex","Total population by sex","World Population Prospects",2024,"United Nations Population Division",752,"Sweden","SE","SWE",72,"2021",4,"Median",3,"Both sexes",188,0,-1,"Total",0,"Not applicable",1,"Model-based Estimates",2,"Interpolation",10416131.5
49,"Total population by sex","Total population by sex","World Population Prospects",2024,"United Nations Population Division",752,"Sweden","SE","SWE",73,"2022",4,"Median",3,"Both sexes",188,0,-1,"Total",0,"Not applicable",1,"Model-based Estimates",2,"Interpolation",10487338
49,"Total population by sex","Total population by sex","World Population Prospects",2024,"United Nations Population Division",752,"Sweden","SE","SWE",74,"2023",4,"Median",3,"Both sexes",188,0,-1,"Total",0,"Not applicable",1,"Model-based Estimates",2,"Interpolation",10551494
49,"Total population by sex","Total population by sex","World Population Prospects",2024,"United Nations Population Division",752,"Sweden","SE","SWE",75,"2024",4,"Median",3,"Both sexes",188,0,-1,"Total",0,"Not applicable",1,"Model-based Estimates",3,"Projection",10606999
49,"Total population by sex","Total population by sex","World Population Prospects",2024,"United Nations Population Division",752,"Sweden","SE","SWE",76,"2025",4,"Median",3,"Both sexes",188,0,-1,"Total",0,"Not applicable",1,"Model-based Estimates",3,"Projection",10656633
49,"Total population by sex","Total population by sex","World Population Prospects",2024,"United Nations Population Division",756,"Switzerland","CH","CHE",70,"2019",4,"Median",3,"Both sexes",188,0,-1,"Total",0,"Not applicable",1,"Model-based Estimates",2,"Interpolation",8577524
49,"Total population by sex","Total population by sex","World Population Prospects",2024,"United Nations Population Division",756,"Switzerland","CH","CHE",71,"2020",4,"Median",3,"Both sexes",188,0,-1,"Total",0,"Not applicable",1,"Model-based Estimates",2,"Interpolation",8640581.5
49,"Total population by sex","Total population by sex","World Population Prospects",2024,"United Nations Population Division",756,"Switzerland","CH","CHE",72,"2021",4,"Median",3,"Both sexes",188,0,-1,"Total",0,"Not applicable",1,"Model-based Estimates",2,"Interpolation",8707023.5
49,"Total population by sex","Total population by sex","World Population Prospects",2024,"United Nations Population Division",756,"Switzerland","CH","CHE",73,"2022",4,"Median",3,"Both sexes",188,0,-1,"Total",0,"Not applicable",1,"Model-based Estimates",2,"Interpolation",8792182
49,"Total population by sex","Total population by sex","World Population Prospects",2024,"United Nations Population Division",756,"Switzerland","CH","CHE",74,"2023",4,"Median",3,"Both sexes",188,0,-1,"Total",0,"Not applicable",1,"Model-based Estimates",3,"Projection",8870561
49,"Total population by sex","Total population by sex","World Population Prospects",2024,"United Nations Population Division",756,"Switzerland","CH","CHE",75,"2024",4,"Median",3,"Both sexes",188,0,-1,"Total",0,"Not applicable",1,"Model-based Estimates",3,"Projection",8921981
49,"Total population by sex","Total population by sex","World Population Prospects",2024,"United Nations Population Division",756,"Switzerland","CH","CHE",76,"2025",4,"Median",3,"Both sexes",188,0,-1,"Total",0,"Not applicable",1,"Model-based Estimates",3,"Projection",8967407.5
49,"Total population by sex","Total population by sex","World Population Prospects",2024,"United Nations Population Division",760,"Syrian Arab Republic","SY","SYR",70,"2019",4,"Median",3,"Both sexes",188,0,-1,"Total",0,"Not applicable",1,"Model-based Estimates",3,"Projection",20353534
49,"Total population by sex","Total population by sex","World Population Prospects",2024,"United Nations Population Division",760,"Syrian Arab Republic","SY","SYR",71,"2020",4,"Median",3,"Both sexes",188,0,-1,"Total",0,"Not applicable",1,"Model-based Estimates",3,"Projection",21049429
49,"Total population by sex","Total population by sex","World Population Prospects",2024,"United Nations Population Division",760,"Syrian Arab Republic","SY","SYR",72,"2021",4,"Median",3,"Both sexes",188,0,-1,"Total",0,"Not applicable",1,"Model-based Estimates",3,"Projection",21628839.5
49,"Total population by sex","Total population by sex","World Population Prospects",2024,"United Nations Population Division",760,"Syrian Arab Republic","SY","SYR",73,"2022",4,"Median",3,"Both sexes",188,0,-1,"Total",0,"Not applicable",1,"Model-based Estimates",3,"Projection",22462172.5
49,"Total population by sex","Total population by sex","World Population Prospects",2024,"United Nations Population Division",760,"Syrian Arab Republic","SY","SYR",74,"2023",4,"Median",3,"Both sexes",188,0,-1,"Total",0,"Not applicable",1,"Model-based Estimates",3,"Projection",23594623
49,"Total population by sex","Total population by sex","World Population Prospects",2024,"United Nations Population Division",760,"Syrian Arab Republic","SY","SYR",75,"2024",4,"Median",3,"Both sexes",188,0,-1,"Total",0,"Not applicable",1,"Model-based Estimates",3,"Projection",24672759.5
49,"Total population by sex","Total population by sex","World Population Prospects",2024,"United Nations Population Division",760,"Syrian Arab Republic","SY","SYR",76,"2025",4,"Median",3,"Both sexes",188,0,-1,"Total",0,"Not applicable",1,"Model-based Estimates",3,"Projection",25620426.5
49,"Total population by sex","Total population by sex","World Population Prospects",2024,"United Nations Population Division",762,"Tajikistan","TJ","TJK",70,"2019",4,"Median",3,"Both sexes",188,0,-1,"Total",0,"Not applicable",1,"Model-based Estimates",2,"Interpolation",9529966
49,"Total population by sex","Total population by sex","World Population Prospects",2024,"United Nations Population Division",762,"Tajikistan","TJ","TJK",71,"2020",4,"Median",3,"Both sexes",188,0,-1,"Total",0,"Not applicable",1,"Model-based Estimates",2,"Interpolation",9749310.5
49,"Total population by sex","Total population by sex","World Population Prospects",2024,"United Nations Population Division",762,"Tajikistan","TJ","TJK",72,"2021",4,"Median",3,"Both sexes",188,0,-1,"Total",0,"Not applicable",1,"Model-based Estimates",3,"Projection",9966908.5
49,"Total population by sex","Total population by sex","World Population Prospects",2024,"United Nations Population Division",762,"Tajikistan","TJ","TJK",73,"2022",4,"Median",3,"Both sexes",188,0,-1,"Total",0,"Not applicable",1,"Model-based Estimates",3,"Projection",10182222
49,"Total population by sex","Total population by sex","World Population Prospects",2024,"United Nations Population Division",762,"Tajikistan","TJ","TJK",74,"2023",4,"Median",3,"Both sexes",188,0,-1,"Total",0,"Not applicable",1,"Model-based Estimates",3,"Projection",10389798.5
49,"Total population by sex","Total population by sex","World Population Prospects",2024,"United Nations Population Division",762,"Tajikistan","TJ","TJK",75,"2024",4,"Median",3,"Both sexes",188,0,-1,"Total",0,"Not applicable",1,"Model-based Estimates",3,"Projection",10590927.5
49,"Total population by sex","Total population by sex","World Population Prospects",2024,"United Nations Population Division",762,"Tajikistan","TJ","TJK",76,"2025",4,"Median",3,"Both sexes",188,0,-1,"Total",0,"Not applicable",1,"Model-based Estimates",3,"Projection",10786733.5
49,"Total population by sex","Total population by sex","World Population Prospects",2024,"United Nations Population Division",764,"Thailand","TH","THA",70,"2019",4,"Median",3,"Both sexes",188,0,-1,"Total",0,"Not applicable",1,"Model-based Estimates",3,"Projection",71522271
49,"Total population by sex","Total population by sex","World Population Prospects",2024,"United Nations Population Division",764,"Thailand","TH","THA",71,"2020",4,"Median",3,"Both sexes",188,0,-1,"Total",0,"Not applicable",1,"Model-based Estimates",3,"Projection",71641483.5
49,"Total population by sex","Total population by sex","World Population Prospects",2024,"United Nations Population Division",764,"Thailand","TH","THA",72,"2021",4,"Median",3,"Both sexes",188,0,-1,"Total",0,"Not applicable",1,"Model-based Estimates",3,"Projection",71727332
49,"Total population by sex","Total population by sex","World Population Prospects",2024,"United Nations Population Division",764,"Thailand","TH","THA",73,"2022",4,"Median",3,"Both sexes",188,0,-1,"Total",0,"Not applicable",1,"Model-based Estimates",3,"Projection",71735329
49,"Total population by sex","Total population by sex","World Population Prospects",2024,"United Nations Population Division",764,"Thailand","TH","THA",74,"2023",4,"Median",3,"Both sexes",188,0,-1,"Total",0,"Not applicable",1,"Model-based Estimates",3,"Projection",71702435
49,"Total population by sex","Total population by sex","World Population Prospects",2024,"United Nations Population Division",764,"Thailand","TH","THA",75,"2024",4,"Median",3,"Both sexes",188,0,-1,"Total",0,"Not applicable",1,"Model-based Estimates",3,"Projection",71668011
49,"Total population by sex","Total population by sex","World Population Prospects",2024,"United Nations Population Division",764,"Thailand","TH","THA",76,"2025",4,"Median",3,"Both sexes",188,0,-1,"Total",0,"Not applicable",1,"Model-based Estimates",3,"Projection",71619863
49,"Total population by sex","Total population by sex","World Population Prospects",2024,"United Nations Population Division",768,"Togo","TG","TGO",70,"2019",4,"Median",3,"Both sexes",188,0,-1,"Total",0,"Not applicable",1,"Model-based Estimates",3,"Projection",8463068
49,"Total population by sex","Total population by sex","World Population Prospects",2024,"United Nations Population Division",768,"Togo","TG","TGO",71,"2020",4,"Median",3,"Both sexes",188,0,-1,"Total",0,"Not applicable",1,"Model-based Estimates",3,"Projection",8669720.5
49,"Total population by sex","Total population by sex","World Population Prospects",2024,"United Nations Population Division",768,"Togo","TG","TGO",72,"2021",4,"Median",3,"Both sexes",188,0,-1,"Total",0,"Not applicable",1,"Model-based Estimates",3,"Projection",8878378.5
49,"Total population by sex","Total population by sex","World Population Prospects",2024,"United Nations Population Division",768,"Togo","TG","TGO",73,"2022",4,"Median",3,"Both sexes",188,0,-1,"Total",0,"Not applicable",1,"Model-based Estimates",3,"Projection",9089738.5
49,"Total population by sex","Total population by sex","World Population Prospects",2024,"United Nations Population Division",768,"Togo","TG","TGO",74,"2023",4,"Median",3,"Both sexes",188,0,-1,"Total",0,"Not applicable",1,"Model-based Estimates",3,"Projection",9304337.5
49,"Total population by sex","Total population by sex","World Population Prospects",2024,"United Nations Population Division",768,"Togo","TG","TGO",75,"2024",4,"Median",3,"Both sexes",188,0,-1,"Total",0,"Not applicable",1,"Model-based Estimates",3,"Projection",9515235.5
49,"Total population by sex","Total population by sex","World Population Prospects",2024,"United Nations Population Division",768,"Togo","TG","TGO",76,"2025",4,"Median",3,"Both sexes",188,0,-1,"Total",0,"Not applicable",1,"Model-based Estimates",3,"Projection",9721607.5
49,"Total population by sex","Total population by sex","World Population Prospects",2024,"United Nations Population Division",772,"Tokelau","TK","TKL",70,"2019",4,"Median",3,"Both sexes",188,0,-1,"Total",0,"Not applicable",1,"Model-based Estimates",2,"Interpolation",2013.9999999999998
49,"Total population by sex","Total population by sex","World Population Prospects",2024,"United Nations Population Division",772,"Tokelau","TK","TKL",71,"2020",4,"Median",3,"Both sexes",188,0,-1,"Total",0,"Not applicable",1,"Model-based Estimates",3,"Projection",2128
49,"Total population by sex","Total population by sex","World Population Prospects",2024,"United Nations Population Division",772,"Tokelau","TK","TKL",72,"2021",4,"Median",3,"Both sexes",188,0,-1,"Total",0,"Not applicable",1,"Model-based Estimates",3,"Projection",2205
49,"Total population by sex","Total population by sex","World Population Prospects",2024,"United Nations Population Division",772,"Tokelau","TK","TKL",73,"2022",4,"Median",3,"Both sexes",188,0,-1,"Total",0,"Not applicable",1,"Model-based Estimates",3,"Projection",2290
49,"Total population by sex","Total population by sex","World Population Prospects",2024,"United Nations Population Division",772,"Tokelau","TK","TKL",74,"2023",4,"Median",3,"Both sexes",188,0,-1,"Total",0,"Not applicable",1,"Model-based Estimates",3,"Projection",2397.5
49,"Total population by sex","Total population by sex","World Population Prospects",2024,"United Nations Population Division",772,"Tokelau","TK","TKL",75,"2024",4,"Median",3,"Both sexes",188,0,-1,"Total",0,"Not applicable",1,"Model-based Estimates",3,"Projection",2506.5
49,"Total population by sex","Total population by sex","World Population Prospects",2024,"United Nations Population Division",772,"Tokelau","TK","TKL",76,"2025",4,"Median",3,"Both sexes",188,0,-1,"Total",0,"Not applicable",1,"Model-based Estimates",3,"Projection",2608
49,"Total population by sex","Total population by sex","World Population Prospects",2024,"United Nations Population Division",776,"Tonga","TO","TON",70,"2019",4,"Median",3,"Both sexes",188,0,-1,"Total",0,"Not applicable",1,"Model-based Estimates",2,"Interpolation",105669.5
49,"Total population by sex","Total population by sex","World Population Prospects",2024,"United Nations Population Division",776,"Tonga","TO","TON",71,"2020",4,"Median",3,"Both sexes",188,0,-1,"Total",0,"Not applicable",1,"Model-based Estimates",2,"Interpolation",105703.5
49,"Total population by sex","Total population by sex","World Population Prospects",2024,"United Nations Population Division",776,"Tonga","TO","TON",72,"2021",4,"Median",3,"Both sexes",188,0,-1,"Total",0,"Not applicable",1,"Model-based Estimates",2,"Interpolation",105489.5
49,"Total population by sex","Total population by sex","World Population Prospects",2024,"United Nations Population Division",776,"Tonga","TO","TON",73,"2022",4,"Median",3,"Both sexes",188,0,-1,"Total",0,"Not applicable",1,"Model-based Estimates",3,"Projection",105042
49,"Total population by sex","Total population by sex","World Population Prospects",2024,"United Nations Population Division",776,"Tonga","TO","TON",74,"2023",4,"Median",3,"Both sexes",188,0,-1,"Total",0,"Not applicable",1,"Model-based Estimates",3,"Projection",104597.5
49,"Total population by sex","Total population by sex","World Population Prospects",2024,"United Nations Population Division",776,"Tonga","TO","TON",75,"2024",4,"Median",3,"Both sexes",188,0,-1,"Total",0,"Not applicable",1,"Model-based Estimates",3,"Projection",104175.5
49,"Total population by sex","Total population by sex","World Population Prospects",2024,"United Nations Population Division",776,"Tonga","TO","TON",76,"2025",4,"Median",3,"Both sexes",188,0,-1,"Total",0,"Not applicable",1,"Model-based Estimates",3,"Projection",103742
49,"Total population by sex","Total population by sex","World Population Prospects",2024,"United Nations Population Division",780,"Trinidad and Tobago","TT","TTO",70,"2019",4,"Median",3,"Both sexes",188,0,-1,"Total",0,"Not applicable",1,"Model-based Estimates",3,"Projection",1484894
49,"Total population by sex","Total population by sex","World Population Prospects",2024,"United Nations Population Division",780,"Trinidad and Tobago","TT","TTO",71,"2020",4,"Median",3,"Both sexes",188,0,-1,"Total",0,"Not applicable",1,"Model-based Estimates",3,"Projection",1481023.5
49,"Total population by sex","Total population by sex","World Population Prospects",2024,"United Nations Population Division",780,"Trinidad and Tobago","TT","TTO",72,"2021",4,"Median",3,"Both sexes",188,0,-1,"Total",0,"Not applicable",1,"Model-based Estimates",3,"Projection",1487717.5
49,"Total population by sex","Total population by sex","World Population Prospects",2024,"United Nations Population Division",780,"Trinidad and Tobago","TT","TTO",73,"2022",4,"Median",3,"Both sexes",188,0,-1,"Total",0,"Not applicable",1,"Model-based Estimates",3,"Projection",1495921.5
49,"Total population by sex","Total population by sex","World Population Prospects",2024,"United Nations Population Division",780,"Trinidad and Tobago","TT","TTO",74,"2023",4,"Median",3,"Both sexes",188,0,-1,"Total",0,"Not applicable",1,"Model-based Estimates",3,"Projection",1502932.5
49,"Total population by sex","Total population by sex","World Population Prospects",2024,"United Nations Population Division",780,"Trinidad and Tobago","TT","TTO",75,"2024",4,"Median",3,"Both sexes",188,0,-1,"Total",0,"Not applicable",1,"Model-based Estimates",3,"Projection",1507781.5
49,"Total population by sex","Total population by sex","World Population Prospects",2024,"United Nations Population Division",780,"Trinidad and Tobago","TT","TTO",76,"2025",4,"Median",3,"Both sexes",188,0,-1,"Total",0,"Not applicable",1,"Model-based Estimates",3,"Projection",1511155
49,"Total population by sex","Total population by sex","World Population Prospects",2024,"United Nations Population Division",784,"United Arab Emirates","AE","ARE",70,"2019",4,"Median",3,"Both sexes",188,0,-1,"Total",0,"Not applicable",1,"Model-based Estimates",2,"Interpolation",9377847.5
49,"Total population by sex","Total population by sex","World Population Prospects",2024,"United Nations Population Division",784,"United Arab Emirates","AE","ARE",71,"2020",4,"Median",3,"Both sexes",188,0,-1,"Total",0,"Not applicable",1,"Model-based Estimates",2,"Interpolation",9448524
49,"Total population by sex","Total population by sex","World Population Prospects",2024,"United Nations Population Division",784,"United Arab Emirates","AE","ARE",72,"2021",4,"Median",3,"Both sexes",188,0,-1,"Total",0,"Not applicable",1,"Model-based Estimates",2,"Interpolation",9789048
49,"Total population by sex","Total population by sex","World Population Prospects",2024,"United Nations Population Division",784,"United Arab Emirates","AE","ARE",73,"2022",4,"Median",3,"Both sexes",188,0,-1,"Total",0,"Not applicable",1,"Model-based Estimates",2,"Interpolation",10242086.5
49,"Total population by sex","Total population by sex","World Population Prospects",2024,"United Nations Population Division",784,"United Arab Emirates","AE","ARE",74,"2023",4,"Median",3,"Both sexes",188,0,-1,"Total",0,"Not applicable",1,"Model-based Estimates",2,"Interpolation",10642081
49,"Total population by sex","Total population by sex","World Population Prospects",2024,"United Nations Population Division",784,"United Arab Emirates","AE","ARE",75,"2024",4,"Median",3,"Both sexes",188,0,-1,"Total",0,"Not applicable",1,"Model-based Estimates",3,"Projection",11027129
49,"Total population by sex","Total population by sex","World Population Prospects",2024,"United Nations Population Division",784,"United Arab Emirates","AE","ARE",76,"2025",4,"Median",3,"Both sexes",188,0,-1,"Total",0,"Not applicable",1,"Model-based Estimates",3,"Projection",11346000
49,"Total population by sex","Total population by sex","World Population Prospects",2024,"United Nations Population Division",788,"Tunisia","TN","TUN",70,"2019",4,"Median",3,"Both sexes",188,0,-1,"Total",0,"Not applicable",1,"Model-based Estimates",3,"Projection",11875081
49,"Total population by sex","Total population by sex","World Population Prospects",2024,"United Nations Population Division",788,"Tunisia","TN","TUN",71,"2020",4,"Median",3,"Both sexes",188,0,-1,"Total",0,"Not applicable",1,"Model-based Estimates",3,"Projection",11974057
49,"Total population by sex","Total population by sex","World Population Prospects",2024,"United Nations Population Division",788,"Tunisia","TN","TUN",72,"2021",4,"Median",3,"Both sexes",188,0,-1,"Total",0,"Not applicable",1,"Model-based Estimates",3,"Projection",12048622.5
49,"Total population by sex","Total population by sex","World Population Prospects",2024,"United Nations Population Division",788,"Tunisia","TN","TUN",73,"2022",4,"Median",3,"Both sexes",188,0,-1,"Total",0,"Not applicable",1,"Model-based Estimates",3,"Projection",12119333.5
49,"Total population by sex","Total population by sex","World Population Prospects",2024,"United Nations Population Division",788,"Tunisia","TN","TUN",74,"2023",4,"Median",3,"Both sexes",188,0,-1,"Total",0,"Not applicable",1,"Model-based Estimates",3,"Projection",12200431
49,"Total population by sex","Total population by sex","World Population Prospects",2024,"United Nations Population Division",788,"Tunisia","TN","TUN",75,"2024",4,"Median",3,"Both sexes",188,0,-1,"Total",0,"Not applicable",1,"Model-based Estimates",3,"Projection",12277109
49,"Total population by sex","Total population by sex","World Population Prospects",2024,"United Nations Population Division",788,"Tunisia","TN","TUN",76,"2025",4,"Median",3,"Both sexes",188,0,-1,"Total",0,"Not applicable",1,"Model-based Estimates",3,"Projection",12348573
49,"Total population by sex","Total population by sex","World Population Prospects",2024,"United Nations Population Division",792,"Türkiye","TR","TUR",70,"2019",4,"Median",3,"Both sexes",188,0,-1,"Total",0,"Not applicable",1,"Model-based Estimates",2,"Interpolation",85357672
49,"Total population by sex","Total population by sex","World Population Prospects",2024,"United Nations Population Division",792,"Türkiye","TR","TUR",71,"2020",4,"Median",3,"Both sexes",188,0,-1,"Total",0,"Not applicable",1,"Model-based Estimates",2,"Interpolation",86091691.5
49,"Total population by sex","Total population by sex","World Population Prospects",2024,"United Nations Population Division",792,"Türkiye","TR","TUR",72,"2021",4,"Median",3,"Both sexes",188,0,-1,"Total",0,"Not applicable",1,"Model-based Estimates",2,"Interpolation",86686252.5
49,"Total population by sex","Total population by sex","World Population Prospects",2024,"United Nations Population Division",792,"Türkiye","TR","TUR",73,"2022",4,"Median",3,"Both sexes",188,0,-1,"Total",0,"Not applicable",1,"Model-based Estimates",2,"Interpolation",87058472.5
49,"Total population by sex","Total population by sex","World Population Prospects",2024,"United Nations Population Division",792,"Türkiye","TR","TUR",74,"2023",4,"Median",3,"Both sexes",188,0,-1,"Total",0,"Not applicable",1,"Model-based Estimates",3,"Projection",87270501.5
49,"Total population by sex","Total population by sex","World Population Prospects",2024,"United Nations Population Division",792,"Türkiye","TR","TUR",75,"2024",4,"Median",3,"Both sexes",188,0,-1,"Total",0,"Not applicable",1,"Model-based Estimates",3,"Projection",87473805
49,"Total population by sex","Total population by sex","World Population Prospects",2024,"United Nations Population Division",792,"Türkiye","TR","TUR",76,"2025",4,"Median",3,"Both sexes",188,0,-1,"Total",0,"Not applicable",1,"Model-based Estimates",3,"Projection",87685426
49,"Total population by sex","Total population by sex","World Population Prospects",2024,"United Nations Population Division",795,"Turkmenistan","TM","TKM",70,"2019",4,"Median",3,"Both sexes",188,0,-1,"Total",0,"Not applicable",1,"Model-based Estimates",2,"Interpolation",6803944.5
49,"Total population by sex","Total population by sex","World Population Prospects",2024,"United Nations Population Division",795,"Turkmenistan","TM","TKM",71,"2020",4,"Median",3,"Both sexes",188,0,-1,"Total",0,"Not applicable",1,"Model-based Estimates",2,"Interpolation",6949912
49,"Total population by sex","Total population by sex","World Population Prospects",2024,"United Nations Population Division",795,"Turkmenistan","TM","TKM",72,"2021",4,"Median",3,"Both sexes",188,0,-1,"Total",0,"Not applicable",1,"Model-based Estimates",2,"Interpolation",7092043.5
49,"Total population by sex","Total population by sex","World Population Prospects",2024,"United Nations Population Division",795,"Turkmenistan","TM","TKM",73,"2022",4,"Median",3,"Both sexes",188,0,-1,"Total",0,"Not applicable",1,"Model-based Estimates",2,"Interpolation",7230193
49,"Total population by sex","Total population by sex","World Population Prospects",2024,"United Nations Population Division",795,"Turkmenistan","TM","TKM",74,"2023",4,"Median",3,"Both sexes",188,0,-1,"Total",0,"Not applicable",1,"Model-based Estimates",3,"Projection",7364438
49,"Total population by sex","Total population by sex","World Population Prospects",2024,"United Nations Population Division",795,"Turkmenistan","TM","TKM",75,"2024",4,"Median",3,"Both sexes",188,0,-1,"Total",0,"Not applicable",1,"Model-based Estimates",3,"Projection",7494498.5
49,"Total population by sex","Total population by sex","World Population Prospects",2024,"United Nations Population Division",795,"Turkmenistan","TM","TKM",76,"2025",4,"Median",3,"Both sexes",188,0,-1,"Total",0,"Not applicable",1,"Model-based Estimates",3,"Projection",7618847.5
49,"Total population by sex","Total population by sex","World Population Prospects",2024,"United Nations Population Division",796,"Turks and Caicos Islands","TC","TCA",70,"2019",4,"Median",3,"Both sexes",188,0,-1,"Total",0,"Not applicable",1,"Model-based Estimates",3,"Projection",43165.5
49,"Total population by sex","Total population by sex","World Population Prospects",2024,"United Nations Population Division",796,"Turks and Caicos Islands","TC","TCA",71,"2020",4,"Median",3,"Both sexes",188,0,-1,"Total",0,"Not applicable",1,"Model-based Estimates",3,"Projection",44385.5
49,"Total population by sex","Total population by sex","World Population Prospects",2024,"United Nations Population Division",796,"Turks and Caicos Islands","TC","TCA",72,"2021",4,"Median",3,"Both sexes",188,0,-1,"Total",0,"Not applicable",1,"Model-based Estimates",3,"Projection",45243.5
49,"Total population by sex","Total population by sex","World Population Prospects",2024,"United Nations Population Division",796,"Turks and Caicos Islands","TC","TCA",73,"2022",4,"Median",3,"Both sexes",188,0,-1,"Total",0,"Not applicable",1,"Model-based Estimates",3,"Projection",45847.5
49,"Total population by sex","Total population by sex","World Population Prospects",2024,"United Nations Population Division",796,"Turks and Caicos Islands","TC","TCA",74,"2023",4,"Median",3,"Both sexes",188,0,-1,"Total",0,"Not applicable",1,"Model-based Estimates",3,"Projection",46198
49,"Total population by sex","Total population by sex","World Population Prospects",2024,"United Nations Population Division",796,"Turks and Caicos Islands","TC","TCA",75,"2024",4,"Median",3,"Both sexes",188,0,-1,"Total",0,"Not applicable",1,"Model-based Estimates",3,"Projection",46534.5
49,"Total population by sex","Total population by sex","World Population Prospects",2024,"United Nations Population Division",796,"Turks and Caicos Islands","TC","TCA",76,"2025",4,"Median",3,"Both sexes",188,0,-1,"Total",0,"Not applicable",1,"Model-based Estimates",3,"Projection",46854.5
49,"Total population by sex","Total population by sex","World Population Prospects",2024,"United Nations Population Division",798,"Tuvalu","TV","TUV",70,"2019",4,"Median",3,"Both sexes",188,0,-1,"Total",0,"Not applicable",1,"Model-based Estimates",2,"Interpolation",10581
49,"Total population by sex","Total population by sex","World Population Prospects",2024,"United Nations Population Division",798,"Tuvalu","TV","TUV",71,"2020",4,"Median",3,"Both sexes",188,0,-1,"Total",0,"Not applicable",1,"Model-based Estimates",2,"Interpolation",10399.5
49,"Total population by sex","Total population by sex","World Population Prospects",2024,"United Nations Population Division",798,"Tuvalu","TV","TUV",72,"2021",4,"Median",3,"Both sexes",188,0,-1,"Total",0,"Not applicable",1,"Model-based Estimates",2,"Interpolation",10193.5
49,"Total population by sex","Total population by sex","World Population Prospects",2024,"United Nations Population Division",798,"Tuvalu","TV","TUV",73,"2022",4,"Median",3,"Both sexes",188,0,-1,"Total",0,"Not applicable",1,"Model-based Estimates",2,"Interpolation",9992
49,"Total population by sex","Total population by sex","World Population Prospects",2024,"United Nations Population Division",798,"Tuvalu","TV","TUV",74,"2023",4,"Median",3,"Both sexes",188,0,-1,"Total",0,"Not applicable",1,"Model-based Estimates",3,"Projection",9815.5
49,"Total population by sex","Total population by sex","World Population Prospects",2024,"United Nations Population Division",798,"Tuvalu","TV","TUV",75,"2024",4,"Median",3,"Both sexes",188,0,-1,"Total",0,"Not applicable",1,"Model-based Estimates",3,"Projection",9645.5
49,"Total population by sex","Total population by sex","World Population Prospects",2024,"United Nations Population Division",798,"Tuvalu","TV","TUV",76,"2025",4,"Median",3,"Both sexes",188,0,-1,"Total",0,"Not applicable",1,"Model-based Estimates",3,"Projection",9492
49,"Total population by sex","Total population by sex","World Population Prospects",2024,"United Nations Population Division",800,"Uganda","UG","UGA",70,"2019",4,"Median",3,"Both sexes",188,0,-1,"Total",0,"Not applicable",1,"Model-based Estimates",3,"Projection",42999637.5
49,"Total population by sex","Total population by sex","World Population Prospects",2024,"United Nations Population Division",800,"Uganda","UG","UGA",71,"2020",4,"Median",3,"Both sexes",188,0,-1,"Total",0,"Not applicable",1,"Model-based Estimates",3,"Projection",44457152.5
49,"Total population by sex","Total population by sex","World Population Prospects",2024,"United Nations Population Division",800,"Uganda","UG","UGA",72,"2021",4,"Median",3,"Both sexes",188,0,-1,"Total",0,"Not applicable",1,"Model-based Estimates",3,"Projection",45910930
49,"Total population by sex","Total population by sex","World Population Prospects",2024,"United Nations Population Division",800,"Uganda","UG","UGA",73,"2022",4,"Median",3,"Both sexes",188,0,-1,"Total",0,"Not applicable",1,"Model-based Estimates",3,"Projection",47312719.5
49,"Total population by sex","Total population by sex","World Population Prospects",2024,"United Nations Population Division",800,"Uganda","UG","UGA",74,"2023",4,"Median",3,"Both sexes",188,0,-1,"Total",0,"Not applicable",1,"Model-based Estimates",3,"Projection",48656601.5
49,"Total population by sex","Total population by sex","World Population Prospects",2024,"United Nations Population Division",800,"Uganda","UG","UGA",75,"2024",4,"Median",3,"Both sexes",188,0,-1,"Total",0,"Not applicable",1,"Model-based Estimates",3,"Projection",50015092.5
49,"Total population by sex","Total population by sex","World Population Prospects",2024,"United Nations Population Division",800,"Uganda","UG","UGA",76,"2025",4,"Median",3,"Both sexes",188,0,-1,"Total",0,"Not applicable",1,"Model-based Estimates",3,"Projection",51384894
49,"Total population by sex","Total population by sex","World Population Prospects",2024,"United Nations Population Division",804,"Ukraine","UA","UKR",70,"2019",4,"Median",3,"Both sexes",188,0,-1,"Total",0,"Not applicable",1,"Model-based Estimates",3,"Projection",44957458
49,"Total population by sex","Total population by sex","World Population Prospects",2024,"United Nations Population Division",804,"Ukraine","UA","UKR",71,"2020",4,"Median",3,"Both sexes",188,0,-1,"Total",0,"Not applicable",1,"Model-based Estimates",3,"Projection",44680014.5
49,"Total population by sex","Total population by sex","World Population Prospects",2024,"United Nations Population Division",804,"Ukraine","UA","UKR",72,"2021",4,"Median",3,"Both sexes",188,0,-1,"Total",0,"Not applicable",1,"Model-based Estimates",3,"Projection",44298640
49,"Total population by sex","Total population by sex","World Population Prospects",2024,"United Nations Population Division",804,"Ukraine","UA","UKR",73,"2022",4,"Median",3,"Both sexes",188,0,-1,"Total",0,"Not applicable",1,"Model-based Estimates",3,"Projection",41048766
49,"Total population by sex","Total population by sex","World Population Prospects",2024,"United Nations Population Division",804,"Ukraine","UA","UKR",74,"2023",4,"Median",3,"Both sexes",188,0,-1,"Total",0,"Not applicable",1,"Model-based Estimates",3,"Projection",37732835.5
49,"Total population by sex","Total population by sex","World Population Prospects",2024,"United Nations Population Division",804,"Ukraine","UA","UKR",75,"2024",4,"Median",3,"Both sexes",188,0,-1,"Total",0,"Not applicable",1,"Model-based Estimates",3,"Projection",37860221.5
49,"Total population by sex","Total population by sex","World Population Prospects",2024,"United Nations Population Division",804,"Ukraine","UA","UKR",76,"2025",4,"Median",3,"Both sexes",188,0,-1,"Total",0,"Not applicable",1,"Model-based Estimates",3,"Projection",38980376.5
49,"Total population by sex","Total population by sex","World Population Prospects",2024,"United Nations Population Division",807,"North Macedonia","MK","MKD",70,"2019",4,"Median",3,"Both sexes",188,0,-1,"Total",0,"Not applicable",1,"Model-based Estimates",2,"Interpolation",1897641
49,"Total population by sex","Total population by sex","World Population Prospects",2024,"United Nations Population Division",807,"North Macedonia","MK","MKD",71,"2020",4,"Median",3,"Both sexes",188,0,-1,"Total",0,"Not applicable",1,"Model-based Estimates",2,"Interpolation",1872015.5
49,"Total population by sex","Total population by sex","World Population Prospects",2024,"United Nations Population Division",807,"North Macedonia","MK","MKD",72,"2021",4,"Median",3,"Both sexes",188,0,-1,"Total",0,"Not applicable",1,"Model-based Estimates",2,"Interpolation",1851107.5
49,"Total population by sex","Total population by sex","World Population Prospects",2024,"United Nations Population Division",807,"North Macedonia","MK","MKD",73,"2022",4,"Median",3,"Both sexes",188,0,-1,"Total",0,"Not applicable",1,"Model-based Estimates",3,"Projection",1840233
49,"Total population by sex","Total population by sex","World Population Prospects",2024,"United Nations Population Division",807,"North Macedonia","MK","MKD",74,"2023",4,"Median",3,"Both sexes",188,0,-1,"Total",0,"Not applicable",1,"Model-based Estimates",3,"Projection",1831801.5
49,"Total population by sex","Total population by sex","World Population Prospects",2024,"United Nations Population Division",807,"North Macedonia","MK","MKD",75,"2024",4,"Median",3,"Both sexes",188,0,-1,"Total",0,"Not applicable",1,"Model-based Estimates",3,"Projection",1823009
49,"Total population by sex","Total population by sex","World Population Prospects",2024,"United Nations Population Division",807,"North Macedonia","MK","MKD",76,"2025",4,"Median",3,"Both sexes",188,0,-1,"Total",0,"Not applicable",1,"Model-based Estimates",3,"Projection",1813791
49,"Total population by sex","Total population by sex","World Population Prospects",2024,"United Nations Population Division",818,"Egypt","EG","EGY",70,"2019",4,"Median",3,"Both sexes",188,0,-1,"Total",0,"Not applicable",1,"Model-based Estimates",3,"Projection",107553158
49,"Total population by sex","Total population by sex","World Population Prospects",2024,"United Nations Population Division",818,"Egypt","EG","EGY",71,"2020",4,"Median",3,"Both sexes",188,0,-1,"Total",0,"Not applicable",1,"Model-based Estimates",3,"Projection",109315123.5
49,"Total population by sex","Total population by sex","World Population Prospects",2024,"United Nations Population Division",818,"Egypt","EG","EGY",72,"2021",4,"Median",3,"Both sexes",188,0,-1,"Total",0,"Not applicable",1,"Model-based Estimates",3,"Projection",110957008
49,"Total population by sex","Total population by sex","World Population Prospects",2024,"United Nations Population Division",818,"Egypt","EG","EGY",73,"2022",4,"Median",3,"Both sexes",188,0,-1,"Total",0,"Not applicable",1,"Model-based Estimates",3,"Projection",112618249.5
49,"Total population by sex","Total population by sex","World Population Prospects",2024,"United Nations Population Division",818,"Egypt","EG","EGY",74,"2023",4,"Median",3,"Both sexes",188,0,-1,"Total",0,"Not applicable",1,"Model-based Estimates",3,"Projection",114535771.5
49,"Total population by sex","Total population by sex","World Population Prospects",2024,"United Nations Population Division",818,"Egypt","EG","EGY",75,"2024",4,"Median",3,"Both sexes",188,0,-1,"Total",0,"Not applicable",1,"Model-based Estimates",3,"Projection",116538257.5
49,"Total population by sex","Total population by sex","World Population Prospects",2024,"United Nations Population Division",818,"Egypt","EG","EGY",76,"2025",4,"Median",3,"Both sexes",188,0,-1,"Total",0,"Not applicable",1,"Model-based Estimates",3,"Projection",118365994.5
49,"Total population by sex","Total population by sex","World Population Prospects",2024,"United Nations Population Division",826,"United Kingdom","GB","GBR",70,"2019",4,"Median",3,"Both sexes",188,0,-1,"Total",0,"Not applicable",1,"Model-based Estimates",2,"Interpolation",67110958
49,"Total population by sex","Total population by sex","World Population Prospects",2024,"United Nations Population Division",826,"United Kingdom","GB","GBR",71,"2020",4,"Median",3,"Both sexes",188,0,-1,"Total",0,"Not applicable",1,"Model-based Estimates",2,"Interpolation",67351861.5
49,"Total population by sex","Total population by sex","World Population Prospects",2024,"United Nations Population Division",826,"United Kingdom","GB","GBR",72,"2021",4,"Median",3,"Both sexes",188,0,-1,"Total",0,"Not applicable",1,"Model-based Estimates",2,"Interpolation",67668792
49,"Total population by sex","Total population by sex","World Population Prospects",2024,"United Nations Population Division",826,"United Kingdom","GB","GBR",73,"2022",4,"Median",3,"Both sexes",188,0,-1,"Total",0,"Not applicable",1,"Model-based Estimates",3,"Projection",68179315.5
49,"Total population by sex","Total population by sex","World Population Prospects",2024,"United Nations Population Division",826,"United Kingdom","GB","GBR",74,"2023",4,"Median",3,"Both sexes",188,0,-1,"Total",0,"Not applicable",1,"Model-based Estimates",3,"Projection",68682962.5
49,"Total population by sex","Total population by sex","World Population Prospects",2024,"United Nations Population Division",826,"United Kingdom","GB","GBR",75,"2024",4,"Median",3,"Both sexes",188,0,-1,"Total",0,"Not applicable",1,"Model-based Estimates",3,"Projection",69138191.5
49,"Total population by sex","Total population by sex","World Population Prospects",2024,"United Nations Population Division",826,"United Kingdom","GB","GBR",76,"2025",4,"Median",3,"Both sexes",188,0,-1,"Total",0,"Not applicable",1,"Model-based Estimates",3,"Projection",69551331.5
49,"Total population by sex","Total population by sex","World Population Prospects",2024,"United Nations Population Division",831,"Guernsey","GG","GGY",70,"2019",4,"Median",3,"Both sexes",188,0,-1,"Total",0,"Not applicable",1,"Model-based Estimates",2,"Interpolation",62783.5
49,"Total population by sex","Total population by sex","World Population Prospects",2024,"United Nations Population Division",831,"Guernsey","GG","GGY",71,"2020",4,"Median",3,"Both sexes",188,0,-1,"Total",0,"Not applicable",1,"Model-based Estimates",2,"Interpolation",63105.5
49,"Total population by sex","Total population by sex","World Population Prospects",2024,"United Nations Population Division",831,"Guernsey","GG","GGY",72,"2021",4,"Median",3,"Both sexes",188,0,-1,"Total",0,"Not applicable",1,"Model-based Estimates",2,"Interpolation",63413.5
49,"Total population by sex","Total population by sex","World Population Prospects",2024,"United Nations Population Division",831,"Guernsey","GG","GGY",73,"2022",4,"Median",3,"Both sexes",188,0,-1,"Total",0,"Not applicable",1,"Model-based Estimates",2,"Interpolation",63725.5
49,"Total population by sex","Total population by sex","World Population Prospects",2024,"United Nations Population Division",831,"Guernsey","GG","GGY",74,"2023",4,"Median",3,"Both sexes",188,0,-1,"Total",0,"Not applicable",1,"Model-based Estimates",3,"Projection",64016.99999999999
49,"Total population by sex","Total population by sex","World Population Prospects",2024,"United Nations Population Division",831,"Guernsey","GG","GGY",75,"2024",4,"Median",3,"Both sexes",188,0,-1,"Total",0,"Not applicable",1,"Model-based Estimates",3,"Projection",64280
49,"Total population by sex","Total population by sex","World Population Prospects",2024,"United Nations Population Division",831,"Guernsey","GG","GGY",76,"2025",4,"Median",3,"Both sexes",188,0,-1,"Total",0,"Not applicable",1,"Model-based Estimates",3,"Projection",64476.5
49,"Total population by sex","Total population by sex","World Population Prospects",2024,"United Nations Population Division",832,"Jersey","JE","JEY",70,"2019",4,"Median",3,"Both sexes",188,0,-1,"Total",0,"Not applicable",1,"Model-based Estimates",2,"Interpolation",102856.5
49,"Total population by sex","Total population by sex","World Population Prospects",2024,"United Nations Population Division",832,"Jersey","JE","JEY",71,"2020",4,"Median",3,"Both sexes",188,0,-1,"Total",0,"Not applicable",1,"Model-based Estimates",2,"Interpolation",103130
49,"Total population by sex","Total population by sex","World Population Prospects",2024,"United Nations Population Division",832,"Jersey","JE","JEY",72,"2021",4,"Median",3,"Both sexes",188,0,-1,"Total",0,"Not applicable",1,"Model-based Estimates",2,"Interpolation",103327.5
49,"Total population by sex","Total population by sex","World Population Prospects",2024,"United Nations Population Division",832,"Jersey","JE","JEY",73,"2022",4,"Median",3,"Both sexes",188,0,-1,"Total",0,"Not applicable",1,"Model-based Estimates",3,"Projection",103490.5
49,"Total population by sex","Total population by sex","World Population Prospects",2024,"United Nations Population Division",832,"Jersey","JE","JEY",74,"2023",4,"Median",3,"Both sexes",188,0,-1,"Total",0,"Not applicable",1,"Model-based Estimates",3,"Projection",103674.5
49,"Total population by sex","Total population by sex","World Population Prospects",2024,"United Nations Population Division",832,"Jersey","JE","JEY",75,"2024",4,"Median",3,"Both sexes",188,0,-1,"Total",0,"Not applicable",1,"Model-based Estimates",3,"Projection",103845.5
49,"Total population by sex","Total population by sex","World Population Prospects",2024,"United Nations Population Division",832,"Jersey","JE","JEY",76,"2025",4,"Median",3,"Both sexes",188,0,-1,"Total",0,"Not applicable",1,"Model-based Estimates",3,"Projection",103988.5
49,"Total population by sex","Total population by sex","World Population Prospects",2024,"United Nations Population Division",833,"Isle of Man","IM","IMN",70,"2019",4,"Median",3,"Both sexes",188,0,-1,"Total",0,"Not applicable",1,"Model-based Estimates",2,"Interpolation",83956.5
49,"Total population by sex","Total population by sex","World Population Prospects",2024,"United Nations Population Division",833,"Isle of Man","IM","IMN",71,"2020",4,"Median",3,"Both sexes",188,0,-1,"Total",0,"Not applicable",1,"Model-based Estimates",2,"Interpolation",84063.5
49,"Total population by sex","Total population by sex","World Population Prospects",2024,"United Nations Population Division",833,"Isle of Man","IM","IMN",72,"2021",4,"Median",3,"Both sexes",188,0,-1,"Total",0,"Not applicable",1,"Model-based Estimates",2,"Interpolation",84105.5
49,"Total population by sex","Total population by sex","World Population Prospects",2024,"United Nations Population Division",833,"Isle of Man","IM","IMN",73,"2022",4,"Median",3,"Both sexes",188,0,-1,"Total",0,"Not applicable",1,"Model-based Estimates",2,"Interpolation",84132
49,"Total population by sex","Total population by sex","World Population Prospects",2024,"United Nations Population Division",833,"Isle of Man","IM","IMN",74,"2023",4,"Median",3,"Both sexes",188,0,-1,"Total",0,"Not applicable",1,"Model-based Estimates",3,"Projection",84165.5
49,"Total population by sex","Total population by sex","World Population Prospects",2024,"United Nations Population Division",833,"Isle of Man","IM","IMN",75,"2024",4,"Median",3,"Both sexes",188,0,-1,"Total",0,"Not applicable",1,"Model-based Estimates",3,"Projection",84160.5
49,"Total population by sex","Total population by sex","World Population Prospects",2024,"United Nations Population Division",833,"Isle of Man","IM","IMN",76,"2025",4,"Median",3,"Both sexes",188,0,-1,"Total",0,"Not applicable",1,"Model-based Estimates",3,"Projection",84118.5
49,"Total population by sex","Total population by sex","World Population Prospects",2024,"United Nations Population Division",834,"United Republic of Tanzania","TZ","TZA",70,"2019",4,"Median",3,"Both sexes",188,0,-1,"Total",0,"Not applicable",1,"Model-based Estimates",2,"Interpolation",59174891
49,"Total population by sex","Total population by sex","World Population Prospects",2024,"United Nations Population Division",834,"United Republic of Tanzania","TZ","TZA",71,"2020",4,"Median",3,"Both sexes",188,0,-1,"Total",0,"Not applicable",1,"Model-based Estimates",2,"Interpolation",60972797.5
49,"Total population by sex","Total population by sex","World Population Prospects",2024,"United Nations Population Division",834,"United Republic of Tanzania","TZ","TZA",72,"2021",4,"Median",3,"Both sexes",188,0,-1,"Total",0,"Not applicable",1,"Model-based Estimates",2,"Interpolation",62830412
49,"Total population by sex","Total population by sex","World Population Prospects",2024,"United Nations Population Division",834,"United Republic of Tanzania","TZ","TZA",73,"2022",4,"Median",3,"Both sexes",188,0,-1,"Total",0,"Not applicable",1,"Model-based Estimates",2,"Interpolation",64711821
49,"Total population by sex","Total population by sex","World Population Prospects",2024,"United Nations Population Division",834,"United Republic of Tanzania","TZ","TZA",74,"2023",4,"Median",3,"Both sexes",188,0,-1,"Total",0,"Not applicable",1,"Model-based Estimates",3,"Projection",66617606.49999999
49,"Total population by sex","Total population by sex","World Population Prospects",2024,"United Nations Population Division",834,"United Republic of Tanzania","TZ","TZA",75,"2024",4,"Median",3,"Both sexes",188,0,-1,"Total",0,"Not applicable",1,"Model-based Estimates",3,"Projection",68560157
49,"Total population by sex","Total population by sex","World Population Prospects",2024,"United Nations Population Division",834,"United Republic of Tanzania","TZ","TZA",76,"2025",4,"Median",3,"Both sexes",188,0,-1,"Total",0,"Not applicable",1,"Model-based Estimates",3,"Projection",70545865
49,"Total population by sex","Total population by sex","World Population Prospects",2024,"United Nations Population Division",840,"United States of America","US","USA",70,"2019",4,"Median",3,"Both sexes",188,0,-1,"Total",0,"Not applicable",1,"Model-based Estimates",2,"Interpolation",337790066.5
49,"Total population by sex","Total population by sex","World Population Prospects",2024,"United Nations Population Division",840,"United States of America","US","USA",71,"2020",4,"Median",3,"Both sexes",188,0,-1,"Total",0,"Not applicable",1,"Model-based Estimates",2,"Interpolation",339436158.5
49,"Total population by sex","Total population by sex","World Population Prospects",2024,"United Nations Population Division",840,"United States of America","US","USA",72,"2021",4,"Median",3,"Both sexes",188,0,-1,"Total",0,"Not applicable",1,"Model-based Estimates",2,"Interpolation",340161441
49,"Total population by sex","Total population by sex","World Population Prospects",2024,"United Nations Population Division",840,"United States of America","US","USA",73,"2022",4,"Median",3,"Both sexes",188,0,-1,"Total",0,"Not applicable",1,"Model-based Estimates",2,"Interpolation",341534045.5
49,"Total population by sex","Total population by sex","World Population Prospects",2024,"United Nations Population Division",840,"United States of America","US","USA",74,"2023",4,"Median",3,"Both sexes",188,0,-1,"Total",0,"Not applicable",1,"Model-based Estimates",3,"Projection",343477335
49,"Total population by sex","Total population by sex","World Population Prospects",2024,"United Nations Population Division",840,"United States of America","US","USA",75,"2024",4,"Median",3,"Both sexes",188,0,-1,"Total",0,"Not applicable",1,"Model-based Estimates",3,"Projection",345426571
49,"Total population by sex","Total population by sex","World Population Prospects",2024,"United Nations Population Division",840,"United States of America","US","USA",76,"2025",4,"Median",3,"Both sexes",188,0,-1,"Total",0,"Not applicable",1,"Model-based Estimates",3,"Projection",347275807.5
49,"Total population by sex","Total population by sex","World Population Prospects",2024,"United Nations Population Division",850,"United States Virgin Islands","VI","VIR",70,"2019",4,"Median",3,"Both sexes",188,0,-1,"Total",0,"Not applicable",1,"Model-based Estimates",2,"Interpolation",89372.5
49,"Total population by sex","Total population by sex","World Population Prospects",2024,"United Nations Population Division",850,"United States Virgin Islands","VI","VIR",71,"2020",4,"Median",3,"Both sexes",188,0,-1,"Total",0,"Not applicable",1,"Model-based Estimates",2,"Interpolation",87706.5
49,"Total population by sex","Total population by sex","World Population Prospects",2024,"United Nations Population Division",850,"United States Virgin Islands","VI","VIR",72,"2021",4,"Median",3,"Both sexes",188,0,-1,"Total",0,"Not applicable",1,"Model-based Estimates",3,"Projection",87223
49,"Total population by sex","Total population by sex","World Population Prospects",2024,"United Nations Population Division",850,"United States Virgin Islands","VI","VIR",73,"2022",4,"Median",3,"Both sexes",188,0,-1,"Total",0,"Not applicable",1,"Model-based Estimates",3,"Projection",86507
49,"Total population by sex","Total population by sex","World Population Prospects",2024,"United Nations Population Division",850,"United States Virgin Islands","VI","VIR",74,"2023",4,"Median",3,"Both sexes",188,0,-1,"Total",0,"Not applicable",1,"Model-based Estimates",3,"Projection",85701
49,"Total population by sex","Total population by sex","World Population Prospects",2024,"United Nations Population Division",850,"United States Virgin Islands","VI","VIR",75,"2024",4,"Median",3,"Both sexes",188,0,-1,"Total",0,"Not applicable",1,"Model-based Estimates",3,"Projection",84905
49,"Total population by sex","Total population by sex","World Population Prospects",2024,"United Nations Population Division",850,"United States Virgin Islands","VI","VIR",76,"2025",4,"Median",3,"Both sexes",188,0,-1,"Total",0,"Not applicable",1,"Model-based Estimates",3,"Projection",84138.5
49,"Total population by sex","Total population by sex","World Population Prospects",2024,"United Nations Population Division",854,"Burkina Faso","BF","BFA",70,"2019",4,"Median",3,"Both sexes",188,0,-1,"Total",0,"Not applicable",1,"Model-based Estimates",2,"Interpolation",20961952.5
49,"Total population by sex","Total population by sex","World Population Prospects",2024,"United Nations Population Division",854,"Burkina Faso","BF","BFA",71,"2020",4,"Median",3,"Both sexes",188,0,-1,"Total",0,"Not applicable",1,"Model-based Estimates",3,"Projection",21478689.5
49,"Total population by sex","Total population by sex","World Population Prospects",2024,"United Nations Population Division",854,"Burkina Faso","BF","BFA",72,"2021",4,"Median",3,"Both sexes",188,0,-1,"Total",0,"Not applicable",1,"Model-based Estimates",3,"Projection",21995243
49,"Total population by sex","Total population by sex","World Population Prospects",2024,"United Nations Population Division",854,"Burkina Faso","BF","BFA",73,"2022",4,"Median",3,"Both sexes",188,0,-1,"Total",0,"Not applicable",1,"Model-based Estimates",3,"Projection",22509038.5
49,"Total population by sex","Total population by sex","World Population Prospects",2024,"United Nations Population Division",854,"Burkina Faso","BF","BFA",74,"2023",4,"Median",3,"Both sexes",188,0,-1,"Total",0,"Not applicable",1,"Model-based Estimates",3,"Projection",23025776
49,"Total population by sex","Total population by sex","World Population Prospects",2024,"United Nations Population Division",854,"Burkina Faso","BF","BFA",75,"2024",4,"Median",3,"Both sexes",188,0,-1,"Total",0,"Not applicable",1,"Model-based Estimates",3,"Projection",23548781
49,"Total population by sex","Total population by sex","World Population Prospects",2024,"United Nations Population Division",854,"Burkina Faso","BF","BFA",76,"2025",4,"Median",3,"Both sexes",188,0,-1,"Total",0,"Not applicable",1,"Model-based Estimates",3,"Projection",24074580
49,"Total population by sex","Total population by sex","World Population Prospects",2024,"United Nations Population Division",858,"Uruguay","UY","URY",70,"2019",4,"Median",3,"Both sexes",188,0,-1,"Total",0,"Not applicable",1,"Model-based Estimates",3,"Projection",3397205.5
49,"Total population by sex","Total population by sex","World Population Prospects",2024,"United Nations Population Division",858,"Uruguay","UY","URY",71,"2020",4,"Median",3,"Both sexes",188,0,-1,"Total",0,"Not applicable",1,"Model-based Estimates",3,"Projection",3398968
49,"Total population by sex","Total population by sex","World Population Prospects",2024,"United Nations Population Division",858,"Uruguay","UY","URY",72,"2021",4,"Median",3,"Both sexes",188,0,-1,"Total",0,"Not applicable",1,"Model-based Estimates",3,"Projection",3396694.5
49,"Total population by sex","Total population by sex","World Population Prospects",2024,"United Nations Population Division",858,"Uruguay","UY","URY",73,"2022",4,"Median",3,"Both sexes",188,0,-1,"Total",0,"Not applicable",1,"Model-based Estimates",3,"Projection",3390913
49,"Total population by sex","Total population by sex","World Population Prospects",2024,"United Nations Population Division",858,"Uruguay","UY","URY",74,"2023",4,"Median",3,"Both sexes",188,0,-1,"Total",0,"Not applicable",1,"Model-based Estimates",3,"Projection",3388080.5
49,"Total population by sex","Total population by sex","World Population Prospects",2024,"United Nations Population Division",858,"Uruguay","UY","URY",75,"2024",4,"Median",3,"Both sexes",188,0,-1,"Total",0,"Not applicable",1,"Model-based Estimates",3,"Projection",3386587.5
49,"Total population by sex","Total population by sex","World Population Prospects",2024,"United Nations Population Division",858,"Uruguay","UY","URY",76,"2025",4,"Median",3,"Both sexes",188,0,-1,"Total",0,"Not applicable",1,"Model-based Estimates",3,"Projection",3384688
49,"Total population by sex","Total population by sex","World Population Prospects",2024,"United Nations Population Division",860,"Uzbekistan","UZ","UZB",70,"2019",4,"Median",3,"Both sexes",188,0,-1,"Total",0,"Not applicable",1,"Model-based Estimates",3,"Projection",32964701
49,"Total population by sex","Total population by sex","World Population Prospects",2024,"United Nations Population Division",860,"Uzbekistan","UZ","UZB",71,"2020",4,"Median",3,"Both sexes",188,0,-1,"Total",0,"Not applicable",1,"Model-based Estimates",3,"Projection",33586372
49,"Total population by sex","Total population by sex","World Population Prospects",2024,"United Nations Population Division",860,"Uzbekistan","UZ","UZB",72,"2021",4,"Median",3,"Both sexes",188,0,-1,"Total",0,"Not applicable",1,"Model-based Estimates",3,"Projection",34243695.5
49,"Total population by sex","Total population by sex","World Population Prospects",2024,"United Nations Population Division",860,"Uzbekistan","UZ","UZB",73,"2022",4,"Median",3,"Both sexes",188,0,-1,"Total",0,"Not applicable",1,"Model-based Estimates",3,"Projection",34938955.5
49,"Total population by sex","Total population by sex","World Population Prospects",2024,"United Nations Population Division",860,"Uzbekistan","UZ","UZB",74,"2023",4,"Median",3,"Both sexes",188,0,-1,"Total",0,"Not applicable",1,"Model-based Estimates",3,"Projection",35652307
49,"Total population by sex","Total population by sex","World Population Prospects",2024,"United Nations Population Division",860,"Uzbekistan","UZ","UZB",75,"2024",4,"Median",3,"Both sexes",188,0,-1,"Total",0,"Not applicable",1,"Model-based Estimates",3,"Projection",36361859
49,"Total population by sex","Total population by sex","World Population Prospects",2024,"United Nations Population Division",860,"Uzbekistan","UZ","UZB",76,"2025",4,"Median",3,"Both sexes",188,0,-1,"Total",0,"Not applicable",1,"Model-based Estimates",3,"Projection",37053428
49,"Total population by sex","Total population by sex","World Population Prospects",2024,"United Nations Population Division",862,"Venezuela (Bolivarian Republic of)","VE","VEN",70,"2019",4,"Median",3,"Both sexes",188,0,-1,"Total",0,"Not applicable",1,"Model-based Estimates",3,"Projection",28938098
49,"Total population by sex","Total population by sex","World Population Prospects",2024,"United Nations Population Division",862,"Venezuela (Bolivarian Republic of)","VE","VEN",71,"2020",4,"Median",3,"Both sexes",188,0,-1,"Total",0,"Not applicable",1,"Model-based Estimates",3,"Projection",28444077.5
49,"Total population by sex","Total population by sex","World Population Prospects",2024,"United Nations Population Division",862,"Venezuela (Bolivarian Republic of)","VE","VEN",72,"2021",4,"Median",3,"Both sexes",188,0,-1,"Total",0,"Not applicable",1,"Model-based Estimates",3,"Projection",28237826
49,"Total population by sex","Total population by sex","World Population Prospects",2024,"United Nations Population Division",862,"Venezuela (Bolivarian Republic of)","VE","VEN",73,"2022",4,"Median",3,"Both sexes",188,0,-1,"Total",0,"Not applicable",1,"Model-based Estimates",3,"Projection",28213016.5
49,"Total population by sex","Total population by sex","World Population Prospects",2024,"United Nations Population Division",862,"Venezuela (Bolivarian Republic of)","VE","VEN",74,"2023",4,"Median",3,"Both sexes",188,0,-1,"Total",0,"Not applicable",1,"Model-based Estimates",3,"Projection",28300854
49,"Total population by sex","Total population by sex","World Population Prospects",2024,"United Nations Population Division",862,"Venezuela (Bolivarian Republic of)","VE","VEN",75,"2024",4,"Median",3,"Both sexes",188,0,-1,"Total",0,"Not applicable",1,"Model-based Estimates",3,"Projection",28405543
49,"Total population by sex","Total population by sex","World Population Prospects",2024,"United Nations Population Division",862,"Venezuela (Bolivarian Republic of)","VE","VEN",76,"2025",4,"Median",3,"Both sexes",188,0,-1,"Total",0,"Not applicable",1,"Model-based Estimates",3,"Projection",28516896
49,"Total population by sex","Total population by sex","World Population Prospects",2024,"United Nations Population Division",876,"Wallis and Futuna Islands","WF","WLF",70,"2019",4,"Median",3,"Both sexes",188,0,-1,"Total",0,"Not applicable",1,"Model-based Estimates",3,"Projection",11686
49,"Total population by sex","Total population by sex","World Population Prospects",2024,"United Nations Population Division",876,"Wallis and Futuna Islands","WF","WLF",71,"2020",4,"Median",3,"Both sexes",188,0,-1,"Total",0,"Not applicable",1,"Model-based Estimates",3,"Projection",11616
49,"Total population by sex","Total population by sex","World Population Prospects",2024,"United Nations Population Division",876,"Wallis and Futuna Islands","WF","WLF",72,"2021",4,"Median",3,"Both sexes",188,0,-1,"Total",0,"Not applicable",1,"Model-based Estimates",3,"Projection",11567.5
49,"Total population by sex","Total population by sex","World Population Prospects",2024,"United Nations Population Division",876,"Wallis and Futuna Islands","WF","WLF",73,"2022",4,"Median",3,"Both sexes",188,0,-1,"Total",0,"Not applicable",1,"Model-based Estimates",3,"Projection",11478
49,"Total population by sex","Total population by sex","World Population Prospects",2024,"United Nations Population Division",876,"Wallis and Futuna Islands","WF","WLF",74,"2023",4,"Median",3,"Both sexes",188,0,-1,"Total",0,"Not applicable",1,"Model-based Estimates",3,"Projection",11370.5
49,"Total population by sex","Total population by sex","World Population Prospects",2024,"United Nations Population Division",876,"Wallis and Futuna Islands","WF","WLF",75,"2024",4,"Median",3,"Both sexes",188,0,-1,"Total",0,"Not applicable",1,"Model-based Estimates",3,"Projection",11277.5
49,"Total population by sex","Total population by sex","World Population Prospects",2024,"United Nations Population Division",876,"Wallis and Futuna Islands","WF","WLF",76,"2025",4,"Median",3,"Both sexes",188,0,-1,"Total",0,"Not applicable",1,"Model-based Estimates",3,"Projection",11194
49,"Total population by sex","Total population by sex","World Population Prospects",2024,"United Nations Population Division",882,"Samoa","WS","WSM",70,"2019",4,"Median",3,"Both sexes",188,0,-1,"Total",0,"Not applicable",1,"Model-based Estimates",2,"Interpolation",209779.5
49,"Total population by sex","Total population by sex","World Population Prospects",2024,"United Nations Population Division",882,"Samoa","WS","WSM",71,"2020",4,"Median",3,"Both sexes",188,0,-1,"Total",0,"Not applicable",1,"Model-based Estimates",2,"Interpolation",211944
49,"Total population by sex","Total population by sex","World Population Prospects",2024,"United Nations Population Division",882,"Samoa","WS","WSM",72,"2021",4,"Median",3,"Both sexes",188,0,-1,"Total",0,"Not applicable",1,"Model-based Estimates",2,"Interpolation",213779
49,"Total population by sex","Total population by sex","World Population Prospects",2024,"United Nations Population Division",882,"Samoa","WS","WSM",73,"2022",4,"Median",3,"Both sexes",188,0,-1,"Total",0,"Not applicable",1,"Model-based Estimates",3,"Projection",215260.5
49,"Total population by sex","Total population by sex","World Population Prospects",2024,"United Nations Population Division",882,"Samoa","WS","WSM",74,"2023",4,"Median",3,"Both sexes",188,0,-1,"Total",0,"Not applicable",1,"Model-based Estimates",3,"Projection",216663
49,"Total population by sex","Total population by sex","World Population Prospects",2024,"United Nations Population Division",882,"Samoa","WS","WSM",75,"2024",4,"Median",3,"Both sexes",188,0,-1,"Total",0,"Not applicable",1,"Model-based Estimates",3,"Projection",218019.5
49,"Total population by sex","Total population by sex","World Population Prospects",2024,"United Nations Population Division",882,"Samoa","WS","WSM",76,"2025",4,"Median",3,"Both sexes",188,0,-1,"Total",0,"Not applicable",1,"Model-based Estimates",3,"Projection",219306.5
49,"Total population by sex","Total population by sex","World Population Prospects",2024,"United Nations Population Division",887,"Yemen","YE","YEM",70,"2019",4,"Median",3,"Both sexes",188,0,-1,"Total",0,"Not applicable",1,"Model-based Estimates",3,"Projection",35111407.5
49,"Total population by sex","Total population by sex","World Population Prospects",2024,"United Nations Population Division",887,"Yemen","YE","YEM",71,"2020",4,"Median",3,"Both sexes",188,0,-1,"Total",0,"Not applicable",1,"Model-based Estimates",3,"Projection",36134863.5
49,"Total population by sex","Total population by sex","World Population Prospects",2024,"United Nations Population Division",887,"Yemen","YE","YEM",72,"2021",4,"Median",3,"Both sexes",188,0,-1,"Total",0,"Not applicable",1,"Model-based Estimates",3,"Projection",37140230.5
49,"Total population by sex","Total population by sex","World Population Prospects",2024,"United Nations Population Division",887,"Yemen","YE","YEM",73,"2022",4,"Median",3,"Both sexes",188,0,-1,"Total",0,"Not applicable",1,"Model-based Estimates",3,"Projection",38222875.5
49,"Total population by sex","Total population by sex","World Population Prospects",2024,"United Nations Population Division",887,"Yemen","YE","YEM",74,"2023",4,"Median",3,"Both sexes",188,0,-1,"Total",0,"Not applicable",1,"Model-based Estimates",3,"Projection",39390799
49,"Total population by sex","Total population by sex","World Population Prospects",2024,"United Nations Population Division",887,"Yemen","YE","YEM",75,"2024",4,"Median",3,"Both sexes",188,0,-1,"Total",0,"Not applicable",1,"Model-based Estimates",3,"Projection",40583164.5
49,"Total population by sex","Total population by sex","World Population Prospects",2024,"United Nations Population Division",887,"Yemen","YE","YEM",76,"2025",4,"Median",3,"Both sexes",188,0,-1,"Total",0,"Not applicable",1,"Model-based Estimates",3,"Projection",41773877.5
49,"Total population by sex","Total population by sex","World Population Prospects",2024,"United Nations Population Division",894,"Zambia","ZM","ZMB",70,"2019",4,"Median",3,"Both sexes",188,0,-1,"Total",0,"Not applicable",1,"Model-based Estimates",3,"Projection",18513839.5
49,"Total population by sex","Total population by sex","World Population Prospects",2024,"United Nations Population Division",894,"Zambia","ZM","ZMB",71,"2020",4,"Median",3,"Both sexes",188,0,-1,"Total",0,"Not applicable",1,"Model-based Estimates",3,"Projection",19059395
49,"Total population by sex","Total population by sex","World Population Prospects",2024,"United Nations Population Division",894,"Zambia","ZM","ZMB",72,"2021",4,"Median",3,"Both sexes",188,0,-1,"Total",0,"Not applicable",1,"Model-based Estimates",3,"Projection",19603607.5
49,"Total population by sex","Total population by sex","World Population Prospects",2024,"United Nations Population Division",894,"Zambia","ZM","ZMB",73,"2022",4,"Median",3,"Both sexes",188,0,-1,"Total",0,"Not applicable",1,"Model-based Estimates",3,"Projection",20152938
49,"Total population by sex","Total population by sex","World Population Prospects",2024,"United Nations Population Division",894,"Zambia","ZM","ZMB",74,"2023",4,"Median",3,"Both sexes",188,0,-1,"Total",0,"Not applicable",1,"Model-based Estimates",3,"Projection",20723965
49,"Total population by sex","Total population by sex","World Population Prospects",2024,"United Nations Population Division",894,"Zambia","ZM","ZMB",75,"2024",4,"Median",3,"Both sexes",188,0,-1,"Total",0,"Not applicable",1,"Model-based Estimates",3,"Projection",21314955.5
49,"Total population by sex","Total population by sex","World Population Prospects",2024,"United Nations Population Division",894,"Zambia","ZM","ZMB",76,"2025",4,"Median",3,"Both sexes",188,0,-1,"Total",0,"Not applicable",1,"Model-based Estimates",3,"Projection",21913874
49,"Total population by sex","Total population by sex","World Population Prospects",2024,"United Nations Population Division",900,"World","1W","WLD",70,"2019",4,"Median",3,"Both sexes",188,0,-1,"Total",0,"Not applicable",1,"Model-based Estimates",2,"Interpolation",7811293698.5
49,"Total population by sex","Total population by sex","World Population Prospects",2024,"United Nations Population Division",900,"World","1W","WLD",71,"2020",4,"Median",3,"Both sexes",188,0,-1,"Total",0,"Not applicable",1,"Model-based Estimates",2,"Interpolation",7887001292
49,"Total population by sex","Total population by sex","World Population Prospects",2024,"United Nations Population Division",900,"World","1W","WLD",72,"2021",4,"Median",3,"Both sexes",188,0,-1,"Total",0,"Not applicable",1,"Model-based Estimates",2,"Interpolation",7954448391.5
49,"Total population by sex","Total population by sex","World Population Prospects",2024,"United Nations Population Division",900,"World","1W","WLD",73,"2022",4,"Median",3,"Both sexes",188,0,-1,"Total",0,"Not applicable",1,"Model-based Estimates",2,"Interpolation",8021407192
49,"Total population by sex","Total population by sex","World Population Prospects",2024,"United Nations Population Division",900,"World","1W","WLD",74,"2023",4,"Median",3,"Both sexes",188,0,-1,"Total",0,"Not applicable",1,"Model-based Estimates",2,"Interpolation",8091734930
49,"Total population by sex","Total population by sex","World Population Prospects",2024,"United Nations Population Division",900,"World","1W","WLD",75,"2024",4,"Median",3,"Both sexes",188,0,-1,"Total",0,"Not applicable",1,"Model-based Estimates",3,"Projection",8161972572.5
49,"Total population by sex","Total population by sex","World Population Prospects",2024,"United Nations Population Division",900,"World","1W","WLD",76,"2025",4,"Median",3,"Both sexes",188,0,-1,"Total",0,"Not applicable",1,"Model-based Estimates",3,"Projection",8231613070
