Table 3,ANZSOC Division,ANZSOC Subdivision,Year Month,Proceedings,Age Group,Age Group 5Yr Band,ANZSOC Group,ANZSOC_DIVISION_CD,ANZSOC_GROUP_CD,ANZSOC_SUBDIVISION_CD,Ethnic Group,Ethnicity,Method of Proceeding,Months Ago,Mop Division,Mop Group,Mop Subdivision,Number of Records,Person/Organisation,SEX,Ytd Month
3 Age Ethnicity Sex,Sexual Offences,Child abuse material offences,May2015,1,25-29,25 - 29 years inclusive,Possess or access child abuse material,3,342,34,Maori,Maori,Court Action,,Court Action,Prosecution,Court Action N.E.C.,1,Person,Male,11
3 Age Ethnicity Sex,Sexual Offences,Child abuse material offences,Jun2017,1,10-14,10 - 14 years inclusive,Produce or distribute child abuse material,3,341,34,European,European,Formal Warning,,Non-Court Action,Formal Warning,Formal Warning,1,Person,Female,0
3 Age Ethnicity Sex,Sexual Offences,Child abuse material offences,Aug2017,1,15-19,15 - 19 years inclusive,Produce or distribute child abuse material,3,341,34,European,European,Formal Warning,,Non-Court Action,Formal Warning,Formal Warning,1,Person,Female,2
3 Age Ethnicity Sex,Sexual Offences,Child abuse material offences,Nov2016,1,15-19,15 - 19 years inclusive,Produce or distribute child abuse material,3,341,34,European,European,Formal Warning,,Non-Court Action,Formal Warning,Formal Warning,1,Person,Female,5
3 Age Ethnicity Sex,Sexual Offences,Child abuse material offences,Nov2018,1,30-34,30 - 34 years inclusive,Possess or access child abuse material,3,342,34,Not Stated,Not Stated,Formal Warning,-91,Non-Court Action,Formal Warning,Formal Warning,1,Person,Male,5
3 Age Ethnicity Sex,Sexual Offences,Child abuse material offences,Dec2018,1,10-14,10 - 14 years inclusive,Produce or distribute child abuse material,3,341,34,Not Stated,Not Stated,Formal Warning,-90,Non-Court Action,Formal Warning,Formal Warning,1,Person,Male,6
3 Age Ethnicity Sex,Sexual Offences,Child abuse material offences,Jan2018,1,15-19,15 - 19 years inclusive,Produce or distribute child abuse material,3,341,34,Not Stated,Not Stated,Formal Warning,,Non-Court Action,Formal Warning,Formal Warning,1,Person,Male,7
3 Age Ethnicity Sex,Sexual Offences,Child abuse material offences,Feb2016,1,30-34,30 - 34 years inclusive,Produce or distribute child abuse material,3,341,34,Not Stated,Not Stated,Formal Warning,,Non-Court Action,Formal Warning,Formal Warning,1,Person,Male,8
3 Age Ethnicity Sex,Sexual Offences,Child abuse material offences,Apr2019,1,10-14,10 - 14 years inclusive,Produce or distribute child abuse material,3,341,34,Not Stated,Not Stated,Formal Warning,-86,Non-Court Action,Formal Warning,Formal Warning,1,Person,Male,10
3 Age Ethnicity Sex,Sexual Offences,Child abuse material offences,May2019,1,10-14,10 - 14 years inclusive,Produce or distribute child abuse material,3,341,34,Not Stated,Not Stated,Formal Warning,-85,Non-Court Action,Formal Warning,Formal Warning,1,Person,Male,11
3 Age Ethnicity Sex,Sexual Offences,Child abuse material offences,May2019,1,15-19,15 - 19 years inclusive,"Child abuse material offences, nfd",3,340,34,Not Stated,Not Stated,Formal Warning,-85,Non-Court Action,Formal Warning,Formal Warning,1,Person,Male,11
3 Age Ethnicity Sex,Sexual Offences,Child abuse material offences,Jun2016,1,15-19,15 - 19 years inclusive,Possess or access child abuse material,3,342,34,European,European,Informal Warning,,Non-Court Action,Informal Warning,Informal Warning,1,Person,Male,0
3 Age Ethnicity Sex,Sexual Offences,Child abuse material offences,Aug2016,1,20-24,20 - 24 years inclusive,Produce or distribute child abuse material,3,341,34,European,European,Informal Warning,,Non-Court Action,Informal Warning,Informal Warning,1,Person,Male,2
3 Age Ethnicity Sex,Sexual Offences,Child abuse material offences,Aug2016,1,70-74,70 - 74 years inclusive,Possess or access child abuse material,3,342,34,European,European,Informal Warning,,Non-Court Action,Informal Warning,Informal Warning,1,Person,Male,2
3 Age Ethnicity Sex,Sexual Offences,Child abuse material offences,Sep2016,1,15-19,15 - 19 years inclusive,Possess or access child abuse material,3,342,34,European,European,Informal Warning,,Non-Court Action,Informal Warning,Informal Warning,1,Person,Male,3
3 Age Ethnicity Sex,Sexual Offences,Child abuse material offences,Sep2016,1,25-29,25 - 29 years inclusive,Produce or distribute child abuse material,3,341,34,European,European,Informal Warning,,Non-Court Action,Informal Warning,Informal Warning,1,Person,Male,3
3 Age Ethnicity Sex,Sexual Offences,Child abuse material offences,Oct2016,1,75-79,75 - 79 years inclusive,"Child abuse material offences, nfd",3,340,34,European,European,Informal Warning,,Non-Court Action,Informal Warning,Informal Warning,1,Person,Male,4
3 Age Ethnicity Sex,Sexual Offences,Child abuse material offences,Feb2017,1,10-14,10 - 14 years inclusive,Possess or access child abuse material,3,342,34,European,European,Informal Warning,,Non-Court Action,Informal Warning,Informal Warning,1,Person,Male,8
3 Age Ethnicity Sex,Sexual Offences,Child abuse material offences,Feb2016,1,35-39,35 - 39 years inclusive,Produce or distribute child abuse material,3,341,34,European,European,Informal Warning,,Non-Court Action,Informal Warning,Informal Warning,1,Person,Male,8
3 Age Ethnicity Sex,Sexual Offences,Child abuse material offences,Mar2015,1,20-24,20 - 24 years inclusive,Produce or distribute child abuse material,3,341,34,European,European,Informal Warning,,Non-Court Action,Informal Warning,Informal Warning,1,Person,Male,9
3 Age Ethnicity Sex,Sexual Offences,Child abuse material offences,Mar2015,1,30-34,30 - 34 years inclusive,"Child abuse material offences, nfd",3,340,34,European,European,Informal Warning,,Non-Court Action,Informal Warning,Informal Warning,1,Person,Male,9
3 Age Ethnicity Sex,Sexual Offences,Child abuse material offences,May2016,1,55-59,55 - 59 years inclusive,Possess or access child abuse material,3,342,34,European,European,Informal Warning,,Non-Court Action,Informal Warning,Informal Warning,1,Person,Male,11
3 Age Ethnicity Sex,Sexual Offences,Child abuse material offences,Sep2022,1,10-14,10 - 14 years inclusive,Produce or distribute child abuse material,3,341,34,European,European,Court Action,-45,Court Action,Prosecution,Court Action N.E.C.,1,Person,Male,3
3 Age Ethnicity Sex,Sexual Offences,Child abuse material offences,Sep2020,1,15-19,15 - 19 years inclusive,Produce or distribute child abuse material,3,341,34,European,European,Court Action,-69,Court Action,Prosecution,Court Action N.E.C.,1,Person,Male,3
3 Age Ethnicity Sex,Sexual Offences,Child abuse material offences,Sep2021,1,15-19,15 - 19 years inclusive,Possess or access child abuse material,3,342,34,European,European,Court Action,-57,Court Action,Prosecution,Court Action N.E.C.,1,Person,Male,3
3 Age Ethnicity Sex,Sexual Offences,Child abuse material offences,Sep2015,1,20-24,20 - 24 years inclusive,Produce or distribute child abuse material,3,341,34,European,European,Court Action,,Court Action,Prosecution,Court Action N.E.C.,1,Person,Male,3
3 Age Ethnicity Sex,Sexual Offences,Child abuse material offences,Sep2020,1,20-24,20 - 24 years inclusive,Possess or access child abuse material,3,342,34,European,European,Court Action,-69,Court Action,Prosecution,Court Action N.E.C.,1,Person,Male,3
3 Age Ethnicity Sex,Sexual Offences,Child abuse material offences,Sep2021,1,20-24,20 - 24 years inclusive,Possess or access child abuse material,3,342,34,European,European,Court Action,-57,Court Action,Prosecution,Court Action N.E.C.,1,Person,Male,3
3 Age Ethnicity Sex,Sexual Offences,Child abuse material offences,Sep2025,1,20-24,20 - 24 years inclusive,Possess or access child abuse material,3,342,34,European,European,Court Action,-9,Court Action,Prosecution,Court Action N.E.C.,1,Person,Male,3
3 Age Ethnicity Sex,Sexual Offences,Child abuse material offences,Sep2016,1,25-29,25 - 29 years inclusive,Possess or access child abuse material,3,342,34,European,European,Court Action,,Court Action,Prosecution,Court Action N.E.C.,1,Person,Male,3
3 Age Ethnicity Sex,Sexual Offences,Child abuse material offences,Sep2020,1,25-29,25 - 29 years inclusive,Possess or access child abuse material,3,342,34,European,European,Court Action,-69,Court Action,Prosecution,Court Action N.E.C.,1,Person,Male,3
3 Age Ethnicity Sex,Sexual Offences,Child abuse material offences,Sep2020,2,25-29,25 - 29 years inclusive,Produce or distribute child abuse material,3,341,34,European,European,Court Action,-69,Court Action,Prosecution,Court Action N.E.C.,1,Person,Male,3
3 Age Ethnicity Sex,Sexual Offences,Child abuse material offences,Sep2025,1,25-29,25 - 29 years inclusive,Possess or access child abuse material,3,342,34,European,European,Court Action,-9,Court Action,Prosecution,Court Action N.E.C.,1,Person,Male,3
3 Age Ethnicity Sex,Sexual Offences,Child abuse material offences,Sep2020,1,30-34,30 - 34 years inclusive,Possess or access child abuse material,3,342,34,European,European,Court Action,-69,Court Action,Prosecution,Court Action N.E.C.,1,Person,Male,3
3 Age Ethnicity Sex,Sexual Offences,Child abuse material offences,Sep2025,1,30-34,30 - 34 years inclusive,Possess or access child abuse material,3,342,34,European,European,Court Action,-9,Court Action,Prosecution,Court Action N.E.C.,1,Person,Male,3
3 Age Ethnicity Sex,Sexual Offences,Child abuse material offences,Sep2020,1,35-39,35 - 39 years inclusive,Produce or distribute child abuse material,3,341,34,European,European,Court Action,-69,Court Action,Prosecution,Court Action N.E.C.,1,Person,Male,3
3 Age Ethnicity Sex,Sexual Offences,Child abuse material offences,Sep2022,1,35-39,35 - 39 years inclusive,Produce or distribute child abuse material,3,341,34,European,European,Court Action,-45,Court Action,Prosecution,Court Action N.E.C.,1,Person,Male,3
3 Age Ethnicity Sex,Sexual Offences,Child abuse material offences,Sep2025,2,35-39,35 - 39 years inclusive,Possess or access child abuse material,3,342,34,European,European,Court Action,-9,Court Action,Prosecution,Court Action N.E.C.,1,Person,Male,3
3 Age Ethnicity Sex,Sexual Offences,Child abuse material offences,Sep2020,1,40-44,40 - 44 years inclusive,Produce or distribute child abuse material,3,341,34,European,European,Court Action,-69,Court Action,Prosecution,Court Action N.E.C.,1,Person,Male,3
3 Age Ethnicity Sex,Sexual Offences,Child abuse material offences,Sep2022,2,40-44,40 - 44 years inclusive,Possess or access child abuse material,3,342,34,European,European,Court Action,-45,Court Action,Prosecution,Court Action N.E.C.,1,Person,Male,3
3 Age Ethnicity Sex,Sexual Offences,Child abuse material offences,Sep2025,1,40-44,40 - 44 years inclusive,Possess or access child abuse material,3,342,34,European,European,Court Action,-9,Court Action,Prosecution,Court Action N.E.C.,1,Person,Male,3
3 Age Ethnicity Sex,Sexual Offences,Child abuse material offences,Sep2014,1,45-49,45 - 49 years inclusive,Produce or distribute child abuse material,3,341,34,European,European,Court Action,,Court Action,Prosecution,Court Action N.E.C.,1,Person,Male,3
3 Age Ethnicity Sex,Sexual Offences,Child abuse material offences,Sep2016,2,45-49,45 - 49 years inclusive,Produce or distribute child abuse material,3,341,34,European,European,Court Action,,Court Action,Prosecution,Court Action N.E.C.,1,Person,Male,3
3 Age Ethnicity Sex,Sexual Offences,Child abuse material offences,Sep2025,1,45-49,45 - 49 years inclusive,Produce or distribute child abuse material,3,341,34,European,European,Court Action,-9,Court Action,Prosecution,Court Action N.E.C.,1,Person,Male,3
3 Age Ethnicity Sex,Sexual Offences,Child abuse material offences,Sep2014,1,50-54,50 - 54 years inclusive,Possess or access child abuse material,3,342,34,European,European,Court Action,,Court Action,Prosecution,Court Action N.E.C.,1,Person,Male,3
3 Age Ethnicity Sex,Sexual Offences,Child abuse material offences,Sep2016,1,50-54,50 - 54 years inclusive,Possess or access child abuse material,3,342,34,European,European,Court Action,,Court Action,Prosecution,Court Action N.E.C.,1,Person,Male,3
3 Age Ethnicity Sex,Sexual Offences,Child abuse material offences,Sep2015,2,50-54,50 - 54 years inclusive,Produce or distribute child abuse material,3,341,34,European,European,Court Action,,Court Action,Prosecution,Court Action N.E.C.,1,Person,Male,3
3 Age Ethnicity Sex,Sexual Offences,Child abuse material offences,Sep2020,1,50-54,50 - 54 years inclusive,Possess or access child abuse material,3,342,34,European,European,Court Action,-69,Court Action,Prosecution,Court Action N.E.C.,1,Person,Male,3
3 Age Ethnicity Sex,Sexual Offences,Child abuse material offences,Sep2021,1,50-54,50 - 54 years inclusive,Possess or access child abuse material,3,342,34,European,European,Court Action,-57,Court Action,Prosecution,Court Action N.E.C.,1,Person,Male,3
3 Age Ethnicity Sex,Sexual Offences,Child abuse material offences,Sep2025,1,50-54,50 - 54 years inclusive,Possess or access child abuse material,3,342,34,European,European,Court Action,-9,Court Action,Prosecution,Court Action N.E.C.,1,Person,Male,3
3 Age Ethnicity Sex,Sexual Offences,Child abuse material offences,Sep2025,1,50-54,50 - 54 years inclusive,Produce or distribute child abuse material,3,341,34,European,European,Court Action,-9,Court Action,Prosecution,Court Action N.E.C.,1,Person,Male,3
3 Age Ethnicity Sex,Sexual Offences,Child abuse material offences,Sep2014,2,55-59,55 - 59 years inclusive,Produce or distribute child abuse material,3,341,34,European,European,Court Action,,Court Action,Prosecution,Court Action N.E.C.,1,Person,Male,3
3 Age Ethnicity Sex,Sexual Offences,Child abuse material offences,Sep2020,1,60-64,60 - 64 years inclusive,Possess or access child abuse material,3,342,34,European,European,Court Action,-69,Court Action,Prosecution,Court Action N.E.C.,1,Person,Male,3
3 Age Ethnicity Sex,Sexual Offences,Child abuse material offences,Sep2022,1,60-64,60 - 64 years inclusive,Possess or access child abuse material,3,342,34,European,European,Court Action,-45,Court Action,Prosecution,Court Action N.E.C.,1,Person,Male,3
3 Age Ethnicity Sex,Sexual Offences,Child abuse material offences,Sep2016,1,65-69,65 - 69 years inclusive,Possess or access child abuse material,3,342,34,European,European,Court Action,,Court Action,Prosecution,Court Action N.E.C.,1,Person,Male,3
3 Age Ethnicity Sex,Sexual Offences,Child abuse material offences,Sep2020,1,65-69,65 - 69 years inclusive,Produce or distribute child abuse material,3,341,34,European,European,Court Action,-69,Court Action,Prosecution,Court Action N.E.C.,1,Person,Male,3
3 Age Ethnicity Sex,Sexual Offences,Child abuse material offences,Sep2020,1,80yearsorover,80 years or over,Produce or distribute child abuse material,3,341,34,European,European,Court Action,-69,Court Action,Prosecution,Court Action N.E.C.,1,Person,Male,3
3 Age Ethnicity Sex,Sexual Offences,Child abuse material offences,Oct2021,1,15-19,15 - 19 years inclusive,Produce or distribute child abuse material,3,341,34,European,European,Court Action,-56,Court Action,Prosecution,Court Action N.E.C.,1,Person,Male,4
3 Age Ethnicity Sex,Sexual Offences,Child abuse material offences,Oct2020,1,20-24,20 - 24 years inclusive,Possess or access child abuse material,3,342,34,European,European,Court Action,-68,Court Action,Prosecution,Court Action N.E.C.,1,Person,Male,4
3 Age Ethnicity Sex,Sexual Offences,Child abuse material offences,Oct2022,1,20-24,20 - 24 years inclusive,Possess or access child abuse material,3,342,34,European,European,Court Action,-44,Court Action,Prosecution,Court Action N.E.C.,1,Person,Male,4
3 Age Ethnicity Sex,Sexual Offences,Child abuse material offences,Oct2021,2,40-44,40 - 44 years inclusive,Possess or access child abuse material,3,342,34,European,European,Court Action,-56,Court Action,Prosecution,Court Action N.E.C.,1,Person,Male,4
3 Age Ethnicity Sex,Sexual Offences,Child abuse material offences,Oct2020,1,45-49,45 - 49 years inclusive,Produce or distribute child abuse material,3,341,34,European,European,Court Action,-68,Court Action,Prosecution,Court Action N.E.C.,1,Person,Male,4
3 Age Ethnicity Sex,Sexual Offences,Child abuse material offences,Oct2020,1,55-59,55 - 59 years inclusive,Possess or access child abuse material,3,342,34,European,European,Court Action,-68,Court Action,Prosecution,Court Action N.E.C.,1,Person,Male,4
3 Age Ethnicity Sex,Sexual Offences,Child abuse material offences,Oct2022,1,55-59,55 - 59 years inclusive,Possess or access child abuse material,3,342,34,European,European,Court Action,-44,Court Action,Prosecution,Court Action N.E.C.,1,Person,Male,4
3 Age Ethnicity Sex,Sexual Offences,Child abuse material offences,Nov2025,1,15-19,15 - 19 years inclusive,Produce or distribute child abuse material,3,341,34,European,European,Court Action,-7,Court Action,Prosecution,Court Action N.E.C.,1,Person,Male,5
3 Age Ethnicity Sex,Sexual Offences,Child abuse material offences,Nov2022,1,20-24,20 - 24 years inclusive,Produce or distribute child abuse material,3,341,34,European,European,Court Action,-43,Court Action,Prosecution,Court Action N.E.C.,1,Person,Male,5
3 Age Ethnicity Sex,Sexual Offences,Child abuse material offences,Nov2025,1,20-24,20 - 24 years inclusive,Produce or distribute child abuse material,3,341,34,European,European,Court Action,-7,Court Action,Prosecution,Court Action N.E.C.,1,Person,Male,5
3 Age Ethnicity Sex,Sexual Offences,Child abuse material offences,Nov2020,1,25-29,25 - 29 years inclusive,Possess or access child abuse material,3,342,34,European,European,Court Action,-67,Court Action,Prosecution,Court Action N.E.C.,1,Person,Male,5
3 Age Ethnicity Sex,Sexual Offences,Child abuse material offences,Nov2021,1,25-29,25 - 29 years inclusive,Possess or access child abuse material,3,342,34,European,European,Court Action,-55,Court Action,Prosecution,Court Action N.E.C.,1,Person,Male,5
3 Age Ethnicity Sex,Sexual Offences,Child abuse material offences,Nov2020,4,30-34,30 - 34 years inclusive,Possess or access child abuse material,3,342,34,European,European,Court Action,-67,Court Action,Prosecution,Court Action N.E.C.,1,Person,Male,5
3 Age Ethnicity Sex,Sexual Offences,Child abuse material offences,Nov2022,1,30-34,30 - 34 years inclusive,Produce or distribute child abuse material,3,341,34,European,European,Court Action,-43,Court Action,Prosecution,Court Action N.E.C.,1,Person,Male,5
3 Age Ethnicity Sex,Sexual Offences,Child abuse material offences,Nov2025,2,30-34,30 - 34 years inclusive,Possess or access child abuse material,3,342,34,European,European,Court Action,-7,Court Action,Prosecution,Court Action N.E.C.,1,Person,Male,5
3 Age Ethnicity Sex,Sexual Offences,Child abuse material offences,Nov2025,2,30-34,30 - 34 years inclusive,Produce or distribute child abuse material,3,341,34,European,European,Court Action,-7,Court Action,Prosecution,Court Action N.E.C.,1,Person,Male,5
3 Age Ethnicity Sex,Sexual Offences,Child abuse material offences,Nov2020,1,40-44,40 - 44 years inclusive,Produce or distribute child abuse material,3,341,34,European,European,Court Action,-67,Court Action,Prosecution,Court Action N.E.C.,1,Person,Male,5
3 Age Ethnicity Sex,Sexual Offences,Child abuse material offences,Nov2021,1,40-44,40 - 44 years inclusive,Produce or distribute child abuse material,3,341,34,European,European,Court Action,-55,Court Action,Prosecution,Court Action N.E.C.,1,Person,Male,5
3 Age Ethnicity Sex,Sexual Offences,Child abuse material offences,Nov2025,1,40-44,40 - 44 years inclusive,Possess or access child abuse material,3,342,34,European,European,Court Action,-7,Court Action,Prosecution,Court Action N.E.C.,1,Person,Male,5
3 Age Ethnicity Sex,Sexual Offences,Child abuse material offences,Nov2025,1,40-44,40 - 44 years inclusive,Produce or distribute child abuse material,3,341,34,European,European,Court Action,-7,Court Action,Prosecution,Court Action N.E.C.,1,Person,Male,5
3 Age Ethnicity Sex,Sexual Offences,Child abuse material offences,Nov2020,1,45-49,45 - 49 years inclusive,Possess or access child abuse material,3,342,34,European,European,Court Action,-67,Court Action,Prosecution,Court Action N.E.C.,1,Person,Male,5
3 Age Ethnicity Sex,Sexual Offences,Child abuse material offences,Nov2021,2,50-54,50 - 54 years inclusive,Possess or access child abuse material,3,342,34,European,European,Court Action,-55,Court Action,Prosecution,Court Action N.E.C.,1,Person,Male,5
3 Age Ethnicity Sex,Sexual Offences,Child abuse material offences,Nov2025,1,50-54,50 - 54 years inclusive,Produce or distribute child abuse material,3,341,34,European,European,Court Action,-7,Court Action,Prosecution,Court Action N.E.C.,1,Person,Male,5
3 Age Ethnicity Sex,Sexual Offences,Child abuse material offences,Nov2020,1,60-64,60 - 64 years inclusive,Possess or access child abuse material,3,342,34,European,European,Court Action,-67,Court Action,Prosecution,Court Action N.E.C.,1,Person,Male,5
3 Age Ethnicity Sex,Sexual Offences,Child abuse material offences,Nov2025,1,60-64,60 - 64 years inclusive,Produce or distribute child abuse material,3,341,34,European,European,Court Action,-7,Court Action,Prosecution,Court Action N.E.C.,1,Person,Male,5
3 Age Ethnicity Sex,Sexual Offences,Child abuse material offences,Nov2021,1,70-74,70 - 74 years inclusive,Possess or access child abuse material,3,342,34,European,European,Court Action,-55,Court Action,Prosecution,Court Action N.E.C.,1,Person,Male,5
3 Age Ethnicity Sex,Sexual Offences,Child abuse material offences,Nov2020,1,75-79,75 - 79 years inclusive,Possess or access child abuse material,3,342,34,European,European,Court Action,-67,Court Action,Prosecution,Court Action N.E.C.,1,Person,Male,5
3 Age Ethnicity Sex,Sexual Offences,Child abuse material offences,Dec2025,1,15-19,15 - 19 years inclusive,Possess or access child abuse material,3,342,34,European,European,Court Action,-6,Court Action,Prosecution,Court Action N.E.C.,1,Person,Male,6
3 Age Ethnicity Sex,Sexual Offences,Child abuse material offences,Dec2025,1,30-34,30 - 34 years inclusive,Produce or distribute child abuse material,3,341,34,European,European,Court Action,-6,Court Action,Prosecution,Court Action N.E.C.,1,Person,Male,6
3 Age Ethnicity Sex,Sexual Offences,Child abuse material offences,Dec2025,2,30-34,30 - 34 years inclusive,Possess or access child abuse material,3,342,34,European,European,Court Action,-6,Court Action,Prosecution,Court Action N.E.C.,1,Person,Male,6
3 Age Ethnicity Sex,Sexual Offences,Child abuse material offences,Dec2025,1,35-39,35 - 39 years inclusive,Possess or access child abuse material,3,342,34,European,European,Court Action,-6,Court Action,Prosecution,Court Action N.E.C.,1,Person,Male,6
3 Age Ethnicity Sex,Sexual Offences,Child abuse material offences,Dec2025,1,35-39,35 - 39 years inclusive,Produce or distribute child abuse material,3,341,34,European,European,Court Action,-6,Court Action,Prosecution,Court Action N.E.C.,1,Person,Male,6
3 Age Ethnicity Sex,Sexual Offences,Child abuse material offences,Dec2025,1,40-44,40 - 44 years inclusive,Produce or distribute child abuse material,3,341,34,European,European,Court Action,-6,Court Action,Prosecution,Court Action N.E.C.,1,Person,Male,6
3 Age Ethnicity Sex,Sexual Offences,Child abuse material offences,Jul2018,1,15-19,15 - 19 years inclusive,Produce or distribute child abuse material,3,341,34,Maori,Maori,Court Action,-95,Court Action,Prosecution,Court Action N.E.C.,1,Person,Female,1
3 Age Ethnicity Sex,Sexual Offences,Child abuse material offences,Jul2025,1,45-49,45 - 49 years inclusive,Produce or distribute child abuse material,3,341,34,Asian,Asian,Court Action,-11,Court Action,Prosecution,Court Action N.E.C.,1,Person,Male,1
3 Age Ethnicity Sex,Sexual Offences,Child abuse material offences,Dec2021,1,25-29,25 - 29 years inclusive,Produce or distribute child abuse material,3,341,34,Asian,Asian,Court Action,-54,Court Action,Prosecution,Court Action N.E.C.,1,Person,Male,6
3 Age Ethnicity Sex,Sexual Offences,Child abuse material offences,Feb2026,1,30-34,30 - 34 years inclusive,Possess or access child abuse material,3,342,34,Asian,Asian,Court Action,-4,Court Action,Prosecution,Court Action N.E.C.,1,Person,Male,8
3 Age Ethnicity Sex,Sexual Offences,Child abuse material offences,May2022,1,15-19,15 - 19 years inclusive,Possess or access child abuse material,3,342,34,Asian,Asian,Court Action,-49,Court Action,Prosecution,Court Action N.E.C.,1,Person,Male,11
3 Age Ethnicity Sex,Sexual Offences,Child abuse material offences,May2026,1,45-49,45 - 49 years inclusive,Possess or access child abuse material,3,342,34,Asian,Asian,Court Action,-1,Court Action,Prosecution,Court Action N.E.C.,1,Person,Male,11
3 Age Ethnicity Sex,Sexual Offences,Child abuse material offences,Jun2020,1,20-24,20 - 24 years inclusive,Possess or access child abuse material,3,342,34,European,European,Court Action,-72,Court Action,Prosecution,Court Action N.E.C.,1,Person,Male,0
3 Age Ethnicity Sex,Sexual Offences,Child abuse material offences,Jun2020,1,30-34,30 - 34 years inclusive,Produce or distribute child abuse material,3,341,34,European,European,Court Action,-72,Court Action,Prosecution,Court Action N.E.C.,1,Person,Male,0
3 Age Ethnicity Sex,Sexual Offences,Child abuse material offences,Jun2020,1,35-39,35 - 39 years inclusive,Possess or access child abuse material,3,342,34,European,European,Court Action,-72,Court Action,Prosecution,Court Action N.E.C.,1,Person,Male,0
3 Age Ethnicity Sex,Sexual Offences,Child abuse material offences,Jun2021,1,40-44,40 - 44 years inclusive,Possess or access child abuse material,3,342,34,European,European,Court Action,-60,Court Action,Prosecution,Court Action N.E.C.,1,Person,Male,0
3 Age Ethnicity Sex,Sexual Offences,Child abuse material offences,Jun2021,1,45-49,45 - 49 years inclusive,Possess or access child abuse material,3,342,34,European,European,Court Action,-60,Court Action,Prosecution,Court Action N.E.C.,1,Person,Male,0
3 Age Ethnicity Sex,Sexual Offences,Child abuse material offences,Jun2021,1,45-49,45 - 49 years inclusive,Produce or distribute child abuse material,3,341,34,European,European,Court Action,-60,Court Action,Prosecution,Court Action N.E.C.,1,Person,Male,0
3 Age Ethnicity Sex,Sexual Offences,Child abuse material offences,Jun2021,1,60-64,60 - 64 years inclusive,Possess or access child abuse material,3,342,34,European,European,Court Action,-60,Court Action,Prosecution,Court Action N.E.C.,1,Person,Male,0
3 Age Ethnicity Sex,Sexual Offences,Child abuse material offences,Jul2021,1,15-19,15 - 19 years inclusive,Produce or distribute child abuse material,3,341,34,European,European,Court Action,-59,Court Action,Prosecution,Court Action N.E.C.,1,Person,Male,1
3 Age Ethnicity Sex,Sexual Offences,Child abuse material offences,Jul2017,1,20-24,20 - 24 years inclusive,Produce or distribute child abuse material,3,341,34,European,European,Court Action,,Court Action,Prosecution,Court Action N.E.C.,1,Person,Male,1
3 Age Ethnicity Sex,Sexual Offences,Child abuse material offences,Jul2019,1,20-24,20 - 24 years inclusive,Possess or access child abuse material,3,342,34,European,European,Court Action,-83,Court Action,Prosecution,Court Action N.E.C.,1,Person,Male,1
3 Age Ethnicity Sex,Sexual Offences,Child abuse material offences,Jul2022,1,20-24,20 - 24 years inclusive,Produce or distribute child abuse material,3,341,34,European,European,Court Action,-47,Court Action,Prosecution,Court Action N.E.C.,1,Person,Male,1
3 Age Ethnicity Sex,Sexual Offences,Child abuse material offences,Jul2020,1,25-29,25 - 29 years inclusive,Possess or access child abuse material,3,342,34,European,European,Court Action,-71,Court Action,Prosecution,Court Action N.E.C.,1,Person,Male,1
3 Age Ethnicity Sex,Sexual Offences,Child abuse material offences,Jul2021,1,25-29,25 - 29 years inclusive,Produce or distribute child abuse material,3,341,34,European,European,Court Action,-59,Court Action,Prosecution,Court Action N.E.C.,1,Person,Male,1
3 Age Ethnicity Sex,Sexual Offences,Child abuse material offences,Jul2018,1,30-34,30 - 34 years inclusive,Produce or distribute child abuse material,3,341,34,European,European,Court Action,-95,Court Action,Prosecution,Court Action N.E.C.,1,Person,Male,1
3 Age Ethnicity Sex,Sexual Offences,Child abuse material offences,Jul2021,1,30-34,30 - 34 years inclusive,Possess or access child abuse material,3,342,34,European,European,Court Action,-59,Court Action,Prosecution,Court Action N.E.C.,1,Person,Male,1
3 Age Ethnicity Sex,Sexual Offences,Child abuse material offences,Jul2022,1,30-34,30 - 34 years inclusive,Produce or distribute child abuse material,3,341,34,European,European,Court Action,-47,Court Action,Prosecution,Court Action N.E.C.,1,Person,Male,1
3 Age Ethnicity Sex,Sexual Offences,Child abuse material offences,Jul2018,1,35-39,35 - 39 years inclusive,Possess or access child abuse material,3,342,34,European,European,Court Action,-95,Court Action,Prosecution,Court Action N.E.C.,1,Person,Male,1
3 Age Ethnicity Sex,Sexual Offences,Child abuse material offences,Jul2020,1,35-39,35 - 39 years inclusive,Possess or access child abuse material,3,342,34,European,European,Court Action,-71,Court Action,Prosecution,Court Action N.E.C.,1,Person,Male,1
3 Age Ethnicity Sex,Sexual Offences,Child abuse material offences,Jul2025,1,40-44,40 - 44 years inclusive,Produce or distribute child abuse material,3,341,34,European,European,Court Action,-11,Court Action,Prosecution,Court Action N.E.C.,1,Person,Male,1
3 Age Ethnicity Sex,Sexual Offences,Child abuse material offences,Jul2022,1,45-49,45 - 49 years inclusive,Possess or access child abuse material,3,342,34,European,European,Court Action,-47,Court Action,Prosecution,Court Action N.E.C.,1,Person,Male,1
3 Age Ethnicity Sex,Sexual Offences,Child abuse material offences,Jul2022,1,45-49,45 - 49 years inclusive,Produce or distribute child abuse material,3,341,34,European,European,Court Action,-47,Court Action,Prosecution,Court Action N.E.C.,1,Person,Male,1
3 Age Ethnicity Sex,Sexual Offences,Child abuse material offences,Jul2025,2,45-49,45 - 49 years inclusive,Produce or distribute child abuse material,3,341,34,European,European,Court Action,-11,Court Action,Prosecution,Court Action N.E.C.,1,Person,Male,1
3 Age Ethnicity Sex,Sexual Offences,Child abuse material offences,Jul2019,1,50-54,50 - 54 years inclusive,Possess or access child abuse material,3,342,34,European,European,Court Action,-83,Court Action,Prosecution,Court Action N.E.C.,1,Person,Male,1
3 Age Ethnicity Sex,Sexual Offences,Child abuse material offences,Jul2020,1,50-54,50 - 54 years inclusive,Possess or access child abuse material,3,342,34,European,European,Court Action,-71,Court Action,Prosecution,Court Action N.E.C.,1,Person,Male,1
3 Age Ethnicity Sex,Sexual Offences,Child abuse material offences,Jul2019,1,55-59,55 - 59 years inclusive,Produce or distribute child abuse material,3,341,34,European,European,Court Action,-83,Court Action,Prosecution,Court Action N.E.C.,1,Person,Male,1
3 Age Ethnicity Sex,Sexual Offences,Child abuse material offences,Jul2022,1,55-59,55 - 59 years inclusive,Produce or distribute child abuse material,3,341,34,European,European,Court Action,-47,Court Action,Prosecution,Court Action N.E.C.,1,Person,Male,1
3 Age Ethnicity Sex,Sexual Offences,Child abuse material offences,Jul2025,1,55-59,55 - 59 years inclusive,Produce or distribute child abuse material,3,341,34,European,European,Court Action,-11,Court Action,Prosecution,Court Action N.E.C.,1,Person,Male,1
3 Age Ethnicity Sex,Sexual Offences,Child abuse material offences,Jul2017,1,60-64,60 - 64 years inclusive,Possess or access child abuse material,3,342,34,European,European,Court Action,,Court Action,Prosecution,Court Action N.E.C.,1,Person,Male,1
3 Age Ethnicity Sex,Sexual Offences,Child abuse material offences,Jul2018,1,60-64,60 - 64 years inclusive,Produce or distribute child abuse material,3,341,34,European,European,Court Action,-95,Court Action,Prosecution,Court Action N.E.C.,1,Person,Male,1
3 Age Ethnicity Sex,Sexual Offences,Child abuse material offences,Jul2019,1,60-64,60 - 64 years inclusive,Possess or access child abuse material,3,342,34,European,European,Court Action,-83,Court Action,Prosecution,Court Action N.E.C.,1,Person,Male,1
3 Age Ethnicity Sex,Sexual Offences,Child abuse material offences,Jul2017,1,65-69,65 - 69 years inclusive,Possess or access child abuse material,3,342,34,European,European,Court Action,,Court Action,Prosecution,Court Action N.E.C.,1,Person,Male,1
3 Age Ethnicity Sex,Sexual Offences,Child abuse material offences,Jul2022,1,65-69,65 - 69 years inclusive,Possess or access child abuse material,3,342,34,European,European,Court Action,-47,Court Action,Prosecution,Court Action N.E.C.,1,Person,Male,1
3 Age Ethnicity Sex,Sexual Offences,Child abuse material offences,Jul2022,1,75-79,75 - 79 years inclusive,Produce or distribute child abuse material,3,341,34,European,European,Court Action,-47,Court Action,Prosecution,Court Action N.E.C.,1,Person,Male,1
3 Age Ethnicity Sex,Sexual Offences,Child abuse material offences,Aug2025,1,15-19,15 - 19 years inclusive,Possess or access child abuse material,3,342,34,European,European,Court Action,-10,Court Action,Prosecution,Court Action N.E.C.,1,Person,Male,2
3 Age Ethnicity Sex,Sexual Offences,Child abuse material offences,Aug2025,1,15-19,15 - 19 years inclusive,Produce or distribute child abuse material,3,341,34,European,European,Court Action,-10,Court Action,Prosecution,Court Action N.E.C.,1,Person,Male,2
3 Age Ethnicity Sex,Sexual Offences,Child abuse material offences,Aug2025,1,25-29,25 - 29 years inclusive,Produce or distribute child abuse material,3,341,34,European,European,Court Action,-10,Court Action,Prosecution,Court Action N.E.C.,1,Person,Male,2
3 Age Ethnicity Sex,Sexual Offences,Child abuse material offences,Aug2025,1,35-39,35 - 39 years inclusive,Produce or distribute child abuse material,3,341,34,European,European,Court Action,-10,Court Action,Prosecution,Court Action N.E.C.,1,Person,Male,2
3 Age Ethnicity Sex,Sexual Offences,Child abuse material offences,Aug2025,2,35-39,35 - 39 years inclusive,Possess or access child abuse material,3,342,34,European,European,Court Action,-10,Court Action,Prosecution,Court Action N.E.C.,1,Person,Male,2
3 Age Ethnicity Sex,Sexual Offences,Child abuse material offences,Sep2019,1,25-29,25 - 29 years inclusive,Possess or access child abuse material,3,342,34,European,European,Court Action,-81,Court Action,Prosecution,Court Action N.E.C.,1,Person,Male,3
3 Age Ethnicity Sex,Sexual Offences,Child abuse material offences,Sep2017,1,35-39,35 - 39 years inclusive,Possess or access child abuse material,3,342,34,European,European,Court Action,,Court Action,Prosecution,Court Action N.E.C.,1,Person,Male,3
3 Age Ethnicity Sex,Sexual Offences,Child abuse material offences,Sep2018,1,35-39,35 - 39 years inclusive,Possess or access child abuse material,3,342,34,European,European,Court Action,-93,Court Action,Prosecution,Court Action N.E.C.,1,Person,Male,3
3 Age Ethnicity Sex,Sexual Offences,Child abuse material offences,Sep2019,1,35-39,35 - 39 years inclusive,Possess or access child abuse material,3,342,34,European,European,Court Action,-81,Court Action,Prosecution,Court Action N.E.C.,1,Person,Male,3
3 Age Ethnicity Sex,Sexual Offences,Child abuse material offences,Sep2019,1,40-44,40 - 44 years inclusive,Possess or access child abuse material,3,342,34,European,European,Court Action,-81,Court Action,Prosecution,Court Action N.E.C.,1,Person,Male,3
3 Age Ethnicity Sex,Sexual Offences,Child abuse material offences,Sep2017,1,45-49,45 - 49 years inclusive,Possess or access child abuse material,3,342,34,European,European,Court Action,,Court Action,Prosecution,Court Action N.E.C.,1,Person,Male,3
3 Age Ethnicity Sex,Sexual Offences,Child abuse material offences,Sep2017,1,50-54,50 - 54 years inclusive,Possess or access child abuse material,3,342,34,European,European,Court Action,,Court Action,Prosecution,Court Action N.E.C.,1,Person,Male,3
3 Age Ethnicity Sex,Sexual Offences,Child abuse material offences,Sep2018,1,50-54,50 - 54 years inclusive,Produce or distribute child abuse material,3,341,34,European,European,Court Action,-93,Court Action,Prosecution,Court Action N.E.C.,1,Person,Male,3
3 Age Ethnicity Sex,Sexual Offences,Child abuse material offences,Sep2019,1,60-64,60 - 64 years inclusive,Possess or access child abuse material,3,342,34,European,European,Court Action,-81,Court Action,Prosecution,Court Action N.E.C.,1,Person,Male,3
3 Age Ethnicity Sex,Sexual Offences,Child abuse material offences,Sep2018,1,70-74,70 - 74 years inclusive,Produce or distribute child abuse material,3,341,34,European,European,Court Action,-93,Court Action,Prosecution,Court Action N.E.C.,1,Person,Male,3
3 Age Ethnicity Sex,Sexual Offences,Child abuse material offences,Oct2017,1,15-19,15 - 19 years inclusive,Possess or access child abuse material,3,342,34,European,European,Court Action,,Court Action,Prosecution,Court Action N.E.C.,1,Person,Male,4
3 Age Ethnicity Sex,Sexual Offences,Child abuse material offences,Oct2018,1,20-24,20 - 24 years inclusive,Possess or access child abuse material,3,342,34,European,European,Court Action,-92,Court Action,Prosecution,Court Action N.E.C.,1,Person,Male,4
3 Age Ethnicity Sex,Sexual Offences,Child abuse material offences,Oct2017,1,25-29,25 - 29 years inclusive,Possess or access child abuse material,3,342,34,European,European,Court Action,,Court Action,Prosecution,Court Action N.E.C.,1,Person,Male,4
3 Age Ethnicity Sex,Sexual Offences,Child abuse material offences,Oct2019,1,25-29,25 - 29 years inclusive,Produce or distribute child abuse material,3,341,34,European,European,Court Action,-80,Court Action,Prosecution,Court Action N.E.C.,1,Person,Male,4
3 Age Ethnicity Sex,Sexual Offences,Child abuse material offences,Oct2018,1,35-39,35 - 39 years inclusive,Produce or distribute child abuse material,3,341,34,European,European,Court Action,-92,Court Action,Prosecution,Court Action N.E.C.,1,Person,Male,4
3 Age Ethnicity Sex,Sexual Offences,Child abuse material offences,Oct2017,2,40-44,40 - 44 years inclusive,Possess or access child abuse material,3,342,34,European,European,Court Action,,Court Action,Prosecution,Court Action N.E.C.,1,Person,Male,4
3 Age Ethnicity Sex,Sexual Offences,Child abuse material offences,Oct2017,2,45-49,45 - 49 years inclusive,Possess or access child abuse material,3,342,34,European,European,Court Action,,Court Action,Prosecution,Court Action N.E.C.,1,Person,Male,4
3 Age Ethnicity Sex,Sexual Offences,Child abuse material offences,Oct2018,2,50-54,50 - 54 years inclusive,Produce or distribute child abuse material,3,341,34,European,European,Court Action,-92,Court Action,Prosecution,Court Action N.E.C.,1,Person,Male,4
3 Age Ethnicity Sex,Sexual Offences,Child abuse material offences,Oct2017,1,55-59,55 - 59 years inclusive,Produce or distribute child abuse material,3,341,34,European,European,Court Action,,Court Action,Prosecution,Court Action N.E.C.,1,Person,Male,4
3 Age Ethnicity Sex,Sexual Offences,Child abuse material offences,Oct2018,1,60-64,60 - 64 years inclusive,Possess or access child abuse material,3,342,34,European,European,Court Action,-92,Court Action,Prosecution,Court Action N.E.C.,1,Person,Male,4
3 Age Ethnicity Sex,Sexual Offences,Child abuse material offences,Nov2019,1,30-34,30 - 34 years inclusive,Possess or access child abuse material,3,342,34,European,European,Court Action,-79,Court Action,Prosecution,Court Action N.E.C.,1,Person,Male,5
3 Age Ethnicity Sex,Sexual Offences,Child abuse material offences,Nov2018,1,35-39,35 - 39 years inclusive,Possess or access child abuse material,3,342,34,European,European,Court Action,-91,Court Action,Prosecution,Court Action N.E.C.,1,Person,Male,5
3 Age Ethnicity Sex,Sexual Offences,Child abuse material offences,Nov2017,1,40-44,40 - 44 years inclusive,Possess or access child abuse material,3,342,34,European,European,Court Action,,Court Action,Prosecution,Court Action N.E.C.,1,Person,Male,5
3 Age Ethnicity Sex,Sexual Offences,Child abuse material offences,Nov2018,2,40-44,40 - 44 years inclusive,Produce or distribute child abuse material,3,341,34,European,European,Court Action,-91,Court Action,Prosecution,Court Action N.E.C.,1,Person,Male,5
3 Age Ethnicity Sex,Sexual Offences,Child abuse material offences,Nov2017,1,50-54,50 - 54 years inclusive,Possess or access child abuse material,3,342,34,European,European,Court Action,,Court Action,Prosecution,Court Action N.E.C.,1,Person,Male,5
3 Age Ethnicity Sex,Sexual Offences,Child abuse material offences,Nov2019,1,50-54,50 - 54 years inclusive,Possess or access child abuse material,3,342,34,European,European,Court Action,-79,Court Action,Prosecution,Court Action N.E.C.,1,Person,Male,5
3 Age Ethnicity Sex,Sexual Offences,Child abuse material offences,Nov2018,1,65-69,65 - 69 years inclusive,Possess or access child abuse material,3,342,34,European,European,Court Action,-91,Court Action,Prosecution,Court Action N.E.C.,1,Person,Male,5
3 Age Ethnicity Sex,Sexual Offences,Child abuse material offences,Nov2019,1,65-69,65 - 69 years inclusive,Possess or access child abuse material,3,342,34,European,European,Court Action,-79,Court Action,Prosecution,Court Action N.E.C.,1,Person,Male,5
3 Age Ethnicity Sex,Sexual Offences,Child abuse material offences,Dec2021,1,15-19,15 - 19 years inclusive,Possess or access child abuse material,3,342,34,European,European,Court Action,-54,Court Action,Prosecution,Court Action N.E.C.,1,Person,Male,6
3 Age Ethnicity Sex,Sexual Offences,Child abuse material offences,Dec2022,1,15-19,15 - 19 years inclusive,Possess or access child abuse material,3,342,34,European,European,Court Action,-42,Court Action,Prosecution,Court Action N.E.C.,1,Person,Male,6
3 Age Ethnicity Sex,Sexual Offences,Child abuse material offences,Dec2022,1,15-19,15 - 19 years inclusive,Produce or distribute child abuse material,3,341,34,European,European,Court Action,-42,Court Action,Prosecution,Court Action N.E.C.,1,Person,Male,6
3 Age Ethnicity Sex,Sexual Offences,Child abuse material offences,Dec2019,1,20-24,20 - 24 years inclusive,Produce or distribute child abuse material,3,341,34,European,European,Court Action,-78,Court Action,Prosecution,Court Action N.E.C.,1,Person,Male,6
3 Age Ethnicity Sex,Sexual Offences,Child abuse material offences,Dec2020,1,20-24,20 - 24 years inclusive,Possess or access child abuse material,3,342,34,European,European,Court Action,-66,Court Action,Prosecution,Court Action N.E.C.,1,Person,Male,6
3 Age Ethnicity Sex,Sexual Offences,Child abuse material offences,Dec2017,1,25-29,25 - 29 years inclusive,Produce or distribute child abuse material,3,341,34,European,European,Court Action,,Court Action,Prosecution,Court Action N.E.C.,1,Person,Male,6
3 Age Ethnicity Sex,Sexual Offences,Child abuse material offences,Dec2019,1,25-29,25 - 29 years inclusive,Possess or access child abuse material,3,342,34,European,European,Court Action,-78,Court Action,Prosecution,Court Action N.E.C.,1,Person,Male,6
3 Age Ethnicity Sex,Sexual Offences,Child abuse material offences,Dec2019,1,25-29,25 - 29 years inclusive,Produce or distribute child abuse material,3,341,34,European,European,Court Action,-78,Court Action,Prosecution,Court Action N.E.C.,1,Person,Male,6
3 Age Ethnicity Sex,Sexual Offences,Child abuse material offences,Dec2020,4,25-29,25 - 29 years inclusive,Possess or access child abuse material,3,342,34,European,European,Court Action,-66,Court Action,Prosecution,Court Action N.E.C.,1,Person,Male,6
3 Age Ethnicity Sex,Sexual Offences,Child abuse material offences,Dec2021,2,25-29,25 - 29 years inclusive,Possess or access child abuse material,3,342,34,European,European,Court Action,-54,Court Action,Prosecution,Court Action N.E.C.,1,Person,Male,6
3 Age Ethnicity Sex,Sexual Offences,Child abuse material offences,Dec2019,1,30-34,30 - 34 years inclusive,Produce or distribute child abuse material,3,341,34,European,European,Court Action,-78,Court Action,Prosecution,Court Action N.E.C.,1,Person,Male,6
3 Age Ethnicity Sex,Sexual Offences,Child abuse material offences,Dec2020,3,30-34,30 - 34 years inclusive,Possess or access child abuse material,3,342,34,European,European,Court Action,-66,Court Action,Prosecution,Court Action N.E.C.,1,Person,Male,6
3 Age Ethnicity Sex,Sexual Offences,Child abuse material offences,Dec2021,2,30-34,30 - 34 years inclusive,Possess or access child abuse material,3,342,34,European,European,Court Action,-54,Court Action,Prosecution,Court Action N.E.C.,1,Person,Male,6
3 Age Ethnicity Sex,Sexual Offences,Child abuse material offences,Dec2022,1,30-34,30 - 34 years inclusive,Produce or distribute child abuse material,3,341,34,European,European,Court Action,-42,Court Action,Prosecution,Court Action N.E.C.,1,Person,Male,6
3 Age Ethnicity Sex,Sexual Offences,Child abuse material offences,Dec2022,1,35-39,35 - 39 years inclusive,Produce or distribute child abuse material,3,341,34,European,European,Court Action,-42,Court Action,Prosecution,Court Action N.E.C.,1,Person,Male,6
3 Age Ethnicity Sex,Sexual Offences,Child abuse material offences,Dec2017,1,40-44,40 - 44 years inclusive,Possess or access child abuse material,3,342,34,European,European,Court Action,,Court Action,Prosecution,Court Action N.E.C.,1,Person,Male,6
3 Age Ethnicity Sex,Sexual Offences,Child abuse material offences,Dec2019,2,40-44,40 - 44 years inclusive,Possess or access child abuse material,3,342,34,European,European,Court Action,-78,Court Action,Prosecution,Court Action N.E.C.,1,Person,Male,6
3 Age Ethnicity Sex,Sexual Offences,Child abuse material offences,Dec2020,1,40-44,40 - 44 years inclusive,Produce or distribute child abuse material,3,341,34,European,European,Court Action,-66,Court Action,Prosecution,Court Action N.E.C.,1,Person,Male,6
3 Age Ethnicity Sex,Sexual Offences,Child abuse material offences,Mar2019,1,15-19,15 - 19 years inclusive,Possess or access child abuse material,3,342,34,Not Stated,Not Stated,Informal Warning,-87,Non-Court Action,Informal Warning,Informal Warning,1,Person,Female,9
3 Age Ethnicity Sex,Sexual Offences,Child abuse material offences,Mar2017,1,35-39,35 - 39 years inclusive,Possess or access child abuse material,3,342,34,Other Ethnicities,Not Elsewhere Classified,Informal Warning,,Non-Court Action,Informal Warning,Informal Warning,1,Person,Female,9
3 Age Ethnicity Sex,Sexual Offences,Child abuse material offences,Dec2014,1,10-14,10 - 14 years inclusive,"Child abuse material offences, nfd",3,340,34,Maori,Maori,"Non-Court Action, N.E.C.",,Non-Court Action,Alternative Action Plan,"Non-Court Action, N.E.C.",1,Person,Female,6
3 Age Ethnicity Sex,Sexual Offences,Child abuse material offences,Apr2021,1,25-29,25 - 29 years inclusive,Possess or access child abuse material,3,342,34,Asian,Asian,Formal Warning,-62,Non-Court Action,Formal Warning,Formal Warning,1,Person,Male,10
3 Age Ethnicity Sex,Sexual Offences,Child abuse material offences,Jun2020,1,45-49,45 - 49 years inclusive,Produce or distribute child abuse material,3,341,34,European,European,Formal Warning,-72,Non-Court Action,Formal Warning,Formal Warning,1,Person,Male,0
3 Age Ethnicity Sex,Sexual Offences,Child abuse material offences,Aug2020,1,15-19,15 - 19 years inclusive,Produce or distribute child abuse material,3,341,34,European,European,Formal Warning,-70,Non-Court Action,Formal Warning,Formal Warning,1,Person,Male,2
3 Age Ethnicity Sex,Sexual Offences,Child abuse material offences,Sep2022,1,15-19,15 - 19 years inclusive,Produce or distribute child abuse material,3,341,34,European,European,Formal Warning,-45,Non-Court Action,Formal Warning,Formal Warning,1,Person,Male,3
3 Age Ethnicity Sex,Sexual Offences,Child abuse material offences,Oct2021,1,10-14,10 - 14 years inclusive,"Child abuse material offences, nfd",3,340,34,European,European,Formal Warning,-56,Non-Court Action,Formal Warning,Formal Warning,1,Person,Male,4
3 Age Ethnicity Sex,Sexual Offences,Child abuse material offences,Nov2016,1,15-19,15 - 19 years inclusive,Possess or access child abuse material,3,342,34,European,European,Formal Warning,,Non-Court Action,Formal Warning,Formal Warning,1,Person,Male,5
3 Age Ethnicity Sex,Sexual Offences,Child abuse material offences,Nov2016,1,15-19,15 - 19 years inclusive,Produce or distribute child abuse material,3,341,34,European,European,Formal Warning,,Non-Court Action,Formal Warning,Formal Warning,1,Person,Male,5
3 Age Ethnicity Sex,Sexual Offences,Child abuse material offences,Nov2018,1,15-19,15 - 19 years inclusive,Produce or distribute child abuse material,3,341,34,European,European,Formal Warning,-91,Non-Court Action,Formal Warning,Formal Warning,1,Person,Male,5
3 Age Ethnicity Sex,Sexual Offences,Child abuse material offences,Dec2016,1,10-14,10 - 14 years inclusive,Produce or distribute child abuse material,3,341,34,European,European,Formal Warning,,Non-Court Action,Formal Warning,Formal Warning,1,Person,Male,6
3 Age Ethnicity Sex,Sexual Offences,Child abuse material offences,Dec2015,1,15-19,15 - 19 years inclusive,Produce or distribute child abuse material,3,341,34,European,European,Formal Warning,,Non-Court Action,Formal Warning,Formal Warning,1,Person,Male,6
3 Age Ethnicity Sex,Sexual Offences,Child abuse material offences,Dec2016,1,15-19,15 - 19 years inclusive,Produce or distribute child abuse material,3,341,34,European,European,Formal Warning,,Non-Court Action,Formal Warning,Formal Warning,1,Person,Male,6
3 Age Ethnicity Sex,Sexual Offences,Child abuse material offences,Dec2014,1,45-49,45 - 49 years inclusive,Produce or distribute child abuse material,3,341,34,European,European,Formal Warning,,Non-Court Action,Formal Warning,Formal Warning,1,Person,Male,6
3 Age Ethnicity Sex,Sexual Offences,Child abuse material offences,Feb2016,1,30-34,30 - 34 years inclusive,Produce or distribute child abuse material,3,341,34,European,European,Formal Warning,,Non-Court Action,Formal Warning,Formal Warning,1,Person,Male,8
3 Age Ethnicity Sex,Sexual Offences,Child abuse material offences,Feb2015,1,5-9,5 - 9 years inclusive,Produce or distribute child abuse material,3,341,34,European,European,Formal Warning,,Non-Court Action,Formal Warning,Formal Warning,1,Person,Male,8
3 Age Ethnicity Sex,Sexual Offences,Child abuse material offences,Mar2019,1,20-24,20 - 24 years inclusive,Possess or access child abuse material,3,342,34,European,European,Formal Warning,-87,Non-Court Action,Formal Warning,Formal Warning,1,Person,Male,9
3 Age Ethnicity Sex,Sexual Offences,Child abuse material offences,Mar2016,1,30-34,30 - 34 years inclusive,Possess or access child abuse material,3,342,34,European,European,Formal Warning,,Non-Court Action,Formal Warning,Formal Warning,1,Person,Male,9
3 Age Ethnicity Sex,Sexual Offences,Child abuse material offences,May2019,1,15-19,15 - 19 years inclusive,Possess or access child abuse material,3,342,34,European,European,Formal Warning,-85,Non-Court Action,Formal Warning,Formal Warning,1,Person,Male,11
3 Age Ethnicity Sex,Sexual Offences,Child abuse material offences,May2019,1,15-19,15 - 19 years inclusive,Produce or distribute child abuse material,3,341,34,European,European,Formal Warning,-85,Non-Court Action,Formal Warning,Formal Warning,1,Person,Male,11
3 Age Ethnicity Sex,Sexual Offences,Child abuse material offences,May2019,2,15-19,15 - 19 years inclusive,"Child abuse material offences, nfd",3,340,34,European,European,Formal Warning,-85,Non-Court Action,Formal Warning,Formal Warning,1,Person,Male,11
3 Age Ethnicity Sex,Sexual Offences,Child abuse material offences,Jul2018,1,10-14,10 - 14 years inclusive,Produce or distribute child abuse material,3,341,34,Maori,Maori,Formal Warning,-95,Non-Court Action,Formal Warning,Formal Warning,1,Person,Male,1
3 Age Ethnicity Sex,Sexual Offences,Child abuse material offences,Dec2021,2,10-14,10 - 14 years inclusive,Produce or distribute child abuse material,3,341,34,Maori,Maori,Formal Warning,-54,Non-Court Action,Formal Warning,Formal Warning,1,Person,Male,6
3 Age Ethnicity Sex,Sexual Offences,Child abuse material offences,May2017,1,50-54,50 - 54 years inclusive,Possess or access child abuse material,3,342,34,Pacific Island,Pacific Island,Court Action,,Court Action,Prosecution,Court Action N.E.C.,1,Person,Male,11
3 Age Ethnicity Sex,Sexual Offences,Child abuse material offences,Oct2018,1,15-19,15 - 19 years inclusive,Produce or distribute child abuse material,3,341,34,European,European,Formal Warning,-92,Non-Court Action,Formal Warning,Formal Warning,1,Person,Female,4
3 Age Ethnicity Sex,Sexual Offences,Child abuse material offences,Jul2024,1,25-29,25 - 29 years inclusive,Possess or access child abuse material,3,342,34,European,European,Court Action,-23,Court Action,Prosecution,Court Action N.E.C.,1,Person,Male,1
3 Age Ethnicity Sex,Sexual Offences,Child abuse material offences,Jul2014,1,30-34,30 - 34 years inclusive,Possess or access child abuse material,3,342,34,European,European,Court Action,,Court Action,Prosecution,Court Action N.E.C.,1,Person,Male,1
3 Age Ethnicity Sex,Sexual Offences,Child abuse material offences,Jul2024,1,30-34,30 - 34 years inclusive,Produce or distribute child abuse material,3,341,34,European,European,Court Action,-23,Court Action,Prosecution,Court Action N.E.C.,1,Person,Male,1
3 Age Ethnicity Sex,Sexual Offences,Child abuse material offences,Jul2024,1,40-44,40 - 44 years inclusive,Produce or distribute child abuse material,3,341,34,European,European,Court Action,-23,Court Action,Prosecution,Court Action N.E.C.,1,Person,Male,1
3 Age Ethnicity Sex,Sexual Offences,Child abuse material offences,Jul2014,1,45-49,45 - 49 years inclusive,Possess or access child abuse material,3,342,34,European,European,Court Action,,Court Action,Prosecution,Court Action N.E.C.,1,Person,Male,1
3 Age Ethnicity Sex,Sexual Offences,Child abuse material offences,Jul2024,1,45-49,45 - 49 years inclusive,Possess or access child abuse material,3,342,34,European,European,Court Action,-23,Court Action,Prosecution,Court Action N.E.C.,1,Person,Male,1
3 Age Ethnicity Sex,Sexual Offences,Child abuse material offences,Jul2024,1,50-54,50 - 54 years inclusive,Possess or access child abuse material,3,342,34,European,European,Court Action,-23,Court Action,Prosecution,Court Action N.E.C.,1,Person,Male,1
3 Age Ethnicity Sex,Sexual Offences,Child abuse material offences,Jul2014,1,60-64,60 - 64 years inclusive,Produce or distribute child abuse material,3,341,34,European,European,Court Action,,Court Action,Prosecution,Court Action N.E.C.,1,Person,Male,1
3 Age Ethnicity Sex,Sexual Offences,Child abuse material offences,Jul2023,1,60-64,60 - 64 years inclusive,Possess or access child abuse material,3,342,34,European,European,Court Action,-35,Court Action,Prosecution,Court Action N.E.C.,1,Person,Male,1
3 Age Ethnicity Sex,Sexual Offences,Child abuse material offences,Jul2023,1,65-69,65 - 69 years inclusive,Possess or access child abuse material,3,342,34,European,European,Court Action,-35,Court Action,Prosecution,Court Action N.E.C.,1,Person,Male,1
3 Age Ethnicity Sex,Sexual Offences,Child abuse material offences,Aug2024,1,15-19,15 - 19 years inclusive,Possess or access child abuse material,3,342,34,European,European,Court Action,-22,Court Action,Prosecution,Court Action N.E.C.,1,Person,Male,2
3 Age Ethnicity Sex,Sexual Offences,Child abuse material offences,Aug2024,1,20-24,20 - 24 years inclusive,Possess or access child abuse material,3,342,34,European,European,Court Action,-22,Court Action,Prosecution,Court Action N.E.C.,1,Person,Male,2
3 Age Ethnicity Sex,Sexual Offences,Child abuse material offences,Aug2023,1,40-44,40 - 44 years inclusive,Possess or access child abuse material,3,342,34,European,European,Court Action,-34,Court Action,Prosecution,Court Action N.E.C.,1,Person,Male,2
3 Age Ethnicity Sex,Sexual Offences,Child abuse material offences,Aug2024,1,40-44,40 - 44 years inclusive,Produce or distribute child abuse material,3,341,34,European,European,Court Action,-22,Court Action,Prosecution,Court Action N.E.C.,1,Person,Male,2
3 Age Ethnicity Sex,Sexual Offences,Child abuse material offences,Aug2024,2,40-44,40 - 44 years inclusive,Possess or access child abuse material,3,342,34,European,European,Court Action,-22,Court Action,Prosecution,Court Action N.E.C.,1,Person,Male,2
3 Age Ethnicity Sex,Sexual Offences,Child abuse material offences,Aug2023,1,45-49,45 - 49 years inclusive,Possess or access child abuse material,3,342,34,European,European,Court Action,-34,Court Action,Prosecution,Court Action N.E.C.,1,Person,Male,2
3 Age Ethnicity Sex,Sexual Offences,Child abuse material offences,Aug2023,2,45-49,45 - 49 years inclusive,Produce or distribute child abuse material,3,341,34,European,European,Court Action,-34,Court Action,Prosecution,Court Action N.E.C.,1,Person,Male,2
3 Age Ethnicity Sex,Sexual Offences,Child abuse material offences,Aug2023,1,55-59,55 - 59 years inclusive,Possess or access child abuse material,3,342,34,European,European,Court Action,-34,Court Action,Prosecution,Court Action N.E.C.,1,Person,Male,2
3 Age Ethnicity Sex,Sexual Offences,Child abuse material offences,Aug2024,1,55-59,55 - 59 years inclusive,Produce or distribute child abuse material,3,341,34,European,European,Court Action,-22,Court Action,Prosecution,Court Action N.E.C.,1,Person,Male,2
3 Age Ethnicity Sex,Sexual Offences,Child abuse material offences,Aug2023,2,70-74,70 - 74 years inclusive,Possess or access child abuse material,3,342,34,European,European,Court Action,-34,Court Action,Prosecution,Court Action N.E.C.,1,Person,Male,2
3 Age Ethnicity Sex,Sexual Offences,Child abuse material offences,Sep2023,1,15-19,15 - 19 years inclusive,Produce or distribute child abuse material,3,341,34,European,European,Court Action,-33,Court Action,Prosecution,Court Action N.E.C.,1,Person,Male,3
3 Age Ethnicity Sex,Sexual Offences,Child abuse material offences,Sep2023,2,15-19,15 - 19 years inclusive,Possess or access child abuse material,3,342,34,European,European,Court Action,-33,Court Action,Prosecution,Court Action N.E.C.,1,Person,Male,3
3 Age Ethnicity Sex,Sexual Offences,Child abuse material offences,Sep2023,1,20-24,20 - 24 years inclusive,Possess or access child abuse material,3,342,34,European,European,Court Action,-33,Court Action,Prosecution,Court Action N.E.C.,1,Person,Male,3
3 Age Ethnicity Sex,Sexual Offences,Child abuse material offences,Sep2023,1,20-24,20 - 24 years inclusive,Produce or distribute child abuse material,3,341,34,European,European,Court Action,-33,Court Action,Prosecution,Court Action N.E.C.,1,Person,Male,3
3 Age Ethnicity Sex,Sexual Offences,Child abuse material offences,Sep2023,1,25-29,25 - 29 years inclusive,Produce or distribute child abuse material,3,341,34,European,European,Court Action,-33,Court Action,Prosecution,Court Action N.E.C.,1,Person,Male,3
3 Age Ethnicity Sex,Sexual Offences,Child abuse material offences,Sep2023,1,30-34,30 - 34 years inclusive,Possess or access child abuse material,3,342,34,European,European,Court Action,-33,Court Action,Prosecution,Court Action N.E.C.,1,Person,Male,3
3 Age Ethnicity Sex,Sexual Offences,Child abuse material offences,Sep2023,1,35-39,35 - 39 years inclusive,Possess or access child abuse material,3,342,34,European,European,Court Action,-33,Court Action,Prosecution,Court Action N.E.C.,1,Person,Male,3
3 Age Ethnicity Sex,Sexual Offences,Child abuse material offences,Sep2024,1,35-39,35 - 39 years inclusive,Produce or distribute child abuse material,3,341,34,European,European,Court Action,-21,Court Action,Prosecution,Court Action N.E.C.,1,Person,Male,3
3 Age Ethnicity Sex,Sexual Offences,Child abuse material offences,Sep2023,2,45-49,45 - 49 years inclusive,Produce or distribute child abuse material,3,341,34,European,European,Court Action,-33,Court Action,Prosecution,Court Action N.E.C.,1,Person,Male,3
3 Age Ethnicity Sex,Sexual Offences,Child abuse material offences,Sep2023,1,65-69,65 - 69 years inclusive,Produce or distribute child abuse material,3,341,34,European,European,Court Action,-33,Court Action,Prosecution,Court Action N.E.C.,1,Person,Male,3
3 Age Ethnicity Sex,Sexual Offences,Child abuse material offences,Oct2024,1,15-19,15 - 19 years inclusive,Possess or access child abuse material,3,342,34,European,European,Court Action,-20,Court Action,Prosecution,Court Action N.E.C.,1,Person,Male,4
3 Age Ethnicity Sex,Sexual Offences,Child abuse material offences,Oct2023,2,20-24,20 - 24 years inclusive,Produce or distribute child abuse material,3,341,34,European,European,Court Action,-32,Court Action,Prosecution,Court Action N.E.C.,1,Person,Male,4
3 Age Ethnicity Sex,Sexual Offences,Child abuse material offences,Oct2025,1,25-29,25 - 29 years inclusive,Possess or access child abuse material,3,342,34,European,European,Court Action,-8,Court Action,Prosecution,Court Action N.E.C.,1,Person,Male,4
3 Age Ethnicity Sex,Sexual Offences,Child abuse material offences,Oct2023,1,30-34,30 - 34 years inclusive,Possess or access child abuse material,3,342,34,European,European,Court Action,-32,Court Action,Prosecution,Court Action N.E.C.,1,Person,Male,4
3 Age Ethnicity Sex,Sexual Offences,Child abuse material offences,Oct2024,1,30-34,30 - 34 years inclusive,Possess or access child abuse material,3,342,34,European,European,Court Action,-20,Court Action,Prosecution,Court Action N.E.C.,1,Person,Male,4
3 Age Ethnicity Sex,Sexual Offences,Child abuse material offences,Oct2025,1,30-34,30 - 34 years inclusive,Possess or access child abuse material,3,342,34,European,European,Court Action,-8,Court Action,Prosecution,Court Action N.E.C.,1,Person,Male,4
3 Age Ethnicity Sex,Sexual Offences,Child abuse material offences,Oct2025,1,30-34,30 - 34 years inclusive,Produce or distribute child abuse material,3,341,34,European,European,Court Action,-8,Court Action,Prosecution,Court Action N.E.C.,1,Person,Male,4
3 Age Ethnicity Sex,Sexual Offences,Child abuse material offences,Oct2023,1,35-39,35 - 39 years inclusive,Produce or distribute child abuse material,3,341,34,European,European,Court Action,-32,Court Action,Prosecution,Court Action N.E.C.,1,Person,Male,4
3 Age Ethnicity Sex,Sexual Offences,Child abuse material offences,Oct2024,1,35-39,35 - 39 years inclusive,Possess or access child abuse material,3,342,34,European,European,Court Action,-20,Court Action,Prosecution,Court Action N.E.C.,1,Person,Male,4
3 Age Ethnicity Sex,Sexual Offences,Child abuse material offences,Oct2024,1,50-54,50 - 54 years inclusive,Possess or access child abuse material,3,342,34,European,European,Court Action,-20,Court Action,Prosecution,Court Action N.E.C.,1,Person,Male,4
3 Age Ethnicity Sex,Sexual Offences,Child abuse material offences,Oct2024,1,50-54,50 - 54 years inclusive,Produce or distribute child abuse material,3,341,34,European,European,Court Action,-20,Court Action,Prosecution,Court Action N.E.C.,1,Person,Male,4
3 Age Ethnicity Sex,Sexual Offences,Child abuse material offences,Oct2023,1,55-59,55 - 59 years inclusive,Possess or access child abuse material,3,342,34,European,European,Court Action,-32,Court Action,Prosecution,Court Action N.E.C.,1,Person,Male,4
3 Age Ethnicity Sex,Sexual Offences,Child abuse material offences,Oct2024,1,55-59,55 - 59 years inclusive,Possess or access child abuse material,3,342,34,European,European,Court Action,-20,Court Action,Prosecution,Court Action N.E.C.,1,Person,Male,4
3 Age Ethnicity Sex,Sexual Offences,Child abuse material offences,Oct2025,1,55-59,55 - 59 years inclusive,Produce or distribute child abuse material,3,341,34,European,European,Court Action,-8,Court Action,Prosecution,Court Action N.E.C.,1,Person,Male,4
3 Age Ethnicity Sex,Sexual Offences,Child abuse material offences,Oct2023,1,70-74,70 - 74 years inclusive,Possess or access child abuse material,3,342,34,European,European,Court Action,-32,Court Action,Prosecution,Court Action N.E.C.,1,Person,Male,4
3 Age Ethnicity Sex,Sexual Offences,Child abuse material offences,Nov2023,1,20-24,20 - 24 years inclusive,Produce or distribute child abuse material,3,341,34,European,European,Court Action,-31,Court Action,Prosecution,Court Action N.E.C.,1,Person,Male,5
3 Age Ethnicity Sex,Sexual Offences,Child abuse material offences,Nov2024,1,20-24,20 - 24 years inclusive,Possess or access child abuse material,3,342,34,European,European,Court Action,-19,Court Action,Prosecution,Court Action N.E.C.,1,Person,Male,5
3 Age Ethnicity Sex,Sexual Offences,Child abuse material offences,Nov2024,2,20-24,20 - 24 years inclusive,Produce or distribute child abuse material,3,341,34,European,European,Court Action,-19,Court Action,Prosecution,Court Action N.E.C.,1,Person,Male,5
3 Age Ethnicity Sex,Sexual Offences,Child abuse material offences,Nov2024,1,35-39,35 - 39 years inclusive,Possess or access child abuse material,3,342,34,European,European,Court Action,-19,Court Action,Prosecution,Court Action N.E.C.,1,Person,Male,5
3 Age Ethnicity Sex,Sexual Offences,Child abuse material offences,Nov2024,1,35-39,35 - 39 years inclusive,Produce or distribute child abuse material,3,341,34,European,European,Court Action,-19,Court Action,Prosecution,Court Action N.E.C.,1,Person,Male,5
3 Age Ethnicity Sex,Sexual Offences,Child abuse material offences,Nov2024,1,40-44,40 - 44 years inclusive,Possess or access child abuse material,3,342,34,European,European,Court Action,-19,Court Action,Prosecution,Court Action N.E.C.,1,Person,Male,5
3 Age Ethnicity Sex,Sexual Offences,Child abuse material offences,Nov2023,1,45-49,45 - 49 years inclusive,Produce or distribute child abuse material,3,341,34,European,European,Court Action,-31,Court Action,Prosecution,Court Action N.E.C.,1,Person,Male,5
3 Age Ethnicity Sex,Sexual Offences,Child abuse material offences,Nov2024,1,45-49,45 - 49 years inclusive,Possess or access child abuse material,3,342,34,European,European,Court Action,-19,Court Action,Prosecution,Court Action N.E.C.,1,Person,Male,5
3 Age Ethnicity Sex,Sexual Offences,Child abuse material offences,Nov2023,1,50-54,50 - 54 years inclusive,Produce or distribute child abuse material,3,341,34,European,European,Court Action,-31,Court Action,Prosecution,Court Action N.E.C.,1,Person,Male,5
3 Age Ethnicity Sex,Sexual Offences,Child abuse material offences,Nov2023,1,55-59,55 - 59 years inclusive,Produce or distribute child abuse material,3,341,34,European,European,Court Action,-31,Court Action,Prosecution,Court Action N.E.C.,1,Person,Male,5
3 Age Ethnicity Sex,Sexual Offences,Child abuse material offences,Nov2024,1,55-59,55 - 59 years inclusive,Possess or access child abuse material,3,342,34,European,European,Court Action,-19,Court Action,Prosecution,Court Action N.E.C.,1,Person,Male,5
3 Age Ethnicity Sex,Sexual Offences,Child abuse material offences,Nov2024,1,55-59,55 - 59 years inclusive,Produce or distribute child abuse material,3,341,34,European,European,Court Action,-19,Court Action,Prosecution,Court Action N.E.C.,1,Person,Male,5
3 Age Ethnicity Sex,Sexual Offences,Child abuse material offences,Nov2024,1,60-64,60 - 64 years inclusive,Produce or distribute child abuse material,3,341,34,European,European,Court Action,-19,Court Action,Prosecution,Court Action N.E.C.,1,Person,Male,5
3 Age Ethnicity Sex,Sexual Offences,Child abuse material offences,Dec2024,1,30-34,30 - 34 years inclusive,Possess or access child abuse material,3,342,34,European,European,Court Action,-18,Court Action,Prosecution,Court Action N.E.C.,1,Person,Male,6
3 Age Ethnicity Sex,Sexual Offences,Child abuse material offences,Dec2024,2,30-34,30 - 34 years inclusive,Produce or distribute child abuse material,3,341,34,European,European,Court Action,-18,Court Action,Prosecution,Court Action N.E.C.,1,Person,Male,6
3 Age Ethnicity Sex,Sexual Offences,Child abuse material offences,Dec2024,1,35-39,35 - 39 years inclusive,Possess or access child abuse material,3,342,34,European,European,Court Action,-18,Court Action,Prosecution,Court Action N.E.C.,1,Person,Male,6
3 Age Ethnicity Sex,Sexual Offences,Child abuse material offences,Dec2024,1,45-49,45 - 49 years inclusive,Possess or access child abuse material,3,342,34,European,European,Court Action,-18,Court Action,Prosecution,Court Action N.E.C.,1,Person,Male,6
3 Age Ethnicity Sex,Sexual Offences,Child abuse material offences,Dec2024,2,55-59,55 - 59 years inclusive,Possess or access child abuse material,3,342,34,European,European,Court Action,-18,Court Action,Prosecution,Court Action N.E.C.,1,Person,Male,6
3 Age Ethnicity Sex,Sexual Offences,Child abuse material offences,Mar2023,1,35-39,35 - 39 years inclusive,Produce or distribute child abuse material,3,341,34,Asian,Asian,Court Action,-39,Court Action,Prosecution,Court Action N.E.C.,1,Person,Female,9
3 Age Ethnicity Sex,Sexual Offences,Child abuse material offences,Jun2023,1,15-19,15 - 19 years inclusive,Produce or distribute child abuse material,3,341,34,European,European,Court Action,-36,Court Action,Prosecution,Court Action N.E.C.,1,Person,Female,0
3 Age Ethnicity Sex,Sexual Offences,Child abuse material offences,Jan2020,1,65-69,65 - 69 years inclusive,Possess or access child abuse material,3,342,34,Maori,Maori,Court Action,-77,Court Action,Prosecution,Court Action N.E.C.,1,Person,Male,7
3 Age Ethnicity Sex,Sexual Offences,Child abuse material offences,Apr2026,1,35-39,35 - 39 years inclusive,Possess or access child abuse material,3,342,34,Pacific Island,Pacific Island,Court Action,-2,Court Action,Prosecution,Court Action N.E.C.,1,Person,Male,10
3 Age Ethnicity Sex,Sexual Offences,Child abuse material offences,May2024,1,30-34,30 - 34 years inclusive,Produce or distribute child abuse material,3,341,34,Pacific Island,Pacific Island,Court Action,-25,Court Action,Prosecution,Court Action N.E.C.,1,Person,Male,11
3 Age Ethnicity Sex,Sexual Offences,Child abuse material offences,Jul2024,1,10-14,10 - 14 years inclusive,Produce or distribute child abuse material,3,341,34,Not Stated,Not Stated,"Non-Court Action, N.F.D.",-23,Non-Court Action,"Youth Aid, N.F.D.","Non-Court Action, N.F.D.",1,Person,Male,1
3 Age Ethnicity Sex,Sexual Offences,Child abuse material offences,Aug2023,1,10-14,10 - 14 years inclusive,Possess or access child abuse material,3,342,34,Not Stated,Not Stated,"Non-Court Action, N.F.D.",-34,Non-Court Action,"Youth Aid, N.F.D.","Non-Court Action, N.F.D.",1,Person,Male,2
3 Age Ethnicity Sex,Sexual Offences,Child abuse material offences,Sep2024,1,15-19,15 - 19 years inclusive,Produce or distribute child abuse material,3,341,34,Not Stated,Not Stated,"Non-Court Action, N.F.D.",-21,Non-Court Action,"Youth Aid, N.F.D.","Non-Court Action, N.F.D.",1,Person,Male,3
3 Age Ethnicity Sex,Sexual Offences,Child abuse material offences,Oct2024,3,10-14,10 - 14 years inclusive,Produce or distribute child abuse material,3,341,34,Not Stated,Not Stated,"Non-Court Action, N.F.D.",-20,Non-Court Action,"Youth Aid, N.F.D.","Non-Court Action, N.F.D.",1,Person,Male,4
3 Age Ethnicity Sex,Sexual Offences,Child abuse material offences,Feb2024,1,15-19,15 - 19 years inclusive,Produce or distribute child abuse material,3,341,34,Not Stated,Not Stated,"Non-Court Action, N.F.D.",-28,Non-Court Action,"Youth Aid, N.F.D.","Non-Court Action, N.F.D.",1,Person,Male,8
3 Age Ethnicity Sex,Sexual Offences,Child abuse material offences,Feb2025,1,15-19,15 - 19 years inclusive,Produce or distribute child abuse material,3,341,34,Not Stated,Not Stated,"Non-Court Action, N.F.D.",-16,Non-Court Action,"Youth Aid, N.F.D.","Non-Court Action, N.F.D.",1,Person,Male,8
3 Age Ethnicity Sex,Sexual Offences,Child abuse material offences,May2023,1,15-19,15 - 19 years inclusive,Produce or distribute child abuse material,3,341,34,Not Stated,Not Stated,"Non-Court Action, N.F.D.",-37,Non-Court Action,"Youth Aid, N.F.D.","Non-Court Action, N.F.D.",1,Person,Male,11
3 Age Ethnicity Sex,Sexual Offences,Child abuse material offences,May2025,2,15-19,15 - 19 years inclusive,Produce or distribute child abuse material,3,341,34,Not Stated,Not Stated,"Non-Court Action, N.F.D.",-13,Non-Court Action,"Youth Aid, N.F.D.","Non-Court Action, N.F.D.",1,Person,Male,11
3 Age Ethnicity Sex,Sexual Offences,Child abuse material offences,Jul2024,1,15-19,15 - 19 years inclusive,Produce or distribute child abuse material,3,341,34,European,European,Non-Court Referred Conference,-23,Non-Court Action,FGC - 247(B) Police Referred,Non-Court Referred Conference,1,Person,Male,1
3 Age Ethnicity Sex,Sexual Offences,Child abuse material offences,Sep2024,1,15-19,15 - 19 years inclusive,Produce or distribute child abuse material,3,341,34,European,European,Non-Court Referred Conference,-21,Non-Court Action,FGC - 247(B) Police Referred,Non-Court Referred Conference,1,Person,Male,3
3 Age Ethnicity Sex,Sexual Offences,Child abuse material offences,Oct2023,1,15-19,15 - 19 years inclusive,Produce or distribute child abuse material,3,341,34,European,European,Non-Court Referred Conference,-32,Non-Court Action,FGC - 247(B) Police Referred,Non-Court Referred Conference,1,Person,Male,4
3 Age Ethnicity Sex,Sexual Offences,Child abuse material offences,Oct2024,1,15-19,15 - 19 years inclusive,Produce or distribute child abuse material,3,341,34,European,European,Non-Court Referred Conference,-20,Non-Court Action,FGC - 247(B) Police Referred,Non-Court Referred Conference,1,Person,Male,4
3 Age Ethnicity Sex,Sexual Offences,Child abuse material offences,Nov2023,1,15-19,15 - 19 years inclusive,Produce or distribute child abuse material,3,341,34,European,European,Non-Court Referred Conference,-31,Non-Court Action,FGC - 247(B) Police Referred,Non-Court Referred Conference,1,Person,Male,5
3 Age Ethnicity Sex,Sexual Offences,Child abuse material offences,Jan2025,1,15-19,15 - 19 years inclusive,Possess or access child abuse material,3,342,34,European,European,Non-Court Referred Conference,-17,Non-Court Action,FGC - 247(B) Police Referred,Non-Court Referred Conference,1,Person,Male,7
3 Age Ethnicity Sex,Sexual Offences,Child abuse material offences,Oct2015,1,20-24,20 - 24 years inclusive,Produce or distribute child abuse material,3,341,34,Maori,Maori,Court Action,,Court Action,Prosecution,Court Action N.E.C.,1,Person,Male,4
3 Age Ethnicity Sex,Sexual Offences,Child abuse material offences,Dec2021,1,15-19,15 - 19 years inclusive,Produce or distribute child abuse material,3,341,34,Maori,Maori,Formal Warning,-54,Non-Court Action,Formal Warning,Formal Warning,1,Person,Female,6
3 Age Ethnicity Sex,Sexual Offences,Child abuse material offences,Apr2021,1,10-14,10 - 14 years inclusive,Produce or distribute child abuse material,3,341,34,Other Ethnicities,Latin American/Hispanic,Formal Warning,-62,Non-Court Action,Formal Warning,Formal Warning,1,Person,Female,10
3 Age Ethnicity Sex,Sexual Offences,Child abuse material offences,Sep2022,1,10-14,10 - 14 years inclusive,Possess or access child abuse material,3,342,34,European,European,Formal Warning,-45,Non-Court Action,Formal Warning,Formal Warning,1,Person,Female,3
3 Age Ethnicity Sex,Sexual Offences,Child abuse material offences,Mar2019,1,60-64,60 - 64 years inclusive,Possess or access child abuse material,3,342,34,Not Stated,Not Stated,Court Action,-87,Court Action,Prosecution,Court Action N.E.C.,1,Person,Male,9
3 Age Ethnicity Sex,Sexual Offences,Child abuse material offences,Apr2017,1,25-29,25 - 29 years inclusive,Possess or access child abuse material,3,342,34,Not Stated,Not Stated,Court Action,,Court Action,Prosecution,Court Action N.E.C.,1,Person,Male,10
3 Age Ethnicity Sex,Sexual Offences,Child abuse material offences,May2017,1,40-44,40 - 44 years inclusive,Produce or distribute child abuse material,3,341,34,Not Stated,Not Stated,Court Action,,Court Action,Prosecution,Court Action N.E.C.,1,Person,Male,11
3 Age Ethnicity Sex,Sexual Offences,Child abuse material offences,Dec2014,1,10-14,10 - 14 years inclusive,"Child abuse material offences, nfd",3,340,34,European,European,"Non-Court Action, N.E.C.",,Non-Court Action,Alternative Action Plan,"Non-Court Action, N.E.C.",1,Person,Male,6
3 Age Ethnicity Sex,Sexual Offences,Child abuse material offences,Feb2017,1,15-19,15 - 19 years inclusive,Possess or access child abuse material,3,342,34,Maori,Maori,"Non-Court Action, N.E.C.",,Non-Court Action,Alternative Action Plan,"Non-Court Action, N.E.C.",1,Person,Male,8
3 Age Ethnicity Sex,Sexual Offences,Child abuse material offences,Nov2025,1,20-24,20 - 24 years inclusive,Produce or distribute child abuse material,3,341,34,Maori,Maori,Court Action,-7,Court Action,Prosecution,Court Action N.E.C.,1,Person,Male,5
3 Age Ethnicity Sex,Sexual Offences,Child abuse material offences,Nov2022,1,25-29,25 - 29 years inclusive,Produce or distribute child abuse material,3,341,34,Maori,Maori,Court Action,-43,Court Action,Prosecution,Court Action N.E.C.,1,Person,Male,5
3 Age Ethnicity Sex,Sexual Offences,Child abuse material offences,Nov2022,1,40-44,40 - 44 years inclusive,Produce or distribute child abuse material,3,341,34,Maori,Maori,Court Action,-43,Court Action,Prosecution,Court Action N.E.C.,1,Person,Male,5
3 Age Ethnicity Sex,Sexual Offences,Child abuse material offences,Nov2025,1,40-44,40 - 44 years inclusive,Produce or distribute child abuse material,3,341,34,Maori,Maori,Court Action,-7,Court Action,Prosecution,Court Action N.E.C.,1,Person,Male,5
3 Age Ethnicity Sex,Sexual Offences,Child abuse material offences,Dec2021,1,30-34,30 - 34 years inclusive,Produce or distribute child abuse material,3,341,34,Maori,Maori,Court Action,-54,Court Action,Prosecution,Court Action N.E.C.,1,Person,Male,6
3 Age Ethnicity Sex,Sexual Offences,Child abuse material offences,Dec2025,1,30-34,30 - 34 years inclusive,Produce or distribute child abuse material,3,341,34,Maori,Maori,Court Action,-6,Court Action,Prosecution,Court Action N.E.C.,1,Person,Male,6
3 Age Ethnicity Sex,Sexual Offences,Child abuse material offences,Dec2025,1,35-39,35 - 39 years inclusive,Produce or distribute child abuse material,3,341,34,Maori,Maori,Court Action,-6,Court Action,Prosecution,Court Action N.E.C.,1,Person,Male,6
3 Age Ethnicity Sex,Sexual Offences,Child abuse material offences,Dec2025,1,45-49,45 - 49 years inclusive,Possess or access child abuse material,3,342,34,Maori,Maori,Court Action,-6,Court Action,Prosecution,Court Action N.E.C.,1,Person,Male,6
3 Age Ethnicity Sex,Sexual Offences,Child abuse material offences,Dec2025,1,50-54,50 - 54 years inclusive,Produce or distribute child abuse material,3,341,34,Maori,Maori,Court Action,-6,Court Action,Prosecution,Court Action N.E.C.,1,Person,Male,6
3 Age Ethnicity Sex,Sexual Offences,Child abuse material offences,Jan2022,1,15-19,15 - 19 years inclusive,Possess or access child abuse material,3,342,34,Maori,Maori,Court Action,-53,Court Action,Prosecution,Court Action N.E.C.,1,Person,Male,7
3 Age Ethnicity Sex,Sexual Offences,Child abuse material offences,Sep2019,1,30-34,30 - 34 years inclusive,Possess or access child abuse material,3,342,34,European,European,Court Action,-81,Court Action,Prosecution,Court Action N.E.C.,1,Person,Female,3
3 Age Ethnicity Sex,Sexual Offences,Child abuse material offences,Oct2024,1,20-24,20 - 24 years inclusive,Produce or distribute child abuse material,3,341,34,European,European,Court Action,-20,Court Action,Prosecution,Court Action N.E.C.,1,Person,Female,4
3 Age Ethnicity Sex,Sexual Offences,Child abuse material offences,Oct2018,1,40-44,40 - 44 years inclusive,Possess or access child abuse material,3,342,34,European,European,Court Action,-92,Court Action,Prosecution,Court Action N.E.C.,1,Person,Female,4
3 Age Ethnicity Sex,Sexual Offences,Child abuse material offences,Nov2019,1,20-24,20 - 24 years inclusive,Produce or distribute child abuse material,3,341,34,European,European,Court Action,-79,Court Action,Prosecution,Court Action N.E.C.,1,Person,Female,5
3 Age Ethnicity Sex,Sexual Offences,Child abuse material offences,Jan2022,1,25-29,25 - 29 years inclusive,Possess or access child abuse material,3,342,34,European,European,Court Action,-53,Court Action,Prosecution,Court Action N.E.C.,1,Person,Female,7
3 Age Ethnicity Sex,Sexual Offences,Child abuse material offences,Aug2022,1,45-49,45 - 49 years inclusive,Possess or access child abuse material,3,342,34,Pacific Island,Pacific Island,Court Action,-46,Court Action,Prosecution,Court Action N.E.C.,1,Person,Male,2
3 Age Ethnicity Sex,Sexual Offences,Child abuse material offences,Jun2024,1,70-74,70 - 74 years inclusive,Possess or access child abuse material,3,342,34,European,European,"Non-Court Action, N.E.C.",-24,Non-Court Action,Community Justice Panel,"Non-Court Action, N.E.C.",1,Person,Male,0
3 Age Ethnicity Sex,Sexual Offences,Child abuse material offences,Jun2015,1,40-44,40 - 44 years inclusive,Possess or access child abuse material,3,342,34,Maori,Maori,Court Action,,Court Action,Prosecution,Court Action N.E.C.,1,Person,Male,0
3 Age Ethnicity Sex,Sexual Offences,Child abuse material offences,Jun2017,1,15-19,15 - 19 years inclusive,Produce or distribute child abuse material,3,341,34,European,European,Formal Warning,,Non-Court Action,Formal Warning,Formal Warning,1,Person,Male,0
3 Age Ethnicity Sex,Sexual Offences,Child abuse material offences,Jul2019,1,10-14,10 - 14 years inclusive,Produce or distribute child abuse material,3,341,34,European,European,Formal Warning,-83,Non-Court Action,Formal Warning,Formal Warning,1,Person,Male,1
3 Age Ethnicity Sex,Sexual Offences,Child abuse material offences,Jul2019,1,15-19,15 - 19 years inclusive,Produce or distribute child abuse material,3,341,34,European,European,Formal Warning,-83,Non-Court Action,Formal Warning,Formal Warning,1,Person,Male,1
3 Age Ethnicity Sex,Sexual Offences,Child abuse material offences,Aug2019,1,15-19,15 - 19 years inclusive,Possess or access child abuse material,3,342,34,European,European,Formal Warning,-82,Non-Court Action,Formal Warning,Formal Warning,1,Person,Male,2
3 Age Ethnicity Sex,Sexual Offences,Child abuse material offences,Aug2025,1,75-79,75 - 79 years inclusive,Possess or access child abuse material,3,342,34,European,European,Formal Warning,-10,Non-Court Action,Formal Warning,Formal Warning,1,Person,Male,2
3 Age Ethnicity Sex,Sexual Offences,Child abuse material offences,Dec2022,1,15-19,15 - 19 years inclusive,Produce or distribute child abuse material,3,341,34,European,European,Formal Warning,-42,Non-Court Action,Formal Warning,Formal Warning,1,Person,Male,6
3 Age Ethnicity Sex,Sexual Offences,Child abuse material offences,Dec2021,1,30-34,30 - 34 years inclusive,Possess or access child abuse material,3,342,34,European,European,Formal Warning,-54,Non-Court Action,Formal Warning,Formal Warning,1,Person,Male,6
3 Age Ethnicity Sex,Sexual Offences,Child abuse material offences,Jan2021,1,15-19,15 - 19 years inclusive,Possess or access child abuse material,3,342,34,European,European,Formal Warning,-65,Non-Court Action,Formal Warning,Formal Warning,1,Person,Male,7
3 Age Ethnicity Sex,Sexual Offences,Child abuse material offences,Jan2021,1,65-69,65 - 69 years inclusive,Possess or access child abuse material,3,342,34,European,European,Formal Warning,-65,Non-Court Action,Formal Warning,Formal Warning,1,Person,Male,7
3 Age Ethnicity Sex,Sexual Offences,Child abuse material offences,May2016,1,20-24,20 - 24 years inclusive,Produce or distribute child abuse material,3,341,34,Indian,Indian,Court Action,,Court Action,Prosecution,Court Action N.E.C.,1,Person,Male,11
3 Age Ethnicity Sex,Sexual Offences,Child abuse material offences,Nov2018,2,10-14,10 - 14 years inclusive,Produce or distribute child abuse material,3,341,34,Not Stated,Not Stated,"Non-Court Action, N.E.C.",-91,Non-Court Action,Alternative Action Plan,"Non-Court Action, N.E.C.",1,Person,Male,5
3 Age Ethnicity Sex,Sexual Offences,Child abuse material offences,May2019,1,10-14,10 - 14 years inclusive,Produce or distribute child abuse material,3,341,34,Not Stated,Not Stated,"Non-Court Action, N.E.C.",-85,Non-Court Action,Alternative Action Plan,"Non-Court Action, N.E.C.",1,Person,Male,11
3 Age Ethnicity Sex,Sexual Offences,Child abuse material offences,Jun2019,1,30-34,30 - 34 years inclusive,Possess or access child abuse material,3,342,34,Not Stated,Not Stated,Court Action,-84,Court Action,Prosecution,Court Action N.E.C.,1,Person,Male,0
3 Age Ethnicity Sex,Sexual Offences,Child abuse material offences,Aug2018,1,25-29,25 - 29 years inclusive,Produce or distribute child abuse material,3,341,34,Not Stated,Not Stated,Court Action,-94,Court Action,Prosecution,Court Action N.E.C.,1,Person,Male,2
3 Age Ethnicity Sex,Sexual Offences,Child abuse material offences,Nov2020,2,25-29,25 - 29 years inclusive,Possess or access child abuse material,3,342,34,Not Stated,Not Stated,Court Action,-67,Court Action,Prosecution,Court Action N.E.C.,1,Person,Male,5
3 Age Ethnicity Sex,Sexual Offences,Child abuse material offences,Dec2021,1,20-24,20 - 24 years inclusive,Possess or access child abuse material,3,342,34,Not Stated,Not Stated,Court Action,-54,Court Action,Prosecution,Court Action N.E.C.,1,Person,Male,6
3 Age Ethnicity Sex,Sexual Offences,Child abuse material offences,Jan2022,1,20-24,20 - 24 years inclusive,Produce or distribute child abuse material,3,341,34,Not Stated,Not Stated,Court Action,-53,Court Action,Prosecution,Court Action N.E.C.,1,Person,Male,7
3 Age Ethnicity Sex,Sexual Offences,Child abuse material offences,Feb2023,1,10-14,10 - 14 years inclusive,Possess or access child abuse material,3,342,34,Not Stated,Not Stated,Court Action,-40,Court Action,Prosecution,Court Action N.E.C.,1,Person,Male,8
3 Age Ethnicity Sex,Sexual Offences,Child abuse material offences,Feb2026,1,15-19,15 - 19 years inclusive,Possess or access child abuse material,3,342,34,Not Stated,Not Stated,Court Action,-4,Court Action,Prosecution,Court Action N.E.C.,1,Person,Male,8
3 Age Ethnicity Sex,Sexual Offences,Child abuse material offences,Mar2026,1,60-64,60 - 64 years inclusive,Produce or distribute child abuse material,3,341,34,Not Stated,Not Stated,Court Action,-3,Court Action,Prosecution,Court Action N.E.C.,1,Person,Male,9
3 Age Ethnicity Sex,Sexual Offences,Child abuse material offences,Mar2026,2,60-64,60 - 64 years inclusive,Possess or access child abuse material,3,342,34,Not Stated,Not Stated,Court Action,-3,Court Action,Prosecution,Court Action N.E.C.,1,Person,Male,9
3 Age Ethnicity Sex,Sexual Offences,Child abuse material offences,Apr2026,1,30-34,30 - 34 years inclusive,Produce or distribute child abuse material,3,341,34,Not Stated,Not Stated,Court Action,-2,Court Action,Prosecution,Court Action N.E.C.,1,Person,Male,10
3 Age Ethnicity Sex,Sexual Offences,Child abuse material offences,Dec2020,1,25-29,25 - 29 years inclusive,Possess or access child abuse material,3,342,34,Pacific Island,Pacific Island,Court Action,-66,Court Action,Prosecution,Court Action N.E.C.,1,Person,Male,6
3 Age Ethnicity Sex,Sexual Offences,Child abuse material offences,Apr2023,1,15-19,15 - 19 years inclusive,Produce or distribute child abuse material,3,341,34,Maori,Maori,Non-Court Referred Conference,-38,Non-Court Action,FGC - 247(B) Police Referred,Non-Court Referred Conference,1,Person,Male,10
3 Age Ethnicity Sex,Sexual Offences,Child abuse material offences,Oct2024,1,10-14,10 - 14 years inclusive,Produce or distribute child abuse material,3,341,34,Not Stated,Not Stated,Non-Court Referred Conference,-20,Non-Court Action,FGC - 247(B) Police Referred,Non-Court Referred Conference,1,Person,Male,4
3 Age Ethnicity Sex,Sexual Offences,Child abuse material offences,Oct2023,1,15-19,15 - 19 years inclusive,Possess or access child abuse material,3,342,34,Not Stated,Not Stated,Non-Court Referred Conference,-32,Non-Court Action,FGC - 247(B) Police Referred,Non-Court Referred Conference,1,Person,Male,4
3 Age Ethnicity Sex,Sexual Offences,Child abuse material offences,Jan2025,1,15-19,15 - 19 years inclusive,Produce or distribute child abuse material,3,341,34,Not Stated,Not Stated,Non-Court Referred Conference,-17,Non-Court Action,FGC - 247(B) Police Referred,Non-Court Referred Conference,1,Person,Male,7
3 Age Ethnicity Sex,Sexual Offences,Child abuse material offences,Mar2025,1,15-19,15 - 19 years inclusive,Produce or distribute child abuse material,3,341,34,Not Stated,Not Stated,Non-Court Referred Conference,-15,Non-Court Action,FGC - 247(B) Police Referred,Non-Court Referred Conference,1,Person,Male,9
3 Age Ethnicity Sex,Sexual Offences,Child abuse material offences,May2023,1,15-19,15 - 19 years inclusive,Produce or distribute child abuse material,3,341,34,Not Stated,Not Stated,Non-Court Referred Conference,-37,Non-Court Action,FGC - 14(1e) Child Offending,Non-Court Referred Conference,1,Person,Male,11
3 Age Ethnicity Sex,Sexual Offences,Child abuse material offences,Jun2024,1,10-14,10 - 14 years inclusive,Produce or distribute child abuse material,3,341,34,Maori,Maori,Not Proceeded With,-24,Not Proceeded With,No Further Action,Not Proceeded With,1,Person,Female,0
3 Age Ethnicity Sex,Sexual Offences,Child abuse material offences,Apr2024,1,15-19,15 - 19 years inclusive,Produce or distribute child abuse material,3,341,34,Not Stated,Not Stated,Not Proceeded With,-26,Not Proceeded With,No Further Action,Not Proceeded With,1,Person,Female,10
3 Age Ethnicity Sex,Sexual Offences,Child abuse material offences,Oct2023,1,15-19,15 - 19 years inclusive,Produce or distribute child abuse material,3,341,34,European,European,Not Proceeded With,-32,Not Proceeded With,No Further Action,Not Proceeded With,1,Person,Male,4
3 Age Ethnicity Sex,Sexual Offences,Child abuse material offences,May2023,1,10-14,10 - 14 years inclusive,Possess or access child abuse material,3,342,34,Maori,Maori,Not Proceeded With,-37,Not Proceeded With,No Further Action,Not Proceeded With,1,Person,Male,11
3 Age Ethnicity Sex,Sexual Offences,Child abuse material offences,Jun2023,1,15-19,15 - 19 years inclusive,Produce or distribute child abuse material,3,341,34,Not Stated,Not Stated,Not Proceeded With,-36,Not Proceeded With,No Further Action,Not Proceeded With,1,Person,Male,0
3 Age Ethnicity Sex,Sexual Offences,Child abuse material offences,Feb2024,1,15-19,15 - 19 years inclusive,Produce or distribute child abuse material,3,341,34,Not Stated,Not Stated,Not Proceeded With,-28,Not Proceeded With,No Further Action,Not Proceeded With,1,Person,Male,8
3 Age Ethnicity Sex,Sexual Offences,Child abuse material offences,Aug2024,1,15-19,15 - 19 years inclusive,Produce or distribute child abuse material,3,341,34,Not Stated,Not Stated,Not Proceeded With,-22,Not Proceeded With,No Further Action,Not Proceeded With,1,Person,Not Stated,2
3 Age Ethnicity Sex,Sexual Offences,Child abuse material offences,Aug2018,1,20-24,20 - 24 years inclusive,Possess or access child abuse material,3,342,34,Indian,Indian,Court Action,-94,Court Action,Prosecution,Court Action N.E.C.,1,Person,Male,2
3 Age Ethnicity Sex,Sexual Offences,Child abuse material offences,Feb2016,1,5-9,5 - 9 years inclusive,"Child abuse material offences, nfd",3,340,34,European,European,Formal Warning,,Non-Court Action,Formal Warning,Formal Warning,1,Person,Female,8
3 Age Ethnicity Sex,Sexual Offences,Child abuse material offences,Feb2016,1,30-34,30 - 34 years inclusive,Possess or access child abuse material,3,342,34,Maori,Maori,Formal Warning,,Non-Court Action,Formal Warning,Formal Warning,1,Person,Male,8
3 Age Ethnicity Sex,Sexual Offences,Child abuse material offences,Jun2016,1,15-19,15 - 19 years inclusive,Possess or access child abuse material,3,342,34,Not Stated,Not Stated,Formal Warning,,Non-Court Action,Formal Warning,Formal Warning,1,Person,Male,0
3 Age Ethnicity Sex,Sexual Offences,Child abuse material offences,Jun2016,1,15-19,15 - 19 years inclusive,Produce or distribute child abuse material,3,341,34,Not Stated,Not Stated,Formal Warning,,Non-Court Action,Formal Warning,Formal Warning,1,Person,Male,0
3 Age Ethnicity Sex,Sexual Offences,Child abuse material offences,Jul2019,1,25-29,25 - 29 years inclusive,Produce or distribute child abuse material,3,341,34,Not Stated,Not Stated,Informal Warning,-83,Non-Court Action,Informal Warning,Informal Warning,1,Person,Male,1
3 Age Ethnicity Sex,Sexual Offences,Child abuse material offences,Aug2019,1,20-24,20 - 24 years inclusive,Possess or access child abuse material,3,342,34,Not Stated,Not Stated,Informal Warning,-82,Non-Court Action,Informal Warning,Informal Warning,1,Person,Male,2
3 Age Ethnicity Sex,Sexual Offences,Child abuse material offences,Nov2018,1,15-19,15 - 19 years inclusive,Possess or access child abuse material,3,342,34,Not Stated,Not Stated,Informal Warning,-91,Non-Court Action,Informal Warning,Informal Warning,1,Person,Male,5
3 Age Ethnicity Sex,Sexual Offences,Child abuse material offences,Nov2018,1,15-19,15 - 19 years inclusive,Produce or distribute child abuse material,3,341,34,Not Stated,Not Stated,Informal Warning,-91,Non-Court Action,Informal Warning,Informal Warning,1,Person,Male,5
3 Age Ethnicity Sex,Sexual Offences,Child abuse material offences,Dec2016,1,45-49,45 - 49 years inclusive,Produce or distribute child abuse material,3,341,34,Not Stated,Not Stated,Informal Warning,,Non-Court Action,Informal Warning,Informal Warning,1,Person,Male,6
3 Age Ethnicity Sex,Sexual Offences,Child abuse material offences,Apr2018,1,45-49,45 - 49 years inclusive,Possess or access child abuse material,3,342,34,Not Stated,Not Stated,Informal Warning,-98,Non-Court Action,Informal Warning,Informal Warning,1,Person,Male,10
3 Age Ethnicity Sex,Sexual Offences,Child abuse material offences,May2016,1,15-19,15 - 19 years inclusive,Produce or distribute child abuse material,3,341,34,Not Stated,Not Stated,Informal Warning,,Non-Court Action,Informal Warning,Informal Warning,1,Person,Male,11
3 Age Ethnicity Sex,Sexual Offences,Child abuse material offences,Jun2019,1,10-14,10 - 14 years inclusive,Produce or distribute child abuse material,3,341,34,European,European,"Non-Court Action, N.E.C.",-84,Non-Court Action,Alternative Action Plan,"Non-Court Action, N.E.C.",1,Person,Male,0
3 Age Ethnicity Sex,Sexual Offences,Child abuse material offences,Sep2019,1,10-14,10 - 14 years inclusive,Possess or access child abuse material,3,342,34,European,European,"Non-Court Action, N.E.C.",-81,Non-Court Action,Alternative Action Plan,"Non-Court Action, N.E.C.",1,Person,Male,3
3 Age Ethnicity Sex,Sexual Offences,Child abuse material offences,Sep2016,2,15-19,15 - 19 years inclusive,Produce or distribute child abuse material,3,341,34,European,European,"Non-Court Action, N.E.C.",,Non-Court Action,Alternative Action Plan,"Non-Court Action, N.E.C.",1,Person,Male,3
3 Age Ethnicity Sex,Sexual Offences,Child abuse material offences,May2024,1,15-19,15 - 19 years inclusive,Produce or distribute child abuse material,3,341,34,Maori,Maori,"Non-Court Action, N.E.C.",-25,Non-Court Action,Alternative Action Plan,"Non-Court Action, N.E.C.",1,Person,Male,11
3 Age Ethnicity Sex,Sexual Offences,Child abuse material offences,Dec2021,1,15-19,15 - 19 years inclusive,Produce or distribute child abuse material,3,341,34,Pacific Island,Pacific Island,"Non-Court Action, N.E.C.",-54,Non-Court Action,Alternative Action Plan,"Non-Court Action, N.E.C.",1,Person,Male,6
3 Age Ethnicity Sex,Sexual Offences,Child abuse material offences,Dec2022,1,15-19,15 - 19 years inclusive,Produce or distribute child abuse material,3,341,34,Pacific Island,Pacific Island,"Non-Court Action, N.E.C.",-42,Non-Court Action,Community Justice Panel,"Non-Court Action, N.E.C.",1,Person,Male,6
3 Age Ethnicity Sex,Sexual Offences,Child abuse material offences,Mar2023,1,10-14,10 - 14 years inclusive,Possess or access child abuse material,3,342,34,European,European,"Non-Court Action, N.F.D.",-39,Non-Court Action,"Youth Aid, N.F.D.","Non-Court Action, N.F.D.",1,Person,Male,9
3 Age Ethnicity Sex,Sexual Offences,Child abuse material offences,Aug2021,1,15-19,15 - 19 years inclusive,Produce or distribute child abuse material,3,341,34,Maori,Maori,"Non-Court Action, N.F.D.",-58,Non-Court Action,"Youth Aid, N.F.D.","Non-Court Action, N.F.D.",1,Person,Male,2
3 Age Ethnicity Sex,Sexual Offences,Child abuse material offences,Aug2022,1,15-19,15 - 19 years inclusive,Possess or access child abuse material,3,342,34,Maori,Maori,"Non-Court Action, N.F.D.",-46,Non-Court Action,"Youth Aid, N.F.D.","Non-Court Action, N.F.D.",1,Person,Male,2
3 Age Ethnicity Sex,Sexual Offences,Child abuse material offences,May2026,1,15-19,15 - 19 years inclusive,Produce or distribute child abuse material,3,341,34,Maori,Maori,"Non-Court Action, N.F.D.",-1,Non-Court Action,"Youth Aid, N.F.D.","Non-Court Action, N.F.D.",1,Person,Male,11
3 Age Ethnicity Sex,Sexual Offences,Child abuse material offences,Jun2020,1,10-14,10 - 14 years inclusive,Possess or access child abuse material,3,342,34,Not Stated,Not Stated,"Non-Court Action, N.F.D.",-72,Non-Court Action,"Youth Aid, N.F.D.","Non-Court Action, N.F.D.",1,Person,Male,0
3 Age Ethnicity Sex,Sexual Offences,Child abuse material offences,Aug2025,1,15-19,15 - 19 years inclusive,Produce or distribute child abuse material,3,341,34,Not Stated,Not Stated,"Non-Court Action, N.F.D.",-10,Non-Court Action,"Youth Aid, N.F.D.","Non-Court Action, N.F.D.",1,Person,Male,2
3 Age Ethnicity Sex,Sexual Offences,Child abuse material offences,Sep2022,1,10-14,10 - 14 years inclusive,Produce or distribute child abuse material,3,341,34,Not Stated,Not Stated,"Non-Court Action, N.F.D.",-45,Non-Court Action,"Youth Aid, N.F.D.","Non-Court Action, N.F.D.",1,Person,Male,3
3 Age Ethnicity Sex,Sexual Offences,Child abuse material offences,Sep2022,1,15-19,15 - 19 years inclusive,Possess or access child abuse material,3,342,34,Not Stated,Not Stated,"Non-Court Action, N.F.D.",-45,Non-Court Action,"Youth Aid, N.F.D.","Non-Court Action, N.F.D.",1,Person,Male,3
3 Age Ethnicity Sex,Sexual Offences,Child abuse material offences,Oct2021,1,15-19,15 - 19 years inclusive,Produce or distribute child abuse material,3,341,34,Not Stated,Not Stated,"Non-Court Action, N.F.D.",-56,Non-Court Action,"Youth Aid, N.F.D.","Non-Court Action, N.F.D.",1,Person,Male,4
3 Age Ethnicity Sex,Sexual Offences,Child abuse material offences,Jan2023,3,15-19,15 - 19 years inclusive,Produce or distribute child abuse material,3,341,34,Not Stated,Not Stated,"Non-Court Action, N.F.D.",-41,Non-Court Action,"Youth Aid, N.F.D.","Non-Court Action, N.F.D.",1,Person,Male,7
3 Age Ethnicity Sex,Sexual Offences,Child abuse material offences,Feb2022,1,15-19,15 - 19 years inclusive,Produce or distribute child abuse material,3,341,34,Not Stated,Not Stated,"Non-Court Action, N.F.D.",-52,Non-Court Action,"Youth Aid, N.F.D.","Non-Court Action, N.F.D.",1,Person,Male,8
3 Age Ethnicity Sex,Sexual Offences,Child abuse material offences,Feb2023,1,15-19,15 - 19 years inclusive,Produce or distribute child abuse material,3,341,34,Not Stated,Not Stated,"Non-Court Action, N.F.D.",-40,Non-Court Action,"Youth Aid, N.F.D.","Non-Court Action, N.F.D.",1,Person,Male,8
3 Age Ethnicity Sex,Sexual Offences,Child abuse material offences,Apr2026,1,15-19,15 - 19 years inclusive,Possess or access child abuse material,3,342,34,Not Stated,Not Stated,"Non-Court Action, N.F.D.",-2,Non-Court Action,"Youth Aid, N.F.D.","Non-Court Action, N.F.D.",1,Person,Male,10
3 Age Ethnicity Sex,Sexual Offences,Child abuse material offences,Sep2020,1,15-19,15 - 19 years inclusive,Possess or access child abuse material,3,342,34,European,European,Non-Court Referred Conference,-69,Non-Court Action,FGC - 247(B) Police Referred,Non-Court Referred Conference,1,Person,Male,3
3 Age Ethnicity Sex,Sexual Offences,Child abuse material offences,Dec2021,1,15-19,15 - 19 years inclusive,Possess or access child abuse material,3,342,34,European,European,Non-Court Referred Conference,-54,Non-Court Action,FGC - 247(B) Police Referred,Non-Court Referred Conference,1,Person,Male,6
3 Age Ethnicity Sex,Sexual Offences,Child abuse material offences,Jan2022,1,15-19,15 - 19 years inclusive,Possess or access child abuse material,3,342,34,European,European,Non-Court Referred Conference,-53,Non-Court Action,FGC - 247(B) Police Referred,Non-Court Referred Conference,1,Person,Male,7
3 Age Ethnicity Sex,Sexual Offences,Child abuse material offences,May2024,1,15-19,15 - 19 years inclusive,Produce or distribute child abuse material,3,341,34,European,European,Non-Court Referred Conference,-25,Non-Court Action,FGC - 247(B) Police Referred,Non-Court Referred Conference,1,Person,Male,11
3 Age Ethnicity Sex,Sexual Offences,Child abuse material offences,Apr2026,1,15-19,15 - 19 years inclusive,Possess or access child abuse material,3,342,34,Maori,Maori,Non-Court Referred Conference,-2,Non-Court Action,FGC - 247(B) Police Referred,Non-Court Referred Conference,1,Person,Male,10
3 Age Ethnicity Sex,Sexual Offences,Child abuse material offences,Jul2020,1,15-19,15 - 19 years inclusive,Possess or access child abuse material,3,342,34,Not Stated,Not Stated,Non-Court Referred Conference,-71,Non-Court Action,FGC - 247(B) Police Referred,Non-Court Referred Conference,1,Person,Male,1
3 Age Ethnicity Sex,Sexual Offences,Child abuse material offences,Sep2022,1,15-19,15 - 19 years inclusive,Produce or distribute child abuse material,3,341,34,Not Stated,Not Stated,Non-Court Referred Conference,-45,Non-Court Action,FGC - 247(B) Police Referred,Non-Court Referred Conference,1,Person,Male,3
3 Age Ethnicity Sex,Sexual Offences,Child abuse material offences,Oct2022,1,15-19,15 - 19 years inclusive,Produce or distribute child abuse material,3,341,34,Not Stated,Not Stated,Non-Court Referred Conference,-44,Non-Court Action,FGC - 247(B) Police Referred,Non-Court Referred Conference,1,Person,Male,4
3 Age Ethnicity Sex,Sexual Offences,Child abuse material offences,Nov2022,1,15-19,15 - 19 years inclusive,Possess or access child abuse material,3,342,34,Not Stated,Not Stated,Non-Court Referred Conference,-43,Non-Court Action,FGC - 247(B) Police Referred,Non-Court Referred Conference,1,Person,Male,5
3 Age Ethnicity Sex,Sexual Offences,Child abuse material offences,Jan2023,1,10-14,10 - 14 years inclusive,Possess or access child abuse material,3,342,34,Not Stated,Not Stated,Non-Court Referred Conference,-41,Non-Court Action,FGC - 247(B) Police Referred,Non-Court Referred Conference,1,Person,Male,7
3 Age Ethnicity Sex,Sexual Offences,Child abuse material offences,Oct2021,1,15-19,15 - 19 years inclusive,Produce or distribute child abuse material,3,341,34,Not Stated,Not Stated,Not Proceeded With,-56,Not Proceeded With,No Further Action,Not Proceeded With,1,Person,Female,4
3 Age Ethnicity Sex,Sexual Offences,Child abuse material offences,Apr2020,1,15-19,15 - 19 years inclusive,Produce or distribute child abuse material,3,341,34,Not Stated,Not Stated,Not Proceeded With,-74,Not Proceeded With,No Further Action,Not Proceeded With,1,Person,Female,10
3 Age Ethnicity Sex,Sexual Offences,Child abuse material offences,Jun2022,1,80yearsorover,80 years or over,Possess or access child abuse material,3,342,34,European,European,Not Proceeded With,-48,Not Proceeded With,No Further Action,Not Proceeded With,1,Person,Male,0
3 Age Ethnicity Sex,Sexual Offences,Child abuse material offences,Mar2018,1,10-14,10 - 14 years inclusive,Produce or distribute child abuse material,3,341,34,European,European,"Non-Court Action, N.E.C.",-99,Non-Court Action,Alternative Action Plan,"Non-Court Action, N.E.C.",1,Person,Male,9
3 Age Ethnicity Sex,Sexual Offences,Child abuse material offences,May2019,1,10-14,10 - 14 years inclusive,Produce or distribute child abuse material,3,341,34,European,European,"Non-Court Action, N.E.C.",-85,Non-Court Action,Alternative Action Plan,"Non-Court Action, N.E.C.",1,Person,Male,11
3 Age Ethnicity Sex,Sexual Offences,Child abuse material offences,Mar2020,1,15-19,15 - 19 years inclusive,Produce or distribute child abuse material,3,341,34,European,European,Formal Warning,-75,Non-Court Action,Formal Warning,Formal Warning,1,Person,Female,9
3 Age Ethnicity Sex,Sexual Offences,Child abuse material offences,May2018,1,15-19,15 - 19 years inclusive,Possess or access child abuse material,3,342,34,European,European,Court Action,-97,Court Action,Prosecution,Court Action N.E.C.,1,Person,Male,11
3 Age Ethnicity Sex,Sexual Offences,Child abuse material offences,May2018,1,20-24,20 - 24 years inclusive,Produce or distribute child abuse material,3,341,34,European,European,Court Action,-97,Court Action,Prosecution,Court Action N.E.C.,1,Person,Male,11
3 Age Ethnicity Sex,Sexual Offences,Child abuse material offences,May2019,1,20-24,20 - 24 years inclusive,Possess or access child abuse material,3,342,34,European,European,Court Action,-85,Court Action,Prosecution,Court Action N.E.C.,1,Person,Male,11
3 Age Ethnicity Sex,Sexual Offences,Child abuse material offences,May2018,3,25-29,25 - 29 years inclusive,Possess or access child abuse material,3,342,34,European,European,Court Action,-97,Court Action,Prosecution,Court Action N.E.C.,1,Person,Male,11
3 Age Ethnicity Sex,Sexual Offences,Child abuse material offences,May2019,1,25-29,25 - 29 years inclusive,Produce or distribute child abuse material,3,341,34,European,European,Court Action,-85,Court Action,Prosecution,Court Action N.E.C.,1,Person,Male,11
3 Age Ethnicity Sex,Sexual Offences,Child abuse material offences,May2018,1,30-34,30 - 34 years inclusive,Possess or access child abuse material,3,342,34,European,European,Court Action,-97,Court Action,Prosecution,Court Action N.E.C.,1,Person,Male,11
3 Age Ethnicity Sex,Sexual Offences,Child abuse material offences,May2019,1,30-34,30 - 34 years inclusive,Produce or distribute child abuse material,3,341,34,European,European,Court Action,-85,Court Action,Prosecution,Court Action N.E.C.,1,Person,Male,11
3 Age Ethnicity Sex,Sexual Offences,Child abuse material offences,May2018,1,40-44,40 - 44 years inclusive,Produce or distribute child abuse material,3,341,34,European,European,Court Action,-97,Court Action,Prosecution,Court Action N.E.C.,1,Person,Male,11
3 Age Ethnicity Sex,Sexual Offences,Child abuse material offences,May2015,1,45-49,45 - 49 years inclusive,Produce or distribute child abuse material,3,341,34,European,European,Court Action,,Court Action,Prosecution,Court Action N.E.C.,1,Person,Male,11
3 Age Ethnicity Sex,Sexual Offences,Child abuse material offences,May2016,1,45-49,45 - 49 years inclusive,Produce or distribute child abuse material,3,341,34,European,European,Court Action,,Court Action,Prosecution,Court Action N.E.C.,1,Person,Male,11
3 Age Ethnicity Sex,Sexual Offences,Child abuse material offences,May2015,1,50-54,50 - 54 years inclusive,Produce or distribute child abuse material,3,341,34,European,European,Court Action,,Court Action,Prosecution,Court Action N.E.C.,1,Person,Male,11
3 Age Ethnicity Sex,Sexual Offences,Child abuse material offences,May2017,1,50-54,50 - 54 years inclusive,Produce or distribute child abuse material,3,341,34,European,European,Court Action,,Court Action,Prosecution,Court Action N.E.C.,1,Person,Male,11
3 Age Ethnicity Sex,Sexual Offences,Child abuse material offences,May2018,1,50-54,50 - 54 years inclusive,Possess or access child abuse material,3,342,34,European,European,Court Action,-97,Court Action,Prosecution,Court Action N.E.C.,1,Person,Male,11
3 Age Ethnicity Sex,Sexual Offences,Child abuse material offences,May2015,1,55-59,55 - 59 years inclusive,Possess or access child abuse material,3,342,34,European,European,Court Action,,Court Action,Prosecution,Court Action N.E.C.,1,Person,Male,11
3 Age Ethnicity Sex,Sexual Offences,Child abuse material offences,May2018,1,55-59,55 - 59 years inclusive,Produce or distribute child abuse material,3,341,34,European,European,Court Action,-97,Court Action,Prosecution,Court Action N.E.C.,1,Person,Male,11
3 Age Ethnicity Sex,Sexual Offences,Child abuse material offences,May2019,2,60-64,60 - 64 years inclusive,Produce or distribute child abuse material,3,341,34,European,European,Court Action,-85,Court Action,Prosecution,Court Action N.E.C.,1,Person,Male,11
3 Age Ethnicity Sex,Sexual Offences,Child abuse material offences,May2019,1,65-69,65 - 69 years inclusive,Possess or access child abuse material,3,342,34,European,European,Court Action,-85,Court Action,Prosecution,Court Action N.E.C.,1,Person,Male,11
3 Age Ethnicity Sex,Sexual Offences,Child abuse material offences,Apr2016,1,20-24,20 - 24 years inclusive,Produce or distribute child abuse material,3,341,34,European,European,Court Action,,Court Action,Prosecution,Court Action N.E.C.,1,Person,Male,10
3 Age Ethnicity Sex,Sexual Offences,Child abuse material offences,Apr2015,1,25-29,25 - 29 years inclusive,Produce or distribute child abuse material,3,341,34,European,European,Court Action,,Court Action,Prosecution,Court Action N.E.C.,1,Person,Male,10
3 Age Ethnicity Sex,Sexual Offences,Child abuse material offences,Apr2016,1,25-29,25 - 29 years inclusive,Possess or access child abuse material,3,342,34,European,European,Court Action,,Court Action,Prosecution,Court Action N.E.C.,1,Person,Male,10
3 Age Ethnicity Sex,Sexual Offences,Child abuse material offences,Apr2016,1,30-34,30 - 34 years inclusive,Produce or distribute child abuse material,3,341,34,European,European,Court Action,,Court Action,Prosecution,Court Action N.E.C.,1,Person,Male,10
3 Age Ethnicity Sex,Sexual Offences,Child abuse material offences,May2023,1,15-19,15 - 19 years inclusive,Produce or distribute child abuse material,3,341,34,Maori,Maori,"Non-Court Action, N.E.C.",-37,Non-Court Action,Alternative Action Plan,"Non-Court Action, N.E.C.",1,Person,Male,11
3 Age Ethnicity Sex,Sexual Offences,Child abuse material offences,Mar2016,1,40-44,40 - 44 years inclusive,Possess or access child abuse material,3,342,34,European,European,Court Action,,Court Action,Prosecution,Court Action N.E.C.,1,Person,Male,9
3 Age Ethnicity Sex,Sexual Offences,Child abuse material offences,Mar2016,1,45-49,45 - 49 years inclusive,Possess or access child abuse material,3,342,34,European,European,Court Action,,Court Action,Prosecution,Court Action N.E.C.,1,Person,Male,9
3 Age Ethnicity Sex,Sexual Offences,Child abuse material offences,Mar2016,1,45-49,45 - 49 years inclusive,Produce or distribute child abuse material,3,341,34,European,European,Court Action,,Court Action,Prosecution,Court Action N.E.C.,1,Person,Male,9
3 Age Ethnicity Sex,Sexual Offences,Child abuse material offences,Apr2024,1,10-14,10 - 14 years inclusive,Produce or distribute child abuse material,3,341,34,European,European,"Non-Court Action, N.E.C.",-26,Non-Court Action,Alternative Action Plan,"Non-Court Action, N.E.C.",1,Person,Male,10
3 Age Ethnicity Sex,Sexual Offences,Child abuse material offences,Jul2024,1,15-19,15 - 19 years inclusive,Produce or distribute child abuse material,3,341,34,Maori,Maori,"Non-Court Action, N.E.C.",-23,Non-Court Action,Alternative Action Plan,"Non-Court Action, N.E.C.",1,Person,Male,1
3 Age Ethnicity Sex,Sexual Offences,Child abuse material offences,Dec2016,1,20-24,20 - 24 years inclusive,Produce or distribute child abuse material,3,341,34,Maori,Maori,Court Action,,Court Action,Prosecution,Court Action N.E.C.,1,Person,Male,6
3 Age Ethnicity Sex,Sexual Offences,Child abuse material offences,Jan2026,1,55-59,55 - 59 years inclusive,Produce or distribute child abuse material,3,341,34,Other Ethnicities,Not Elsewhere Classified,Court Action,-5,Court Action,Prosecution,Court Action N.E.C.,1,Person,Male,7
3 Age Ethnicity Sex,Sexual Offences,Child abuse material offences,Sep2018,1,15-19,15 - 19 years inclusive,Produce or distribute child abuse material,3,341,34,Maori,Maori,"Non-Court Action, N.E.C.",-93,Non-Court Action,Alternative Action Plan,"Non-Court Action, N.E.C.",1,Person,Female,3
3 Age Ethnicity Sex,Sexual Offences,Child abuse material offences,Jun2016,1,10-14,10 - 14 years inclusive,Possess or access child abuse material,3,342,34,Not Stated,Not Stated,"Non-Court Action, N.F.D.",,Non-Court Action,"Youth Aid, N.F.D.","Non-Court Action, N.F.D.",1,Person,Female,0
3 Age Ethnicity Sex,Sexual Offences,Child abuse material offences,Jun2016,1,60-64,60 - 64 years inclusive,Produce or distribute child abuse material,3,341,34,Asian,Asian,Formal Warning,,Non-Court Action,Formal Warning,Formal Warning,1,Person,Male,0
3 Age Ethnicity Sex,Sexual Offences,Child abuse material offences,Jun2015,1,10-14,10 - 14 years inclusive,Produce or distribute child abuse material,3,341,34,European,European,Formal Warning,,Non-Court Action,Formal Warning,Formal Warning,1,Person,Male,0
3 Age Ethnicity Sex,Sexual Offences,Child abuse material offences,Jul2015,1,20-24,20 - 24 years inclusive,Possess or access child abuse material,3,342,34,European,European,Formal Warning,,Non-Court Action,Formal Warning,Formal Warning,1,Person,Male,1
3 Age Ethnicity Sex,Sexual Offences,Child abuse material offences,Aug2014,1,25-29,25 - 29 years inclusive,Produce or distribute child abuse material,3,341,34,European,European,Formal Warning,,Non-Court Action,Formal Warning,Formal Warning,1,Person,Male,2
3 Age Ethnicity Sex,Sexual Offences,Child abuse material offences,Sep2015,1,55-59,55 - 59 years inclusive,Possess or access child abuse material,3,342,34,European,European,Formal Warning,,Non-Court Action,Formal Warning,Formal Warning,1,Person,Male,3
3 Age Ethnicity Sex,Sexual Offences,Child abuse material offences,Oct2016,1,10-14,10 - 14 years inclusive,Produce or distribute child abuse material,3,341,34,European,European,Formal Warning,,Non-Court Action,Formal Warning,Formal Warning,1,Person,Male,4
3 Age Ethnicity Sex,Sexual Offences,Child abuse material offences,Feb2023,1,15-19,15 - 19 years inclusive,Possess or access child abuse material,3,342,34,Maori,Maori,Formal Warning,-40,Non-Court Action,Formal Warning,Formal Warning,1,Person,Male,8
3 Age Ethnicity Sex,Sexual Offences,Child abuse material offences,Jun2021,1,15-19,15 - 19 years inclusive,Possess or access child abuse material,3,342,34,European,European,Informal Warning,-60,Non-Court Action,Informal Warning,Informal Warning,1,Person,Male,0
3 Age Ethnicity Sex,Sexual Offences,Child abuse material offences,Aug2019,1,40-44,40 - 44 years inclusive,Possess or access child abuse material,3,342,34,European,European,Informal Warning,-82,Non-Court Action,Informal Warning,Informal Warning,1,Person,Male,2
3 Age Ethnicity Sex,Sexual Offences,Child abuse material offences,Sep2017,1,35-39,35 - 39 years inclusive,Possess or access child abuse material,3,342,34,European,European,Informal Warning,,Non-Court Action,Informal Warning,Informal Warning,1,Person,Male,3
3 Age Ethnicity Sex,Sexual Offences,Child abuse material offences,Oct2020,1,35-39,35 - 39 years inclusive,Possess or access child abuse material,3,342,34,European,European,Informal Warning,-68,Non-Court Action,Informal Warning,Informal Warning,1,Person,Male,4
3 Age Ethnicity Sex,Sexual Offences,Child abuse material offences,Dec2017,1,20-24,20 - 24 years inclusive,Produce or distribute child abuse material,3,341,34,European,European,Informal Warning,,Non-Court Action,Informal Warning,Informal Warning,1,Person,Male,6
3 Age Ethnicity Sex,Sexual Offences,Child abuse material offences,Dec2018,1,20-24,20 - 24 years inclusive,Possess or access child abuse material,3,342,34,European,European,Informal Warning,-90,Non-Court Action,Informal Warning,Informal Warning,1,Person,Male,6
3 Age Ethnicity Sex,Sexual Offences,Child abuse material offences,May2017,1,40-44,40 - 44 years inclusive,Produce or distribute child abuse material,3,341,34,European,European,Informal Warning,,Non-Court Action,Informal Warning,Informal Warning,1,Person,Male,11
3 Age Ethnicity Sex,Sexual Offences,Child abuse material offences,Jun2020,1,10-14,10 - 14 years inclusive,Produce or distribute child abuse material,3,341,34,Not Stated,Not Stated,Formal Warning,-72,Non-Court Action,Formal Warning,Formal Warning,1,Person,Female,0
3 Age Ethnicity Sex,Sexual Offences,Child abuse material offences,Nov2018,1,15-19,15 - 19 years inclusive,Produce or distribute child abuse material,3,341,34,Not Stated,Not Stated,"Non-Court Action, N.E.C.",-91,Non-Court Action,Alternative Action Plan,"Non-Court Action, N.E.C.",1,Person,Female,5
3 Age Ethnicity Sex,Sexual Offences,Child abuse material offences,Jan2023,1,10-14,10 - 14 years inclusive,Produce or distribute child abuse material,3,341,34,Not Stated,Not Stated,"Non-Court Action, N.E.C.",-41,Non-Court Action,Alternative Action Plan,"Non-Court Action, N.E.C.",1,Person,Female,7
3 Age Ethnicity Sex,Sexual Offences,Child abuse material offences,Jun2017,1,10-14,10 - 14 years inclusive,Produce or distribute child abuse material,3,341,34,European,European,"Non-Court Action, N.F.D.",,Non-Court Action,"Youth Aid, N.F.D.","Non-Court Action, N.F.D.",1,Person,Female,0
3 Age Ethnicity Sex,Sexual Offences,Child abuse material offences,Jul2025,1,15-19,15 - 19 years inclusive,Possess or access child abuse material,3,342,34,European,European,"Non-Court Action, N.F.D.",-11,Non-Court Action,"Youth Aid, N.F.D.","Non-Court Action, N.F.D.",1,Person,Female,1
3 Age Ethnicity Sex,Sexual Offences,Child abuse material offences,Jan2019,1,20-24,20 - 24 years inclusive,Possess or access child abuse material,3,342,34,Asian,Asian,Formal Warning,-89,Non-Court Action,Formal Warning,Formal Warning,1,Person,Male,7
3 Age Ethnicity Sex,Sexual Offences,Child abuse material offences,Feb2022,1,20-24,20 - 24 years inclusive,Produce or distribute child abuse material,3,341,34,European,European,Court Action,-52,Court Action,Prosecution,Court Action N.E.C.,1,Person,Male,8
3 Age Ethnicity Sex,Sexual Offences,Child abuse material offences,Feb2023,1,20-24,20 - 24 years inclusive,Produce or distribute child abuse material,3,341,34,European,European,Court Action,-40,Court Action,Prosecution,Court Action N.E.C.,1,Person,Male,8
3 Age Ethnicity Sex,Sexual Offences,Child abuse material offences,Feb2016,1,25-29,25 - 29 years inclusive,Produce or distribute child abuse material,3,341,34,European,European,Court Action,,Court Action,Prosecution,Court Action N.E.C.,1,Person,Male,8
3 Age Ethnicity Sex,Sexual Offences,Child abuse material offences,Feb2017,2,25-29,25 - 29 years inclusive,Possess or access child abuse material,3,342,34,European,European,Court Action,,Court Action,Prosecution,Court Action N.E.C.,1,Person,Male,8
3 Age Ethnicity Sex,Sexual Offences,Child abuse material offences,Feb2020,1,30-34,30 - 34 years inclusive,Possess or access child abuse material,3,342,34,European,European,Court Action,-76,Court Action,Prosecution,Court Action N.E.C.,1,Person,Male,8
3 Age Ethnicity Sex,Sexual Offences,Child abuse material offences,Feb2022,1,30-34,30 - 34 years inclusive,Produce or distribute child abuse material,3,341,34,European,European,Court Action,-52,Court Action,Prosecution,Court Action N.E.C.,1,Person,Male,8
3 Age Ethnicity Sex,Sexual Offences,Child abuse material offences,Feb2023,1,35-39,35 - 39 years inclusive,Possess or access child abuse material,3,342,34,European,European,Court Action,-40,Court Action,Prosecution,Court Action N.E.C.,1,Person,Male,8
3 Age Ethnicity Sex,Sexual Offences,Child abuse material offences,Feb2016,2,40-44,40 - 44 years inclusive,Produce or distribute child abuse material,3,341,34,European,European,Court Action,,Court Action,Prosecution,Court Action N.E.C.,1,Person,Male,8
3 Age Ethnicity Sex,Sexual Offences,Child abuse material offences,Feb2017,1,40-44,40 - 44 years inclusive,Produce or distribute child abuse material,3,341,34,European,European,Court Action,,Court Action,Prosecution,Court Action N.E.C.,1,Person,Male,8
3 Age Ethnicity Sex,Sexual Offences,Child abuse material offences,Feb2022,1,40-44,40 - 44 years inclusive,Possess or access child abuse material,3,342,34,European,European,Court Action,-52,Court Action,Prosecution,Court Action N.E.C.,1,Person,Male,8
3 Age Ethnicity Sex,Sexual Offences,Child abuse material offences,Feb2023,1,40-44,40 - 44 years inclusive,Possess or access child abuse material,3,342,34,European,European,Court Action,-40,Court Action,Prosecution,Court Action N.E.C.,1,Person,Male,8
3 Age Ethnicity Sex,Sexual Offences,Child abuse material offences,Feb2021,1,45-49,45 - 49 years inclusive,Possess or access child abuse material,3,342,34,European,European,Court Action,-64,Court Action,Prosecution,Court Action N.E.C.,1,Person,Male,8
3 Age Ethnicity Sex,Sexual Offences,Child abuse material offences,Feb2021,1,45-49,45 - 49 years inclusive,Produce or distribute child abuse material,3,341,34,European,European,Court Action,-64,Court Action,Prosecution,Court Action N.E.C.,1,Person,Male,8
3 Age Ethnicity Sex,Sexual Offences,Child abuse material offences,Feb2017,1,50-54,50 - 54 years inclusive,Possess or access child abuse material,3,342,34,European,European,Court Action,,Court Action,Prosecution,Court Action N.E.C.,1,Person,Male,8
3 Age Ethnicity Sex,Sexual Offences,Child abuse material offences,Feb2023,1,50-54,50 - 54 years inclusive,Produce or distribute child abuse material,3,341,34,European,European,Court Action,-40,Court Action,Prosecution,Court Action N.E.C.,1,Person,Male,8
3 Age Ethnicity Sex,Sexual Offences,Child abuse material offences,Feb2023,1,55-59,55 - 59 years inclusive,Possess or access child abuse material,3,342,34,European,European,Court Action,-40,Court Action,Prosecution,Court Action N.E.C.,1,Person,Male,8
3 Age Ethnicity Sex,Sexual Offences,Child abuse material offences,Feb2021,1,60-64,60 - 64 years inclusive,Possess or access child abuse material,3,342,34,European,European,Court Action,-64,Court Action,Prosecution,Court Action N.E.C.,1,Person,Male,8
3 Age Ethnicity Sex,Sexual Offences,Child abuse material offences,Feb2023,2,60-64,60 - 64 years inclusive,Possess or access child abuse material,3,342,34,European,European,Court Action,-40,Court Action,Prosecution,Court Action N.E.C.,1,Person,Male,8
3 Age Ethnicity Sex,Sexual Offences,Child abuse material offences,Nov2016,1,10-14,10 - 14 years inclusive,Produce or distribute child abuse material,3,341,34,Maori,Maori,Non-Court Referred Conference,,Non-Court Action,FGC - 247(B) Police Referred,Non-Court Referred Conference,1,Person,Male,5
3 Age Ethnicity Sex,Sexual Offences,Child abuse material offences,Mar2019,1,10-14,10 - 14 years inclusive,Possess or access child abuse material,3,342,34,Maori,Maori,Non-Court Referred Conference,-87,Non-Court Action,FGC - 14(1e) Child Offending,Non-Court Referred Conference,1,Person,Male,9
3 Age Ethnicity Sex,Sexual Offences,Child abuse material offences,Jul2016,1,15-19,15 - 19 years inclusive,Produce or distribute child abuse material,3,341,34,Pacific Island,Pacific Island,Non-Court Referred Conference,,Non-Court Action,FGC - 247(B) Police Referred,Non-Court Referred Conference,1,Person,Male,1
3 Age Ethnicity Sex,Sexual Offences,Child abuse material offences,Dec2025,1,35-39,35 - 39 years inclusive,Produce or distribute child abuse material,3,341,34,Asian,Asian,Court Action,-6,Court Action,Prosecution,Court Action N.E.C.,1,Person,Male,6
3 Age Ethnicity Sex,Sexual Offences,Child abuse material offences,Jun2017,1,20-24,20 - 24 years inclusive,Produce or distribute child abuse material,3,341,34,European,European,Court Action,,Court Action,Prosecution,Court Action N.E.C.,1,Person,Male,0
3 Age Ethnicity Sex,Sexual Offences,Child abuse material offences,Jun2017,1,30-34,30 - 34 years inclusive,Possess or access child abuse material,3,342,34,European,European,Court Action,,Court Action,Prosecution,Court Action N.E.C.,1,Person,Male,0
3 Age Ethnicity Sex,Sexual Offences,Child abuse material offences,Jun2018,1,30-34,30 - 34 years inclusive,Possess or access child abuse material,3,342,34,European,European,Court Action,-96,Court Action,Prosecution,Court Action N.E.C.,1,Person,Male,0
3 Age Ethnicity Sex,Sexual Offences,Child abuse material offences,Jun2017,1,40-44,40 - 44 years inclusive,Possess or access child abuse material,3,342,34,European,European,Court Action,,Court Action,Prosecution,Court Action N.E.C.,1,Person,Male,0
3 Age Ethnicity Sex,Sexual Offences,Child abuse material offences,Jun2018,1,40-44,40 - 44 years inclusive,Possess or access child abuse material,3,342,34,European,European,Court Action,-96,Court Action,Prosecution,Court Action N.E.C.,1,Person,Male,0
3 Age Ethnicity Sex,Sexual Offences,Child abuse material offences,Jun2015,1,50-54,50 - 54 years inclusive,Produce or distribute child abuse material,3,341,34,European,European,Court Action,,Court Action,Prosecution,Court Action N.E.C.,1,Person,Male,0
3 Age Ethnicity Sex,Sexual Offences,Child abuse material offences,Jun2016,1,50-54,50 - 54 years inclusive,Possess or access child abuse material,3,342,34,European,European,Court Action,,Court Action,Prosecution,Court Action N.E.C.,1,Person,Male,0
3 Age Ethnicity Sex,Sexual Offences,Child abuse material offences,Jun2018,1,50-54,50 - 54 years inclusive,Produce or distribute child abuse material,3,341,34,European,European,Court Action,-96,Court Action,Prosecution,Court Action N.E.C.,1,Person,Male,0
3 Age Ethnicity Sex,Sexual Offences,Child abuse material offences,Jun2015,1,60-64,60 - 64 years inclusive,Possess or access child abuse material,3,342,34,European,European,Court Action,,Court Action,Prosecution,Court Action N.E.C.,1,Person,Male,0
3 Age Ethnicity Sex,Sexual Offences,Child abuse material offences,Jul2015,1,15-19,15 - 19 years inclusive,Possess or access child abuse material,3,342,34,European,European,Court Action,,Court Action,Prosecution,Court Action N.E.C.,1,Person,Male,1
3 Age Ethnicity Sex,Sexual Offences,Child abuse material offences,Jul2015,1,20-24,20 - 24 years inclusive,Possess or access child abuse material,3,342,34,European,European,Court Action,,Court Action,Prosecution,Court Action N.E.C.,1,Person,Male,1
3 Age Ethnicity Sex,Sexual Offences,Child abuse material offences,Jul2015,1,25-29,25 - 29 years inclusive,Produce or distribute child abuse material,3,341,34,European,European,Court Action,,Court Action,Prosecution,Court Action N.E.C.,1,Person,Male,1
3 Age Ethnicity Sex,Sexual Offences,Child abuse material offences,Jul2016,1,25-29,25 - 29 years inclusive,Possess or access child abuse material,3,342,34,European,European,Court Action,,Court Action,Prosecution,Court Action N.E.C.,1,Person,Male,1
3 Age Ethnicity Sex,Sexual Offences,Child abuse material offences,Jul2015,1,40-44,40 - 44 years inclusive,Possess or access child abuse material,3,342,34,European,European,Court Action,,Court Action,Prosecution,Court Action N.E.C.,1,Person,Male,1
3 Age Ethnicity Sex,Sexual Offences,Child abuse material offences,Jul2016,1,40-44,40 - 44 years inclusive,Produce or distribute child abuse material,3,341,34,European,European,Court Action,,Court Action,Prosecution,Court Action N.E.C.,1,Person,Male,1
3 Age Ethnicity Sex,Sexual Offences,Child abuse material offences,Jul2016,1,45-49,45 - 49 years inclusive,Produce or distribute child abuse material,3,341,34,European,European,Court Action,,Court Action,Prosecution,Court Action N.E.C.,1,Person,Male,1
3 Age Ethnicity Sex,Sexual Offences,Child abuse material offences,Aug2016,1,15-19,15 - 19 years inclusive,Produce or distribute child abuse material,3,341,34,European,European,Court Action,,Court Action,Prosecution,Court Action N.E.C.,1,Person,Male,2
3 Age Ethnicity Sex,Sexual Offences,Child abuse material offences,Aug2016,1,20-24,20 - 24 years inclusive,Possess or access child abuse material,3,342,34,European,European,Court Action,,Court Action,Prosecution,Court Action N.E.C.,1,Person,Male,2
3 Age Ethnicity Sex,Sexual Offences,Child abuse material offences,Aug2021,1,20-24,20 - 24 years inclusive,Possess or access child abuse material,3,342,34,European,European,Court Action,-58,Court Action,Prosecution,Court Action N.E.C.,1,Person,Male,2
3 Age Ethnicity Sex,Sexual Offences,Child abuse material offences,Aug2021,1,20-24,20 - 24 years inclusive,Produce or distribute child abuse material,3,341,34,European,European,Court Action,-58,Court Action,Prosecution,Court Action N.E.C.,1,Person,Male,2
3 Age Ethnicity Sex,Sexual Offences,Child abuse material offences,Aug2015,1,25-29,25 - 29 years inclusive,Produce or distribute child abuse material,3,341,34,European,European,Court Action,,Court Action,Prosecution,Court Action N.E.C.,1,Person,Male,2
3 Age Ethnicity Sex,Sexual Offences,Child abuse material offences,Aug2016,1,25-29,25 - 29 years inclusive,Possess or access child abuse material,3,342,34,European,European,Court Action,,Court Action,Prosecution,Court Action N.E.C.,1,Person,Male,2
3 Age Ethnicity Sex,Sexual Offences,Child abuse material offences,Aug2020,1,25-29,25 - 29 years inclusive,Produce or distribute child abuse material,3,341,34,European,European,Court Action,-70,Court Action,Prosecution,Court Action N.E.C.,1,Person,Male,2
3 Age Ethnicity Sex,Sexual Offences,Child abuse material offences,Aug2020,2,30-34,30 - 34 years inclusive,Possess or access child abuse material,3,342,34,European,European,Court Action,-70,Court Action,Prosecution,Court Action N.E.C.,1,Person,Male,2
3 Age Ethnicity Sex,Sexual Offences,Child abuse material offences,Aug2020,1,35-39,35 - 39 years inclusive,Possess or access child abuse material,3,342,34,European,European,Court Action,-70,Court Action,Prosecution,Court Action N.E.C.,1,Person,Male,2
3 Age Ethnicity Sex,Sexual Offences,Child abuse material offences,Aug2020,1,35-39,35 - 39 years inclusive,Produce or distribute child abuse material,3,341,34,European,European,Court Action,-70,Court Action,Prosecution,Court Action N.E.C.,1,Person,Male,2
3 Age Ethnicity Sex,Sexual Offences,Child abuse material offences,Aug2014,1,40-44,40 - 44 years inclusive,Possess or access child abuse material,3,342,34,European,European,Court Action,,Court Action,Prosecution,Court Action N.E.C.,1,Person,Male,2
3 Age Ethnicity Sex,Sexual Offences,Child abuse material offences,Aug2016,1,40-44,40 - 44 years inclusive,Produce or distribute child abuse material,3,341,34,European,European,Court Action,,Court Action,Prosecution,Court Action N.E.C.,1,Person,Male,2
3 Age Ethnicity Sex,Sexual Offences,Child abuse material offences,Aug2020,2,40-44,40 - 44 years inclusive,Possess or access child abuse material,3,342,34,European,European,Court Action,-70,Court Action,Prosecution,Court Action N.E.C.,1,Person,Male,2
3 Age Ethnicity Sex,Sexual Offences,Child abuse material offences,Aug2014,1,45-49,45 - 49 years inclusive,Produce or distribute child abuse material,3,341,34,European,European,Court Action,,Court Action,Prosecution,Court Action N.E.C.,1,Person,Male,2
3 Age Ethnicity Sex,Sexual Offences,Child abuse material offences,Aug2020,1,45-49,45 - 49 years inclusive,Possess or access child abuse material,3,342,34,European,European,Court Action,-70,Court Action,Prosecution,Court Action N.E.C.,1,Person,Male,2
3 Age Ethnicity Sex,Sexual Offences,Child abuse material offences,Aug2022,1,45-49,45 - 49 years inclusive,Produce or distribute child abuse material,3,341,34,European,European,Court Action,-46,Court Action,Prosecution,Court Action N.E.C.,1,Person,Male,2
3 Age Ethnicity Sex,Sexual Offences,Child abuse material offences,Aug2016,1,50-54,50 - 54 years inclusive,Possess or access child abuse material,3,342,34,European,European,Court Action,,Court Action,Prosecution,Court Action N.E.C.,1,Person,Male,2
3 Age Ethnicity Sex,Sexual Offences,Child abuse material offences,Aug2020,1,50-54,50 - 54 years inclusive,Produce or distribute child abuse material,3,341,34,European,European,Court Action,-70,Court Action,Prosecution,Court Action N.E.C.,1,Person,Male,2
3 Age Ethnicity Sex,Sexual Offences,Child abuse material offences,Aug2022,1,55-59,55 - 59 years inclusive,Produce or distribute child abuse material,3,341,34,European,European,Court Action,-46,Court Action,Prosecution,Court Action N.E.C.,1,Person,Male,2
3 Age Ethnicity Sex,Sexual Offences,Child abuse material offences,Aug2020,1,70-74,70 - 74 years inclusive,Possess or access child abuse material,3,342,34,European,European,Court Action,-70,Court Action,Prosecution,Court Action N.E.C.,1,Person,Male,2
3 Age Ethnicity Sex,Sexual Offences,Child abuse material offences,Aug2020,1,70-74,70 - 74 years inclusive,Produce or distribute child abuse material,3,341,34,European,European,Court Action,-70,Court Action,Prosecution,Court Action N.E.C.,1,Person,Male,2
3 Age Ethnicity Sex,Sexual Offences,Child abuse material offences,Jan2015,1,25-29,25 - 29 years inclusive,Possess or access child abuse material,3,342,34,European,European,Court Action,,Court Action,Prosecution,Court Action N.E.C.,1,Person,Male,7
3 Age Ethnicity Sex,Sexual Offences,Child abuse material offences,Jan2015,1,25-29,25 - 29 years inclusive,Produce or distribute child abuse material,3,341,34,European,European,Court Action,,Court Action,Prosecution,Court Action N.E.C.,1,Person,Male,7
3 Age Ethnicity Sex,Sexual Offences,Child abuse material offences,Jan2017,1,30-34,30 - 34 years inclusive,Possess or access child abuse material,3,342,34,European,European,Court Action,,Court Action,Prosecution,Court Action N.E.C.,1,Person,Male,7
3 Age Ethnicity Sex,Sexual Offences,Child abuse material offences,Jan2026,1,30-34,30 - 34 years inclusive,Possess or access child abuse material,3,342,34,European,European,Court Action,-5,Court Action,Prosecution,Court Action N.E.C.,1,Person,Male,7
3 Age Ethnicity Sex,Sexual Offences,Child abuse material offences,Jan2026,1,30-34,30 - 34 years inclusive,Produce or distribute child abuse material,3,341,34,European,European,Court Action,-5,Court Action,Prosecution,Court Action N.E.C.,1,Person,Male,7
3 Age Ethnicity Sex,Sexual Offences,Child abuse material offences,Jan2015,1,35-39,35 - 39 years inclusive,Possess or access child abuse material,3,342,34,European,European,Court Action,,Court Action,Prosecution,Court Action N.E.C.,1,Person,Male,7
3 Age Ethnicity Sex,Sexual Offences,Child abuse material offences,Jan2026,2,35-39,35 - 39 years inclusive,Produce or distribute child abuse material,3,341,34,European,European,Court Action,-5,Court Action,Prosecution,Court Action N.E.C.,1,Person,Male,7
3 Age Ethnicity Sex,Sexual Offences,Child abuse material offences,Jan2026,1,40-44,40 - 44 years inclusive,Possess or access child abuse material,3,342,34,European,European,Court Action,-5,Court Action,Prosecution,Court Action N.E.C.,1,Person,Male,7
3 Age Ethnicity Sex,Sexual Offences,Child abuse material offences,Jan2015,1,45-49,45 - 49 years inclusive,Possess or access child abuse material,3,342,34,European,European,Court Action,,Court Action,Prosecution,Court Action N.E.C.,1,Person,Male,7
3 Age Ethnicity Sex,Sexual Offences,Child abuse material offences,Jan2016,1,45-49,45 - 49 years inclusive,Possess or access child abuse material,3,342,34,European,European,Court Action,,Court Action,Prosecution,Court Action N.E.C.,1,Person,Male,7
3 Age Ethnicity Sex,Sexual Offences,Child abuse material offences,Jan2026,1,55-59,55 - 59 years inclusive,Possess or access child abuse material,3,342,34,European,European,Court Action,-5,Court Action,Prosecution,Court Action N.E.C.,1,Person,Male,7
3 Age Ethnicity Sex,Sexual Offences,Child abuse material offences,Jun2018,1,15-19,15 - 19 years inclusive,Possess or access child abuse material,3,342,34,European,European,"Non-Court Action, N.F.D.",-96,Non-Court Action,"Youth Aid, N.F.D.","Non-Court Action, N.F.D.",1,Person,Male,0
3 Age Ethnicity Sex,Sexual Offences,Child abuse material offences,Jun2018,1,15-19,15 - 19 years inclusive,Produce or distribute child abuse material,3,341,34,European,European,"Non-Court Action, N.F.D.",-96,Non-Court Action,"Youth Aid, N.F.D.","Non-Court Action, N.F.D.",1,Person,Male,0
3 Age Ethnicity Sex,Sexual Offences,Child abuse material offences,Jul2016,1,15-19,15 - 19 years inclusive,Produce or distribute child abuse material,3,341,34,European,European,"Non-Court Action, N.F.D.",,Non-Court Action,"Youth Aid, N.F.D.","Non-Court Action, N.F.D.",1,Person,Male,1
3 Age Ethnicity Sex,Sexual Offences,Child abuse material offences,Aug2015,1,10-14,10 - 14 years inclusive,Possess or access child abuse material,3,342,34,European,European,"Non-Court Action, N.F.D.",,Non-Court Action,"Youth Aid, N.F.D.","Non-Court Action, N.F.D.",1,Person,Male,2
3 Age Ethnicity Sex,Sexual Offences,Child abuse material offences,Sep2017,2,10-14,10 - 14 years inclusive,Produce or distribute child abuse material,3,341,34,European,European,"Non-Court Action, N.F.D.",,Non-Court Action,"Youth Aid, N.F.D.","Non-Court Action, N.F.D.",1,Person,Male,3
3 Age Ethnicity Sex,Sexual Offences,Child abuse material offences,Sep2019,1,10-14,10 - 14 years inclusive,Produce or distribute child abuse material,3,341,34,European,European,"Non-Court Action, N.F.D.",-81,Non-Court Action,"Youth Aid, N.F.D.","Non-Court Action, N.F.D.",1,Person,Male,3
3 Age Ethnicity Sex,Sexual Offences,Child abuse material offences,Dec2017,1,10-14,10 - 14 years inclusive,Possess or access child abuse material,3,342,34,European,European,"Non-Court Action, N.F.D.",,Non-Court Action,"Youth Aid, N.F.D.","Non-Court Action, N.F.D.",1,Person,Male,6
3 Age Ethnicity Sex,Sexual Offences,Child abuse material offences,Dec2017,1,15-19,15 - 19 years inclusive,Possess or access child abuse material,3,342,34,European,European,"Non-Court Action, N.F.D.",,Non-Court Action,"Youth Aid, N.F.D.","Non-Court Action, N.F.D.",1,Person,Male,6
3 Age Ethnicity Sex,Sexual Offences,Child abuse material offences,Dec2019,1,15-19,15 - 19 years inclusive,Produce or distribute child abuse material,3,341,34,European,European,"Non-Court Action, N.F.D.",-78,Non-Court Action,"Youth Aid, N.F.D.","Non-Court Action, N.F.D.",1,Person,Male,6
3 Age Ethnicity Sex,Sexual Offences,Child abuse material offences,Mar2019,1,15-19,15 - 19 years inclusive,Produce or distribute child abuse material,3,341,34,European,European,"Non-Court Action, N.F.D.",-87,Non-Court Action,"Youth Aid, N.F.D.","Non-Court Action, N.F.D.",1,Person,Male,9
3 Age Ethnicity Sex,Sexual Offences,Child abuse material offences,Jul2017,1,15-19,15 - 19 years inclusive,Produce or distribute child abuse material,3,341,34,Maori,Maori,"Non-Court Action, N.F.D.",,Non-Court Action,"Youth Aid, N.F.D.","Non-Court Action, N.F.D.",1,Person,Male,1
3 Age Ethnicity Sex,Sexual Offences,Child abuse material offences,Aug2018,1,15-19,15 - 19 years inclusive,Produce or distribute child abuse material,3,341,34,Maori,Maori,"Non-Court Action, N.F.D.",-94,Non-Court Action,"Youth Aid, N.F.D.","Non-Court Action, N.F.D.",1,Person,Male,2
3 Age Ethnicity Sex,Sexual Offences,Child abuse material offences,Sep2018,1,15-19,15 - 19 years inclusive,Produce or distribute child abuse material,3,341,34,Maori,Maori,"Non-Court Action, N.F.D.",-93,Non-Court Action,"Youth Aid, N.F.D.","Non-Court Action, N.F.D.",1,Person,Male,3
3 Age Ethnicity Sex,Sexual Offences,Child abuse material offences,Nov2015,1,15-19,15 - 19 years inclusive,Possess or access child abuse material,3,342,34,Maori,Maori,"Non-Court Action, N.F.D.",,Non-Court Action,"Youth Aid, N.F.D.","Non-Court Action, N.F.D.",1,Person,Male,5
3 Age Ethnicity Sex,Sexual Offences,Child abuse material offences,Aug2022,1,20-24,20 - 24 years inclusive,Produce or distribute child abuse material,3,341,34,Not Stated,Not Stated,Court Action,-46,Court Action,Prosecution,Court Action N.E.C.,1,Person,Male,2
3 Age Ethnicity Sex,Sexual Offences,Child abuse material offences,Aug2021,1,40-44,40 - 44 years inclusive,Produce or distribute child abuse material,3,341,34,Not Stated,Not Stated,Court Action,-58,Court Action,Prosecution,Court Action N.E.C.,1,Person,Male,2
3 Age Ethnicity Sex,Sexual Offences,Child abuse material offences,Sep2022,1,30-34,30 - 34 years inclusive,Possess or access child abuse material,3,342,34,Not Stated,Not Stated,Court Action,-45,Court Action,Prosecution,Court Action N.E.C.,1,Person,Male,3
3 Age Ethnicity Sex,Sexual Offences,Child abuse material offences,Sep2022,1,50-54,50 - 54 years inclusive,Possess or access child abuse material,3,342,34,Not Stated,Not Stated,Court Action,-45,Court Action,Prosecution,Court Action N.E.C.,1,Person,Male,3
3 Age Ethnicity Sex,Sexual Offences,Child abuse material offences,Sep2025,1,50-54,50 - 54 years inclusive,Possess or access child abuse material,3,342,34,Not Stated,Not Stated,Court Action,-9,Court Action,Prosecution,Court Action N.E.C.,1,Person,Male,3
3 Age Ethnicity Sex,Sexual Offences,Child abuse material offences,Sep2022,1,60-64,60 - 64 years inclusive,Possess or access child abuse material,3,342,34,Not Stated,Not Stated,Court Action,-45,Court Action,Prosecution,Court Action N.E.C.,1,Person,Male,3
3 Age Ethnicity Sex,Sexual Offences,Child abuse material offences,Mar2015,1,35-39,35 - 39 years inclusive,Produce or distribute child abuse material,3,341,34,Not Stated,Not Stated,Court Action,,Court Action,Prosecution,Court Action N.E.C.,1,Person,Male,9
3 Age Ethnicity Sex,Sexual Offences,Child abuse material offences,May2015,1,60-64,60 - 64 years inclusive,Possess or access child abuse material,3,342,34,Not Stated,Not Stated,Court Action,,Court Action,Prosecution,Court Action N.E.C.,1,Person,Male,11
3 Age Ethnicity Sex,Sexual Offences,Child abuse material offences,Dec2020,1,25-29,25 - 29 years inclusive,Possess or access child abuse material,3,342,34,Other Ethnicities,African,Court Action,-66,Court Action,Prosecution,Court Action N.E.C.,1,Person,Male,6
3 Age Ethnicity Sex,Sexual Offences,Child abuse material offences,May2021,1,25-29,25 - 29 years inclusive,Possess or access child abuse material,3,342,34,Other Ethnicities,African,Court Action,-61,Court Action,Prosecution,Court Action N.E.C.,1,Person,Male,11
3 Age Ethnicity Sex,Sexual Offences,Child abuse material offences,Jun2022,1,15-19,15 - 19 years inclusive,Possess or access child abuse material,3,342,34,Other Ethnicities,Not Elsewhere Classified,Court Action,-48,Court Action,Prosecution,Court Action N.E.C.,1,Person,Male,0
3 Age Ethnicity Sex,Sexual Offences,Child abuse material offences,Feb2021,1,50-54,50 - 54 years inclusive,Possess or access child abuse material,3,342,34,Other Ethnicities,Not Elsewhere Classified,Court Action,-64,Court Action,Prosecution,Court Action N.E.C.,1,Person,Male,8
3 Age Ethnicity Sex,Sexual Offences,Child abuse material offences,Jul2023,1,25-29,25 - 29 years inclusive,Possess or access child abuse material,3,342,34,Asian,Asian,Court Action,-35,Court Action,Prosecution,Court Action N.E.C.,1,Person,Male,1
3 Age Ethnicity Sex,Sexual Offences,Child abuse material offences,Jul2024,1,40-44,40 - 44 years inclusive,Possess or access child abuse material,3,342,34,Asian,Asian,Court Action,-23,Court Action,Prosecution,Court Action N.E.C.,1,Person,Male,1
3 Age Ethnicity Sex,Sexual Offences,Child abuse material offences,Aug2024,1,25-29,25 - 29 years inclusive,Possess or access child abuse material,3,342,34,Asian,Asian,Court Action,-22,Court Action,Prosecution,Court Action N.E.C.,1,Person,Male,2
3 Age Ethnicity Sex,Sexual Offences,Child abuse material offences,Aug2024,1,30-34,30 - 34 years inclusive,Possess or access child abuse material,3,342,34,Asian,Asian,Court Action,-22,Court Action,Prosecution,Court Action N.E.C.,1,Person,Male,2
3 Age Ethnicity Sex,Sexual Offences,Child abuse material offences,Aug2023,1,45-49,45 - 49 years inclusive,Produce or distribute child abuse material,3,341,34,Asian,Asian,Court Action,-34,Court Action,Prosecution,Court Action N.E.C.,1,Person,Male,2
3 Age Ethnicity Sex,Sexual Offences,Child abuse material offences,Sep2023,1,30-34,30 - 34 years inclusive,Possess or access child abuse material,3,342,34,Asian,Asian,Court Action,-33,Court Action,Prosecution,Court Action N.E.C.,1,Person,Male,3
3 Age Ethnicity Sex,Sexual Offences,Child abuse material offences,Dec2023,1,30-34,30 - 34 years inclusive,Produce or distribute child abuse material,3,341,34,Asian,Asian,Court Action,-30,Court Action,Prosecution,Court Action N.E.C.,1,Person,Male,6
3 Age Ethnicity Sex,Sexual Offences,Child abuse material offences,Feb2024,1,30-34,30 - 34 years inclusive,Possess or access child abuse material,3,342,34,Asian,Asian,Court Action,-28,Court Action,Prosecution,Court Action N.E.C.,1,Person,Male,8
3 Age Ethnicity Sex,Sexual Offences,Child abuse material offences,Mar2025,1,30-34,30 - 34 years inclusive,Possess or access child abuse material,3,342,34,Asian,Asian,Court Action,-15,Court Action,Prosecution,Court Action N.E.C.,1,Person,Male,9
3 Age Ethnicity Sex,Sexual Offences,Child abuse material offences,Apr2024,1,35-39,35 - 39 years inclusive,Possess or access child abuse material,3,342,34,Asian,Asian,Court Action,-26,Court Action,Prosecution,Court Action N.E.C.,1,Person,Male,10
3 Age Ethnicity Sex,Sexual Offences,Child abuse material offences,May2023,1,15-19,15 - 19 years inclusive,Produce or distribute child abuse material,3,341,34,Asian,Asian,Court Action,-37,Court Action,Prosecution,Court Action N.E.C.,1,Person,Male,11
3 Age Ethnicity Sex,Sexual Offences,Child abuse material offences,Jun2024,1,10-14,10 - 14 years inclusive,Possess or access child abuse material,3,342,34,European,European,Court Action,-24,Court Action,Prosecution,Court Action N.E.C.,1,Person,Male,0
3 Age Ethnicity Sex,Sexual Offences,Child abuse material offences,Jun2023,1,20-24,20 - 24 years inclusive,Produce or distribute child abuse material,3,341,34,European,European,Court Action,-36,Court Action,Prosecution,Court Action N.E.C.,1,Person,Male,0
3 Age Ethnicity Sex,Sexual Offences,Child abuse material offences,Jun2024,1,25-29,25 - 29 years inclusive,Possess or access child abuse material,3,342,34,European,European,Court Action,-24,Court Action,Prosecution,Court Action N.E.C.,1,Person,Male,0
3 Age Ethnicity Sex,Sexual Offences,Child abuse material offences,Jun2025,1,25-29,25 - 29 years inclusive,Produce or distribute child abuse material,3,341,34,European,European,Court Action,-12,Court Action,Prosecution,Court Action N.E.C.,1,Person,Male,0
3 Age Ethnicity Sex,Sexual Offences,Child abuse material offences,Jun2025,1,30-34,30 - 34 years inclusive,Produce or distribute child abuse material,3,341,34,European,European,Court Action,-12,Court Action,Prosecution,Court Action N.E.C.,1,Person,Male,0
3 Age Ethnicity Sex,Sexual Offences,Child abuse material offences,Jun2024,2,30-34,30 - 34 years inclusive,Possess or access child abuse material,3,342,34,European,European,Court Action,-24,Court Action,Prosecution,Court Action N.E.C.,1,Person,Male,0
3 Age Ethnicity Sex,Sexual Offences,Child abuse material offences,Jun2024,1,35-39,35 - 39 years inclusive,Produce or distribute child abuse material,3,341,34,European,European,Court Action,-24,Court Action,Prosecution,Court Action N.E.C.,1,Person,Male,0
3 Age Ethnicity Sex,Sexual Offences,Child abuse material offences,Jun2025,3,40-44,40 - 44 years inclusive,Possess or access child abuse material,3,342,34,European,European,Court Action,-12,Court Action,Prosecution,Court Action N.E.C.,1,Person,Male,0
3 Age Ethnicity Sex,Sexual Offences,Child abuse material offences,Jun2023,1,45-49,45 - 49 years inclusive,Possess or access child abuse material,3,342,34,European,European,Court Action,-36,Court Action,Prosecution,Court Action N.E.C.,1,Person,Male,0
3 Age Ethnicity Sex,Sexual Offences,Child abuse material offences,Jun2025,2,45-49,45 - 49 years inclusive,Possess or access child abuse material,3,342,34,European,European,Court Action,-12,Court Action,Prosecution,Court Action N.E.C.,1,Person,Male,0
3 Age Ethnicity Sex,Sexual Offences,Child abuse material offences,Jun2023,1,50-54,50 - 54 years inclusive,Possess or access child abuse material,3,342,34,European,European,Court Action,-36,Court Action,Prosecution,Court Action N.E.C.,1,Person,Male,0
3 Age Ethnicity Sex,Sexual Offences,Child abuse material offences,Jun2025,1,50-54,50 - 54 years inclusive,Possess or access child abuse material,3,342,34,European,European,Court Action,-12,Court Action,Prosecution,Court Action N.E.C.,1,Person,Male,0
3 Age Ethnicity Sex,Sexual Offences,Child abuse material offences,Jun2023,1,55-59,55 - 59 years inclusive,Possess or access child abuse material,3,342,34,European,European,Court Action,-36,Court Action,Prosecution,Court Action N.E.C.,1,Person,Male,0
3 Age Ethnicity Sex,Sexual Offences,Child abuse material offences,Jun2024,1,55-59,55 - 59 years inclusive,Possess or access child abuse material,3,342,34,European,European,Court Action,-24,Court Action,Prosecution,Court Action N.E.C.,1,Person,Male,0
3 Age Ethnicity Sex,Sexual Offences,Child abuse material offences,Jun2025,1,55-59,55 - 59 years inclusive,Possess or access child abuse material,3,342,34,European,European,Court Action,-12,Court Action,Prosecution,Court Action N.E.C.,1,Person,Male,0
3 Age Ethnicity Sex,Sexual Offences,Child abuse material offences,Jun2025,1,55-59,55 - 59 years inclusive,Produce or distribute child abuse material,3,341,34,European,European,Court Action,-12,Court Action,Prosecution,Court Action N.E.C.,1,Person,Male,0
3 Age Ethnicity Sex,Sexual Offences,Child abuse material offences,Jun2024,1,60-64,60 - 64 years inclusive,Produce or distribute child abuse material,3,341,34,European,European,Court Action,-24,Court Action,Prosecution,Court Action N.E.C.,1,Person,Male,0
3 Age Ethnicity Sex,Sexual Offences,Child abuse material offences,Jun2023,1,65-69,65 - 69 years inclusive,Possess or access child abuse material,3,342,34,European,European,Court Action,-36,Court Action,Prosecution,Court Action N.E.C.,1,Person,Male,0
3 Age Ethnicity Sex,Sexual Offences,Child abuse material offences,Dec2016,1,15-19,15 - 19 years inclusive,Produce or distribute child abuse material,3,341,34,European,European,Court Action,,Court Action,Prosecution,Court Action N.E.C.,1,Person,Male,6
3 Age Ethnicity Sex,Sexual Offences,Child abuse material offences,Dec2016,3,35-39,35 - 39 years inclusive,Possess or access child abuse material,3,342,34,European,European,Court Action,,Court Action,Prosecution,Court Action N.E.C.,1,Person,Male,6
3 Age Ethnicity Sex,Sexual Offences,Child abuse material offences,Dec2014,1,45-49,45 - 49 years inclusive,Possess or access child abuse material,3,342,34,European,European,Court Action,,Court Action,Prosecution,Court Action N.E.C.,1,Person,Male,6
3 Age Ethnicity Sex,Sexual Offences,Child abuse material offences,Dec2015,1,60-64,60 - 64 years inclusive,Produce or distribute child abuse material,3,341,34,European,European,Court Action,,Court Action,Prosecution,Court Action N.E.C.,1,Person,Male,6
3 Age Ethnicity Sex,Sexual Offences,Child abuse material offences,Dec2019,1,10-14,10 - 14 years inclusive,Produce or distribute child abuse material,3,341,34,Maori,Maori,Not Proceeded With,-78,Not Proceeded With,No Further Action,Not Proceeded With,1,Person,Female,6
3 Age Ethnicity Sex,Sexual Offences,Child abuse material offences,May2019,1,15-19,15 - 19 years inclusive,Produce or distribute child abuse material,3,341,34,Maori,Maori,Not Proceeded With,-85,Not Proceeded With,No Further Action,Not Proceeded With,1,Person,Female,11
3 Age Ethnicity Sex,Sexual Offences,Child abuse material offences,Sep2019,1,10-14,10 - 14 years inclusive,Produce or distribute child abuse material,3,341,34,Not Stated,Not Stated,Not Proceeded With,-81,Not Proceeded With,No Further Action,Not Proceeded With,1,Person,Female,3
3 Age Ethnicity Sex,Sexual Offences,Child abuse material offences,Oct2019,1,10-14,10 - 14 years inclusive,Produce or distribute child abuse material,3,341,34,Not Stated,Not Stated,Not Proceeded With,-80,Not Proceeded With,No Further Action,Not Proceeded With,1,Person,Female,4
3 Age Ethnicity Sex,Sexual Offences,Child abuse material offences,Oct2018,1,35-39,35 - 39 years inclusive,Produce or distribute child abuse material,3,341,34,European,European,Not Proceeded With,-92,Not Proceeded With,Deceased,Not Proceeded With,1,Person,Male,4
3 Age Ethnicity Sex,Sexual Offences,Child abuse material offences,Jun2020,1,10-14,10 - 14 years inclusive,Possess or access child abuse material,3,342,34,Not Stated,Not Stated,"Non-Court Action, N.E.C.",-72,Non-Court Action,Alternative Action Plan,"Non-Court Action, N.E.C.",1,Person,Male,0
3 Age Ethnicity Sex,Sexual Offences,Child abuse material offences,Jun2020,1,10-14,10 - 14 years inclusive,Produce or distribute child abuse material,3,341,34,Not Stated,Not Stated,"Non-Court Action, N.E.C.",-72,Non-Court Action,Alternative Action Plan,"Non-Court Action, N.E.C.",1,Person,Male,0
3 Age Ethnicity Sex,Sexual Offences,Child abuse material offences,Jun2020,1,15-19,15 - 19 years inclusive,Produce or distribute child abuse material,3,341,34,Not Stated,Not Stated,"Non-Court Action, N.E.C.",-72,Non-Court Action,Alternative Action Plan,"Non-Court Action, N.E.C.",1,Person,Male,0
3 Age Ethnicity Sex,Sexual Offences,Child abuse material offences,Jul2021,1,15-19,15 - 19 years inclusive,Produce or distribute child abuse material,3,341,34,Not Stated,Not Stated,"Non-Court Action, N.E.C.",-59,Non-Court Action,Alternative Action Plan,"Non-Court Action, N.E.C.",1,Person,Male,1
3 Age Ethnicity Sex,Sexual Offences,Child abuse material offences,Sep2025,1,10-14,10 - 14 years inclusive,Produce or distribute child abuse material,3,341,34,Maori,Maori,"Non-Court Action, N.F.D.",-9,Non-Court Action,"Youth Aid, N.F.D.","Non-Court Action, N.F.D.",1,Person,Male,3
3 Age Ethnicity Sex,Sexual Offences,Child abuse material offences,Jul2020,1,15-19,15 - 19 years inclusive,Possess or access child abuse material,3,342,34,Maori,Maori,Not Proceeded With,-71,Not Proceeded With,No Further Action,Not Proceeded With,1,Person,Male,1
3 Age Ethnicity Sex,Sexual Offences,Child abuse material offences,Sep2022,1,15-19,15 - 19 years inclusive,Produce or distribute child abuse material,3,341,34,Not Stated,Not Stated,Not Proceeded With,-45,Not Proceeded With,No Further Action,Not Proceeded With,1,Person,Male,3
3 Age Ethnicity Sex,Sexual Offences,Child abuse material offences,Dec2020,1,15-19,15 - 19 years inclusive,Produce or distribute child abuse material,3,341,34,Not Stated,Not Stated,Not Proceeded With,-66,Not Proceeded With,No Further Action,Not Proceeded With,1,Person,Male,6
3 Age Ethnicity Sex,Sexual Offences,Child abuse material offences,Feb2021,1,40-44,40 - 44 years inclusive,Possess or access child abuse material,3,342,34,Not Stated,Not Stated,Not Proceeded With,-64,Not Proceeded With,Custody Clearance,Not Proceeded With,1,Person,Male,8
3 Age Ethnicity Sex,Sexual Offences,Child abuse material offences,Apr2025,1,10-14,10 - 14 years inclusive,Produce or distribute child abuse material,3,341,34,European,European,"Non-Court Action, N.E.C.",-14,Non-Court Action,Alternative Action Plan,"Non-Court Action, N.E.C.",1,Person,Female,10
3 Age Ethnicity Sex,Sexual Offences,Child abuse material offences,Nov2024,1,15-19,15 - 19 years inclusive,Produce or distribute child abuse material,3,341,34,European,European,"Non-Court Action, N.F.D.",-19,Non-Court Action,"Youth Aid, N.F.D.","Non-Court Action, N.F.D.",1,Person,Female,5
3 Age Ethnicity Sex,Sexual Offences,Child abuse material offences,Mar2024,1,10-14,10 - 14 years inclusive,Produce or distribute child abuse material,3,341,34,Indian,Indian,"Non-Court Action, N.F.D.",-27,Non-Court Action,"Youth Aid, N.F.D.","Non-Court Action, N.F.D.",1,Person,Female,9
3 Age Ethnicity Sex,Sexual Offences,Child abuse material offences,Apr2024,1,10-14,10 - 14 years inclusive,Produce or distribute child abuse material,3,341,34,Indian,Indian,"Non-Court Action, N.F.D.",-26,Non-Court Action,"Youth Aid, N.F.D.","Non-Court Action, N.F.D.",1,Person,Female,10
3 Age Ethnicity Sex,Sexual Offences,Child abuse material offences,Jul2023,1,15-19,15 - 19 years inclusive,Produce or distribute child abuse material,3,341,34,European,European,Non-Court Referred Conference,-35,Non-Court Action,FGC - 247(B) Police Referred,Non-Court Referred Conference,1,Person,Female,1
3 Age Ethnicity Sex,Sexual Offences,Child abuse material offences,Jul2023,2,10-14,10 - 14 years inclusive,Produce or distribute child abuse material,3,341,34,Maori,Maori,Non-Court Referred Conference,-35,Non-Court Action,FGC - 247(B) Police Referred,Non-Court Referred Conference,1,Person,Female,1
3 Age Ethnicity Sex,Sexual Offences,Child abuse material offences,Jul2024,1,15-19,15 - 19 years inclusive,Produce or distribute child abuse material,3,341,34,Asian,Asian,Formal Warning,-23,Non-Court Action,Formal Warning,Formal Warning,1,Person,Male,1
3 Age Ethnicity Sex,Sexual Offences,Child abuse material offences,Oct2023,1,50-54,50 - 54 years inclusive,Produce or distribute child abuse material,3,341,34,European,European,Formal Warning,-32,Non-Court Action,Formal Warning,Formal Warning,1,Person,Male,4
3 Age Ethnicity Sex,Sexual Offences,Child abuse material offences,Nov2023,1,25-29,25 - 29 years inclusive,Possess or access child abuse material,3,342,34,European,European,Formal Warning,-31,Non-Court Action,Formal Warning,Formal Warning,1,Person,Male,5
3 Age Ethnicity Sex,Sexual Offences,Child abuse material offences,Mar2025,1,15-19,15 - 19 years inclusive,Produce or distribute child abuse material,3,341,34,European,European,Formal Warning,-15,Non-Court Action,Formal Warning,Formal Warning,1,Person,Male,9
3 Age Ethnicity Sex,Sexual Offences,Child abuse material offences,Jul2024,1,40-44,40 - 44 years inclusive,Produce or distribute child abuse material,3,341,34,Indian,Indian,Formal Warning,-23,Non-Court Action,Formal Warning,Formal Warning,1,Person,Male,1
3 Age Ethnicity Sex,Sexual Offences,Child abuse material offences,Jun2023,1,15-19,15 - 19 years inclusive,Produce or distribute child abuse material,3,341,34,Not Stated,Not Stated,Formal Warning,-36,Non-Court Action,Formal Warning,Formal Warning,1,Person,Male,0
3 Age Ethnicity Sex,Sexual Offences,Child abuse material offences,Jul2023,1,10-14,10 - 14 years inclusive,Produce or distribute child abuse material,3,341,34,Not Stated,Not Stated,Formal Warning,-35,Non-Court Action,Formal Warning,Formal Warning,1,Person,Male,1
3 Age Ethnicity Sex,Sexual Offences,Child abuse material offences,Dec2023,1,10-14,10 - 14 years inclusive,Produce or distribute child abuse material,3,341,34,Not Stated,Not Stated,Formal Warning,-30,Non-Court Action,Formal Warning,Formal Warning,1,Person,Male,6
3 Age Ethnicity Sex,Sexual Offences,Child abuse material offences,Jan2022,1,10-14,10 - 14 years inclusive,Produce or distribute child abuse material,3,341,34,Pacific Island,Pacific Island,Formal Warning,-53,Non-Court Action,Formal Warning,Formal Warning,1,Person,Male,7
3 Age Ethnicity Sex,Sexual Offences,Child abuse material offences,Dec2025,1,45-49,45 - 49 years inclusive,Possess or access child abuse material,3,342,34,European,European,Court Action,-6,Court Action,Prosecution,Court Action N.E.C.,1,Person,Male,6
3 Age Ethnicity Sex,Sexual Offences,Child abuse material offences,Dec2025,2,55-59,55 - 59 years inclusive,Possess or access child abuse material,3,342,34,European,European,Court Action,-6,Court Action,Prosecution,Court Action N.E.C.,1,Person,Male,6
3 Age Ethnicity Sex,Sexual Offences,Child abuse material offences,Mar2018,1,20-24,20 - 24 years inclusive,Possess or access child abuse material,3,342,34,European,European,Court Action,-99,Court Action,Prosecution,Court Action N.E.C.,1,Person,Male,9
3 Age Ethnicity Sex,Sexual Offences,Child abuse material offences,Mar2019,1,25-29,25 - 29 years inclusive,Possess or access child abuse material,3,342,34,European,European,Court Action,-87,Court Action,Prosecution,Court Action N.E.C.,1,Person,Male,9
3 Age Ethnicity Sex,Sexual Offences,Child abuse material offences,Mar2017,1,40-44,40 - 44 years inclusive,Possess or access child abuse material,3,342,34,European,European,Court Action,,Court Action,Prosecution,Court Action N.E.C.,1,Person,Male,9
3 Age Ethnicity Sex,Sexual Offences,Child abuse material offences,Mar2018,1,40-44,40 - 44 years inclusive,Produce or distribute child abuse material,3,341,34,European,European,Court Action,-99,Court Action,Prosecution,Court Action N.E.C.,1,Person,Male,9
3 Age Ethnicity Sex,Sexual Offences,Child abuse material offences,Mar2019,1,40-44,40 - 44 years inclusive,Possess or access child abuse material,3,342,34,European,European,Court Action,-87,Court Action,Prosecution,Court Action N.E.C.,1,Person,Male,9
3 Age Ethnicity Sex,Sexual Offences,Child abuse material offences,Mar2018,1,45-49,45 - 49 years inclusive,Possess or access child abuse material,3,342,34,European,European,Court Action,-99,Court Action,Prosecution,Court Action N.E.C.,1,Person,Male,9
3 Age Ethnicity Sex,Sexual Offences,Child abuse material offences,Mar2018,1,45-49,45 - 49 years inclusive,Produce or distribute child abuse material,3,341,34,European,European,Court Action,-99,Court Action,Prosecution,Court Action N.E.C.,1,Person,Male,9
3 Age Ethnicity Sex,Sexual Offences,Child abuse material offences,Mar2017,1,60-64,60 - 64 years inclusive,Possess or access child abuse material,3,342,34,European,European,Court Action,,Court Action,Prosecution,Court Action N.E.C.,1,Person,Male,9
3 Age Ethnicity Sex,Sexual Offences,Child abuse material offences,Mar2018,1,60-64,60 - 64 years inclusive,Possess or access child abuse material,3,342,34,European,European,Court Action,-99,Court Action,Prosecution,Court Action N.E.C.,1,Person,Male,9
3 Age Ethnicity Sex,Sexual Offences,Child abuse material offences,Mar2018,1,60-64,60 - 64 years inclusive,Produce or distribute child abuse material,3,341,34,European,European,Court Action,-99,Court Action,Prosecution,Court Action N.E.C.,1,Person,Male,9
3 Age Ethnicity Sex,Sexual Offences,Child abuse material offences,Mar2019,1,75-79,75 - 79 years inclusive,Possess or access child abuse material,3,342,34,European,European,Court Action,-87,Court Action,Prosecution,Court Action N.E.C.,1,Person,Male,9
3 Age Ethnicity Sex,Sexual Offences,Child abuse material offences,Apr2019,1,25-29,25 - 29 years inclusive,Possess or access child abuse material,3,342,34,European,European,Court Action,-86,Court Action,Prosecution,Court Action N.E.C.,1,Person,Male,10
3 Age Ethnicity Sex,Sexual Offences,Child abuse material offences,Apr2017,1,35-39,35 - 39 years inclusive,Possess or access child abuse material,3,342,34,European,European,Court Action,,Court Action,Prosecution,Court Action N.E.C.,1,Person,Male,10
3 Age Ethnicity Sex,Sexual Offences,Child abuse material offences,Apr2018,1,35-39,35 - 39 years inclusive,Possess or access child abuse material,3,342,34,European,European,Court Action,-98,Court Action,Prosecution,Court Action N.E.C.,1,Person,Male,10
3 Age Ethnicity Sex,Sexual Offences,Child abuse material offences,Apr2019,1,35-39,35 - 39 years inclusive,Produce or distribute child abuse material,3,341,34,European,European,Court Action,-86,Court Action,Prosecution,Court Action N.E.C.,1,Person,Male,10
3 Age Ethnicity Sex,Sexual Offences,Child abuse material offences,Apr2018,1,40-44,40 - 44 years inclusive,Possess or access child abuse material,3,342,34,European,European,Court Action,-98,Court Action,Prosecution,Court Action N.E.C.,1,Person,Male,10
3 Age Ethnicity Sex,Sexual Offences,Child abuse material offences,Apr2017,1,70-74,70 - 74 years inclusive,Possess or access child abuse material,3,342,34,European,European,Court Action,,Court Action,Prosecution,Court Action N.E.C.,1,Person,Male,10
3 Age Ethnicity Sex,Sexual Offences,Child abuse material offences,Dec2021,1,25-29,25 - 29 years inclusive,Produce or distribute child abuse material,3,341,34,Indian,Indian,Court Action,-54,Court Action,Prosecution,Court Action N.E.C.,1,Person,Male,6
3 Age Ethnicity Sex,Sexual Offences,Child abuse material offences,Dec2020,1,35-39,35 - 39 years inclusive,Possess or access child abuse material,3,342,34,Indian,Indian,Court Action,-66,Court Action,Prosecution,Court Action N.E.C.,1,Person,Male,6
3 Age Ethnicity Sex,Sexual Offences,Child abuse material offences,Feb2021,1,20-24,20 - 24 years inclusive,Produce or distribute child abuse material,3,341,34,Indian,Indian,Court Action,-64,Court Action,Prosecution,Court Action N.E.C.,1,Person,Male,8
3 Age Ethnicity Sex,Sexual Offences,Child abuse material offences,Apr2020,1,35-39,35 - 39 years inclusive,Possess or access child abuse material,3,342,34,Indian,Indian,Court Action,-74,Court Action,Prosecution,Court Action N.E.C.,1,Person,Male,10
3 Age Ethnicity Sex,Sexual Offences,Child abuse material offences,Jun2021,1,20-24,20 - 24 years inclusive,Possess or access child abuse material,3,342,34,Maori,Maori,Court Action,-60,Court Action,Prosecution,Court Action N.E.C.,1,Person,Male,0
3 Age Ethnicity Sex,Sexual Offences,Child abuse material offences,Jul2020,1,30-34,30 - 34 years inclusive,Possess or access child abuse material,3,342,34,Maori,Maori,Court Action,-71,Court Action,Prosecution,Court Action N.E.C.,1,Person,Male,1
3 Age Ethnicity Sex,Sexual Offences,Child abuse material offences,Jul2020,1,30-34,30 - 34 years inclusive,Produce or distribute child abuse material,3,341,34,Maori,Maori,Court Action,-71,Court Action,Prosecution,Court Action N.E.C.,1,Person,Male,1
3 Age Ethnicity Sex,Sexual Offences,Child abuse material offences,Aug2022,1,30-34,30 - 34 years inclusive,Produce or distribute child abuse material,3,341,34,Maori,Maori,Court Action,-46,Court Action,Prosecution,Court Action N.E.C.,1,Person,Male,2
3 Age Ethnicity Sex,Sexual Offences,Child abuse material offences,Aug2020,1,35-39,35 - 39 years inclusive,Produce or distribute child abuse material,3,341,34,Maori,Maori,Court Action,-70,Court Action,Prosecution,Court Action N.E.C.,1,Person,Male,2
3 Age Ethnicity Sex,Sexual Offences,Child abuse material offences,Sep2020,1,50-54,50 - 54 years inclusive,Possess or access child abuse material,3,342,34,Maori,Maori,Court Action,-69,Court Action,Prosecution,Court Action N.E.C.,1,Person,Male,3
3 Age Ethnicity Sex,Sexual Offences,Child abuse material offences,Oct2021,1,20-24,20 - 24 years inclusive,Produce or distribute child abuse material,3,341,34,Maori,Maori,Court Action,-56,Court Action,Prosecution,Court Action N.E.C.,1,Person,Male,4
3 Age Ethnicity Sex,Sexual Offences,Child abuse material offences,Oct2020,1,40-44,40 - 44 years inclusive,Produce or distribute child abuse material,3,341,34,Maori,Maori,Court Action,-68,Court Action,Prosecution,Court Action N.E.C.,1,Person,Male,4
3 Age Ethnicity Sex,Sexual Offences,Child abuse material offences,Oct2020,1,45-49,45 - 49 years inclusive,Possess or access child abuse material,3,342,34,Maori,Maori,Court Action,-68,Court Action,Prosecution,Court Action N.E.C.,1,Person,Male,4
3 Age Ethnicity Sex,Sexual Offences,Child abuse material offences,Oct2020,1,50-54,50 - 54 years inclusive,Produce or distribute child abuse material,3,341,34,Maori,Maori,Court Action,-68,Court Action,Prosecution,Court Action N.E.C.,1,Person,Male,4
3 Age Ethnicity Sex,Sexual Offences,Child abuse material offences,Oct2022,1,55-59,55 - 59 years inclusive,Produce or distribute child abuse material,3,341,34,Maori,Maori,Court Action,-44,Court Action,Prosecution,Court Action N.E.C.,1,Person,Male,4
3 Age Ethnicity Sex,Sexual Offences,Child abuse material offences,Oct2022,1,65-69,65 - 69 years inclusive,Produce or distribute child abuse material,3,341,34,Maori,Maori,Court Action,-44,Court Action,Prosecution,Court Action N.E.C.,1,Person,Male,4
3 Age Ethnicity Sex,Sexual Offences,Child abuse material offences,Nov2014,1,40-44,40 - 44 years inclusive,Possess or access child abuse material,3,342,34,European,European,Court Action,,Court Action,Prosecution,Court Action N.E.C.,1,Person,Male,5
3 Age Ethnicity Sex,Sexual Offences,Child abuse material offences,Nov2015,1,40-44,40 - 44 years inclusive,Possess or access child abuse material,3,342,34,European,European,Court Action,,Court Action,Prosecution,Court Action N.E.C.,1,Person,Male,5
3 Age Ethnicity Sex,Sexual Offences,Child abuse material offences,Nov2015,1,40-44,40 - 44 years inclusive,Produce or distribute child abuse material,3,341,34,European,European,Court Action,,Court Action,Prosecution,Court Action N.E.C.,1,Person,Male,5
3 Age Ethnicity Sex,Sexual Offences,Child abuse material offences,Nov2016,1,40-44,40 - 44 years inclusive,Possess or access child abuse material,3,342,34,European,European,Court Action,,Court Action,Prosecution,Court Action N.E.C.,1,Person,Male,5
3 Age Ethnicity Sex,Sexual Offences,Child abuse material offences,Nov2014,2,45-49,45 - 49 years inclusive,Produce or distribute child abuse material,3,341,34,European,European,Court Action,,Court Action,Prosecution,Court Action N.E.C.,1,Person,Male,5
3 Age Ethnicity Sex,Sexual Offences,Child abuse material offences,Nov2016,1,55-59,55 - 59 years inclusive,Possess or access child abuse material,3,342,34,European,European,Court Action,,Court Action,Prosecution,Court Action N.E.C.,1,Person,Male,5
3 Age Ethnicity Sex,Sexual Offences,Child abuse material offences,May2026,1,20-24,20 - 24 years inclusive,Possess or access child abuse material,3,342,34,Not Stated,Not Stated,Court Action,-1,Court Action,Prosecution,Court Action N.E.C.,1,Person,Male,11
3 Age Ethnicity Sex,Sexual Offences,Child abuse material offences,May2021,1,25-29,25 - 29 years inclusive,Produce or distribute child abuse material,3,341,34,Not Stated,Not Stated,Court Action,-61,Court Action,Prosecution,Court Action N.E.C.,1,Person,Male,11
3 Age Ethnicity Sex,Sexual Offences,Child abuse material offences,May2022,1,30-34,30 - 34 years inclusive,Possess or access child abuse material,3,342,34,Not Stated,Not Stated,Court Action,-49,Court Action,Prosecution,Court Action N.E.C.,1,Person,Male,11
3 Age Ethnicity Sex,Sexual Offences,Child abuse material offences,Apr2026,1,80yearsorover,80 years or over,Possess or access child abuse material,3,342,34,Other Ethnicities,Latin American/Hispanic,Court Action,-2,Court Action,Prosecution,Court Action N.E.C.,1,Person,Male,10
3 Age Ethnicity Sex,Sexual Offences,Child abuse material offences,Oct2015,2,15-19,15 - 19 years inclusive,Produce or distribute child abuse material,3,341,34,European,European,Court Action,,Court Action,Prosecution,Court Action N.E.C.,1,Person,Male,4
3 Age Ethnicity Sex,Sexual Offences,Child abuse material offences,Oct2015,1,25-29,25 - 29 years inclusive,Produce or distribute child abuse material,3,341,34,European,European,Court Action,,Court Action,Prosecution,Court Action N.E.C.,1,Person,Male,4
3 Age Ethnicity Sex,Sexual Offences,Child abuse material offences,Oct2014,1,35-39,35 - 39 years inclusive,Possess or access child abuse material,3,342,34,European,European,Court Action,,Court Action,Prosecution,Court Action N.E.C.,1,Person,Male,4
3 Age Ethnicity Sex,Sexual Offences,Child abuse material offences,Oct2015,1,35-39,35 - 39 years inclusive,Produce or distribute child abuse material,3,341,34,European,European,Court Action,,Court Action,Prosecution,Court Action N.E.C.,1,Person,Male,4
3 Age Ethnicity Sex,Sexual Offences,Child abuse material offences,Oct2015,1,40-44,40 - 44 years inclusive,Possess or access child abuse material,3,342,34,European,European,Court Action,,Court Action,Prosecution,Court Action N.E.C.,1,Person,Male,4
3 Age Ethnicity Sex,Sexual Offences,Child abuse material offences,Oct2014,1,45-49,45 - 49 years inclusive,Possess or access child abuse material,3,342,34,European,European,Court Action,,Court Action,Prosecution,Court Action N.E.C.,1,Person,Male,4
3 Age Ethnicity Sex,Sexual Offences,Child abuse material offences,Oct2015,1,45-49,45 - 49 years inclusive,Produce or distribute child abuse material,3,341,34,European,European,Court Action,,Court Action,Prosecution,Court Action N.E.C.,1,Person,Male,4
3 Age Ethnicity Sex,Sexual Offences,Child abuse material offences,Oct2015,2,45-49,45 - 49 years inclusive,Possess or access child abuse material,3,342,34,European,European,Court Action,,Court Action,Prosecution,Court Action N.E.C.,1,Person,Male,4
3 Age Ethnicity Sex,Sexual Offences,Child abuse material offences,Oct2014,1,70-74,70 - 74 years inclusive,Possess or access child abuse material,3,342,34,European,European,Court Action,,Court Action,Prosecution,Court Action N.E.C.,1,Person,Male,4
3 Age Ethnicity Sex,Sexual Offences,Child abuse material offences,Jan2020,1,15-19,15 - 19 years inclusive,Produce or distribute child abuse material,3,341,34,Maori,Maori,"Non-Court Action, N.F.D.",-77,Non-Court Action,"Youth Aid, N.F.D.","Non-Court Action, N.F.D.",1,Person,Male,7
3 Age Ethnicity Sex,Sexual Offences,Child abuse material offences,Feb2018,1,10-14,10 - 14 years inclusive,Possess or access child abuse material,3,342,34,Maori,Maori,"Non-Court Action, N.F.D.",,Non-Court Action,"Youth Aid, N.F.D.","Non-Court Action, N.F.D.",1,Person,Male,8
3 Age Ethnicity Sex,Sexual Offences,Child abuse material offences,Jan2026,1,10-14,10 - 14 years inclusive,Produce or distribute child abuse material,3,341,34,Not Stated,Not Stated,"Non-Court Action, N.F.D.",-5,Non-Court Action,"Youth Aid, N.F.D.","Non-Court Action, N.F.D.",1,Person,Male,7
3 Age Ethnicity Sex,Sexual Offences,Child abuse material offences,Jan2019,1,15-19,15 - 19 years inclusive,Produce or distribute child abuse material,3,341,34,Not Stated,Not Stated,"Non-Court Action, N.F.D.",-89,Non-Court Action,"Youth Aid, N.F.D.","Non-Court Action, N.F.D.",1,Person,Male,7
3 Age Ethnicity Sex,Sexual Offences,Child abuse material offences,Jun2017,1,15-19,15 - 19 years inclusive,Produce or distribute child abuse material,3,341,34,Pacific Island,Pacific Island,"Non-Court Action, N.F.D.",,Non-Court Action,"Youth Aid, N.F.D.","Non-Court Action, N.F.D.",1,Person,Male,0
3 Age Ethnicity Sex,Sexual Offences,Child abuse material offences,Nov2016,1,15-19,15 - 19 years inclusive,Produce or distribute child abuse material,3,341,34,Pacific Island,Pacific Island,"Non-Court Action, N.F.D.",,Non-Court Action,"Youth Aid, N.F.D.","Non-Court Action, N.F.D.",1,Person,Male,5
3 Age Ethnicity Sex,Sexual Offences,Child abuse material offences,Apr2022,1,15-19,15 - 19 years inclusive,Possess or access child abuse material,3,342,34,Not Stated,Not Stated,Informal Warning,-50,Non-Court Action,Informal Warning,Informal Warning,1,Person,Male,10
3 Age Ethnicity Sex,Sexual Offences,Child abuse material offences,Nov2021,1,20-24,20 - 24 years inclusive,Produce or distribute child abuse material,3,341,34,Pacific Island,Pacific Island,Informal Warning,-55,Non-Court Action,Informal Warning,Informal Warning,1,Person,Male,5
3 Age Ethnicity Sex,Sexual Offences,Child abuse material offences,Nov2021,1,30-34,30 - 34 years inclusive,Produce or distribute child abuse material,3,341,34,Pacific Island,Pacific Island,Informal Warning,-55,Non-Court Action,Informal Warning,Informal Warning,1,Person,Male,5
3 Age Ethnicity Sex,Sexual Offences,Child abuse material offences,Jul2020,1,10-14,10 - 14 years inclusive,Possess or access child abuse material,3,342,34,European,European,"Non-Court Action, N.E.C.",-71,Non-Court Action,Alternative Action Plan,"Non-Court Action, N.E.C.",1,Person,Male,1
3 Age Ethnicity Sex,Sexual Offences,Child abuse material offences,Aug2021,1,10-14,10 - 14 years inclusive,Produce or distribute child abuse material,3,341,34,European,European,"Non-Court Action, N.E.C.",-58,Non-Court Action,Alternative Action Plan,"Non-Court Action, N.E.C.",1,Person,Male,2
3 Age Ethnicity Sex,Sexual Offences,Child abuse material offences,Aug2021,1,15-19,15 - 19 years inclusive,Produce or distribute child abuse material,3,341,34,European,European,"Non-Court Action, N.E.C.",-58,Non-Court Action,Alternative Action Plan,"Non-Court Action, N.E.C.",1,Person,Male,2
3 Age Ethnicity Sex,Sexual Offences,Child abuse material offences,Aug2022,1,15-19,15 - 19 years inclusive,Produce or distribute child abuse material,3,341,34,European,European,"Non-Court Action, N.E.C.",-46,Non-Court Action,Alternative Action Plan,"Non-Court Action, N.E.C.",1,Person,Male,2
3 Age Ethnicity Sex,Sexual Offences,Child abuse material offences,Dec2021,1,20-24,20 - 24 years inclusive,Produce or distribute child abuse material,3,341,34,European,European,"Non-Court Action, N.E.C.",-54,Non-Court Action,Community Justice Panel,"Non-Court Action, N.E.C.",1,Person,Male,6
3 Age Ethnicity Sex,Sexual Offences,Child abuse material offences,Apr2021,1,15-19,15 - 19 years inclusive,Produce or distribute child abuse material,3,341,34,European,European,"Non-Court Action, N.E.C.",-62,Non-Court Action,Alternative Action Plan,"Non-Court Action, N.E.C.",1,Person,Male,10
3 Age Ethnicity Sex,Sexual Offences,Child abuse material offences,Aug2019,1,15-19,15 - 19 years inclusive,Possess or access child abuse material,3,342,34,European,European,Court Action,-82,Court Action,Prosecution,Court Action N.E.C.,1,Person,Male,2
3 Age Ethnicity Sex,Sexual Offences,Child abuse material offences,Aug2017,2,20-24,20 - 24 years inclusive,Produce or distribute child abuse material,3,341,34,European,European,Court Action,,Court Action,Prosecution,Court Action N.E.C.,1,Person,Male,2
3 Age Ethnicity Sex,Sexual Offences,Child abuse material offences,Aug2018,1,20-24,20 - 24 years inclusive,Produce or distribute child abuse material,3,341,34,European,European,Court Action,-94,Court Action,Prosecution,Court Action N.E.C.,1,Person,Male,2
3 Age Ethnicity Sex,Sexual Offences,Child abuse material offences,Aug2019,1,20-24,20 - 24 years inclusive,Possess or access child abuse material,3,342,34,European,European,Court Action,-82,Court Action,Prosecution,Court Action N.E.C.,1,Person,Male,2
3 Age Ethnicity Sex,Sexual Offences,Child abuse material offences,Aug2017,1,25-29,25 - 29 years inclusive,Possess or access child abuse material,3,342,34,European,European,Court Action,,Court Action,Prosecution,Court Action N.E.C.,1,Person,Male,2
3 Age Ethnicity Sex,Sexual Offences,Child abuse material offences,Aug2018,1,25-29,25 - 29 years inclusive,Possess or access child abuse material,3,342,34,European,European,Court Action,-94,Court Action,Prosecution,Court Action N.E.C.,1,Person,Male,2
3 Age Ethnicity Sex,Sexual Offences,Child abuse material offences,Aug2018,1,35-39,35 - 39 years inclusive,Possess or access child abuse material,3,342,34,European,European,Court Action,-94,Court Action,Prosecution,Court Action N.E.C.,1,Person,Male,2
3 Age Ethnicity Sex,Sexual Offences,Child abuse material offences,Aug2019,1,35-39,35 - 39 years inclusive,Possess or access child abuse material,3,342,34,European,European,Court Action,-82,Court Action,Prosecution,Court Action N.E.C.,1,Person,Male,2
3 Age Ethnicity Sex,Sexual Offences,Child abuse material offences,Aug2017,1,50-54,50 - 54 years inclusive,Possess or access child abuse material,3,342,34,European,European,Court Action,,Court Action,Prosecution,Court Action N.E.C.,1,Person,Male,2
3 Age Ethnicity Sex,Sexual Offences,Child abuse material offences,Aug2017,1,55-59,55 - 59 years inclusive,Possess or access child abuse material,3,342,34,European,European,Court Action,,Court Action,Prosecution,Court Action N.E.C.,1,Person,Male,2
3 Age Ethnicity Sex,Sexual Offences,Child abuse material offences,Aug2019,1,55-59,55 - 59 years inclusive,Produce or distribute child abuse material,3,341,34,European,European,Court Action,-82,Court Action,Prosecution,Court Action N.E.C.,1,Person,Male,2
3 Age Ethnicity Sex,Sexual Offences,Child abuse material offences,Aug2017,1,70-74,70 - 74 years inclusive,Possess or access child abuse material,3,342,34,European,European,Court Action,,Court Action,Prosecution,Court Action N.E.C.,1,Person,Male,2
3 Age Ethnicity Sex,Sexual Offences,Child abuse material offences,Aug2019,1,70-74,70 - 74 years inclusive,Possess or access child abuse material,3,342,34,European,European,Court Action,-82,Court Action,Prosecution,Court Action N.E.C.,1,Person,Male,2
3 Age Ethnicity Sex,Sexual Offences,Child abuse material offences,Aug2019,1,75-79,75 - 79 years inclusive,Possess or access child abuse material,3,342,34,European,European,Court Action,-82,Court Action,Prosecution,Court Action N.E.C.,1,Person,Male,2
3 Age Ethnicity Sex,Sexual Offences,Child abuse material offences,Mar2022,1,15-19,15 - 19 years inclusive,Produce or distribute child abuse material,3,341,34,European,European,Formal Warning,-51,Non-Court Action,Formal Warning,Formal Warning,1,Person,Male,9
3 Age Ethnicity Sex,Sexual Offences,Child abuse material offences,Mar2020,1,25-29,25 - 29 years inclusive,Possess or access child abuse material,3,342,34,European,European,Formal Warning,-75,Non-Court Action,Formal Warning,Formal Warning,1,Person,Male,9
3 Age Ethnicity Sex,Sexual Offences,Child abuse material offences,Jul2024,2,10-14,10 - 14 years inclusive,Produce or distribute child abuse material,3,341,34,Not Stated,Not Stated,"Non-Court Action, N.E.C.",-23,Non-Court Action,Alternative Action Plan,"Non-Court Action, N.E.C.",1,Person,Male,1
3 Age Ethnicity Sex,Sexual Offences,Child abuse material offences,Aug2024,1,15-19,15 - 19 years inclusive,Produce or distribute child abuse material,3,341,34,Not Stated,Not Stated,"Non-Court Action, N.E.C.",-22,Non-Court Action,Alternative Action Plan,"Non-Court Action, N.E.C.",1,Person,Male,2
3 Age Ethnicity Sex,Sexual Offences,Child abuse material offences,Dec2024,1,50-54,50 - 54 years inclusive,Produce or distribute child abuse material,3,341,34,Not Stated,Not Stated,"Non-Court Action, N.E.C.",-18,Non-Court Action,Community Justice Panel,"Non-Court Action, N.E.C.",1,Person,Male,6
3 Age Ethnicity Sex,Sexual Offences,Child abuse material offences,Jan2025,1,15-19,15 - 19 years inclusive,Possess or access child abuse material,3,342,34,Not Stated,Not Stated,"Non-Court Action, N.E.C.",-17,Non-Court Action,Alternative Action Plan,"Non-Court Action, N.E.C.",1,Person,Male,7
3 Age Ethnicity Sex,Sexual Offences,Child abuse material offences,Feb2024,1,15-19,15 - 19 years inclusive,Produce or distribute child abuse material,3,341,34,Not Stated,Not Stated,"Non-Court Action, N.E.C.",-28,Non-Court Action,Alternative Action Plan,"Non-Court Action, N.E.C.",1,Person,Male,8
3 Age Ethnicity Sex,Sexual Offences,Child abuse material offences,May2023,1,10-14,10 - 14 years inclusive,Possess or access child abuse material,3,342,34,Not Stated,Not Stated,"Non-Court Action, N.E.C.",-37,Non-Court Action,Alternative Action Plan,"Non-Court Action, N.E.C.",1,Person,Male,11
3 Age Ethnicity Sex,Sexual Offences,Child abuse material offences,Oct2023,1,15-19,15 - 19 years inclusive,Produce or distribute child abuse material,3,341,34,Asian,Asian,"Non-Court Action, N.F.D.",-32,Non-Court Action,"Youth Aid, N.F.D.","Non-Court Action, N.F.D.",1,Person,Male,4
3 Age Ethnicity Sex,Sexual Offences,Child abuse material offences,Jun2025,1,15-19,15 - 19 years inclusive,Produce or distribute child abuse material,3,341,34,European,European,"Non-Court Action, N.F.D.",-12,Non-Court Action,"Youth Aid, N.F.D.","Non-Court Action, N.F.D.",1,Person,Male,0
3 Age Ethnicity Sex,Sexual Offences,Child abuse material offences,Sep2024,1,10-14,10 - 14 years inclusive,Produce or distribute child abuse material,3,341,34,European,European,"Non-Court Action, N.F.D.",-21,Non-Court Action,"Youth Aid, N.F.D.","Non-Court Action, N.F.D.",1,Person,Male,3
3 Age Ethnicity Sex,Sexual Offences,Child abuse material offences,Dec2024,1,15-19,15 - 19 years inclusive,Possess or access child abuse material,3,342,34,European,European,"Non-Court Action, N.F.D.",-18,Non-Court Action,"Youth Aid, N.F.D.","Non-Court Action, N.F.D.",1,Person,Male,6
3 Age Ethnicity Sex,Sexual Offences,Child abuse material offences,Feb2025,1,15-19,15 - 19 years inclusive,Produce or distribute child abuse material,3,341,34,European,European,"Non-Court Action, N.F.D.",-16,Non-Court Action,"Youth Aid, N.F.D.","Non-Court Action, N.F.D.",1,Person,Male,8
3 Age Ethnicity Sex,Sexual Offences,Child abuse material offences,Jul2023,1,15-19,15 - 19 years inclusive,Produce or distribute child abuse material,3,341,34,Maori,Maori,"Non-Court Action, N.F.D.",-35,Non-Court Action,"Youth Aid, N.F.D.","Non-Court Action, N.F.D.",1,Person,Male,1
3 Age Ethnicity Sex,Sexual Offences,Child abuse material offences,Feb2024,1,10-14,10 - 14 years inclusive,Produce or distribute child abuse material,3,341,34,Maori,Maori,"Non-Court Action, N.F.D.",-28,Non-Court Action,"Youth Aid, N.F.D.","Non-Court Action, N.F.D.",1,Person,Male,8
3 Age Ethnicity Sex,Sexual Offences,Child abuse material offences,Jan2026,1,35-39,35 - 39 years inclusive,Produce or distribute child abuse material,3,341,34,European,European,Court Action,-5,Court Action,Prosecution,Court Action N.E.C.,1,Person,Female,7
3 Age Ethnicity Sex,Sexual Offences,Child abuse material offences,May2015,1,20-24,20 - 24 years inclusive,Produce or distribute child abuse material,3,341,34,Asian,Asian,Court Action,,Court Action,Prosecution,Court Action N.E.C.,1,Person,Male,11
3 Age Ethnicity Sex,Sexual Offences,Child abuse material offences,Oct2019,1,20-24,20 - 24 years inclusive,Possess or access child abuse material,3,342,34,Pacific Island,Pacific Island,Court Action,-80,Court Action,Prosecution,Court Action N.E.C.,1,Person,Male,4
3 Age Ethnicity Sex,Sexual Offences,Child abuse material offences,Feb2025,1,15-19,15 - 19 years inclusive,Produce or distribute child abuse material,3,341,34,Pacific Island,Pacific Island,Court Action,-16,Court Action,Prosecution,Court Action N.E.C.,1,Person,Male,8
3 Age Ethnicity Sex,Sexual Offences,Child abuse material offences,Feb2024,1,30-34,30 - 34 years inclusive,Possess or access child abuse material,3,342,34,Pacific Island,Pacific Island,Court Action,-28,Court Action,Prosecution,Court Action N.E.C.,1,Person,Male,8
3 Age Ethnicity Sex,Sexual Offences,Child abuse material offences,Mar2022,1,20-24,20 - 24 years inclusive,Possess or access child abuse material,3,342,34,Pacific Island,Pacific Island,Court Action,-51,Court Action,Prosecution,Court Action N.E.C.,1,Person,Male,9
3 Age Ethnicity Sex,Sexual Offences,Child abuse material offences,Apr2023,1,20-24,20 - 24 years inclusive,Possess or access child abuse material,3,342,34,Pacific Island,Pacific Island,Court Action,-38,Court Action,Prosecution,Court Action N.E.C.,1,Person,Male,10
3 Age Ethnicity Sex,Sexual Offences,Child abuse material offences,Apr2023,1,30-34,30 - 34 years inclusive,Possess or access child abuse material,3,342,34,Pacific Island,Pacific Island,Court Action,-38,Court Action,Prosecution,Court Action N.E.C.,1,Person,Male,10
3 Age Ethnicity Sex,Sexual Offences,Child abuse material offences,May2023,1,20-24,20 - 24 years inclusive,Possess or access child abuse material,3,342,34,Pacific Island,Pacific Island,Court Action,-37,Court Action,Prosecution,Court Action N.E.C.,1,Person,Male,11
3 Age Ethnicity Sex,Sexual Offences,Child abuse material offences,Aug2020,1,45-49,45 - 49 years inclusive,Possess or access child abuse material,3,342,34,Maori,Maori,Court Action,-70,Court Action,Prosecution,Court Action N.E.C.,1,Person,Not Stated,2
3 Age Ethnicity Sex,Sexual Offences,Child abuse material offences,Dec2020,1,45-49,45 - 49 years inclusive,Produce or distribute child abuse material,3,341,34,Maori,Maori,Court Action,-66,Court Action,Prosecution,Court Action N.E.C.,1,Person,Not Stated,6
3 Age Ethnicity Sex,Sexual Offences,Child abuse material offences,Dec2023,1,60-64,60 - 64 years inclusive,Possess or access child abuse material,3,342,34,European,European,Court Action,-30,Court Action,Prosecution,Court Action N.E.C.,1,Person,Male,6
3 Age Ethnicity Sex,Sexual Offences,Child abuse material offences,Dec2024,1,60-64,60 - 64 years inclusive,Produce or distribute child abuse material,3,341,34,European,European,Court Action,-18,Court Action,Prosecution,Court Action N.E.C.,1,Person,Male,6
3 Age Ethnicity Sex,Sexual Offences,Child abuse material offences,Dec2023,1,65-69,65 - 69 years inclusive,Possess or access child abuse material,3,342,34,European,European,Court Action,-30,Court Action,Prosecution,Court Action N.E.C.,1,Person,Male,6
3 Age Ethnicity Sex,Sexual Offences,Child abuse material offences,Jan2025,1,20-24,20 - 24 years inclusive,Produce or distribute child abuse material,3,341,34,European,European,Court Action,-17,Court Action,Prosecution,Court Action N.E.C.,1,Person,Male,7
3 Age Ethnicity Sex,Sexual Offences,Child abuse material offences,Jan2024,2,20-24,20 - 24 years inclusive,Produce or distribute child abuse material,3,341,34,European,European,Court Action,-29,Court Action,Prosecution,Court Action N.E.C.,1,Person,Male,7
3 Age Ethnicity Sex,Sexual Offences,Child abuse material offences,Jan2025,1,25-29,25 - 29 years inclusive,Produce or distribute child abuse material,3,341,34,European,European,Court Action,-17,Court Action,Prosecution,Court Action N.E.C.,1,Person,Male,7
3 Age Ethnicity Sex,Sexual Offences,Child abuse material offences,Jan2025,1,30-34,30 - 34 years inclusive,Possess or access child abuse material,3,342,34,European,European,Court Action,-17,Court Action,Prosecution,Court Action N.E.C.,1,Person,Male,7
3 Age Ethnicity Sex,Sexual Offences,Child abuse material offences,Jan2025,1,40-44,40 - 44 years inclusive,Produce or distribute child abuse material,3,341,34,European,European,Court Action,-17,Court Action,Prosecution,Court Action N.E.C.,1,Person,Male,7
3 Age Ethnicity Sex,Sexual Offences,Child abuse material offences,Jan2024,1,45-49,45 - 49 years inclusive,Possess or access child abuse material,3,342,34,European,European,Court Action,-29,Court Action,Prosecution,Court Action N.E.C.,1,Person,Male,7
3 Age Ethnicity Sex,Sexual Offences,Child abuse material offences,Jan2024,1,50-54,50 - 54 years inclusive,Produce or distribute child abuse material,3,341,34,European,European,Court Action,-29,Court Action,Prosecution,Court Action N.E.C.,1,Person,Male,7
3 Age Ethnicity Sex,Sexual Offences,Child abuse material offences,Jan2025,1,55-59,55 - 59 years inclusive,Possess or access child abuse material,3,342,34,European,European,Court Action,-17,Court Action,Prosecution,Court Action N.E.C.,1,Person,Male,7
3 Age Ethnicity Sex,Sexual Offences,Child abuse material offences,Jan2025,1,60-64,60 - 64 years inclusive,Possess or access child abuse material,3,342,34,European,European,Court Action,-17,Court Action,Prosecution,Court Action N.E.C.,1,Person,Male,7
3 Age Ethnicity Sex,Sexual Offences,Child abuse material offences,Jan2025,1,60-64,60 - 64 years inclusive,Produce or distribute child abuse material,3,341,34,European,European,Court Action,-17,Court Action,Prosecution,Court Action N.E.C.,1,Person,Male,7
3 Age Ethnicity Sex,Sexual Offences,Child abuse material offences,Feb2025,2,15-19,15 - 19 years inclusive,Possess or access child abuse material,3,342,34,European,European,Court Action,-16,Court Action,Prosecution,Court Action N.E.C.,1,Person,Male,8
3 Age Ethnicity Sex,Sexual Offences,Child abuse material offences,Feb2025,1,20-24,20 - 24 years inclusive,Possess or access child abuse material,3,342,34,European,European,Court Action,-16,Court Action,Prosecution,Court Action N.E.C.,1,Person,Male,8
3 Age Ethnicity Sex,Sexual Offences,Child abuse material offences,Feb2024,1,25-29,25 - 29 years inclusive,Possess or access child abuse material,3,342,34,European,European,Court Action,-28,Court Action,Prosecution,Court Action N.E.C.,1,Person,Male,8
3 Age Ethnicity Sex,Sexual Offences,Child abuse material offences,Feb2025,1,25-29,25 - 29 years inclusive,Produce or distribute child abuse material,3,341,34,European,European,Court Action,-16,Court Action,Prosecution,Court Action N.E.C.,1,Person,Male,8
3 Age Ethnicity Sex,Sexual Offences,Child abuse material offences,Feb2025,1,30-34,30 - 34 years inclusive,Possess or access child abuse material,3,342,34,European,European,Court Action,-16,Court Action,Prosecution,Court Action N.E.C.,1,Person,Male,8
3 Age Ethnicity Sex,Sexual Offences,Child abuse material offences,Feb2024,1,35-39,35 - 39 years inclusive,Produce or distribute child abuse material,3,341,34,European,European,Court Action,-28,Court Action,Prosecution,Court Action N.E.C.,1,Person,Male,8
3 Age Ethnicity Sex,Sexual Offences,Child abuse material offences,Feb2024,1,40-44,40 - 44 years inclusive,Possess or access child abuse material,3,342,34,European,European,Court Action,-28,Court Action,Prosecution,Court Action N.E.C.,1,Person,Male,8
3 Age Ethnicity Sex,Sexual Offences,Child abuse material offences,Feb2025,1,50-54,50 - 54 years inclusive,Produce or distribute child abuse material,3,341,34,European,European,Court Action,-16,Court Action,Prosecution,Court Action N.E.C.,1,Person,Male,8
3 Age Ethnicity Sex,Sexual Offences,Child abuse material offences,Mar2025,1,15-19,15 - 19 years inclusive,Possess or access child abuse material,3,342,34,European,European,Court Action,-15,Court Action,Prosecution,Court Action N.E.C.,1,Person,Male,9
3 Age Ethnicity Sex,Sexual Offences,Child abuse material offences,Mar2024,2,20-24,20 - 24 years inclusive,Possess or access child abuse material,3,342,34,European,European,Court Action,-27,Court Action,Prosecution,Court Action N.E.C.,1,Person,Male,9
3 Age Ethnicity Sex,Sexual Offences,Child abuse material offences,Mar2025,1,30-34,30 - 34 years inclusive,Possess or access child abuse material,3,342,34,European,European,Court Action,-15,Court Action,Prosecution,Court Action N.E.C.,1,Person,Male,9
3 Age Ethnicity Sex,Sexual Offences,Child abuse material offences,Mar2025,1,30-34,30 - 34 years inclusive,Produce or distribute child abuse material,3,341,34,European,European,Court Action,-15,Court Action,Prosecution,Court Action N.E.C.,1,Person,Male,9
3 Age Ethnicity Sex,Sexual Offences,Child abuse material offences,Mar2025,1,40-44,40 - 44 years inclusive,Possess or access child abuse material,3,342,34,European,European,Court Action,-15,Court Action,Prosecution,Court Action N.E.C.,1,Person,Male,9
3 Age Ethnicity Sex,Sexual Offences,Child abuse material offences,Mar2024,1,45-49,45 - 49 years inclusive,Produce or distribute child abuse material,3,341,34,European,European,Court Action,-27,Court Action,Prosecution,Court Action N.E.C.,1,Person,Male,9
3 Age Ethnicity Sex,Sexual Offences,Child abuse material offences,Mar2025,1,45-49,45 - 49 years inclusive,Possess or access child abuse material,3,342,34,European,European,Court Action,-15,Court Action,Prosecution,Court Action N.E.C.,1,Person,Male,9
3 Age Ethnicity Sex,Sexual Offences,Child abuse material offences,Mar2024,1,50-54,50 - 54 years inclusive,Produce or distribute child abuse material,3,341,34,European,European,Court Action,-27,Court Action,Prosecution,Court Action N.E.C.,1,Person,Male,9
3 Age Ethnicity Sex,Sexual Offences,Child abuse material offences,Mar2025,2,60-64,60 - 64 years inclusive,Possess or access child abuse material,3,342,34,European,European,Court Action,-15,Court Action,Prosecution,Court Action N.E.C.,1,Person,Male,9
3 Age Ethnicity Sex,Sexual Offences,Child abuse material offences,Apr2025,1,20-24,20 - 24 years inclusive,Possess or access child abuse material,3,342,34,European,European,Court Action,-14,Court Action,Prosecution,Court Action N.E.C.,1,Person,Male,10
3 Age Ethnicity Sex,Sexual Offences,Child abuse material offences,Apr2025,1,20-24,20 - 24 years inclusive,Produce or distribute child abuse material,3,341,34,European,European,Court Action,-14,Court Action,Prosecution,Court Action N.E.C.,1,Person,Male,10
3 Age Ethnicity Sex,Sexual Offences,Child abuse material offences,Apr2025,2,30-34,30 - 34 years inclusive,Possess or access child abuse material,3,342,34,European,European,Court Action,-14,Court Action,Prosecution,Court Action N.E.C.,1,Person,Male,10
3 Age Ethnicity Sex,Sexual Offences,Child abuse material offences,Apr2025,1,40-44,40 - 44 years inclusive,Possess or access child abuse material,3,342,34,European,European,Court Action,-14,Court Action,Prosecution,Court Action N.E.C.,1,Person,Male,10
3 Age Ethnicity Sex,Sexual Offences,Child abuse material offences,Apr2024,1,50-54,50 - 54 years inclusive,Possess or access child abuse material,3,342,34,European,European,Court Action,-26,Court Action,Prosecution,Court Action N.E.C.,1,Person,Male,10
3 Age Ethnicity Sex,Sexual Offences,Child abuse material offences,Apr2025,1,50-54,50 - 54 years inclusive,Possess or access child abuse material,3,342,34,European,European,Court Action,-14,Court Action,Prosecution,Court Action N.E.C.,1,Person,Male,10
3 Age Ethnicity Sex,Sexual Offences,Child abuse material offences,Apr2024,1,70-74,70 - 74 years inclusive,Produce or distribute child abuse material,3,341,34,European,European,Court Action,-26,Court Action,Prosecution,Court Action N.E.C.,1,Person,Male,10
3 Age Ethnicity Sex,Sexual Offences,Child abuse material offences,May2025,1,10-14,10 - 14 years inclusive,Possess or access child abuse material,3,342,34,European,European,Court Action,-13,Court Action,Prosecution,Court Action N.E.C.,1,Person,Male,11
3 Age Ethnicity Sex,Sexual Offences,Child abuse material offences,May2023,1,20-24,20 - 24 years inclusive,Possess or access child abuse material,3,342,34,European,European,Court Action,-37,Court Action,Prosecution,Court Action N.E.C.,1,Person,Male,11
3 Age Ethnicity Sex,Sexual Offences,Child abuse material offences,May2025,1,25-29,25 - 29 years inclusive,Possess or access child abuse material,3,342,34,European,European,Court Action,-13,Court Action,Prosecution,Court Action N.E.C.,1,Person,Male,11
3 Age Ethnicity Sex,Sexual Offences,Child abuse material offences,May2023,2,30-34,30 - 34 years inclusive,Produce or distribute child abuse material,3,341,34,European,European,Court Action,-37,Court Action,Prosecution,Court Action N.E.C.,1,Person,Male,11
3 Age Ethnicity Sex,Sexual Offences,Child abuse material offences,May2025,1,40-44,40 - 44 years inclusive,Produce or distribute child abuse material,3,341,34,European,European,Court Action,-13,Court Action,Prosecution,Court Action N.E.C.,1,Person,Male,11
3 Age Ethnicity Sex,Sexual Offences,Child abuse material offences,May2023,1,45-49,45 - 49 years inclusive,Possess or access child abuse material,3,342,34,European,European,Court Action,-37,Court Action,Prosecution,Court Action N.E.C.,1,Person,Male,11
3 Age Ethnicity Sex,Sexual Offences,Child abuse material offences,May2023,1,50-54,50 - 54 years inclusive,Possess or access child abuse material,3,342,34,European,European,Court Action,-37,Court Action,Prosecution,Court Action N.E.C.,1,Person,Male,11
3 Age Ethnicity Sex,Sexual Offences,Child abuse material offences,May2025,1,50-54,50 - 54 years inclusive,Produce or distribute child abuse material,3,341,34,European,European,Court Action,-13,Court Action,Prosecution,Court Action N.E.C.,1,Person,Male,11
3 Age Ethnicity Sex,Sexual Offences,Child abuse material offences,May2025,1,55-59,55 - 59 years inclusive,Produce or distribute child abuse material,3,341,34,European,European,Court Action,-13,Court Action,Prosecution,Court Action N.E.C.,1,Person,Male,11
3 Age Ethnicity Sex,Sexual Offences,Child abuse material offences,Sep2023,1,25-29,25 - 29 years inclusive,Produce or distribute child abuse material,3,341,34,Indian,Indian,Court Action,-33,Court Action,Prosecution,Court Action N.E.C.,1,Person,Male,3
3 Age Ethnicity Sex,Sexual Offences,Child abuse material offences,Nov2023,1,25-29,25 - 29 years inclusive,Possess or access child abuse material,3,342,34,Indian,Indian,Court Action,-31,Court Action,Prosecution,Court Action N.E.C.,1,Person,Male,5
3 Age Ethnicity Sex,Sexual Offences,Child abuse material offences,Jan2024,1,25-29,25 - 29 years inclusive,Possess or access child abuse material,3,342,34,Indian,Indian,Court Action,-29,Court Action,Prosecution,Court Action N.E.C.,1,Person,Male,7
3 Age Ethnicity Sex,Sexual Offences,Child abuse material offences,Jan2024,1,45-49,45 - 49 years inclusive,Produce or distribute child abuse material,3,341,34,Indian,Indian,Court Action,-29,Court Action,Prosecution,Court Action N.E.C.,1,Person,Male,7
3 Age Ethnicity Sex,Sexual Offences,Child abuse material offences,Jun2023,1,25-29,25 - 29 years inclusive,Produce or distribute child abuse material,3,341,34,Maori,Maori,Court Action,-36,Court Action,Prosecution,Court Action N.E.C.,1,Person,Male,0
3 Age Ethnicity Sex,Sexual Offences,Child abuse material offences,Jun2023,1,30-34,30 - 34 years inclusive,Possess or access child abuse material,3,342,34,Maori,Maori,Court Action,-36,Court Action,Prosecution,Court Action N.E.C.,1,Person,Male,0
3 Age Ethnicity Sex,Sexual Offences,Child abuse material offences,Jun2025,1,40-44,40 - 44 years inclusive,Produce or distribute child abuse material,3,341,34,Maori,Maori,Court Action,-12,Court Action,Prosecution,Court Action N.E.C.,1,Person,Male,0
3 Age Ethnicity Sex,Sexual Offences,Child abuse material offences,Jun2024,1,55-59,55 - 59 years inclusive,Possess or access child abuse material,3,342,34,Maori,Maori,Court Action,-24,Court Action,Prosecution,Court Action N.E.C.,1,Person,Male,0
3 Age Ethnicity Sex,Sexual Offences,Child abuse material offences,Jul2024,1,20-24,20 - 24 years inclusive,Produce or distribute child abuse material,3,341,34,Maori,Maori,Court Action,-23,Court Action,Prosecution,Court Action N.E.C.,1,Person,Male,1
3 Age Ethnicity Sex,Sexual Offences,Child abuse material offences,Jul2024,1,45-49,45 - 49 years inclusive,Possess or access child abuse material,3,342,34,Maori,Maori,Court Action,-23,Court Action,Prosecution,Court Action N.E.C.,1,Person,Male,1
3 Age Ethnicity Sex,Sexual Offences,Child abuse material offences,Aug2024,1,20-24,20 - 24 years inclusive,Possess or access child abuse material,3,342,34,Maori,Maori,Court Action,-22,Court Action,Prosecution,Court Action N.E.C.,1,Person,Male,2
3 Age Ethnicity Sex,Sexual Offences,Child abuse material offences,Aug2024,2,20-24,20 - 24 years inclusive,Produce or distribute child abuse material,3,341,34,Maori,Maori,Court Action,-22,Court Action,Prosecution,Court Action N.E.C.,1,Person,Male,2
3 Age Ethnicity Sex,Sexual Offences,Child abuse material offences,Aug2023,1,25-29,25 - 29 years inclusive,Possess or access child abuse material,3,342,34,Maori,Maori,Court Action,-34,Court Action,Prosecution,Court Action N.E.C.,1,Person,Male,2
3 Age Ethnicity Sex,Sexual Offences,Child abuse material offences,Aug2023,1,30-34,30 - 34 years inclusive,Produce or distribute child abuse material,3,341,34,Maori,Maori,Court Action,-34,Court Action,Prosecution,Court Action N.E.C.,1,Person,Male,2
3 Age Ethnicity Sex,Sexual Offences,Child abuse material offences,Aug2023,1,35-39,35 - 39 years inclusive,Possess or access child abuse material,3,342,34,Maori,Maori,Court Action,-34,Court Action,Prosecution,Court Action N.E.C.,1,Person,Male,2
3 Age Ethnicity Sex,Sexual Offences,Child abuse material offences,Aug2024,1,45-49,45 - 49 years inclusive,Possess or access child abuse material,3,342,34,Maori,Maori,Court Action,-22,Court Action,Prosecution,Court Action N.E.C.,1,Person,Male,2
3 Age Ethnicity Sex,Sexual Offences,Child abuse material offences,Aug2024,2,60-64,60 - 64 years inclusive,Possess or access child abuse material,3,342,34,Maori,Maori,Court Action,-22,Court Action,Prosecution,Court Action N.E.C.,1,Person,Male,2
3 Age Ethnicity Sex,Sexual Offences,Child abuse material offences,Sep2023,1,30-34,30 - 34 years inclusive,Possess or access child abuse material,3,342,34,Maori,Maori,Court Action,-33,Court Action,Prosecution,Court Action N.E.C.,1,Person,Male,3
3 Age Ethnicity Sex,Sexual Offences,Child abuse material offences,Sep2023,1,60-64,60 - 64 years inclusive,Produce or distribute child abuse material,3,341,34,Maori,Maori,Court Action,-33,Court Action,Prosecution,Court Action N.E.C.,1,Person,Male,3
3 Age Ethnicity Sex,Sexual Offences,Child abuse material offences,Oct2023,1,35-39,35 - 39 years inclusive,Produce or distribute child abuse material,3,341,34,Maori,Maori,Court Action,-32,Court Action,Prosecution,Court Action N.E.C.,1,Person,Male,4
3 Age Ethnicity Sex,Sexual Offences,Child abuse material offences,Oct2024,1,40-44,40 - 44 years inclusive,Possess or access child abuse material,3,342,34,Maori,Maori,Court Action,-20,Court Action,Prosecution,Court Action N.E.C.,1,Person,Male,4
3 Age Ethnicity Sex,Sexual Offences,Child abuse material offences,Oct2023,1,55-59,55 - 59 years inclusive,Possess or access child abuse material,3,342,34,Maori,Maori,Court Action,-32,Court Action,Prosecution,Court Action N.E.C.,1,Person,Male,4
3 Age Ethnicity Sex,Sexual Offences,Child abuse material offences,Nov2023,1,25-29,25 - 29 years inclusive,Produce or distribute child abuse material,3,341,34,Maori,Maori,Court Action,-31,Court Action,Prosecution,Court Action N.E.C.,1,Person,Male,5
3 Age Ethnicity Sex,Sexual Offences,Child abuse material offences,Nov2023,1,35-39,35 - 39 years inclusive,Produce or distribute child abuse material,3,341,34,Maori,Maori,Court Action,-31,Court Action,Prosecution,Court Action N.E.C.,1,Person,Male,5
3 Age Ethnicity Sex,Sexual Offences,Child abuse material offences,Nov2024,1,50-54,50 - 54 years inclusive,Produce or distribute child abuse material,3,341,34,Maori,Maori,Court Action,-19,Court Action,Prosecution,Court Action N.E.C.,1,Person,Male,5
3 Age Ethnicity Sex,Sexual Offences,Child abuse material offences,Dec2024,1,35-39,35 - 39 years inclusive,Possess or access child abuse material,3,342,34,Maori,Maori,Court Action,-18,Court Action,Prosecution,Court Action N.E.C.,1,Person,Male,6
3 Age Ethnicity Sex,Sexual Offences,Child abuse material offences,Jan2025,1,20-24,20 - 24 years inclusive,Possess or access child abuse material,3,342,34,Maori,Maori,Court Action,-17,Court Action,Prosecution,Court Action N.E.C.,1,Person,Male,7
3 Age Ethnicity Sex,Sexual Offences,Child abuse material offences,Jan2025,1,30-34,30 - 34 years inclusive,Possess or access child abuse material,3,342,34,Maori,Maori,Court Action,-17,Court Action,Prosecution,Court Action N.E.C.,1,Person,Male,7
3 Age Ethnicity Sex,Sexual Offences,Child abuse material offences,Jan2024,1,45-49,45 - 49 years inclusive,Produce or distribute child abuse material,3,341,34,Maori,Maori,Court Action,-29,Court Action,Prosecution,Court Action N.E.C.,1,Person,Male,7
3 Age Ethnicity Sex,Sexual Offences,Child abuse material offences,Jan2025,1,45-49,45 - 49 years inclusive,Possess or access child abuse material,3,342,34,Maori,Maori,Court Action,-17,Court Action,Prosecution,Court Action N.E.C.,1,Person,Male,7
3 Age Ethnicity Sex,Sexual Offences,Child abuse material offences,Feb2024,1,55-59,55 - 59 years inclusive,Possess or access child abuse material,3,342,34,Maori,Maori,Court Action,-28,Court Action,Prosecution,Court Action N.E.C.,1,Person,Male,8
3 Age Ethnicity Sex,Sexual Offences,Child abuse material offences,Feb2025,1,60-64,60 - 64 years inclusive,Possess or access child abuse material,3,342,34,Maori,Maori,Court Action,-16,Court Action,Prosecution,Court Action N.E.C.,1,Person,Male,8
3 Age Ethnicity Sex,Sexual Offences,Child abuse material offences,Mar2025,1,20-24,20 - 24 years inclusive,Produce or distribute child abuse material,3,341,34,Maori,Maori,Court Action,-15,Court Action,Prosecution,Court Action N.E.C.,1,Person,Male,9
3 Age Ethnicity Sex,Sexual Offences,Child abuse material offences,Mar2025,1,40-44,40 - 44 years inclusive,Produce or distribute child abuse material,3,341,34,Maori,Maori,Court Action,-15,Court Action,Prosecution,Court Action N.E.C.,1,Person,Male,9
3 Age Ethnicity Sex,Sexual Offences,Child abuse material offences,Apr2024,1,35-39,35 - 39 years inclusive,Produce or distribute child abuse material,3,341,34,Maori,Maori,Court Action,-26,Court Action,Prosecution,Court Action N.E.C.,1,Person,Male,10
3 Age Ethnicity Sex,Sexual Offences,Child abuse material offences,Apr2025,1,40-44,40 - 44 years inclusive,Possess or access child abuse material,3,342,34,Maori,Maori,Court Action,-14,Court Action,Prosecution,Court Action N.E.C.,1,Person,Male,10
3 Age Ethnicity Sex,Sexual Offences,Child abuse material offences,May2025,1,15-19,15 - 19 years inclusive,Produce or distribute child abuse material,3,341,34,Maori,Maori,Court Action,-13,Court Action,Prosecution,Court Action N.E.C.,1,Person,Male,11
3 Age Ethnicity Sex,Sexual Offences,Child abuse material offences,May2025,1,35-39,35 - 39 years inclusive,Possess or access child abuse material,3,342,34,Maori,Maori,Court Action,-13,Court Action,Prosecution,Court Action N.E.C.,1,Person,Male,11
3 Age Ethnicity Sex,Sexual Offences,Child abuse material offences,May2025,1,40-44,40 - 44 years inclusive,Produce or distribute child abuse material,3,341,34,Maori,Maori,Court Action,-13,Court Action,Prosecution,Court Action N.E.C.,1,Person,Male,11
3 Age Ethnicity Sex,Sexual Offences,Child abuse material offences,Jun2025,1,70-74,70 - 74 years inclusive,Possess or access child abuse material,3,342,34,Not Stated,Not Stated,Court Action,-12,Court Action,Prosecution,Court Action N.E.C.,1,Person,Male,0
3 Age Ethnicity Sex,Sexual Offences,Child abuse material offences,Oct2023,1,25-29,25 - 29 years inclusive,Produce or distribute child abuse material,3,341,34,Not Stated,Not Stated,Court Action,-32,Court Action,Prosecution,Court Action N.E.C.,1,Person,Male,4
3 Age Ethnicity Sex,Sexual Offences,Child abuse material offences,Nov2024,1,35-39,35 - 39 years inclusive,Produce or distribute child abuse material,3,341,34,Not Stated,Not Stated,Court Action,-19,Court Action,Prosecution,Court Action N.E.C.,1,Person,Male,5
3 Age Ethnicity Sex,Sexual Offences,Child abuse material offences,Nov2024,1,55-59,55 - 59 years inclusive,Possess or access child abuse material,3,342,34,Not Stated,Not Stated,Court Action,-19,Court Action,Prosecution,Court Action N.E.C.,1,Person,Male,5
3 Age Ethnicity Sex,Sexual Offences,Child abuse material offences,Jan2025,1,30-34,30 - 34 years inclusive,Produce or distribute child abuse material,3,341,34,Not Stated,Not Stated,Court Action,-17,Court Action,Prosecution,Court Action N.E.C.,1,Person,Male,7
3 Age Ethnicity Sex,Sexual Offences,Child abuse material offences,Jan2024,1,65-69,65 - 69 years inclusive,Possess or access child abuse material,3,342,34,Not Stated,Not Stated,Court Action,-29,Court Action,Prosecution,Court Action N.E.C.,1,Person,Male,7
3 Age Ethnicity Sex,Sexual Offences,Child abuse material offences,Feb2024,1,20-24,20 - 24 years inclusive,Possess or access child abuse material,3,342,34,Not Stated,Not Stated,Court Action,-28,Court Action,Prosecution,Court Action N.E.C.,1,Person,Male,8
3 Age Ethnicity Sex,Sexual Offences,Child abuse material offences,Apr2024,1,50-54,50 - 54 years inclusive,Possess or access child abuse material,3,342,34,Not Stated,Not Stated,Court Action,-26,Court Action,Prosecution,Court Action N.E.C.,1,Person,Male,10
3 Age Ethnicity Sex,Sexual Offences,Child abuse material offences,May2025,1,15-19,15 - 19 years inclusive,Possess or access child abuse material,3,342,34,Not Stated,Not Stated,Court Action,-13,Court Action,Prosecution,Court Action N.E.C.,1,Person,Male,11
3 Age Ethnicity Sex,Sexual Offences,Child abuse material offences,May2025,1,25-29,25 - 29 years inclusive,Possess or access child abuse material,3,342,34,Not Stated,Not Stated,Court Action,-13,Court Action,Prosecution,Court Action N.E.C.,1,Person,Male,11
3 Age Ethnicity Sex,Sexual Offences,Child abuse material offences,May2023,1,30-34,30 - 34 years inclusive,Possess or access child abuse material,3,342,34,Not Stated,Not Stated,Court Action,-37,Court Action,Prosecution,Court Action N.E.C.,1,Person,Male,11
3 Age Ethnicity Sex,Sexual Offences,Child abuse material offences,May2025,1,35-39,35 - 39 years inclusive,Possess or access child abuse material,3,342,34,Not Stated,Not Stated,Court Action,-13,Court Action,Prosecution,Court Action N.E.C.,1,Person,Male,11
3 Age Ethnicity Sex,Sexual Offences,Child abuse material offences,May2023,1,55-59,55 - 59 years inclusive,Possess or access child abuse material,3,342,34,Not Stated,Not Stated,Court Action,-37,Court Action,Prosecution,Court Action N.E.C.,1,Person,Male,11
3 Age Ethnicity Sex,Sexual Offences,Child abuse material offences,Oct2025,1,40-44,40 - 44 years inclusive,Possess or access child abuse material,3,342,34,Other Ethnicities,Latin American/Hispanic,Court Action,-8,Court Action,Prosecution,Court Action N.E.C.,1,Person,Male,4
3 Age Ethnicity Sex,Sexual Offences,Child abuse material offences,Mar2025,1,20-24,20 - 24 years inclusive,Possess or access child abuse material,3,342,34,Other Ethnicities,Latin American/Hispanic,Court Action,-15,Court Action,Prosecution,Court Action N.E.C.,1,Person,Male,9
3 Age Ethnicity Sex,Sexual Offences,Child abuse material offences,Apr2024,1,25-29,25 - 29 years inclusive,Possess or access child abuse material,3,342,34,Other Ethnicities,Not Elsewhere Classified,Court Action,-26,Court Action,Prosecution,Court Action N.E.C.,1,Person,Male,10
3 Age Ethnicity Sex,Sexual Offences,Child abuse material offences,Jul2023,1,25-29,25 - 29 years inclusive,Possess or access child abuse material,3,342,34,Pacific Island,Pacific Island,Court Action,-35,Court Action,Prosecution,Court Action N.E.C.,1,Person,Male,1
3 Age Ethnicity Sex,Sexual Offences,Child abuse material offences,Aug2024,1,40-44,40 - 44 years inclusive,Produce or distribute child abuse material,3,341,34,Pacific Island,Pacific Island,Court Action,-22,Court Action,Prosecution,Court Action N.E.C.,1,Person,Male,2
3 Age Ethnicity Sex,Sexual Offences,Child abuse material offences,Sep2023,1,25-29,25 - 29 years inclusive,Possess or access child abuse material,3,342,34,Pacific Island,Pacific Island,Court Action,-33,Court Action,Prosecution,Court Action N.E.C.,1,Person,Male,3
3 Age Ethnicity Sex,Sexual Offences,Child abuse material offences,Oct2023,1,25-29,25 - 29 years inclusive,Possess or access child abuse material,3,342,34,Pacific Island,Pacific Island,Court Action,-32,Court Action,Prosecution,Court Action N.E.C.,1,Person,Male,4
3 Age Ethnicity Sex,Sexual Offences,Child abuse material offences,Oct2023,1,30-34,30 - 34 years inclusive,Produce or distribute child abuse material,3,341,34,Pacific Island,Pacific Island,Court Action,-32,Court Action,Prosecution,Court Action N.E.C.,1,Person,Male,4
3 Age Ethnicity Sex,Sexual Offences,Child abuse material offences,Oct2023,1,35-39,35 - 39 years inclusive,Possess or access child abuse material,3,342,34,Pacific Island,Pacific Island,Court Action,-32,Court Action,Prosecution,Court Action N.E.C.,1,Person,Male,4
3 Age Ethnicity Sex,Sexual Offences,Child abuse material offences,Oct2025,1,50-54,50 - 54 years inclusive,Possess or access child abuse material,3,342,34,Pacific Island,Pacific Island,Court Action,-8,Court Action,Prosecution,Court Action N.E.C.,1,Person,Male,4
3 Age Ethnicity Sex,Sexual Offences,Child abuse material offences,Nov2023,1,15-19,15 - 19 years inclusive,Produce or distribute child abuse material,3,341,34,Pacific Island,Pacific Island,Court Action,-31,Court Action,Prosecution,Court Action N.E.C.,1,Person,Male,5
3 Age Ethnicity Sex,Sexual Offences,Child abuse material offences,Sep2025,1,50-54,50 - 54 years inclusive,Produce or distribute child abuse material,3,341,34,European,European,Court Action,-9,Court Action,Prosecution,Court Action N.E.C.,1,Person,Female,3
3 Age Ethnicity Sex,Sexual Offences,Child abuse material offences,Aug2022,1,35-39,35 - 39 years inclusive,Produce or distribute child abuse material,3,341,34,Asian,Asian,Court Action,-46,Court Action,Prosecution,Court Action N.E.C.,1,Person,Male,2
3 Age Ethnicity Sex,Sexual Offences,Child abuse material offences,Sep2025,1,35-39,35 - 39 years inclusive,Produce or distribute child abuse material,3,341,34,Asian,Asian,Court Action,-9,Court Action,Prosecution,Court Action N.E.C.,1,Person,Male,3
3 Age Ethnicity Sex,Sexual Offences,Child abuse material offences,Aug2020,1,10-14,10 - 14 years inclusive,Possess or access child abuse material,3,342,34,Maori,Maori,Formal Warning,-70,Non-Court Action,Formal Warning,Formal Warning,1,Person,Male,2
3 Age Ethnicity Sex,Sexual Offences,Child abuse material offences,Jul2021,1,15-19,15 - 19 years inclusive,Possess or access child abuse material,3,342,34,Not Stated,Not Stated,Formal Warning,-59,Non-Court Action,Formal Warning,Formal Warning,1,Person,Male,1
3 Age Ethnicity Sex,Sexual Offences,Child abuse material offences,Jul2022,1,15-19,15 - 19 years inclusive,Possess or access child abuse material,3,342,34,Not Stated,Not Stated,Formal Warning,-47,Non-Court Action,Formal Warning,Formal Warning,1,Person,Male,1
3 Age Ethnicity Sex,Sexual Offences,Child abuse material offences,Aug2020,1,10-14,10 - 14 years inclusive,Produce or distribute child abuse material,3,341,34,Not Stated,Not Stated,Formal Warning,-70,Non-Court Action,Formal Warning,Formal Warning,1,Person,Male,2
3 Age Ethnicity Sex,Sexual Offences,Child abuse material offences,Aug2020,1,15-19,15 - 19 years inclusive,Produce or distribute child abuse material,3,341,34,Not Stated,Not Stated,Formal Warning,-70,Non-Court Action,Formal Warning,Formal Warning,1,Person,Male,2
3 Age Ethnicity Sex,Sexual Offences,Child abuse material offences,Aug2025,1,80yearsorover,80 years or over,Possess or access child abuse material,3,342,34,Not Stated,Not Stated,Formal Warning,-10,Non-Court Action,Formal Warning,Formal Warning,1,Person,Male,2
3 Age Ethnicity Sex,Sexual Offences,Child abuse material offences,Oct2021,1,10-14,10 - 14 years inclusive,Produce or distribute child abuse material,3,341,34,Not Stated,Not Stated,Formal Warning,-56,Non-Court Action,Formal Warning,Formal Warning,1,Person,Male,4
3 Age Ethnicity Sex,Sexual Offences,Child abuse material offences,Oct2021,1,15-19,15 - 19 years inclusive,Produce or distribute child abuse material,3,341,34,Not Stated,Not Stated,Formal Warning,-56,Non-Court Action,Formal Warning,Formal Warning,1,Person,Male,4
3 Age Ethnicity Sex,Sexual Offences,Child abuse material offences,Nov2021,1,10-14,10 - 14 years inclusive,Produce or distribute child abuse material,3,341,34,Not Stated,Not Stated,Formal Warning,-55,Non-Court Action,Formal Warning,Formal Warning,1,Person,Male,5
3 Age Ethnicity Sex,Sexual Offences,Child abuse material offences,Dec2020,1,45-49,45 - 49 years inclusive,Possess or access child abuse material,3,342,34,European,European,Court Action,-66,Court Action,Prosecution,Court Action N.E.C.,1,Person,Male,6
3 Age Ethnicity Sex,Sexual Offences,Child abuse material offences,Dec2020,1,45-49,45 - 49 years inclusive,Produce or distribute child abuse material,3,341,34,European,European,Court Action,-66,Court Action,Prosecution,Court Action N.E.C.,1,Person,Male,6
3 Age Ethnicity Sex,Sexual Offences,Child abuse material offences,Dec2017,1,50-54,50 - 54 years inclusive,Possess or access child abuse material,3,342,34,European,European,Court Action,,Court Action,Prosecution,Court Action N.E.C.,1,Person,Male,6
3 Age Ethnicity Sex,Sexual Offences,Child abuse material offences,Dec2019,1,50-54,50 - 54 years inclusive,Possess or access child abuse material,3,342,34,European,European,Court Action,-78,Court Action,Prosecution,Court Action N.E.C.,1,Person,Male,6
3 Age Ethnicity Sex,Sexual Offences,Child abuse material offences,Dec2020,1,50-54,50 - 54 years inclusive,Possess or access child abuse material,3,342,34,European,European,Court Action,-66,Court Action,Prosecution,Court Action N.E.C.,1,Person,Male,6
3 Age Ethnicity Sex,Sexual Offences,Child abuse material offences,Dec2021,1,50-54,50 - 54 years inclusive,Possess or access child abuse material,3,342,34,European,European,Court Action,-54,Court Action,Prosecution,Court Action N.E.C.,1,Person,Male,6
3 Age Ethnicity Sex,Sexual Offences,Child abuse material offences,Dec2022,1,50-54,50 - 54 years inclusive,Produce or distribute child abuse material,3,341,34,European,European,Court Action,-42,Court Action,Prosecution,Court Action N.E.C.,1,Person,Male,6
3 Age Ethnicity Sex,Sexual Offences,Child abuse material offences,Dec2017,2,55-59,55 - 59 years inclusive,Produce or distribute child abuse material,3,341,34,European,European,Court Action,,Court Action,Prosecution,Court Action N.E.C.,1,Person,Male,6
3 Age Ethnicity Sex,Sexual Offences,Child abuse material offences,Dec2020,1,55-59,55 - 59 years inclusive,Possess or access child abuse material,3,342,34,European,European,Court Action,-66,Court Action,Prosecution,Court Action N.E.C.,1,Person,Male,6
3 Age Ethnicity Sex,Sexual Offences,Child abuse material offences,Dec2019,1,60-64,60 - 64 years inclusive,Produce or distribute child abuse material,3,341,34,European,European,Court Action,-78,Court Action,Prosecution,Court Action N.E.C.,1,Person,Male,6
3 Age Ethnicity Sex,Sexual Offences,Child abuse material offences,Dec2020,1,65-69,65 - 69 years inclusive,Produce or distribute child abuse material,3,341,34,European,European,Court Action,-66,Court Action,Prosecution,Court Action N.E.C.,1,Person,Male,6
3 Age Ethnicity Sex,Sexual Offences,Child abuse material offences,Jan2019,2,15-19,15 - 19 years inclusive,Possess or access child abuse material,3,342,34,European,European,Court Action,-89,Court Action,Prosecution,Court Action N.E.C.,1,Person,Male,7
3 Age Ethnicity Sex,Sexual Offences,Child abuse material offences,Jan2021,1,20-24,20 - 24 years inclusive,Possess or access child abuse material,3,342,34,European,European,Court Action,-65,Court Action,Prosecution,Court Action N.E.C.,1,Person,Male,7
3 Age Ethnicity Sex,Sexual Offences,Child abuse material offences,Jan2022,1,20-24,20 - 24 years inclusive,Possess or access child abuse material,3,342,34,European,European,Court Action,-53,Court Action,Prosecution,Court Action N.E.C.,1,Person,Male,7
3 Age Ethnicity Sex,Sexual Offences,Child abuse material offences,Jan2022,3,20-24,20 - 24 years inclusive,Produce or distribute child abuse material,3,341,34,European,European,Court Action,-53,Court Action,Prosecution,Court Action N.E.C.,1,Person,Male,7
3 Age Ethnicity Sex,Sexual Offences,Child abuse material offences,Jan2023,1,20-24,20 - 24 years inclusive,Possess or access child abuse material,3,342,34,European,European,Court Action,-41,Court Action,Prosecution,Court Action N.E.C.,1,Person,Male,7
3 Age Ethnicity Sex,Sexual Offences,Child abuse material offences,Jan2021,2,25-29,25 - 29 years inclusive,Produce or distribute child abuse material,3,341,34,European,European,Court Action,-65,Court Action,Prosecution,Court Action N.E.C.,1,Person,Male,7
3 Age Ethnicity Sex,Sexual Offences,Child abuse material offences,Jan2022,1,25-29,25 - 29 years inclusive,Possess or access child abuse material,3,342,34,European,European,Court Action,-53,Court Action,Prosecution,Court Action N.E.C.,1,Person,Male,7
3 Age Ethnicity Sex,Sexual Offences,Child abuse material offences,Jan2022,1,25-29,25 - 29 years inclusive,Produce or distribute child abuse material,3,341,34,European,European,Court Action,-53,Court Action,Prosecution,Court Action N.E.C.,1,Person,Male,7
3 Age Ethnicity Sex,Sexual Offences,Child abuse material offences,Jan2018,1,30-34,30 - 34 years inclusive,Produce or distribute child abuse material,3,341,34,European,European,Court Action,,Court Action,Prosecution,Court Action N.E.C.,1,Person,Male,7
3 Age Ethnicity Sex,Sexual Offences,Child abuse material offences,Jan2021,1,30-34,30 - 34 years inclusive,Produce or distribute child abuse material,3,341,34,European,European,Court Action,-65,Court Action,Prosecution,Court Action N.E.C.,1,Person,Male,7
3 Age Ethnicity Sex,Sexual Offences,Child abuse material offences,Jan2023,1,30-34,30 - 34 years inclusive,Produce or distribute child abuse material,3,341,34,European,European,Court Action,-41,Court Action,Prosecution,Court Action N.E.C.,1,Person,Male,7
3 Age Ethnicity Sex,Sexual Offences,Child abuse material offences,Jan2021,2,35-39,35 - 39 years inclusive,Possess or access child abuse material,3,342,34,European,European,Court Action,-65,Court Action,Prosecution,Court Action N.E.C.,1,Person,Male,7
3 Age Ethnicity Sex,Sexual Offences,Child abuse material offences,Jan2020,1,40-44,40 - 44 years inclusive,Produce or distribute child abuse material,3,341,34,European,European,Court Action,-77,Court Action,Prosecution,Court Action N.E.C.,1,Person,Male,7
3 Age Ethnicity Sex,Sexual Offences,Child abuse material offences,Jan2018,1,45-49,45 - 49 years inclusive,Possess or access child abuse material,3,342,34,European,European,Court Action,,Court Action,Prosecution,Court Action N.E.C.,1,Person,Male,7
3 Age Ethnicity Sex,Sexual Offences,Child abuse material offences,Jan2021,1,45-49,45 - 49 years inclusive,Produce or distribute child abuse material,3,341,34,European,European,Court Action,-65,Court Action,Prosecution,Court Action N.E.C.,1,Person,Male,7
3 Age Ethnicity Sex,Sexual Offences,Child abuse material offences,Jan2023,1,45-49,45 - 49 years inclusive,Produce or distribute child abuse material,3,341,34,European,European,Court Action,-41,Court Action,Prosecution,Court Action N.E.C.,1,Person,Male,7
3 Age Ethnicity Sex,Sexual Offences,Child abuse material offences,Jan2019,1,50-54,50 - 54 years inclusive,Produce or distribute child abuse material,3,341,34,European,European,Court Action,-89,Court Action,Prosecution,Court Action N.E.C.,1,Person,Male,7
3 Age Ethnicity Sex,Sexual Offences,Child abuse material offences,Jan2022,1,50-54,50 - 54 years inclusive,Possess or access child abuse material,3,342,34,European,European,Court Action,-53,Court Action,Prosecution,Court Action N.E.C.,1,Person,Male,7
3 Age Ethnicity Sex,Sexual Offences,Child abuse material offences,Jan2018,1,60-64,60 - 64 years inclusive,Produce or distribute child abuse material,3,341,34,European,European,Court Action,,Court Action,Prosecution,Court Action N.E.C.,1,Person,Male,7
3 Age Ethnicity Sex,Sexual Offences,Child abuse material offences,Jan2021,1,70-74,70 - 74 years inclusive,Possess or access child abuse material,3,342,34,European,European,Court Action,-65,Court Action,Prosecution,Court Action N.E.C.,1,Person,Male,7
3 Age Ethnicity Sex,Sexual Offences,Child abuse material offences,Feb2026,1,20-24,20 - 24 years inclusive,Produce or distribute child abuse material,3,341,34,European,European,Court Action,-4,Court Action,Prosecution,Court Action N.E.C.,1,Person,Male,8
3 Age Ethnicity Sex,Sexual Offences,Child abuse material offences,Feb2026,1,30-34,30 - 34 years inclusive,Produce or distribute child abuse material,3,341,34,European,European,Court Action,-4,Court Action,Prosecution,Court Action N.E.C.,1,Person,Male,8
3 Age Ethnicity Sex,Sexual Offences,Child abuse material offences,Feb2018,1,40-44,40 - 44 years inclusive,Produce or distribute child abuse material,3,341,34,European,European,Court Action,,Court Action,Prosecution,Court Action N.E.C.,1,Person,Male,8
3 Age Ethnicity Sex,Sexual Offences,Child abuse material offences,Feb2026,1,40-44,40 - 44 years inclusive,Possess or access child abuse material,3,342,34,European,European,Court Action,-4,Court Action,Prosecution,Court Action N.E.C.,1,Person,Male,8
3 Age Ethnicity Sex,Sexual Offences,Child abuse material offences,Feb2026,1,45-49,45 - 49 years inclusive,Produce or distribute child abuse material,3,341,34,European,European,Court Action,-4,Court Action,Prosecution,Court Action N.E.C.,1,Person,Male,8
3 Age Ethnicity Sex,Sexual Offences,Child abuse material offences,Feb2026,1,50-54,50 - 54 years inclusive,Produce or distribute child abuse material,3,341,34,European,European,Court Action,-4,Court Action,Prosecution,Court Action N.E.C.,1,Person,Male,8
3 Age Ethnicity Sex,Sexual Offences,Child abuse material offences,Feb2026,1,60-64,60 - 64 years inclusive,Possess or access child abuse material,3,342,34,European,European,Court Action,-4,Court Action,Prosecution,Court Action N.E.C.,1,Person,Male,8
3 Age Ethnicity Sex,Sexual Offences,Child abuse material offences,Feb2026,1,70-74,70 - 74 years inclusive,Possess or access child abuse material,3,342,34,European,European,Court Action,-4,Court Action,Prosecution,Court Action N.E.C.,1,Person,Male,8
3 Age Ethnicity Sex,Sexual Offences,Child abuse material offences,Feb2026,2,75-79,75 - 79 years inclusive,Possess or access child abuse material,3,342,34,European,European,Court Action,-4,Court Action,Prosecution,Court Action N.E.C.,1,Person,Male,8
3 Age Ethnicity Sex,Sexual Offences,Child abuse material offences,Mar2021,3,20-24,20 - 24 years inclusive,Possess or access child abuse material,3,342,34,European,European,Court Action,-63,Court Action,Prosecution,Court Action N.E.C.,1,Person,Male,9
3 Age Ethnicity Sex,Sexual Offences,Child abuse material offences,Mar2026,1,20-24,20 - 24 years inclusive,Produce or distribute child abuse material,3,341,34,European,European,Court Action,-3,Court Action,Prosecution,Court Action N.E.C.,1,Person,Male,9
3 Age Ethnicity Sex,Sexual Offences,Child abuse material offences,Mar2021,1,25-29,25 - 29 years inclusive,Produce or distribute child abuse material,3,341,34,European,European,Court Action,-63,Court Action,Prosecution,Court Action N.E.C.,1,Person,Male,9
3 Age Ethnicity Sex,Sexual Offences,Child abuse material offences,Mar2021,2,25-29,25 - 29 years inclusive,Possess or access child abuse material,3,342,34,European,European,Court Action,-63,Court Action,Prosecution,Court Action N.E.C.,1,Person,Male,9
3 Age Ethnicity Sex,Sexual Offences,Child abuse material offences,Mar2021,1,30-34,30 - 34 years inclusive,Possess or access child abuse material,3,342,34,European,European,Court Action,-63,Court Action,Prosecution,Court Action N.E.C.,1,Person,Male,9
3 Age Ethnicity Sex,Sexual Offences,Child abuse material offences,Mar2026,1,30-34,30 - 34 years inclusive,Produce or distribute child abuse material,3,341,34,European,European,Court Action,-3,Court Action,Prosecution,Court Action N.E.C.,1,Person,Male,9
3 Age Ethnicity Sex,Sexual Offences,Child abuse material offences,Mar2023,1,35-39,35 - 39 years inclusive,Produce or distribute child abuse material,3,341,34,European,European,Court Action,-39,Court Action,Prosecution,Court Action N.E.C.,1,Person,Male,9
3 Age Ethnicity Sex,Sexual Offences,Child abuse material offences,Mar2023,2,35-39,35 - 39 years inclusive,Possess or access child abuse material,3,342,34,European,European,Court Action,-39,Court Action,Prosecution,Court Action N.E.C.,1,Person,Male,9
3 Age Ethnicity Sex,Sexual Offences,Child abuse material offences,Mar2026,1,35-39,35 - 39 years inclusive,Possess or access child abuse material,3,342,34,European,European,Court Action,-3,Court Action,Prosecution,Court Action N.E.C.,1,Person,Male,9
3 Age Ethnicity Sex,Sexual Offences,Child abuse material offences,Mar2026,1,35-39,35 - 39 years inclusive,Produce or distribute child abuse material,3,341,34,European,European,Court Action,-3,Court Action,Prosecution,Court Action N.E.C.,1,Person,Male,9
3 Age Ethnicity Sex,Sexual Offences,Child abuse material offences,Mar2022,1,40-44,40 - 44 years inclusive,Produce or distribute child abuse material,3,341,34,European,European,Court Action,-51,Court Action,Prosecution,Court Action N.E.C.,1,Person,Male,9
3 Age Ethnicity Sex,Sexual Offences,Child abuse material offences,Mar2023,1,40-44,40 - 44 years inclusive,Produce or distribute child abuse material,3,341,34,European,European,Court Action,-39,Court Action,Prosecution,Court Action N.E.C.,1,Person,Male,9
3 Age Ethnicity Sex,Sexual Offences,Child abuse material offences,Mar2021,1,45-49,45 - 49 years inclusive,Produce or distribute child abuse material,3,341,34,European,European,Court Action,-63,Court Action,Prosecution,Court Action N.E.C.,1,Person,Male,9
3 Age Ethnicity Sex,Sexual Offences,Child abuse material offences,Mar2021,1,50-54,50 - 54 years inclusive,Possess or access child abuse material,3,342,34,European,European,Court Action,-63,Court Action,Prosecution,Court Action N.E.C.,1,Person,Male,9
3 Age Ethnicity Sex,Sexual Offences,Child abuse material offences,Mar2022,1,50-54,50 - 54 years inclusive,Possess or access child abuse material,3,342,34,European,European,Court Action,-51,Court Action,Prosecution,Court Action N.E.C.,1,Person,Male,9
3 Age Ethnicity Sex,Sexual Offences,Child abuse material offences,Mar2026,2,50-54,50 - 54 years inclusive,Possess or access child abuse material,3,342,34,European,European,Court Action,-3,Court Action,Prosecution,Court Action N.E.C.,1,Person,Male,9
3 Age Ethnicity Sex,Sexual Offences,Child abuse material offences,Mar2023,1,55-59,55 - 59 years inclusive,Possess or access child abuse material,3,342,34,European,European,Court Action,-39,Court Action,Prosecution,Court Action N.E.C.,1,Person,Male,9
3 Age Ethnicity Sex,Sexual Offences,Child abuse material offences,Apr2026,1,20-24,20 - 24 years inclusive,Possess or access child abuse material,3,342,34,European,European,Court Action,-2,Court Action,Prosecution,Court Action N.E.C.,1,Person,Male,10
3 Age Ethnicity Sex,Sexual Offences,Child abuse material offences,Apr2021,1,30-34,30 - 34 years inclusive,Possess or access child abuse material,3,342,34,European,European,Court Action,-62,Court Action,Prosecution,Court Action N.E.C.,1,Person,Male,10
3 Age Ethnicity Sex,Sexual Offences,Child abuse material offences,Apr2022,1,30-34,30 - 34 years inclusive,Produce or distribute child abuse material,3,341,34,European,European,Court Action,-50,Court Action,Prosecution,Court Action N.E.C.,1,Person,Male,10
3 Age Ethnicity Sex,Sexual Offences,Child abuse material offences,Apr2021,1,35-39,35 - 39 years inclusive,Produce or distribute child abuse material,3,341,34,European,European,Court Action,-62,Court Action,Prosecution,Court Action N.E.C.,1,Person,Male,10
3 Age Ethnicity Sex,Sexual Offences,Child abuse material offences,Apr2021,1,40-44,40 - 44 years inclusive,Produce or distribute child abuse material,3,341,34,European,European,Court Action,-62,Court Action,Prosecution,Court Action N.E.C.,1,Person,Male,10
3 Age Ethnicity Sex,Sexual Offences,Child abuse material offences,Apr2022,1,45-49,45 - 49 years inclusive,Produce or distribute child abuse material,3,341,34,European,European,Court Action,-50,Court Action,Prosecution,Court Action N.E.C.,1,Person,Male,10
3 Age Ethnicity Sex,Sexual Offences,Child abuse material offences,Apr2021,1,55-59,55 - 59 years inclusive,Produce or distribute child abuse material,3,341,34,European,European,Court Action,-62,Court Action,Prosecution,Court Action N.E.C.,1,Person,Male,10
3 Age Ethnicity Sex,Sexual Offences,Child abuse material offences,Apr2022,1,60-64,60 - 64 years inclusive,Possess or access child abuse material,3,342,34,European,European,Court Action,-50,Court Action,Prosecution,Court Action N.E.C.,1,Person,Male,10
3 Age Ethnicity Sex,Sexual Offences,Child abuse material offences,May2021,1,15-19,15 - 19 years inclusive,Possess or access child abuse material,3,342,34,European,European,Court Action,-61,Court Action,Prosecution,Court Action N.E.C.,1,Person,Male,11
3 Age Ethnicity Sex,Sexual Offences,Child abuse material offences,May2021,1,20-24,20 - 24 years inclusive,Possess or access child abuse material,3,342,34,European,European,Court Action,-61,Court Action,Prosecution,Court Action N.E.C.,1,Person,Male,11
3 Age Ethnicity Sex,Sexual Offences,Child abuse material offences,May2021,1,25-29,25 - 29 years inclusive,Possess or access child abuse material,3,342,34,European,European,Court Action,-61,Court Action,Prosecution,Court Action N.E.C.,1,Person,Male,11
3 Age Ethnicity Sex,Sexual Offences,Child abuse material offences,May2026,1,25-29,25 - 29 years inclusive,Possess or access child abuse material,3,342,34,European,European,Court Action,-1,Court Action,Prosecution,Court Action N.E.C.,1,Person,Male,11
3 Age Ethnicity Sex,Sexual Offences,Child abuse material offences,May2022,1,30-34,30 - 34 years inclusive,Possess or access child abuse material,3,342,34,European,European,Court Action,-49,Court Action,Prosecution,Court Action N.E.C.,1,Person,Male,11
3 Age Ethnicity Sex,Sexual Offences,Child abuse material offences,May2026,2,30-34,30 - 34 years inclusive,Possess or access child abuse material,3,342,34,European,European,Court Action,-1,Court Action,Prosecution,Court Action N.E.C.,1,Person,Male,11
3 Age Ethnicity Sex,Sexual Offences,Child abuse material offences,May2026,1,35-39,35 - 39 years inclusive,Possess or access child abuse material,3,342,34,European,European,Court Action,-1,Court Action,Prosecution,Court Action N.E.C.,1,Person,Male,11
3 Age Ethnicity Sex,Sexual Offences,Child abuse material offences,May2021,1,40-44,40 - 44 years inclusive,Possess or access child abuse material,3,342,34,European,European,Court Action,-61,Court Action,Prosecution,Court Action N.E.C.,1,Person,Male,11
3 Age Ethnicity Sex,Sexual Offences,Child abuse material offences,May2024,2,40-44,40 - 44 years inclusive,Possess or access child abuse material,3,342,34,European,European,Court Action,-25,Court Action,Prosecution,Court Action N.E.C.,1,Person,Male,11
3 Age Ethnicity Sex,Sexual Offences,Child abuse material offences,May2026,2,40-44,40 - 44 years inclusive,Produce or distribute child abuse material,3,341,34,European,European,Court Action,-1,Court Action,Prosecution,Court Action N.E.C.,1,Person,Male,11
3 Age Ethnicity Sex,Sexual Offences,Child abuse material offences,May2024,1,45-49,45 - 49 years inclusive,Possess or access child abuse material,3,342,34,European,European,Court Action,-25,Court Action,Prosecution,Court Action N.E.C.,1,Person,Male,11
3 Age Ethnicity Sex,Sexual Offences,Child abuse material offences,May2024,1,45-49,45 - 49 years inclusive,Produce or distribute child abuse material,3,341,34,European,European,Court Action,-25,Court Action,Prosecution,Court Action N.E.C.,1,Person,Male,11
3 Age Ethnicity Sex,Sexual Offences,Child abuse material offences,May2021,1,50-54,50 - 54 years inclusive,Produce or distribute child abuse material,3,341,34,European,European,Court Action,-61,Court Action,Prosecution,Court Action N.E.C.,1,Person,Male,11
3 Age Ethnicity Sex,Sexual Offences,Child abuse material offences,May2024,1,50-54,50 - 54 years inclusive,Possess or access child abuse material,3,342,34,European,European,Court Action,-25,Court Action,Prosecution,Court Action N.E.C.,1,Person,Male,11
3 Age Ethnicity Sex,Sexual Offences,Child abuse material offences,May2024,1,50-54,50 - 54 years inclusive,Produce or distribute child abuse material,3,341,34,European,European,Court Action,-25,Court Action,Prosecution,Court Action N.E.C.,1,Person,Male,11
3 Age Ethnicity Sex,Sexual Offences,Child abuse material offences,May2022,1,55-59,55 - 59 years inclusive,Possess or access child abuse material,3,342,34,European,European,Court Action,-49,Court Action,Prosecution,Court Action N.E.C.,1,Person,Male,11
3 Age Ethnicity Sex,Sexual Offences,Child abuse material offences,May2022,1,55-59,55 - 59 years inclusive,Produce or distribute child abuse material,3,341,34,European,European,Court Action,-49,Court Action,Prosecution,Court Action N.E.C.,1,Person,Male,11
3 Age Ethnicity Sex,Sexual Offences,Child abuse material offences,May2024,1,55-59,55 - 59 years inclusive,Possess or access child abuse material,3,342,34,European,European,Court Action,-25,Court Action,Prosecution,Court Action N.E.C.,1,Person,Male,11
3 Age Ethnicity Sex,Sexual Offences,Child abuse material offences,May2024,1,55-59,55 - 59 years inclusive,Produce or distribute child abuse material,3,341,34,European,European,Court Action,-25,Court Action,Prosecution,Court Action N.E.C.,1,Person,Male,11
3 Age Ethnicity Sex,Sexual Offences,Child abuse material offences,May2026,1,55-59,55 - 59 years inclusive,Produce or distribute child abuse material,3,341,34,European,European,Court Action,-1,Court Action,Prosecution,Court Action N.E.C.,1,Person,Male,11
3 Age Ethnicity Sex,Sexual Offences,Child abuse material offences,May2026,3,55-59,55 - 59 years inclusive,Possess or access child abuse material,3,342,34,European,European,Court Action,-1,Court Action,Prosecution,Court Action N.E.C.,1,Person,Male,11
3 Age Ethnicity Sex,Sexual Offences,Child abuse material offences,May2024,1,65-69,65 - 69 years inclusive,Produce or distribute child abuse material,3,341,34,European,European,Court Action,-25,Court Action,Prosecution,Court Action N.E.C.,1,Person,Male,11
3 Age Ethnicity Sex,Sexual Offences,Child abuse material offences,Nov2022,1,20-24,20 - 24 years inclusive,Produce or distribute child abuse material,3,341,34,Indian,Indian,Court Action,-43,Court Action,Prosecution,Court Action N.E.C.,1,Person,Male,5
3 Age Ethnicity Sex,Sexual Offences,Child abuse material offences,Nov2022,1,30-34,30 - 34 years inclusive,Possess or access child abuse material,3,342,34,Indian,Indian,Court Action,-43,Court Action,Prosecution,Court Action N.E.C.,1,Person,Male,5
3 Age Ethnicity Sex,Sexual Offences,Child abuse material offences,Nov2022,1,40-44,40 - 44 years inclusive,Possess or access child abuse material,3,342,34,Indian,Indian,Court Action,-43,Court Action,Prosecution,Court Action N.E.C.,1,Person,Male,5
3 Age Ethnicity Sex,Sexual Offences,Child abuse material offences,May2026,1,35-39,35 - 39 years inclusive,Possess or access child abuse material,3,342,34,Indian,Indian,Court Action,-1,Court Action,Prosecution,Court Action N.E.C.,1,Person,Male,11
3 Age Ethnicity Sex,Sexual Offences,Child abuse material offences,Aug2025,1,35-39,35 - 39 years inclusive,Possess or access child abuse material,3,342,34,Maori,Maori,Court Action,-10,Court Action,Prosecution,Court Action N.E.C.,1,Person,Male,2
3 Age Ethnicity Sex,Sexual Offences,Child abuse material offences,Aug2025,1,35-39,35 - 39 years inclusive,Produce or distribute child abuse material,3,341,34,Maori,Maori,Court Action,-10,Court Action,Prosecution,Court Action N.E.C.,1,Person,Male,2
3 Age Ethnicity Sex,Sexual Offences,Child abuse material offences,Sep2019,1,35-39,35 - 39 years inclusive,Possess or access child abuse material,3,342,34,Maori,Maori,Court Action,-81,Court Action,Prosecution,Court Action N.E.C.,1,Person,Male,3
3 Age Ethnicity Sex,Sexual Offences,Child abuse material offences,Oct2019,1,20-24,20 - 24 years inclusive,Possess or access child abuse material,3,342,34,Maori,Maori,Court Action,-80,Court Action,Prosecution,Court Action N.E.C.,1,Person,Male,4
3 Age Ethnicity Sex,Sexual Offences,Child abuse material offences,Feb2021,1,30-34,30 - 34 years inclusive,Possess or access child abuse material,3,342,34,Maori,Maori,Court Action,-64,Court Action,Prosecution,Court Action N.E.C.,1,Person,Male,8
3 Age Ethnicity Sex,Sexual Offences,Child abuse material offences,Mar2018,1,25-29,25 - 29 years inclusive,Possess or access child abuse material,3,342,34,Maori,Maori,Court Action,-99,Court Action,Prosecution,Court Action N.E.C.,1,Person,Male,9
3 Age Ethnicity Sex,Sexual Offences,Child abuse material offences,Mar2026,1,25-29,25 - 29 years inclusive,Possess or access child abuse material,3,342,34,Maori,Maori,Court Action,-3,Court Action,Prosecution,Court Action N.E.C.,1,Person,Male,9
3 Age Ethnicity Sex,Sexual Offences,Child abuse material offences,Mar2026,1,40-44,40 - 44 years inclusive,Possess or access child abuse material,3,342,34,Maori,Maori,Court Action,-3,Court Action,Prosecution,Court Action N.E.C.,1,Person,Male,9
3 Age Ethnicity Sex,Sexual Offences,Child abuse material offences,Mar2017,1,50-54,50 - 54 years inclusive,Produce or distribute child abuse material,3,341,34,Maori,Maori,Court Action,,Court Action,Prosecution,Court Action N.E.C.,1,Person,Male,9
3 Age Ethnicity Sex,Sexual Offences,Child abuse material offences,Apr2026,1,20-24,20 - 24 years inclusive,Produce or distribute child abuse material,3,341,34,Maori,Maori,Court Action,-2,Court Action,Prosecution,Court Action N.E.C.,1,Person,Male,10
3 Age Ethnicity Sex,Sexual Offences,Child abuse material offences,May2024,1,25-29,25 - 29 years inclusive,Produce or distribute child abuse material,3,341,34,Maori,Maori,Court Action,-25,Court Action,Prosecution,Court Action N.E.C.,1,Person,Male,11
3 Age Ethnicity Sex,Sexual Offences,Child abuse material offences,May2024,1,35-39,35 - 39 years inclusive,Produce or distribute child abuse material,3,341,34,Maori,Maori,Court Action,-25,Court Action,Prosecution,Court Action N.E.C.,1,Person,Male,11
3 Age Ethnicity Sex,Sexual Offences,Child abuse material offences,May2026,1,50-54,50 - 54 years inclusive,Possess or access child abuse material,3,342,34,Maori,Maori,Court Action,-1,Court Action,Prosecution,Court Action N.E.C.,1,Person,Male,11
3 Age Ethnicity Sex,Sexual Offences,Child abuse material offences,May2017,1,60-64,60 - 64 years inclusive,Produce or distribute child abuse material,3,341,34,Maori,Maori,Court Action,,Court Action,Prosecution,Court Action N.E.C.,1,Person,Male,11
